log_id,user_id,product_id,session_id,action,timestamp,reject_reason
9,921,1198,sess_548,add_to_cart,2025-12-27 07:14:17.178635,Orphan product_id
17,1034,1194,sess_2654,purchase,2025-09-16 01:40:49.178635,Orphan product_id
22,1024,1145,sess_2470,view,2025-06-21 13:19:52.178635,Orphan product_id
34,759,1189,sess_695,view,2026-01-13 14:29:35.178635,Orphan product_id
39,119,1165,sess_2194,purchase,2025-08-26 23:09:20.178635,Orphan product_id
41,657,276,sess_4397,add_to_cart,2025-08-31 20:48:11.178635,Orphan product_id
44,674,1155,sess_2964,add_to_cart,2026-02-04 06:10:55.178635,Orphan product_id
54,1098,1162,sess_2630,view,2025-08-31 22:28:35.178635,Orphan product_id
61,597,1136,sess_2288,add_to_cart,2025-09-24 06:10:22.178635,Orphan product_id
67,1065,208,sess_4494,add_to_cart,2025-09-20 18:55:09.178635,Orphan product_id
71,452,1146,sess_4159,add_to_cart,2026-04-28 20:27:04.178635,Orphan product_id
77,889,1128,sess_2065,view,2026-05-13 13:02:36.178635,Orphan product_id
83,906,1148,sess_2720,purchase,2025-12-31 18:10:54.178635,Orphan product_id
96,51,1143,sess_2560,view,2026-01-29 09:55:43.178635,Orphan product_id
101,938,1198,sess_4044,purchase,2026-03-15 22:20:00.178635,Orphan product_id
105,1191,1170,sess_3900,purchase,2025-08-20 22:42:06.178635,Orphan product_id
117,738,1158,sess_2756,add_to_cart,2025-11-25 00:35:30.178635,Orphan product_id
129,573,1132,sess_2112,add_to_cart,2025-12-22 09:58:38.178635,Orphan product_id
144,949,1158,sess_2740,view,2026-03-05 18:08:29.178635,Orphan product_id
159,98,1117,sess_2946,view,2026-02-02 11:57:46.178635,Orphan product_id
180,126,891,sess_2283,view,2025-07-17 00:15:29.178635,Orphan product_id
181,687,465,sess_2548,purchase,2026-01-15 21:27:34.178635,Orphan product_id
182,1003,1136,sess_2198,purchase,2025-06-18 07:57:21.178635,Orphan product_id
188,345,1184,sess_2950,purchase,2026-01-15 08:45:10.178635,Orphan product_id
193,155,1134,sess_1569,add_to_cart,2025-06-23 01:29:24.178635,Orphan product_id
194,500,1121,sess_1188,view,2026-06-06 13:07:47.178635,Orphan product_id
199,1174,1190,sess_4095,add_to_cart,2025-12-05 17:52:16.178635,Orphan product_id
223,937,1199,sess_4753,view,2026-03-01 09:08:46.178635,Orphan product_id
227,1103,1167,sess_1916,purchase,2026-02-25 10:44:46.178635,Orphan product_id
231,195,1157,sess_506,purchase,2026-06-08 23:32:03.178635,Orphan product_id
233,411,1160,sess_4201,purchase,2025-08-10 23:42:38.178635,Orphan product_id
257,721,1159,sess_4364,add_to_cart,2026-03-04 22:59:33.178635,Orphan product_id
265,1153,1195,sess_1612,view,2025-08-14 22:38:40.178635,Orphan product_id
268,1046,1127,sess_544,view,2025-09-18 04:50:06.178635,Orphan product_id
341,399,1168,sess_2492,view,2026-03-07 00:51:20.178635,Orphan product_id
355,754,1161,sess_4710,purchase,2026-02-24 23:35:36.178635,Orphan product_id
360,121,1183,sess_48,purchase,2025-06-23 23:35:50.178635,Orphan product_id
368,1119,465,sess_3552,purchase,2026-06-06 03:17:03.178635,Orphan product_id
380,818,1167,sess_545,view,2025-07-04 19:50:01.178635,Orphan product_id
389,743,1198,sess_313,add_to_cart,2025-08-19 08:39:46.178635,Orphan product_id
407,897,1170,sess_988,purchase,2026-04-27 09:07:31.178635,Orphan product_id
416,1048,1101,sess_679,add_to_cart,2026-02-03 12:00:05.178635,Orphan product_id
422,611,1104,sess_4513,purchase,2025-12-28 08:47:25.178635,Orphan product_id
439,470,1193,sess_4949,add_to_cart,2025-08-02 20:34:40.178635,Orphan product_id
450,634,1134,sess_858,view,2026-04-03 22:50:59.181409,Orphan product_id
466,59,1115,sess_718,view,2026-06-11 17:20:06.181409,Orphan product_id
467,844,1121,sess_3937,add_to_cart,2025-07-01 09:40:04.181409,Orphan product_id
507,1054,1125,sess_4425,add_to_cart,2025-09-24 11:05:56.181409,Orphan product_id
531,713,1180,sess_2378,add_to_cart,2026-04-15 10:01:09.181409,Orphan product_id
556,658,1165,sess_3444,add_to_cart,2025-10-03 22:13:09.181409,Orphan product_id
562,1012,276,sess_3579,add_to_cart,2025-09-04 14:39:46.181409,Orphan product_id
568,679,1187,sess_3139,add_to_cart,2026-01-21 13:19:31.181409,Orphan product_id
571,709,1115,sess_2327,add_to_cart,2026-02-24 21:13:56.181409,Orphan product_id
574,698,1176,sess_3872,add_to_cart,2026-03-05 01:50:22.181409,Orphan product_id
584,13,1114,sess_2629,purchase,2025-12-08 00:41:20.181409,Orphan product_id
597,769,1119,sess_1733,purchase,2025-08-02 03:51:36.181409,Orphan product_id
601,1015,1164,sess_614,purchase,2026-03-23 17:30:18.181409,Orphan product_id
607,913,1197,sess_107,purchase,2025-10-07 08:13:10.181409,Orphan product_id
615,537,1128,sess_3120,add_to_cart,2026-05-05 09:05:19.181409,Orphan product_id
620,1197,1147,sess_4763,add_to_cart,2025-07-11 18:50:14.181409,Orphan product_id
629,938,1169,sess_1896,add_to_cart,2025-08-02 14:55:30.181409,Orphan product_id
649,380,1153,sess_4112,add_to_cart,2026-02-04 01:21:20.181409,Orphan product_id
652,985,1104,sess_292,add_to_cart,2025-12-31 21:01:46.181409,Orphan product_id
669,287,1167,sess_2625,view,2026-06-02 14:56:34.181409,Orphan product_id
677,1079,1140,sess_521,add_to_cart,2025-08-24 03:41:45.181409,Orphan product_id
710,289,1115,sess_4897,view,2026-04-26 10:07:06.181409,Orphan product_id
715,862,1142,sess_3020,purchase,2025-08-21 15:55:56.181409,Orphan product_id
718,175,1183,sess_1037,view,2025-08-27 08:25:48.181409,Orphan product_id
726,603,1160,sess_2313,view,2026-05-02 17:35:40.181409,Orphan product_id
727,877,758,sess_1554,purchase,2025-08-18 19:58:58.181409,Orphan product_id
746,578,1128,sess_684,view,2026-02-10 03:15:28.181409,Orphan product_id
748,778,1127,sess_4802,add_to_cart,2025-12-23 17:28:35.181409,Orphan product_id
758,660,1161,sess_237,add_to_cart,2025-12-25 04:35:23.181409,Orphan product_id
759,1064,1156,sess_3074,add_to_cart,2026-02-15 16:37:06.181409,Orphan product_id
769,730,1168,sess_4775,add_to_cart,2025-09-07 17:50:31.181409,Orphan product_id
796,715,1179,sess_4848,purchase,2026-04-29 05:32:44.181409,Orphan product_id
797,318,790,sess_4533,purchase,2025-07-26 01:07:06.181409,Orphan product_id
815,450,1117,sess_9,add_to_cart,2025-07-18 17:32:12.181409,Orphan product_id
826,1169,1190,sess_3237,purchase,2026-05-14 04:04:01.181409,Orphan product_id
851,485,1105,sess_680,view,2026-03-29 05:14:27.181409,Orphan product_id
857,1195,1129,sess_809,purchase,2026-05-02 12:39:18.181409,Orphan product_id
863,245,1198,sess_357,view,2025-12-11 07:23:45.181409,Orphan product_id
873,1045,1199,sess_1363,view,2026-02-24 21:54:05.181409,Orphan product_id
874,56,1110,sess_416,purchase,2026-05-11 17:25:09.181409,Orphan product_id
884,790,1139,sess_2586,add_to_cart,2025-10-19 02:52:05.181409,Orphan product_id
909,989,1113,sess_3338,purchase,2026-03-16 17:36:18.181409,Orphan product_id
916,223,1191,sess_1003,view,2026-04-23 21:51:50.181409,Orphan product_id
939,420,1168,sess_35,add_to_cart,2026-04-25 07:30:45.181409,Orphan product_id
965,1071,1137,sess_4011,purchase,2025-08-27 20:09:08.183414,Orphan product_id
984,690,1140,sess_3710,purchase,2025-09-13 03:44:39.183414,Orphan product_id
988,1174,1114,sess_4321,purchase,2026-05-25 09:03:25.183414,Orphan product_id
1007,295,1170,sess_438,add_to_cart,2025-09-23 19:22:51.183414,Orphan product_id
1013,391,1189,sess_699,view,2025-10-23 11:50:49.183414,Orphan product_id
1017,406,1109,sess_3960,add_to_cart,2025-07-03 17:29:46.183414,Orphan product_id
1023,578,1109,sess_2912,view,2025-07-11 17:24:09.183414,Orphan product_id
1068,309,1159,sess_1768,add_to_cart,2025-08-28 11:24:09.183414,Orphan product_id
1098,230,1157,sess_2389,view,2025-12-27 01:03:29.183414,Orphan product_id
1103,754,1122,sess_2689,purchase,2026-05-31 20:01:02.183414,Orphan product_id
1122,1027,1107,sess_3071,view,2026-03-01 13:45:58.183414,Orphan product_id
1144,929,600,sess_4600,view,2025-07-23 23:12:26.183414,Orphan product_id
1151,211,1167,sess_4797,add_to_cart,2025-07-06 13:49:39.183414,Orphan product_id
1173,587,1153,sess_1312,purchase,2026-01-23 21:10:40.183414,Orphan product_id
1183,1077,1106,sess_32,purchase,2026-01-20 22:13:59.183414,Orphan product_id
1216,187,1175,sess_4542,add_to_cart,2025-09-30 00:17:10.183414,Orphan product_id
1219,420,1130,sess_4388,add_to_cart,2025-12-12 22:51:22.183414,Orphan product_id
1230,11,1192,sess_1218,view,2025-10-04 06:56:58.183414,Orphan product_id
1231,405,1140,sess_4982,add_to_cart,2026-02-08 08:44:48.183414,Orphan product_id
1234,1116,600,sess_610,add_to_cart,2025-06-26 16:31:25.183414,Orphan product_id
1251,781,1144,sess_3730,purchase,2025-07-11 17:42:36.183414,Orphan product_id
1252,472,1108,sess_2508,view,2025-10-05 18:51:50.183414,Orphan product_id
1267,991,1155,sess_4308,purchase,2025-12-26 14:19:33.183414,Orphan product_id
1311,8,1143,sess_1134,add_to_cart,2026-04-04 08:42:17.183414,Orphan product_id
1316,992,1161,sess_1311,add_to_cart,2025-06-25 22:22:18.183414,Orphan product_id
1320,487,1117,sess_1126,purchase,2025-08-29 18:55:53.183414,Orphan product_id
1333,957,1122,sess_4591,add_to_cart,2026-06-06 04:09:20.183414,Orphan product_id
1344,4,1150,sess_1096,add_to_cart,2025-11-29 16:07:30.183414,Orphan product_id
1350,1194,1122,sess_4567,purchase,2025-07-01 05:08:57.183414,Orphan product_id
1351,31,1152,sess_4785,purchase,2025-08-19 20:31:12.183414,Orphan product_id
1355,510,884,sess_2752,add_to_cart,2026-03-20 01:52:46.183414,Orphan product_id
1360,72,1180,sess_3894,view,2026-03-30 04:34:20.183414,Orphan product_id
1365,286,1104,sess_4260,add_to_cart,2025-06-28 04:14:54.183414,Orphan product_id
1369,336,1133,sess_2880,add_to_cart,2025-10-04 03:46:18.183414,Orphan product_id
1385,199,1172,sess_830,view,2026-03-04 09:33:29.183414,Orphan product_id
1397,754,1150,sess_1663,view,2026-05-23 12:13:45.183414,Orphan product_id
1399,475,1131,sess_4213,view,2025-11-01 21:42:43.183414,Orphan product_id
1409,138,1173,sess_77,purchase,2026-04-08 02:26:40.183414,Orphan product_id
1413,875,386,sess_1981,view,2025-08-12 10:38:33.183414,Orphan product_id
1427,920,1134,sess_1079,purchase,2026-03-22 00:40:24.183414,Orphan product_id
1433,752,1163,sess_966,view,2026-04-16 23:21:51.183414,Orphan product_id
1449,439,1169,sess_754,purchase,2026-01-07 14:32:12.183414,Orphan product_id
1468,1020,1186,sess_3294,purchase,2026-03-10 00:23:16.185418,Orphan product_id
1478,390,1136,sess_4669,add_to_cart,2026-04-14 16:28:39.185418,Orphan product_id
1484,525,1170,sess_4527,purchase,2025-11-08 11:04:59.185418,Orphan product_id
1498,794,1197,sess_2773,view,2026-03-04 03:02:48.185418,Orphan product_id
1518,1040,1152,sess_1591,view,2026-02-22 04:48:26.185418,Orphan product_id
1523,928,1133,sess_2667,view,2026-04-01 12:48:19.185418,Orphan product_id
1535,615,600,sess_2621,add_to_cart,2026-05-27 01:36:46.185418,Orphan product_id
1542,204,1121,sess_1244,view,2025-06-11 15:29:23.185418,Orphan product_id
1557,637,1171,sess_4006,add_to_cart,2026-03-31 14:07:07.185418,Orphan product_id
1573,1197,1143,sess_3768,purchase,2025-11-26 07:10:39.185418,Orphan product_id
1578,1036,1145,sess_1431,add_to_cart,2025-07-03 11:13:55.185418,Orphan product_id
1587,711,1191,sess_4704,view,2025-06-27 08:43:20.185418,Orphan product_id
1618,548,1163,sess_4344,view,2025-09-08 11:18:46.185418,Orphan product_id
1633,940,1158,sess_861,add_to_cart,2025-11-03 09:14:08.185418,Orphan product_id
1650,792,647,sess_1221,purchase,2025-11-19 00:44:38.185418,Orphan product_id
1652,164,1110,sess_4811,purchase,2025-11-23 23:42:16.185418,Orphan product_id
1654,776,1102,sess_2334,add_to_cart,2025-07-01 01:04:32.185418,Orphan product_id
1723,952,1147,sess_836,view,2026-05-27 08:54:45.186925,Orphan product_id
1724,324,1102,sess_4547,purchase,2026-05-11 17:02:50.186925,Orphan product_id
1726,489,1116,sess_4309,view,2026-02-05 01:31:22.186925,Orphan product_id
1754,885,1122,sess_1294,purchase,2025-09-07 07:58:27.186925,Orphan product_id
1758,1094,1191,sess_134,add_to_cart,2025-07-13 18:30:21.186925,Orphan product_id
1779,233,1183,sess_3311,view,2026-05-29 09:03:15.186925,Orphan product_id
1802,440,1128,sess_973,view,2026-03-24 04:23:48.186925,Orphan product_id
1805,966,1140,sess_281,purchase,2025-10-14 18:17:27.186925,Orphan product_id
1811,732,1108,sess_780,add_to_cart,2025-08-19 21:29:24.186925,Orphan product_id
1826,1129,1134,sess_1351,purchase,2026-02-03 14:11:43.186925,Orphan product_id
1843,156,1189,sess_1216,add_to_cart,2026-05-15 04:02:58.186925,Orphan product_id
1850,947,1150,sess_1769,view,2026-01-17 00:26:03.186925,Orphan product_id
1852,158,1198,sess_3239,add_to_cart,2026-03-17 13:57:08.186925,Orphan product_id
1867,453,1136,sess_2130,view,2025-11-28 10:11:29.186925,Orphan product_id
1885,1112,1118,sess_343,purchase,2026-05-07 00:23:17.186925,Orphan product_id
1900,269,1156,sess_2673,add_to_cart,2025-10-27 03:25:42.186925,Orphan product_id
1923,443,1144,sess_1438,add_to_cart,2025-10-01 20:31:56.186925,Orphan product_id
1933,909,1165,sess_3043,purchase,2026-04-23 10:14:55.186925,Orphan product_id
1963,236,1120,sess_4880,purchase,2025-12-02 19:31:36.186925,Orphan product_id
1985,23,1191,sess_229,add_to_cart,2025-11-17 09:00:34.186925,Orphan product_id
1994,1158,1111,sess_745,view,2026-04-14 05:13:39.186925,Orphan product_id
1995,709,1150,sess_2071,purchase,2025-09-01 21:24:18.186925,Orphan product_id
2004,1088,1115,sess_3568,purchase,2025-10-12 11:12:40.186925,Orphan product_id
2009,854,1037,sess_2698,purchase,2025-06-22 13:39:50.186925,Orphan product_id
2014,461,1194,sess_4030,view,2026-05-01 09:12:38.186925,Orphan product_id
2029,1123,1037,sess_4900,add_to_cart,2025-06-26 23:19:40.186925,Orphan product_id
2034,606,386,sess_3544,view,2026-03-11 00:55:45.186925,Orphan product_id
2048,476,1146,sess_1823,purchase,2025-10-02 01:40:40.186925,Orphan product_id
2051,74,1170,sess_2992,add_to_cart,2026-03-01 13:50:58.186925,Orphan product_id
2056,923,791,sess_2207,add_to_cart,2025-09-13 23:42:47.186925,Orphan product_id
2059,960,1108,sess_4353,view,2026-04-25 02:54:44.186925,Orphan product_id
2061,595,556,sess_4278,add_to_cart,2026-02-10 05:58:49.186925,Orphan product_id
2074,745,1196,sess_1907,purchase,2025-11-11 03:57:46.186925,Orphan product_id
2093,215,1138,sess_2473,view,2025-09-25 07:55:12.186925,Orphan product_id
2104,289,1106,sess_1149,add_to_cart,2025-12-29 07:55:25.186925,Orphan product_id
2106,232,1148,sess_3396,purchase,2025-10-20 13:15:08.186925,Orphan product_id
2108,1025,1155,sess_2972,purchase,2025-11-13 07:36:04.186925,Orphan product_id
2109,383,1170,sess_3306,add_to_cart,2026-03-20 10:05:54.186925,Orphan product_id
2117,1195,1178,sess_1240,purchase,2026-03-21 21:34:48.186925,Orphan product_id
2118,1029,1149,sess_4053,view,2025-09-26 09:59:28.186925,Orphan product_id
2120,913,1107,sess_756,view,2025-08-07 20:01:53.186925,Orphan product_id
2127,286,1128,sess_3051,view,2026-03-29 02:36:44.186925,Orphan product_id
2150,1194,1115,sess_4380,view,2026-05-20 23:10:05.186925,Orphan product_id
2154,776,1166,sess_528,purchase,2026-04-08 13:04:46.186925,Orphan product_id
2164,825,1160,sess_4158,add_to_cart,2025-09-14 10:24:08.186925,Orphan product_id
2172,1117,1118,sess_299,view,2025-08-01 05:39:03.186925,Orphan product_id
2173,1155,1166,sess_4927,add_to_cart,2025-08-13 22:06:37.186925,Orphan product_id
2175,507,1188,sess_3371,add_to_cart,2026-06-11 15:52:07.186925,Orphan product_id
2185,646,1157,sess_2125,view,2025-08-05 12:37:13.186925,Orphan product_id
2193,360,1165,sess_238,purchase,2025-12-30 05:03:06.186925,Orphan product_id
2198,497,647,sess_3287,add_to_cart,2025-06-13 06:21:36.186925,Orphan product_id
2205,219,1134,sess_4548,add_to_cart,2026-05-14 01:29:13.186925,Orphan product_id
2206,249,1182,sess_3133,add_to_cart,2025-12-02 20:49:50.186925,Orphan product_id
2243,481,1151,sess_4926,add_to_cart,2025-11-03 04:55:58.186925,Orphan product_id
2248,595,1188,sess_390,purchase,2025-08-21 12:34:12.186925,Orphan product_id
2254,1124,1150,sess_1496,purchase,2025-07-02 00:50:11.186925,Orphan product_id
2258,70,1169,sess_2659,purchase,2026-04-27 08:51:34.186925,Orphan product_id
2274,1,1159,sess_3040,add_to_cart,2025-11-05 09:15:24.186925,Orphan product_id
2293,683,1127,sess_4742,add_to_cart,2025-07-06 18:34:22.186925,Orphan product_id
2324,1033,465,sess_712,add_to_cart,2025-11-27 00:11:43.186925,Orphan product_id
2350,288,1179,sess_3986,add_to_cart,2025-11-10 18:02:46.186925,Orphan product_id
2362,336,1195,sess_894,view,2026-05-24 10:34:24.186925,Orphan product_id
2385,121,1137,sess_1881,purchase,2025-07-19 06:14:00.186925,Orphan product_id
2410,683,1164,sess_2706,add_to_cart,2026-05-26 18:32:54.186925,Orphan product_id
2412,559,1150,sess_4749,purchase,2025-07-14 19:22:13.186925,Orphan product_id
2422,1095,1102,sess_2716,view,2026-03-01 13:24:13.186925,Orphan product_id
2470,718,1127,sess_4972,add_to_cart,2025-06-23 20:36:52.186925,Orphan product_id
2476,476,1184,sess_2746,add_to_cart,2025-12-06 08:47:25.186925,Orphan product_id
2487,200,1164,sess_2885,view,2026-03-06 09:28:02.186925,Orphan product_id
2488,926,1195,sess_2270,add_to_cart,2025-11-20 19:00:21.186925,Orphan product_id
2497,953,1160,sess_1076,add_to_cart,2025-12-30 02:01:37.186925,Orphan product_id
2511,561,1162,sess_318,view,2025-12-16 19:19:53.186925,Orphan product_id
2543,554,1196,sess_2924,add_to_cart,2025-09-19 16:17:43.186925,Orphan product_id
2586,848,1111,sess_3872,view,2025-07-28 00:26:25.186925,Orphan product_id
2607,531,1131,sess_4927,add_to_cart,2025-06-24 15:12:03.186925,Orphan product_id
2617,440,1200,sess_3631,add_to_cart,2026-03-20 13:58:43.186925,Orphan product_id
2618,931,790,sess_406,view,2026-01-31 17:15:09.186925,Orphan product_id
2626,942,1136,sess_1355,view,2026-05-20 06:33:58.186925,Orphan product_id
2627,493,1146,sess_3425,purchase,2026-03-08 11:50:43.186925,Orphan product_id
2646,1133,1105,sess_4870,purchase,2025-12-23 07:51:20.186925,Orphan product_id
2647,1187,1161,sess_1027,view,2025-07-18 04:59:36.186925,Orphan product_id
2652,1095,1172,sess_2215,view,2025-11-17 00:37:58.186925,Orphan product_id
2654,222,791,sess_4304,view,2025-10-17 12:20:09.186925,Orphan product_id
2661,882,1132,sess_2626,add_to_cart,2026-04-05 03:06:40.186925,Orphan product_id
2671,918,1123,sess_2350,add_to_cart,2026-04-04 00:19:50.186925,Orphan product_id
2673,119,1188,sess_2914,add_to_cart,2026-01-26 19:08:49.186925,Orphan product_id
2677,989,556,sess_4427,purchase,2026-03-27 19:19:52.186925,Orphan product_id
2703,1124,1124,sess_3140,purchase,2025-11-05 16:21:01.186925,Orphan product_id
2707,179,1197,sess_4172,add_to_cart,2026-04-18 13:59:07.186925,Orphan product_id
2716,196,1189,sess_4704,add_to_cart,2025-07-04 06:42:32.186925,Orphan product_id
2736,363,1132,sess_2216,purchase,2025-07-27 14:14:18.186925,Orphan product_id
2739,461,1112,sess_1821,view,2025-12-20 15:39:36.186925,Orphan product_id
2745,927,1119,sess_2152,add_to_cart,2026-04-15 01:51:01.186925,Orphan product_id
2748,898,1154,sess_196,add_to_cart,2026-01-20 05:14:20.186925,Orphan product_id
2754,889,1150,sess_3087,add_to_cart,2025-08-02 12:04:53.186925,Orphan product_id
2765,671,1178,sess_3285,add_to_cart,2026-05-22 01:46:30.186925,Orphan product_id
2770,576,647,sess_3919,view,2025-12-10 02:12:45.186925,Orphan product_id
2771,492,1133,sess_2542,purchase,2026-02-16 09:43:46.186925,Orphan product_id
2813,46,1174,sess_1675,add_to_cart,2026-03-31 07:24:05.186925,Orphan product_id
2815,292,1188,sess_3663,view,2025-07-15 22:01:51.186925,Orphan product_id
2816,864,1138,sess_2704,purchase,2025-12-08 22:52:59.186925,Orphan product_id
2827,36,1200,sess_2903,purchase,2025-10-19 10:51:00.186925,Orphan product_id
2828,1166,1166,sess_2027,view,2026-05-07 12:02:22.186925,Orphan product_id
2837,774,1105,sess_2291,purchase,2025-12-15 17:39:23.186925,Orphan product_id
2846,467,1109,sess_4974,view,2025-09-10 22:07:44.186925,Orphan product_id
2847,706,884,sess_700,view,2026-05-24 21:32:00.186925,Orphan product_id
2867,96,1124,sess_2071,purchase,2026-03-04 21:36:20.186925,Orphan product_id
2877,202,1182,sess_4057,add_to_cart,2025-09-30 06:23:32.186925,Orphan product_id
2887,504,465,sess_1569,view,2026-01-30 22:30:42.186925,Orphan product_id
2896,307,1153,sess_1382,view,2026-02-21 02:52:29.186925,Orphan product_id
2905,798,1123,sess_1885,view,2026-05-23 13:51:42.186925,Orphan product_id
2929,82,1175,sess_3235,purchase,2025-12-24 15:27:31.186925,Orphan product_id
2957,688,556,sess_4566,purchase,2025-06-16 18:29:06.186925,Orphan product_id
2967,18,1173,sess_4847,view,2025-11-15 05:18:21.186925,Orphan product_id
3007,1165,1194,sess_1386,purchase,2025-09-22 03:52:56.186925,Orphan product_id
3014,117,1194,sess_4045,view,2025-06-16 18:35:49.186925,Orphan product_id
3020,511,1137,sess_2323,purchase,2026-01-23 16:35:50.186925,Orphan product_id
3022,169,1117,sess_404,view,2025-12-10 09:11:38.186925,Orphan product_id
3025,84,1145,sess_1329,add_to_cart,2026-05-29 00:47:55.186925,Orphan product_id
3032,1193,1179,sess_190,purchase,2026-03-21 00:14:34.186925,Orphan product_id
3035,763,1152,sess_2840,view,2025-06-19 06:14:23.186925,Orphan product_id
3052,359,791,sess_1067,view,2025-06-22 22:43:56.186925,Orphan product_id
3062,1045,1192,sess_1788,purchase,2025-11-18 02:47:05.186925,Orphan product_id
3068,327,1101,sess_1368,view,2026-06-02 12:50:49.186925,Orphan product_id
3070,1149,1157,sess_2738,add_to_cart,2025-12-14 07:20:12.186925,Orphan product_id
3071,716,1148,sess_3941,purchase,2026-01-15 07:28:46.186925,Orphan product_id
3073,189,1142,sess_4603,add_to_cart,2026-02-27 00:06:25.186925,Orphan product_id
3085,615,1003,sess_2024,add_to_cart,2026-01-06 23:18:54.186925,Orphan product_id
3111,102,1120,sess_2691,add_to_cart,2025-06-24 23:39:51.186925,Orphan product_id
3112,682,1157,sess_4738,view,2025-10-16 19:53:30.186925,Orphan product_id
3117,863,1120,sess_2522,add_to_cart,2025-09-02 23:18:46.186925,Orphan product_id
3137,1001,1106,sess_3790,add_to_cart,2025-10-05 16:31:31.186925,Orphan product_id
3140,925,1129,sess_2648,purchase,2026-02-27 22:07:06.186925,Orphan product_id
3141,1043,1118,sess_4632,view,2025-10-09 01:42:04.186925,Orphan product_id
3147,489,1137,sess_3417,add_to_cart,2025-06-19 21:49:56.186925,Orphan product_id
3161,812,208,sess_3961,view,2025-09-08 18:25:42.186925,Orphan product_id
3165,1163,1106,sess_870,purchase,2025-12-09 17:04:34.186925,Orphan product_id
3184,196,1120,sess_3686,view,2026-05-08 11:22:26.186925,Orphan product_id
3209,810,1149,sess_4116,view,2025-08-04 05:25:09.186925,Orphan product_id
3214,648,514,sess_1490,add_to_cart,2026-02-05 08:27:11.186925,Orphan product_id
3224,68,1152,sess_4830,purchase,2026-04-17 03:16:18.186925,Orphan product_id
3243,395,1178,sess_747,purchase,2025-12-14 05:52:35.186925,Orphan product_id
3254,127,1197,sess_694,purchase,2025-11-29 16:51:13.186925,Orphan product_id
3255,696,1172,sess_3894,add_to_cart,2025-09-16 21:38:15.186925,Orphan product_id
3264,537,1158,sess_1960,purchase,2026-04-18 17:47:16.186925,Orphan product_id
3286,763,600,sess_2601,view,2025-07-02 15:14:26.186925,Orphan product_id
3292,344,1170,sess_650,add_to_cart,2026-03-05 22:20:02.186925,Orphan product_id
3303,628,1157,sess_4832,add_to_cart,2025-10-25 06:11:39.186925,Orphan product_id
3320,1180,1131,sess_2581,add_to_cart,2025-12-25 12:02:21.186925,Orphan product_id
3345,1181,1179,sess_2416,add_to_cart,2026-01-10 17:52:23.186925,Orphan product_id
3362,679,1169,sess_3788,view,2026-04-20 01:07:34.186925,Orphan product_id
3365,235,556,sess_2796,add_to_cart,2025-09-09 00:33:36.186925,Orphan product_id
3375,131,1137,sess_2332,purchase,2025-12-09 20:31:53.186925,Orphan product_id
3389,512,386,sess_4383,view,2025-12-17 00:08:02.186925,Orphan product_id
3405,442,1187,sess_4685,purchase,2025-08-24 23:30:54.186925,Orphan product_id
3417,108,891,sess_2257,view,2025-10-04 01:38:48.186925,Orphan product_id
3425,667,1194,sess_2917,purchase,2026-04-11 17:20:39.186925,Orphan product_id
3437,291,1111,sess_1898,purchase,2025-10-16 22:17:30.186925,Orphan product_id
3460,1149,1102,sess_2133,purchase,2025-09-07 02:02:10.186925,Orphan product_id
3478,315,791,sess_3947,view,2025-09-12 12:14:53.186925,Orphan product_id
3487,636,884,sess_2663,view,2025-10-15 02:15:56.186925,Orphan product_id
3489,461,1158,sess_399,add_to_cart,2026-04-20 10:28:56.186925,Orphan product_id
3523,265,465,sess_901,view,2025-12-22 23:08:01.186925,Orphan product_id
3526,157,891,sess_2371,purchase,2026-06-09 20:57:32.186925,Orphan product_id
3559,434,1148,sess_1369,view,2026-01-21 07:04:38.186925,Orphan product_id
3562,717,1198,sess_3836,add_to_cart,2026-02-05 04:35:16.186925,Orphan product_id
3573,536,1149,sess_2764,add_to_cart,2025-07-27 23:21:17.186925,Orphan product_id
3578,599,1105,sess_142,view,2025-11-08 15:01:24.186925,Orphan product_id
3585,852,1132,sess_2292,add_to_cart,2025-12-31 12:45:13.186925,Orphan product_id
3587,622,791,sess_1466,view,2025-10-02 05:37:18.186925,Orphan product_id
3598,38,1196,sess_4383,purchase,2026-01-09 09:11:11.186925,Orphan product_id
3606,644,891,sess_1694,add_to_cart,2026-03-03 06:47:51.186925,Orphan product_id
3607,76,1122,sess_3991,view,2025-09-28 06:06:23.186925,Orphan product_id
3623,1086,1155,sess_1732,add_to_cart,2026-01-28 17:59:18.186925,Orphan product_id
3628,1101,1188,sess_1991,purchase,2026-02-11 23:22:18.186925,Orphan product_id
3651,150,1180,sess_2644,view,2025-10-04 04:31:20.186925,Orphan product_id
3674,1037,1108,sess_4893,purchase,2026-04-23 08:43:04.186925,Orphan product_id
3705,639,1121,sess_3932,add_to_cart,2025-09-08 18:19:28.186925,Orphan product_id
3706,133,1148,sess_1655,purchase,2025-07-18 06:50:22.186925,Orphan product_id
3714,611,1037,sess_3031,purchase,2026-01-07 12:39:24.186925,Orphan product_id
3743,321,1175,sess_3515,add_to_cart,2025-06-20 00:54:10.195433,Orphan product_id
3746,487,1120,sess_4397,add_to_cart,2026-05-09 06:16:32.195433,Orphan product_id
3748,999,1126,sess_3067,view,2025-10-06 11:02:18.195433,Orphan product_id
3750,930,1104,sess_4777,view,2025-11-05 10:04:03.195433,Orphan product_id
3767,1081,1153,sess_1030,add_to_cart,2026-04-24 05:24:54.195433,Orphan product_id
3778,835,1037,sess_1262,add_to_cart,2026-01-08 13:48:37.195433,Orphan product_id
3785,1129,801,sess_4633,add_to_cart,2025-10-17 15:24:37.195433,Orphan product_id
3787,375,1200,sess_2517,view,2025-07-24 09:41:10.195433,Orphan product_id
3790,945,1105,sess_1968,purchase,2026-04-27 21:27:26.195433,Orphan product_id
3793,1041,1156,sess_3374,purchase,2025-09-17 09:40:14.195433,Orphan product_id
3799,66,1170,sess_1991,add_to_cart,2026-05-10 17:15:46.195433,Orphan product_id
3817,878,1147,sess_3435,add_to_cart,2026-02-19 07:39:26.195433,Orphan product_id
3822,146,1181,sess_83,add_to_cart,2025-09-18 21:24:23.195433,Orphan product_id
3827,336,1185,sess_447,view,2025-07-06 00:24:29.195433,Orphan product_id
3828,7,1149,sess_1724,add_to_cart,2025-11-15 05:42:59.195433,Orphan product_id
3831,68,1166,sess_4489,purchase,2025-12-28 13:26:40.195433,Orphan product_id
3842,646,1193,sess_1220,purchase,2026-04-07 05:57:57.195433,Orphan product_id
3845,176,1111,sess_45,purchase,2026-05-04 16:05:24.197951,Orphan product_id
3889,610,647,sess_1347,add_to_cart,2025-06-30 12:09:33.197951,Orphan product_id
3917,465,1150,sess_2354,purchase,2026-05-08 14:06:33.197951,Orphan product_id
3919,93,1149,sess_4834,purchase,2026-01-24 20:51:25.197951,Orphan product_id
3925,866,1125,sess_3427,add_to_cart,2026-01-01 17:11:51.197951,Orphan product_id
3947,304,1109,sess_1217,view,2025-06-20 15:29:33.197951,Orphan product_id
3958,200,1170,sess_4947,add_to_cart,2026-03-21 14:24:27.197951,Orphan product_id
3974,312,791,sess_1946,add_to_cart,2025-07-19 15:50:57.197951,Orphan product_id
3978,969,1191,sess_360,view,2025-09-06 21:24:00.197951,Orphan product_id
3982,298,647,sess_2271,purchase,2026-04-22 15:10:14.197951,Orphan product_id
4005,649,1196,sess_4511,add_to_cart,2025-09-05 08:24:42.197951,Orphan product_id
4016,510,1130,sess_100,purchase,2026-05-25 03:18:08.197951,Orphan product_id
4021,327,386,sess_2115,view,2026-01-19 04:42:26.197951,Orphan product_id
4022,910,1194,sess_1889,purchase,2026-01-13 13:28:51.197951,Orphan product_id
4028,571,1117,sess_2176,add_to_cart,2026-02-03 07:07:08.197951,Orphan product_id
4063,1151,1117,sess_1543,add_to_cart,2025-12-04 02:45:02.199974,Orphan product_id
4071,440,1154,sess_2165,view,2026-03-28 20:58:37.199974,Orphan product_id
4076,856,465,sess_2001,view,2025-08-13 21:37:03.199974,Orphan product_id
4095,1109,1116,sess_3108,add_to_cart,2025-06-15 12:34:02.199974,Orphan product_id
4102,904,1187,sess_3959,view,2025-08-06 10:37:44.199974,Orphan product_id
4108,552,1188,sess_3298,view,2025-07-05 22:49:19.199974,Orphan product_id
4134,653,1168,sess_504,purchase,2026-03-22 22:06:52.199974,Orphan product_id
4145,222,1178,sess_1286,view,2025-06-29 08:29:29.199974,Orphan product_id
4165,231,1105,sess_830,view,2025-11-17 19:18:19.199974,Orphan product_id
4167,631,1159,sess_1154,purchase,2025-07-17 12:14:34.199974,Orphan product_id
4184,476,1190,sess_4706,add_to_cart,2025-11-15 15:45:06.199974,Orphan product_id
4185,954,1184,sess_135,purchase,2026-03-28 23:49:44.199974,Orphan product_id
4200,1035,1102,sess_3693,add_to_cart,2026-01-26 07:06:34.199974,Orphan product_id
4202,530,1174,sess_2595,view,2026-05-10 13:53:37.199974,Orphan product_id
4206,544,1194,sess_2897,view,2025-08-15 20:46:46.199974,Orphan product_id
4210,797,1037,sess_4991,purchase,2026-03-20 00:45:00.199974,Orphan product_id
4211,324,1136,sess_34,add_to_cart,2025-07-27 09:44:20.199974,Orphan product_id
4215,941,1193,sess_841,view,2025-06-15 20:48:41.199974,Orphan product_id
4218,622,1172,sess_2471,purchase,2025-11-20 02:56:44.199974,Orphan product_id
4246,794,465,sess_2091,purchase,2026-03-13 19:11:00.199974,Orphan product_id
4255,678,556,sess_611,add_to_cart,2026-02-02 20:06:37.199974,Orphan product_id
4261,796,1141,sess_1893,purchase,2026-04-13 19:43:41.199974,Orphan product_id
4280,716,1168,sess_4057,add_to_cart,2025-10-08 14:22:21.202536,Orphan product_id
4281,87,1169,sess_3588,purchase,2026-05-27 12:08:47.202536,Orphan product_id
4313,210,1192,sess_4757,add_to_cart,2025-07-31 03:08:33.202536,Orphan product_id
4329,538,1181,sess_3159,purchase,2025-10-16 13:27:51.202536,Orphan product_id
4344,722,1147,sess_2452,purchase,2025-12-04 00:00:04.203543,Orphan product_id
4349,1135,1173,sess_3390,view,2025-07-11 21:22:25.203543,Orphan product_id
4353,97,1195,sess_2906,view,2026-03-08 06:57:59.203543,Orphan product_id
4367,596,1110,sess_4900,purchase,2026-05-23 16:58:32.203543,Orphan product_id
4370,984,1113,sess_1869,add_to_cart,2025-06-11 18:36:27.203543,Orphan product_id
4375,779,1105,sess_1089,purchase,2026-05-18 15:51:24.203543,Orphan product_id
4392,1092,1170,sess_3390,purchase,2025-12-09 01:40:38.203543,Orphan product_id
4416,394,1117,sess_2818,view,2025-11-06 22:27:43.203543,Orphan product_id
4419,217,1187,sess_3683,purchase,2025-06-12 17:18:19.203543,Orphan product_id
4431,292,1122,sess_1040,purchase,2026-01-28 08:45:51.203543,Orphan product_id
4433,687,1193,sess_1344,add_to_cart,2025-12-16 04:18:35.203543,Orphan product_id
4442,1084,1148,sess_4615,add_to_cart,2026-02-03 21:02:08.203543,Orphan product_id
4446,832,1135,sess_108,purchase,2025-09-08 03:54:30.203543,Orphan product_id
4462,735,1177,sess_2193,add_to_cart,2025-07-15 21:51:31.203543,Orphan product_id
4464,253,1153,sess_2213,purchase,2025-12-10 09:57:37.203543,Orphan product_id
4481,228,884,sess_2645,add_to_cart,2026-03-09 10:58:14.203543,Orphan product_id
4485,717,1140,sess_4429,add_to_cart,2025-11-29 08:08:01.203543,Orphan product_id
4493,366,1155,sess_2226,view,2026-06-08 03:42:45.203543,Orphan product_id
4498,976,1168,sess_2530,add_to_cart,2026-05-15 16:09:14.203543,Orphan product_id
4512,342,1129,sess_1467,purchase,2026-03-01 16:44:06.203543,Orphan product_id
4523,359,1184,sess_3553,purchase,2026-01-12 13:18:48.203543,Orphan product_id
4535,307,1101,sess_2429,add_to_cart,2026-05-27 11:23:38.203543,Orphan product_id
4538,280,801,sess_3774,view,2026-03-09 09:48:07.203543,Orphan product_id
4554,879,1149,sess_738,purchase,2025-06-17 07:04:24.203543,Orphan product_id
4567,380,1160,sess_3577,view,2025-06-16 15:50:35.203543,Orphan product_id
4571,631,1166,sess_3785,purchase,2025-09-20 22:02:04.203543,Orphan product_id
4583,602,1119,sess_2764,purchase,2026-04-11 16:24:17.203543,Orphan product_id
4592,226,1197,sess_2318,add_to_cart,2026-05-18 13:49:24.207677,Orphan product_id
4609,594,1160,sess_3441,purchase,2025-12-19 08:35:07.207677,Orphan product_id
4637,1029,1113,sess_2369,view,2026-03-14 13:34:43.207677,Orphan product_id
4667,630,1130,sess_3961,add_to_cart,2025-12-18 10:21:08.207677,Orphan product_id
4679,797,1121,sess_2140,add_to_cart,2026-03-09 08:08:54.207677,Orphan product_id
4698,1115,1175,sess_1299,purchase,2025-08-29 02:57:03.207677,Orphan product_id
4704,475,801,sess_2965,view,2025-09-05 08:11:00.207677,Orphan product_id
4706,140,884,sess_114,purchase,2025-09-14 07:34:53.207677,Orphan product_id
4719,955,1196,sess_4872,add_to_cart,2025-11-26 10:25:46.207677,Orphan product_id
4728,9,1187,sess_272,view,2026-06-01 09:28:04.207677,Orphan product_id
4742,450,1118,sess_547,view,2025-09-22 00:41:37.209185,Orphan product_id
4745,1196,1150,sess_4059,view,2026-04-12 01:43:28.209185,Orphan product_id
4755,794,1179,sess_53,add_to_cart,2026-03-08 06:13:12.209185,Orphan product_id
4767,1012,1172,sess_4683,purchase,2026-06-08 12:32:48.209185,Orphan product_id
4794,707,1118,sess_1337,view,2025-08-05 12:42:53.209185,Orphan product_id
4799,186,1174,sess_2849,view,2026-04-03 05:04:57.209185,Orphan product_id
4807,936,1197,sess_3656,view,2025-08-18 02:25:52.209185,Orphan product_id
4809,466,1188,sess_3370,add_to_cart,2025-08-01 22:11:07.209185,Orphan product_id
4814,30,1105,sess_1383,view,2026-02-09 06:50:16.209185,Orphan product_id
4904,604,884,sess_4167,view,2025-12-31 05:36:47.209185,Orphan product_id
4915,760,1037,sess_831,purchase,2025-07-24 20:11:59.209185,Orphan product_id
4934,75,1150,sess_1816,add_to_cart,2026-02-12 23:27:44.209185,Orphan product_id
4943,561,1184,sess_124,add_to_cart,2025-09-15 16:15:13.209185,Orphan product_id
4947,562,1133,sess_2726,purchase,2025-06-22 15:11:11.209185,Orphan product_id
4978,659,514,sess_495,purchase,2025-10-23 17:46:47.209185,Orphan product_id
4979,502,1133,sess_1904,view,2026-04-12 13:50:16.209185,Orphan product_id
4985,975,1198,sess_350,purchase,2025-12-27 10:14:06.209185,Orphan product_id
4988,250,1111,sess_4710,add_to_cart,2025-10-25 05:07:45.209185,Orphan product_id
5013,1014,1155,sess_1816,purchase,2025-07-04 04:26:43.209185,Orphan product_id
5016,1152,1189,sess_4647,view,2026-05-26 04:20:18.209185,Orphan product_id
5024,893,1157,sess_3892,add_to_cart,2025-12-06 17:38:24.209185,Orphan product_id
5045,1021,790,sess_629,purchase,2025-10-27 10:57:41.209185,Orphan product_id
5053,36,1122,sess_1249,purchase,2026-04-04 19:58:41.209185,Orphan product_id
5078,481,1104,sess_2913,add_to_cart,2025-07-11 04:33:20.209185,Orphan product_id
5084,614,1178,sess_2590,view,2025-09-11 19:32:43.209185,Orphan product_id
5098,239,1133,sess_1185,view,2025-07-02 10:35:25.209185,Orphan product_id
5123,55,884,sess_4037,view,2025-07-16 17:19:36.209185,Orphan product_id
5125,678,1108,sess_606,view,2025-06-29 13:07:17.209185,Orphan product_id
5126,166,514,sess_241,add_to_cart,2025-08-18 05:08:51.209185,Orphan product_id
5162,1122,276,sess_1356,view,2025-08-09 15:18:56.209185,Orphan product_id
5168,504,1199,sess_4109,add_to_cart,2025-06-25 00:47:41.209185,Orphan product_id
5171,162,1141,sess_2830,view,2026-04-23 14:19:24.209185,Orphan product_id
5175,526,1195,sess_3734,view,2025-11-06 08:26:02.209185,Orphan product_id
5244,754,1162,sess_3647,add_to_cart,2025-07-13 23:42:03.211204,Orphan product_id
5260,617,1106,sess_3798,add_to_cart,2026-05-29 21:24:05.211509,Orphan product_id
5267,1096,1199,sess_3504,purchase,2026-05-23 04:08:01.211509,Orphan product_id
5275,538,1154,sess_3736,add_to_cart,2025-10-03 23:47:30.211509,Orphan product_id
5287,733,790,sess_2523,purchase,2025-07-12 12:45:45.211509,Orphan product_id
5300,245,1114,sess_4017,purchase,2026-06-01 10:38:39.211509,Orphan product_id
5312,646,1151,sess_1733,purchase,2025-09-06 01:13:21.211509,Orphan product_id
5314,75,1146,sess_2856,purchase,2025-08-16 10:20:45.211509,Orphan product_id
5333,138,1122,sess_203,view,2026-03-05 21:32:11.211509,Orphan product_id
5345,66,1167,sess_2204,purchase,2025-08-02 08:25:54.212022,Orphan product_id
5347,916,1166,sess_2012,view,2025-08-14 05:50:20.212022,Orphan product_id
5378,50,386,sess_1208,view,2026-05-07 09:09:50.212022,Orphan product_id
5379,458,1162,sess_552,view,2025-11-22 17:59:03.212022,Orphan product_id
5387,417,1192,sess_1861,add_to_cart,2026-02-27 05:36:45.212022,Orphan product_id
5391,1131,1197,sess_2846,view,2025-11-29 16:40:44.212022,Orphan product_id
5396,61,1125,sess_4585,view,2026-06-04 21:25:14.212022,Orphan product_id
5410,639,790,sess_1576,view,2026-02-05 18:56:49.212022,Orphan product_id
5452,763,1199,sess_3350,view,2025-07-27 01:16:44.212022,Orphan product_id
5461,546,1175,sess_1918,purchase,2025-07-22 22:27:24.212022,Orphan product_id
5486,1192,276,sess_4319,add_to_cart,2025-10-30 13:36:59.212022,Orphan product_id
5491,134,1120,sess_704,add_to_cart,2025-07-31 16:20:27.212022,Orphan product_id
5492,843,1123,sess_1902,add_to_cart,2025-08-02 14:38:38.212022,Orphan product_id
5494,790,1163,sess_930,purchase,2026-04-06 03:22:09.212022,Orphan product_id
5503,1187,1198,sess_1178,add_to_cart,2025-08-10 15:02:21.212022,Orphan product_id
5506,466,1154,sess_1097,purchase,2025-09-13 17:15:56.212022,Orphan product_id
5533,838,1176,sess_2513,add_to_cart,2025-07-04 20:17:48.212022,Orphan product_id
5534,125,1190,sess_3458,add_to_cart,2025-08-18 19:39:58.212022,Orphan product_id
5539,31,1104,sess_2107,purchase,2025-08-25 06:32:38.212022,Orphan product_id
5555,1071,1166,sess_2764,purchase,2025-12-28 14:36:22.212022,Orphan product_id
5561,46,1177,sess_1678,purchase,2026-01-05 23:35:33.212022,Orphan product_id
5566,129,1115,sess_2647,view,2026-02-02 08:53:56.212022,Orphan product_id
5575,623,1106,sess_871,purchase,2025-12-31 01:18:43.212022,Orphan product_id
5590,668,1133,sess_335,add_to_cart,2025-06-21 23:58:25.212022,Orphan product_id
5625,493,514,sess_2355,purchase,2025-12-17 05:58:05.212022,Orphan product_id
5634,133,1123,sess_3014,purchase,2025-11-08 18:53:24.212022,Orphan product_id
5653,1006,386,sess_4182,view,2025-09-05 08:05:11.212022,Orphan product_id
5679,687,1176,sess_1074,add_to_cart,2026-02-28 19:08:47.212022,Orphan product_id
5688,169,1129,sess_4689,purchase,2026-01-05 05:32:39.212022,Orphan product_id
5689,1,884,sess_2863,view,2025-08-20 23:51:11.212022,Orphan product_id
5690,290,1138,sess_2993,add_to_cart,2025-09-03 19:04:09.212022,Orphan product_id
5716,938,1114,sess_2727,add_to_cart,2026-02-09 11:04:22.212022,Orphan product_id
5720,1086,556,sess_4037,view,2025-08-11 22:06:50.212022,Orphan product_id
5723,149,1167,sess_1398,add_to_cart,2026-03-06 00:11:18.212022,Orphan product_id
5724,623,1101,sess_438,purchase,2025-10-24 14:40:09.212022,Orphan product_id
5728,190,1180,sess_3183,add_to_cart,2026-04-03 19:40:25.212022,Orphan product_id
5731,615,1139,sess_2660,view,2025-09-19 01:22:13.212022,Orphan product_id
5779,528,1161,sess_511,add_to_cart,2026-04-26 02:57:17.212022,Orphan product_id
5807,594,1128,sess_2534,add_to_cart,2026-01-13 09:15:40.212022,Orphan product_id
5829,246,1180,sess_937,purchase,2026-03-30 06:49:39.212022,Orphan product_id
5833,1053,514,sess_3247,purchase,2026-06-10 11:57:19.212022,Orphan product_id
5837,1015,1172,sess_2115,purchase,2025-10-08 08:13:18.212022,Orphan product_id
5846,465,1138,sess_2724,view,2025-09-27 05:17:33.214026,Orphan product_id
5893,725,1174,sess_4715,add_to_cart,2026-04-02 00:03:27.214026,Orphan product_id
5904,126,1161,sess_2588,purchase,2025-07-02 03:32:46.214026,Orphan product_id
5909,42,1168,sess_998,view,2025-12-30 14:26:09.214026,Orphan product_id
5920,1023,1160,sess_2237,purchase,2026-02-20 20:59:32.214026,Orphan product_id
5923,137,1189,sess_4172,purchase,2026-05-25 17:05:25.214026,Orphan product_id
5972,452,1141,sess_4881,purchase,2026-01-26 15:52:10.214026,Orphan product_id
5974,235,1174,sess_2436,purchase,2026-05-24 00:46:27.214026,Orphan product_id
5984,165,1171,sess_4993,purchase,2025-10-08 04:48:47.214026,Orphan product_id
6000,887,1199,sess_2203,add_to_cart,2025-10-26 01:23:32.214026,Orphan product_id
6006,42,1130,sess_1726,add_to_cart,2025-10-25 18:49:10.214026,Orphan product_id
6015,672,1177,sess_3341,purchase,2026-02-16 11:33:00.214026,Orphan product_id
6039,1186,1111,sess_1810,add_to_cart,2025-12-01 12:16:53.214026,Orphan product_id
6043,742,1101,sess_4763,purchase,2026-05-04 09:30:54.214026,Orphan product_id
6050,239,1102,sess_2556,view,2025-11-07 20:37:21.214026,Orphan product_id
6051,1145,1163,sess_218,purchase,2026-03-16 18:52:01.214026,Orphan product_id
6052,993,1154,sess_3983,purchase,2026-01-05 08:13:05.214026,Orphan product_id
6055,139,1124,sess_1211,purchase,2026-03-12 23:06:07.214026,Orphan product_id
6091,800,386,sess_346,add_to_cart,2026-03-29 18:33:20.214026,Orphan product_id
6110,1036,647,sess_3751,view,2026-02-16 13:45:40.214026,Orphan product_id
6130,1068,1154,sess_3545,add_to_cart,2026-02-09 12:26:32.214026,Orphan product_id
6160,815,1159,sess_2857,purchase,2026-02-08 06:47:54.214026,Orphan product_id
6164,378,1171,sess_4230,view,2025-06-21 15:16:31.214026,Orphan product_id
6179,147,1191,sess_2788,add_to_cart,2026-04-30 18:13:15.214026,Orphan product_id
6195,423,1163,sess_2411,view,2025-09-02 05:27:02.214026,Orphan product_id
6196,1186,1139,sess_1952,add_to_cart,2025-07-26 07:27:39.214026,Orphan product_id
6209,485,1189,sess_358,add_to_cart,2025-12-08 01:35:49.214026,Orphan product_id
6220,462,276,sess_1424,purchase,2026-03-02 04:53:58.214026,Orphan product_id
6221,986,1120,sess_3624,purchase,2025-11-08 12:23:18.214026,Orphan product_id
6226,66,1102,sess_3057,view,2025-11-02 21:55:54.214026,Orphan product_id
6229,633,1193,sess_3363,add_to_cart,2026-06-05 16:29:33.214026,Orphan product_id
6266,849,1037,sess_3535,add_to_cart,2025-12-25 00:10:56.214026,Orphan product_id
6283,401,1177,sess_4737,purchase,2026-05-24 16:03:35.214026,Orphan product_id
6293,636,1155,sess_3723,add_to_cart,2026-02-11 11:13:32.214026,Orphan product_id
6309,472,1174,sess_1983,add_to_cart,2026-01-07 04:15:36.214026,Orphan product_id
6312,772,1122,sess_2216,add_to_cart,2026-01-05 19:36:42.214026,Orphan product_id
6321,524,1118,sess_2192,purchase,2025-10-29 15:33:57.214026,Orphan product_id
6323,489,1138,sess_2183,add_to_cart,2025-12-21 13:32:37.214026,Orphan product_id
6353,763,1161,sess_3588,add_to_cart,2025-11-23 02:42:55.214026,Orphan product_id
6379,750,1157,sess_2128,purchase,2025-07-27 22:11:44.214026,Orphan product_id
6385,618,1114,sess_1282,purchase,2026-03-06 17:51:19.214026,Orphan product_id
6413,813,801,sess_2161,purchase,2026-01-10 07:42:43.214026,Orphan product_id
6430,467,1181,sess_4820,purchase,2026-04-08 22:47:16.214026,Orphan product_id
6432,663,884,sess_1381,purchase,2026-03-25 16:51:40.214026,Orphan product_id
6447,101,1142,sess_1664,add_to_cart,2026-01-31 05:27:29.214026,Orphan product_id
6466,322,1122,sess_2359,add_to_cart,2026-01-25 02:06:21.214026,Orphan product_id
6474,810,1139,sess_3411,view,2025-09-25 01:25:53.214026,Orphan product_id
6480,452,1193,sess_3834,view,2025-07-26 11:34:57.214026,Orphan product_id
6488,498,1169,sess_2657,purchase,2026-06-10 05:25:15.216529,Orphan product_id
6493,500,1139,sess_825,add_to_cart,2026-06-04 22:39:45.216529,Orphan product_id
6516,986,1144,sess_2684,view,2026-02-14 00:07:09.216529,Orphan product_id
6525,965,790,sess_777,view,2026-05-26 05:34:52.216529,Orphan product_id
6538,1114,891,sess_2682,purchase,2026-02-03 18:15:32.216529,Orphan product_id
6542,358,1115,sess_682,add_to_cart,2026-02-14 09:00:17.216529,Orphan product_id
6554,1019,1196,sess_3644,view,2025-10-05 15:37:48.216529,Orphan product_id
6558,759,1136,sess_1348,add_to_cart,2025-06-22 16:25:41.216529,Orphan product_id
6579,653,1144,sess_4960,purchase,2026-01-08 21:29:40.216529,Orphan product_id
6587,1122,1120,sess_4136,add_to_cart,2025-07-26 07:15:12.216529,Orphan product_id
6610,622,1190,sess_1233,add_to_cart,2026-02-08 15:11:26.216529,Orphan product_id
6621,458,1151,sess_191,purchase,2026-01-09 09:01:23.216529,Orphan product_id
6627,1049,1188,sess_491,view,2026-01-23 04:16:51.216529,Orphan product_id
6628,375,1154,sess_102,view,2026-01-24 20:21:21.216529,Orphan product_id
6630,372,1194,sess_1980,add_to_cart,2026-01-14 08:49:58.216529,Orphan product_id
6640,550,1170,sess_3568,purchase,2025-10-13 00:54:29.216529,Orphan product_id
6657,608,386,sess_3693,purchase,2026-03-23 21:59:49.216529,Orphan product_id
6678,386,556,sess_295,add_to_cart,2025-10-02 05:50:07.216529,Orphan product_id
6684,38,1122,sess_1158,add_to_cart,2025-07-26 16:34:31.216529,Orphan product_id
6686,173,1037,sess_2226,add_to_cart,2025-07-28 13:08:55.216529,Orphan product_id
6687,686,1164,sess_3648,purchase,2026-03-21 07:37:54.216529,Orphan product_id
6691,966,1101,sess_388,add_to_cart,2025-09-26 09:28:43.216529,Orphan product_id
6698,444,1104,sess_3088,purchase,2026-01-11 17:40:41.216529,Orphan product_id
6714,256,1188,sess_3871,view,2026-01-06 05:02:22.216529,Orphan product_id
6725,932,1037,sess_4669,view,2026-03-31 18:34:41.216529,Orphan product_id
6736,400,1101,sess_3187,view,2026-03-12 21:08:43.216529,Orphan product_id
6743,437,1135,sess_1516,view,2025-11-07 23:12:10.216529,Orphan product_id
6755,654,1171,sess_2663,add_to_cart,2026-04-03 21:05:02.216529,Orphan product_id
6778,215,1175,sess_2348,view,2025-08-15 07:51:56.216529,Orphan product_id
6786,200,1113,sess_1041,purchase,2025-10-11 12:20:46.216529,Orphan product_id
6787,716,1121,sess_412,purchase,2025-11-09 07:07:26.216529,Orphan product_id
6792,979,1168,sess_2513,purchase,2026-05-02 18:20:20.216529,Orphan product_id
6806,170,1166,sess_127,purchase,2025-07-04 23:31:22.216529,Orphan product_id
6808,599,1133,sess_391,add_to_cart,2025-10-13 04:33:56.216529,Orphan product_id
6809,852,276,sess_1058,add_to_cart,2025-07-25 12:13:18.216529,Orphan product_id
6810,411,1127,sess_1336,add_to_cart,2025-10-11 21:35:07.216529,Orphan product_id
6846,348,1119,sess_499,view,2025-07-02 18:24:29.216529,Orphan product_id
6849,1002,1153,sess_186,view,2025-07-01 17:31:28.216529,Orphan product_id
6851,132,1109,sess_2391,add_to_cart,2026-03-05 08:55:18.216529,Orphan product_id
6853,236,1176,sess_2372,add_to_cart,2025-08-14 04:55:41.216529,Orphan product_id
6879,143,1177,sess_296,add_to_cart,2026-01-17 02:51:39.216529,Orphan product_id
6892,4,1003,sess_4481,add_to_cart,2026-05-08 00:10:56.216529,Orphan product_id
6918,883,1107,sess_1293,purchase,2025-12-23 01:38:01.216529,Orphan product_id
6932,800,1157,sess_4073,add_to_cart,2026-05-25 15:19:22.216529,Orphan product_id
6957,840,1146,sess_416,view,2025-11-02 21:21:26.216529,Orphan product_id
6973,637,1127,sess_4562,view,2025-12-22 01:08:55.216529,Orphan product_id
6978,156,1182,sess_3866,add_to_cart,2026-04-17 11:16:57.216529,Orphan product_id
6990,883,208,sess_3672,add_to_cart,2025-10-06 22:18:04.216529,Orphan product_id
6992,924,1141,sess_2087,add_to_cart,2025-07-09 07:32:13.216529,Orphan product_id
7004,716,276,sess_3424,view,2025-08-12 16:17:09.218542,Orphan product_id
7020,804,1159,sess_2605,add_to_cart,2026-02-26 07:10:46.218542,Orphan product_id
7021,282,1107,sess_736,add_to_cart,2026-03-08 00:21:26.218542,Orphan product_id
7025,242,1117,sess_2134,purchase,2025-09-13 16:09:48.218542,Orphan product_id
7027,1041,1153,sess_4026,add_to_cart,2026-01-19 23:53:04.218542,Orphan product_id
7029,1027,1149,sess_3647,purchase,2025-12-27 07:12:01.218542,Orphan product_id
7033,407,1122,sess_3030,purchase,2025-08-03 20:41:09.218542,Orphan product_id
7034,379,1145,sess_1082,purchase,2025-12-21 10:23:10.218542,Orphan product_id
7035,303,1108,sess_1654,purchase,2025-09-22 23:29:01.218542,Orphan product_id
7047,949,1166,sess_2634,purchase,2026-05-06 01:03:32.218542,Orphan product_id
7063,781,1120,sess_2401,view,2026-01-07 15:01:14.218542,Orphan product_id
7075,658,1134,sess_1666,view,2025-11-10 07:35:32.218542,Orphan product_id
7082,442,1181,sess_1638,view,2025-09-20 05:30:41.218542,Orphan product_id
7093,548,1151,sess_3382,purchase,2025-10-29 16:47:52.218542,Orphan product_id
7105,915,1186,sess_4242,view,2026-06-01 23:53:16.218542,Orphan product_id
7124,1188,1167,sess_2983,purchase,2026-03-12 04:39:56.218542,Orphan product_id
7140,569,1110,sess_1827,view,2025-06-24 02:57:37.218542,Orphan product_id
7146,1027,790,sess_40,purchase,2026-03-03 11:27:18.218542,Orphan product_id
7187,439,1125,sess_1100,purchase,2026-02-23 10:27:56.218542,Orphan product_id
7202,154,1114,sess_812,view,2025-11-12 12:33:14.219548,Orphan product_id
7221,27,1168,sess_2493,view,2025-12-30 04:41:37.219548,Orphan product_id
7231,547,1176,sess_361,add_to_cart,2026-05-17 14:23:02.219548,Orphan product_id
7233,441,1185,sess_12,add_to_cart,2025-11-08 06:08:53.219548,Orphan product_id
7245,1126,1140,sess_1460,view,2025-11-05 20:14:03.219548,Orphan product_id
7257,623,647,sess_1157,add_to_cart,2025-11-02 10:41:00.219548,Orphan product_id
7261,1,1126,sess_1951,view,2025-06-22 21:05:24.219548,Orphan product_id
7268,1145,1112,sess_4599,view,2026-04-14 12:29:08.219548,Orphan product_id
7271,754,1190,sess_744,view,2025-12-23 22:52:21.219548,Orphan product_id
7313,980,1198,sess_4407,purchase,2025-12-30 06:56:04.219548,Orphan product_id
7335,918,1198,sess_2879,purchase,2025-12-06 22:52:02.219548,Orphan product_id
7338,1020,1153,sess_4759,purchase,2026-01-26 19:24:25.219548,Orphan product_id
7339,523,1131,sess_2740,add_to_cart,2025-07-30 00:15:47.219548,Orphan product_id
7351,540,600,sess_1576,purchase,2025-08-29 05:15:00.219548,Orphan product_id
7365,517,801,sess_1140,add_to_cart,2025-06-24 12:16:03.219548,Orphan product_id
7374,830,1116,sess_1696,purchase,2026-04-30 15:00:20.219548,Orphan product_id
7380,313,1037,sess_2207,add_to_cart,2025-11-26 15:35:24.219548,Orphan product_id
7429,361,1165,sess_561,view,2026-05-09 06:01:44.219548,Orphan product_id
7431,62,1122,sess_1754,view,2025-06-29 10:00:23.219548,Orphan product_id
7438,455,1127,sess_1390,purchase,2026-05-24 06:19:15.219548,Orphan product_id
7450,1078,1140,sess_3363,purchase,2026-06-06 15:14:48.219548,Orphan product_id
7453,751,1199,sess_2392,view,2025-11-14 18:20:45.219548,Orphan product_id
7454,411,1144,sess_3277,add_to_cart,2025-06-13 06:10:27.219548,Orphan product_id
7461,1044,1169,sess_771,add_to_cart,2025-07-23 08:17:06.219548,Orphan product_id
7467,504,1138,sess_2829,purchase,2025-11-14 21:42:56.219548,Orphan product_id
7498,1095,1163,sess_4884,view,2026-02-27 12:47:14.219548,Orphan product_id
7509,121,1167,sess_1463,purchase,2026-03-26 11:57:37.219548,Orphan product_id
7550,954,1037,sess_2440,add_to_cart,2025-11-29 12:33:38.219548,Orphan product_id
7569,941,1172,sess_4359,view,2025-06-18 23:16:39.219548,Orphan product_id
7579,10,1111,sess_1102,purchase,2025-09-19 04:49:46.219548,Orphan product_id
7584,85,891,sess_57,purchase,2026-01-23 23:16:55.222317,Orphan product_id
7596,3,1127,sess_996,view,2025-10-15 22:45:01.222317,Orphan product_id
7597,118,1177,sess_73,view,2025-10-20 10:25:58.222317,Orphan product_id
7598,1104,1161,sess_1173,add_to_cart,2026-01-18 20:41:45.222317,Orphan product_id
7617,426,1168,sess_3742,add_to_cart,2025-08-08 12:41:14.222317,Orphan product_id
7619,998,1134,sess_2620,view,2025-12-10 05:56:37.222317,Orphan product_id
7621,202,1160,sess_1859,purchase,2026-02-17 16:48:22.222317,Orphan product_id
7678,535,1187,sess_2862,purchase,2025-07-02 17:42:11.222317,Orphan product_id
7692,471,1124,sess_4729,view,2026-04-18 06:15:30.222317,Orphan product_id
7694,50,1119,sess_2073,add_to_cart,2026-04-13 14:07:27.222317,Orphan product_id
7729,629,1129,sess_56,view,2025-12-04 18:00:47.222317,Orphan product_id
7757,872,1133,sess_3340,purchase,2025-09-10 19:43:22.222317,Orphan product_id
7759,103,1003,sess_3695,add_to_cart,2026-01-11 14:35:09.222317,Orphan product_id
7770,651,1121,sess_3439,add_to_cart,2025-08-29 08:19:36.222317,Orphan product_id
7797,907,1191,sess_3193,purchase,2026-03-06 22:43:54.222317,Orphan product_id
7801,235,647,sess_2935,view,2025-09-13 01:29:53.222317,Orphan product_id
7809,459,208,sess_3282,purchase,2025-11-29 13:06:37.222317,Orphan product_id
7832,211,1185,sess_336,view,2026-04-18 04:53:35.222317,Orphan product_id
7840,331,1153,sess_3655,view,2025-07-09 10:40:13.222317,Orphan product_id
7853,591,1128,sess_257,view,2025-12-15 08:08:05.222317,Orphan product_id
7855,908,1130,sess_4485,purchase,2026-03-15 13:33:00.222317,Orphan product_id
7860,327,1139,sess_1075,add_to_cart,2026-02-03 20:40:13.222317,Orphan product_id
7875,204,1152,sess_2046,purchase,2026-04-14 20:14:23.222317,Orphan product_id
7878,118,1149,sess_3796,add_to_cart,2025-07-05 23:22:19.222317,Orphan product_id
7887,345,1189,sess_1303,purchase,2026-05-02 05:04:34.222317,Orphan product_id
7897,557,1134,sess_4629,add_to_cart,2025-06-11 10:43:21.222317,Orphan product_id
7911,1090,1190,sess_3645,add_to_cart,2025-09-14 08:23:37.222317,Orphan product_id
7918,1002,1142,sess_2692,add_to_cart,2025-11-13 04:29:10.222317,Orphan product_id
7939,2,1157,sess_462,add_to_cart,2026-03-17 17:41:50.222317,Orphan product_id
7961,1038,1187,sess_2020,purchase,2025-08-04 02:23:02.222317,Orphan product_id
7968,561,1134,sess_3721,add_to_cart,2026-01-15 15:33:37.222317,Orphan product_id
8016,1034,1154,sess_326,view,2025-10-18 00:26:54.222317,Orphan product_id
8035,862,1138,sess_677,add_to_cart,2025-10-30 00:19:18.222317,Orphan product_id
8063,873,1172,sess_3921,add_to_cart,2026-03-06 19:10:00.222317,Orphan product_id
8066,300,1119,sess_1150,view,2025-08-31 00:22:45.222317,Orphan product_id
8074,728,208,sess_904,purchase,2026-01-22 07:12:13.222317,Orphan product_id
8083,961,801,sess_2917,purchase,2025-08-14 04:04:44.222317,Orphan product_id
8091,1185,1118,sess_4556,view,2026-01-13 09:11:07.224321,Orphan product_id
8094,520,790,sess_3847,purchase,2026-02-23 05:28:17.224321,Orphan product_id
8098,909,208,sess_740,view,2025-06-13 18:22:05.224321,Orphan product_id
8101,717,1125,sess_3013,view,2026-06-09 16:50:03.224321,Orphan product_id
8117,589,1159,sess_1723,purchase,2025-09-05 21:48:36.224321,Orphan product_id
8136,252,1157,sess_3709,purchase,2025-12-05 22:10:43.224321,Orphan product_id
8150,963,1170,sess_320,view,2025-09-09 09:31:48.224321,Orphan product_id
8151,1015,1120,sess_3861,add_to_cart,2026-04-09 22:18:50.224321,Orphan product_id
8167,732,1145,sess_4662,add_to_cart,2026-01-21 07:10:53.224321,Orphan product_id
8172,1188,556,sess_3391,purchase,2025-07-22 13:34:39.224321,Orphan product_id
8185,35,1190,sess_4467,purchase,2025-07-04 22:40:34.224321,Orphan product_id
8201,1182,1158,sess_2838,purchase,2025-10-25 18:27:46.224321,Orphan product_id
8209,653,1122,sess_4192,add_to_cart,2025-06-14 21:15:13.224321,Orphan product_id
8295,971,1197,sess_1661,view,2026-01-07 11:06:29.224321,Orphan product_id
8296,1119,1199,sess_3064,add_to_cart,2025-08-22 03:56:26.224321,Orphan product_id
8297,566,1158,sess_415,purchase,2026-01-31 22:16:34.224321,Orphan product_id
8308,1,600,sess_3274,view,2026-04-18 08:22:48.224321,Orphan product_id
8312,620,1175,sess_3520,purchase,2025-07-19 16:46:07.224321,Orphan product_id
8337,792,1197,sess_4783,view,2026-05-30 12:45:53.224321,Orphan product_id
8344,711,1175,sess_4545,add_to_cart,2025-08-15 16:32:32.224321,Orphan product_id
8377,410,1140,sess_2178,view,2026-05-10 03:37:57.224321,Orphan product_id
8380,386,1191,sess_1909,view,2025-10-19 12:21:51.224321,Orphan product_id
8387,858,1107,sess_1233,add_to_cart,2026-02-20 21:47:27.224321,Orphan product_id
8402,37,1171,sess_3742,add_to_cart,2025-08-12 07:10:29.224321,Orphan product_id
8433,778,1199,sess_2346,add_to_cart,2025-08-17 03:38:06.224321,Orphan product_id
8435,575,1166,sess_771,purchase,2026-01-13 14:24:35.224321,Orphan product_id
8467,882,556,sess_1805,add_to_cart,2025-10-19 14:24:14.224321,Orphan product_id
8471,790,1126,sess_3595,purchase,2026-03-09 00:50:47.224321,Orphan product_id
8501,1036,1195,sess_1467,view,2025-11-17 02:30:36.224321,Orphan product_id
8544,378,1153,sess_2368,add_to_cart,2026-04-18 03:46:46.224321,Orphan product_id
8569,348,1177,sess_1608,view,2026-02-27 23:58:30.224321,Orphan product_id
8577,1133,1172,sess_20,purchase,2026-05-13 17:22:44.224321,Orphan product_id
8602,801,1174,sess_4874,add_to_cart,2025-09-17 17:48:18.224321,Orphan product_id
8608,1090,1164,sess_102,add_to_cart,2026-04-29 19:25:50.224321,Orphan product_id
8616,457,1186,sess_3613,view,2025-09-16 15:31:39.226324,Orphan product_id
8650,298,1177,sess_2432,purchase,2025-09-21 10:49:38.226324,Orphan product_id
8670,252,1101,sess_4268,view,2026-06-09 15:34:10.226324,Orphan product_id
8684,498,386,sess_2803,add_to_cart,2026-03-04 09:56:56.226324,Orphan product_id
8685,1194,1183,sess_4530,add_to_cart,2025-07-25 22:49:12.226324,Orphan product_id
8691,846,1130,sess_3171,purchase,2025-06-23 05:53:54.226324,Orphan product_id
8723,520,1138,sess_2614,view,2025-06-25 19:03:27.226324,Orphan product_id
8731,1048,556,sess_262,view,2026-06-11 11:20:04.226324,Orphan product_id
8732,1081,1115,sess_2699,view,2025-08-07 08:29:44.226324,Orphan product_id
8734,551,1159,sess_4199,view,2026-03-15 10:10:04.226324,Orphan product_id
8753,115,1138,sess_3683,add_to_cart,2026-02-19 13:05:26.226324,Orphan product_id
8772,1012,1152,sess_1380,purchase,2026-02-15 05:45:21.226324,Orphan product_id
8811,739,1151,sess_4399,add_to_cart,2025-09-22 05:38:41.226324,Orphan product_id
8838,505,1194,sess_4331,purchase,2025-08-19 00:09:15.226324,Orphan product_id
8844,693,386,sess_1049,view,2026-02-10 12:12:19.226324,Orphan product_id
8852,1009,1103,sess_3749,purchase,2025-08-05 14:04:50.226324,Orphan product_id
8853,556,1199,sess_847,view,2026-06-07 16:35:45.226324,Orphan product_id
8860,1182,1161,sess_454,view,2025-10-16 08:18:42.226324,Orphan product_id
8920,1193,1109,sess_1284,add_to_cart,2026-04-16 09:45:00.226324,Orphan product_id
8922,679,1160,sess_2956,view,2026-05-19 02:21:26.226324,Orphan product_id
8927,281,1145,sess_2949,add_to_cart,2026-04-02 21:00:00.226324,Orphan product_id
8940,1014,884,sess_715,add_to_cart,2026-03-01 23:42:27.226324,Orphan product_id
8949,916,1185,sess_2762,add_to_cart,2026-05-19 09:48:21.226324,Orphan product_id
8957,61,1182,sess_2760,view,2026-01-20 21:22:29.226324,Orphan product_id
8972,745,1161,sess_3371,add_to_cart,2026-05-08 19:48:20.226324,Orphan product_id
8975,720,1134,sess_1409,purchase,2025-11-10 04:31:36.226324,Orphan product_id
8980,334,1194,sess_1758,purchase,2025-07-01 11:35:59.226324,Orphan product_id
8994,559,1175,sess_834,view,2026-02-08 04:19:31.226324,Orphan product_id
9001,1072,1152,sess_2091,add_to_cart,2026-02-10 05:25:50.227826,Orphan product_id
9006,438,1113,sess_4415,purchase,2026-02-11 10:11:33.227826,Orphan product_id
9042,171,1110,sess_4546,add_to_cart,2025-09-27 09:30:56.227826,Orphan product_id
9047,633,1177,sess_2696,purchase,2025-09-07 17:57:25.227826,Orphan product_id
9048,989,1164,sess_3814,add_to_cart,2026-01-02 13:37:39.227826,Orphan product_id
9086,1076,1101,sess_211,add_to_cart,2025-09-18 03:35:24.227826,Orphan product_id
9092,633,1118,sess_1820,add_to_cart,2026-04-19 06:26:59.227826,Orphan product_id
9101,76,1193,sess_2806,view,2025-09-08 15:39:41.228610,Orphan product_id
9106,1058,1183,sess_3000,add_to_cart,2026-06-10 20:50:01.228610,Orphan product_id
9118,139,1200,sess_391,purchase,2026-01-15 23:37:20.228610,Orphan product_id
9139,843,1103,sess_1233,add_to_cart,2026-01-08 21:50:10.228610,Orphan product_id
9142,149,1105,sess_2377,add_to_cart,2025-07-11 17:24:06.228610,Orphan product_id
9157,1038,1139,sess_1841,view,2026-04-24 08:00:49.228610,Orphan product_id
9169,367,1128,sess_3893,purchase,2026-01-19 17:37:13.228610,Orphan product_id
9170,53,1145,sess_3769,add_to_cart,2025-07-18 09:35:51.228610,Orphan product_id
9190,1128,1037,sess_783,purchase,2026-05-09 06:24:52.228610,Orphan product_id
9225,1154,1198,sess_584,add_to_cart,2026-01-25 19:44:18.228610,Orphan product_id
9253,1046,1109,sess_2155,purchase,2025-10-24 10:00:41.228610,Orphan product_id
9276,724,1146,sess_4227,view,2026-01-20 23:20:20.228610,Orphan product_id
9278,97,1151,sess_3088,view,2026-06-09 20:01:06.228610,Orphan product_id
9284,790,1152,sess_1682,add_to_cart,2025-12-06 00:55:43.228610,Orphan product_id
9298,164,1176,sess_1310,purchase,2025-06-26 23:59:53.228610,Orphan product_id
9306,488,1125,sess_725,view,2026-02-28 13:06:45.228610,Orphan product_id
9310,6,790,sess_32,purchase,2026-06-06 18:27:58.228610,Orphan product_id
9316,945,1180,sess_4077,view,2025-11-20 12:42:44.228610,Orphan product_id
9347,846,1192,sess_76,add_to_cart,2025-08-04 08:50:57.228610,Orphan product_id
9351,170,790,sess_2531,purchase,2025-09-08 00:04:29.228610,Orphan product_id
9360,629,1173,sess_803,add_to_cart,2025-06-24 01:12:03.228610,Orphan product_id
9367,1065,1150,sess_4389,purchase,2025-10-25 05:33:06.228610,Orphan product_id
9385,545,1152,sess_556,add_to_cart,2025-12-22 05:13:54.228610,Orphan product_id
9386,404,1173,sess_1685,purchase,2025-06-18 21:49:07.228610,Orphan product_id
9398,240,1152,sess_4416,add_to_cart,2026-05-26 14:14:15.228610,Orphan product_id
9427,363,1175,sess_4185,purchase,2026-02-16 06:19:41.228610,Orphan product_id
9459,518,1126,sess_1716,add_to_cart,2026-06-01 00:54:28.228610,Orphan product_id
9460,217,1143,sess_192,purchase,2026-05-14 14:55:01.228610,Orphan product_id
9463,1,1124,sess_4863,purchase,2025-11-09 18:38:54.228610,Orphan product_id
9477,682,1184,sess_2853,purchase,2026-03-11 10:01:41.228610,Orphan product_id
9490,1176,1114,sess_1697,add_to_cart,2025-08-15 15:15:25.228610,Orphan product_id
9522,977,1124,sess_2482,add_to_cart,2025-09-01 16:03:51.228610,Orphan product_id
9523,950,1142,sess_23,purchase,2025-12-31 20:27:52.228610,Orphan product_id
9527,261,1160,sess_3388,add_to_cart,2026-05-02 04:09:32.228610,Orphan product_id
9548,435,1124,sess_4835,purchase,2026-02-24 11:41:44.228610,Orphan product_id
9555,578,758,sess_4168,view,2025-07-30 14:40:18.228610,Orphan product_id
9591,7,1178,sess_769,purchase,2025-10-28 21:05:56.228610,Orphan product_id
9596,529,1189,sess_2507,add_to_cart,2026-04-13 18:37:00.228610,Orphan product_id
9602,847,1184,sess_4175,add_to_cart,2026-05-11 06:07:08.228610,Orphan product_id
9607,949,556,sess_3137,purchase,2025-06-29 20:18:57.228610,Orphan product_id
9616,1100,465,sess_612,add_to_cart,2025-10-22 02:37:52.228610,Orphan product_id
9629,1090,1163,sess_3209,add_to_cart,2025-09-29 00:51:25.228610,Orphan product_id
9632,70,1163,sess_509,add_to_cart,2025-07-28 01:46:26.228610,Orphan product_id
9633,726,1186,sess_1846,add_to_cart,2025-07-20 12:32:07.228610,Orphan product_id
9651,438,1188,sess_1462,view,2026-03-22 19:26:36.228610,Orphan product_id
9653,768,1150,sess_734,add_to_cart,2026-01-15 20:27:43.228610,Orphan product_id
9658,712,1190,sess_332,view,2026-01-01 16:34:18.228610,Orphan product_id
9666,917,1142,sess_4542,add_to_cart,2026-03-26 05:00:42.228610,Orphan product_id
9668,1131,1195,sess_1924,view,2026-04-03 07:36:35.228610,Orphan product_id
9690,788,514,sess_3642,add_to_cart,2026-01-03 20:59:00.228610,Orphan product_id
9694,388,1121,sess_1584,purchase,2026-04-28 04:36:46.228610,Orphan product_id
9719,1175,1110,sess_16,view,2026-05-21 08:44:38.228610,Orphan product_id
9727,115,1103,sess_3404,add_to_cart,2025-10-09 10:57:23.228610,Orphan product_id
9734,319,1108,sess_76,add_to_cart,2025-07-09 13:54:34.228610,Orphan product_id
9745,50,1200,sess_1438,add_to_cart,2026-02-17 02:24:22.228610,Orphan product_id
9761,860,1171,sess_3337,add_to_cart,2026-03-15 22:25:38.228610,Orphan product_id
9766,1046,1191,sess_1217,add_to_cart,2025-09-05 02:36:15.228610,Orphan product_id
9799,26,1191,sess_4356,add_to_cart,2025-12-14 17:20:43.228610,Orphan product_id
9802,789,1140,sess_2827,view,2025-07-25 05:41:55.228610,Orphan product_id
9829,375,1111,sess_630,add_to_cart,2025-09-09 05:06:43.228610,Orphan product_id
9839,237,1112,sess_144,add_to_cart,2026-01-04 20:56:11.228610,Orphan product_id
9847,441,1194,sess_1978,add_to_cart,2025-11-17 03:24:14.228610,Orphan product_id
9853,779,1147,sess_869,purchase,2025-12-31 23:33:10.228610,Orphan product_id
9866,534,1154,sess_1417,purchase,2025-10-15 15:37:07.228610,Orphan product_id
9877,281,1166,sess_3047,view,2025-12-11 23:54:31.228610,Orphan product_id
9897,934,1199,sess_1267,purchase,2025-07-20 02:41:44.228610,Orphan product_id
9898,869,1191,sess_3425,add_to_cart,2025-09-04 18:22:47.228610,Orphan product_id
9924,112,1198,sess_3530,add_to_cart,2025-12-19 04:59:47.228610,Orphan product_id
9926,997,208,sess_286,add_to_cart,2025-07-03 22:52:08.228610,Orphan product_id
9955,1198,514,sess_4864,add_to_cart,2026-02-11 21:21:58.228610,Orphan product_id
9962,1159,1200,sess_1931,add_to_cart,2026-04-05 05:32:56.228610,Orphan product_id
9967,957,891,sess_3727,purchase,2026-01-11 02:08:22.228610,Orphan product_id
9972,84,1197,sess_1079,purchase,2025-07-27 14:14:35.228610,Orphan product_id
10006,323,1132,sess_3083,add_to_cart,2026-06-08 03:39:48.228610,Orphan product_id
10014,178,1190,sess_68,add_to_cart,2026-03-04 07:54:50.228610,Orphan product_id
10024,596,1194,sess_3687,view,2026-03-04 05:14:14.228610,Orphan product_id
10025,1012,1196,sess_1260,purchase,2025-12-08 21:51:28.228610,Orphan product_id
10035,301,1103,sess_4979,purchase,2025-07-23 10:51:17.228610,Orphan product_id
10038,714,1163,sess_2946,purchase,2025-10-04 19:30:09.228610,Orphan product_id
10055,326,1113,sess_3109,purchase,2025-12-18 02:07:54.228610,Orphan product_id
10068,696,1189,sess_2204,view,2026-04-07 12:33:53.228610,Orphan product_id
10071,164,1168,sess_2030,add_to_cart,2026-04-27 23:14:42.228610,Orphan product_id
10079,63,1186,sess_2547,add_to_cart,2026-02-07 17:01:03.228610,Orphan product_id
10089,678,1131,sess_3659,add_to_cart,2026-03-09 20:13:22.228610,Orphan product_id
10095,26,1110,sess_2420,view,2025-07-04 00:43:18.228610,Orphan product_id
10119,262,1110,sess_2726,add_to_cart,2025-07-02 12:20:59.228610,Orphan product_id
10137,681,1149,sess_2381,add_to_cart,2026-04-05 08:17:34.228610,Orphan product_id
10147,419,1178,sess_2363,purchase,2025-11-13 09:05:57.228610,Orphan product_id
10158,567,1171,sess_4668,view,2025-10-29 18:32:56.228610,Orphan product_id
10177,1153,1136,sess_963,view,2025-06-27 21:22:30.228610,Orphan product_id
10182,583,1182,sess_1810,view,2025-07-07 12:00:19.228610,Orphan product_id
10184,1022,1142,sess_3021,add_to_cart,2025-07-01 10:31:07.228610,Orphan product_id
10205,949,1126,sess_3993,add_to_cart,2026-03-21 03:07:44.228610,Orphan product_id
10207,686,1153,sess_22,add_to_cart,2026-03-27 21:19:52.228610,Orphan product_id
10241,887,1108,sess_1114,purchase,2026-05-18 20:37:26.228610,Orphan product_id
10245,702,1155,sess_4987,purchase,2026-04-17 09:56:29.228610,Orphan product_id
10252,57,1191,sess_1766,view,2025-10-09 21:26:33.228610,Orphan product_id
10261,874,1115,sess_639,view,2025-09-11 00:00:11.228610,Orphan product_id
10267,848,758,sess_1550,purchase,2026-02-05 08:43:03.228610,Orphan product_id
10268,957,1149,sess_1423,view,2025-06-14 06:31:05.228610,Orphan product_id
10269,99,1123,sess_4951,view,2026-01-31 07:43:07.228610,Orphan product_id
10274,778,1174,sess_3440,add_to_cart,2025-09-02 16:41:06.228610,Orphan product_id
10295,936,1173,sess_915,add_to_cart,2026-05-14 03:10:47.228610,Orphan product_id
10299,40,1155,sess_353,view,2026-03-26 10:34:53.228610,Orphan product_id
10311,686,1173,sess_1230,view,2026-04-21 10:32:44.228610,Orphan product_id
10324,34,1196,sess_4696,purchase,2026-03-25 01:48:59.228610,Orphan product_id
10339,306,1128,sess_3710,view,2025-09-28 00:42:47.228610,Orphan product_id
10345,661,1124,sess_3516,purchase,2026-02-11 22:12:38.228610,Orphan product_id
10353,18,884,sess_3120,purchase,2025-10-11 23:07:54.228610,Orphan product_id
10367,753,1133,sess_2306,add_to_cart,2026-05-09 07:57:46.228610,Orphan product_id
10369,1122,1178,sess_1723,view,2026-04-12 00:39:16.228610,Orphan product_id
10370,689,1137,sess_3584,view,2025-09-09 16:55:01.228610,Orphan product_id
10403,40,1163,sess_1500,view,2025-11-18 07:56:36.228610,Orphan product_id
10405,217,1192,sess_2101,purchase,2025-07-28 15:59:49.228610,Orphan product_id
10420,963,1170,sess_3833,purchase,2026-04-01 13:47:41.228610,Orphan product_id
10455,415,1171,sess_4102,add_to_cart,2025-06-29 22:25:00.228610,Orphan product_id
10461,975,1165,sess_273,add_to_cart,2026-01-13 20:24:00.228610,Orphan product_id
10463,909,1182,sess_1459,add_to_cart,2025-09-03 08:43:58.228610,Orphan product_id
10482,300,1172,sess_1605,purchase,2026-04-24 22:44:10.228610,Orphan product_id
10487,1001,1158,sess_3462,view,2026-02-20 09:05:57.228610,Orphan product_id
10507,33,1131,sess_2778,purchase,2025-07-18 05:21:11.228610,Orphan product_id
10508,565,1114,sess_2300,add_to_cart,2025-07-04 21:57:42.228610,Orphan product_id
10517,1073,1122,sess_233,purchase,2026-04-18 06:28:37.228610,Orphan product_id
10519,493,1166,sess_2350,add_to_cart,2025-07-08 08:29:32.228610,Orphan product_id
10527,344,1154,sess_4090,view,2026-04-04 23:32:30.228610,Orphan product_id
10544,794,1037,sess_4349,add_to_cart,2025-06-16 01:19:39.228610,Orphan product_id
10547,1008,600,sess_116,purchase,2026-03-23 06:20:44.228610,Orphan product_id
10576,1174,1137,sess_2879,add_to_cart,2026-01-16 00:23:46.228610,Orphan product_id
10598,1103,1172,sess_3271,purchase,2026-02-03 22:51:46.228610,Orphan product_id
10619,498,1118,sess_1504,purchase,2025-10-25 03:08:24.228610,Orphan product_id
10632,520,1114,sess_1125,view,2026-05-27 17:43:54.228610,Orphan product_id
10636,1066,1188,sess_4663,add_to_cart,2025-12-26 11:57:29.228610,Orphan product_id
10646,987,1136,sess_3638,purchase,2026-01-15 19:58:58.228610,Orphan product_id
10662,63,1107,sess_455,purchase,2025-07-24 13:00:41.228610,Orphan product_id
10681,485,1167,sess_1187,add_to_cart,2025-08-11 08:04:54.228610,Orphan product_id
10683,222,556,sess_735,purchase,2026-03-13 16:30:34.228610,Orphan product_id
10687,1091,791,sess_2746,view,2026-05-03 01:11:46.228610,Orphan product_id
10690,743,1123,sess_4385,view,2025-09-29 10:46:23.228610,Orphan product_id
10770,1055,1166,sess_4182,view,2026-01-14 12:36:36.228610,Orphan product_id
10775,335,1138,sess_2590,purchase,2026-05-06 12:14:42.228610,Orphan product_id
10776,1198,1200,sess_3165,add_to_cart,2025-07-06 09:26:36.228610,Orphan product_id
10778,206,514,sess_4230,purchase,2026-02-04 21:57:38.228610,Orphan product_id
10790,727,1128,sess_117,purchase,2025-11-11 09:57:32.228610,Orphan product_id
10808,628,1177,sess_3675,add_to_cart,2025-08-17 03:35:22.228610,Orphan product_id
10849,409,1178,sess_616,view,2026-03-08 00:00:01.228610,Orphan product_id
10853,465,1141,sess_298,add_to_cart,2026-03-19 18:57:01.228610,Orphan product_id
10854,238,1115,sess_3995,add_to_cart,2026-03-31 22:47:42.228610,Orphan product_id
10867,83,1196,sess_1208,add_to_cart,2026-05-18 01:15:48.228610,Orphan product_id
10869,1088,1196,sess_582,view,2025-11-07 08:04:27.228610,Orphan product_id
10870,1164,1118,sess_1218,add_to_cart,2025-10-25 09:46:21.228610,Orphan product_id
10877,1026,1181,sess_3469,view,2025-11-05 21:32:51.228610,Orphan product_id
10887,1055,1111,sess_62,view,2025-08-01 00:26:49.228610,Orphan product_id
10892,1185,647,sess_4485,purchase,2026-05-31 09:09:56.228610,Orphan product_id
10909,818,1154,sess_516,view,2025-06-20 16:09:33.228610,Orphan product_id
10919,133,791,sess_2393,purchase,2026-03-02 13:48:09.228610,Orphan product_id
10932,47,1138,sess_4963,purchase,2025-11-11 13:47:40.228610,Orphan product_id
10966,929,276,sess_2352,purchase,2025-11-05 21:47:29.235934,Orphan product_id
10977,276,884,sess_461,view,2026-01-25 19:02:10.235934,Orphan product_id
11015,294,1141,sess_1310,view,2025-09-18 06:52:54.235934,Orphan product_id
11021,382,1157,sess_1346,purchase,2025-09-12 01:53:11.235934,Orphan product_id
11022,1127,1138,sess_1267,add_to_cart,2025-09-23 14:57:21.235934,Orphan product_id
11054,1004,1195,sess_756,purchase,2025-10-02 17:05:01.235934,Orphan product_id
11057,18,1149,sess_902,add_to_cart,2025-10-05 10:33:10.235934,Orphan product_id
11115,1145,600,sess_1278,add_to_cart,2026-02-05 20:22:50.235934,Orphan product_id
11134,894,1109,sess_4891,purchase,2026-06-02 23:36:48.235934,Orphan product_id
11153,287,1160,sess_529,purchase,2026-02-22 00:15:02.235934,Orphan product_id
11155,94,1175,sess_235,add_to_cart,2026-03-13 01:19:44.235934,Orphan product_id
11190,1190,1193,sess_4821,add_to_cart,2025-10-29 05:24:17.237113,Orphan product_id
11211,467,1189,sess_2637,purchase,2025-10-09 02:47:05.237113,Orphan product_id
11216,405,1003,sess_395,view,2026-02-23 08:22:05.237113,Orphan product_id
11223,994,1132,sess_4411,purchase,2025-09-11 06:32:03.237113,Orphan product_id
11229,751,1141,sess_4832,purchase,2026-01-03 08:23:19.237113,Orphan product_id
11241,884,465,sess_867,purchase,2025-08-16 09:30:21.237113,Orphan product_id
11242,706,1166,sess_4217,purchase,2025-10-08 17:01:49.237113,Orphan product_id
11279,261,1132,sess_1650,view,2025-08-18 14:00:58.237113,Orphan product_id
11291,757,386,sess_2718,view,2026-06-10 16:37:53.237113,Orphan product_id
11299,1000,1185,sess_4671,add_to_cart,2025-12-25 19:12:16.237113,Orphan product_id
11310,555,1179,sess_4238,view,2025-08-08 03:25:48.237113,Orphan product_id
11312,571,1154,sess_1295,purchase,2025-09-13 18:32:01.237113,Orphan product_id
11313,622,1117,sess_3722,add_to_cart,2025-06-15 16:01:29.237113,Orphan product_id
11325,776,1145,sess_1696,purchase,2025-07-15 13:12:53.237113,Orphan product_id
11378,287,1172,sess_1866,add_to_cart,2026-04-03 05:43:48.237113,Orphan product_id
11381,650,1176,sess_3499,purchase,2025-11-16 00:11:02.237113,Orphan product_id
11434,381,1101,sess_4856,purchase,2026-06-02 03:21:40.237113,Orphan product_id
11435,539,1195,sess_1168,add_to_cart,2026-04-15 11:39:58.237113,Orphan product_id
11442,214,1160,sess_3948,purchase,2026-06-01 02:24:32.237113,Orphan product_id
11451,67,1151,sess_3197,add_to_cart,2026-03-21 13:56:30.237113,Orphan product_id
11488,16,1134,sess_3212,view,2026-01-23 06:10:54.237113,Orphan product_id
11489,470,465,sess_2837,purchase,2025-12-24 19:08:46.237113,Orphan product_id
11497,752,1198,sess_4207,purchase,2026-04-30 07:58:36.237113,Orphan product_id
11509,786,1190,sess_3851,purchase,2025-11-02 02:26:58.237113,Orphan product_id
11514,711,1003,sess_3920,purchase,2026-05-04 19:33:16.237113,Orphan product_id
11518,308,1196,sess_4352,purchase,2025-11-13 18:53:56.237113,Orphan product_id
11527,520,1130,sess_1045,view,2025-06-21 22:06:00.237113,Orphan product_id
11532,551,514,sess_561,add_to_cart,2026-04-26 17:16:12.237113,Orphan product_id
11572,791,1194,sess_3536,purchase,2026-05-09 01:55:33.237113,Orphan product_id
11581,1094,1146,sess_1749,add_to_cart,2026-02-11 11:56:52.237113,Orphan product_id
11582,24,1104,sess_4588,purchase,2026-04-30 16:31:50.237113,Orphan product_id
11584,132,1172,sess_1452,purchase,2026-02-10 16:17:52.237113,Orphan product_id
11585,126,1146,sess_4214,add_to_cart,2026-03-26 16:02:07.237113,Orphan product_id
11589,248,758,sess_998,view,2025-10-11 08:02:57.237113,Orphan product_id
11599,487,1186,sess_4455,view,2025-11-20 01:06:56.238931,Orphan product_id
11602,1180,1168,sess_3011,view,2025-07-18 13:15:31.238931,Orphan product_id
11620,613,1200,sess_4259,add_to_cart,2026-05-21 08:35:26.238931,Orphan product_id
11633,1063,1195,sess_2297,purchase,2025-09-02 02:46:02.238931,Orphan product_id
11647,45,1037,sess_2887,purchase,2026-04-05 03:21:44.238931,Orphan product_id
11661,463,1115,sess_1611,view,2025-12-02 11:20:24.238931,Orphan product_id
11677,629,1144,sess_3723,view,2026-06-11 10:43:14.238931,Orphan product_id
11691,1001,1194,sess_2965,purchase,2026-01-22 04:48:29.238931,Orphan product_id
11697,73,1115,sess_471,view,2025-07-20 07:05:33.238931,Orphan product_id
11713,1054,1176,sess_349,purchase,2025-10-21 10:34:10.238931,Orphan product_id
11714,229,1178,sess_2203,view,2025-08-11 17:38:32.238931,Orphan product_id
11732,580,647,sess_3573,view,2025-12-24 10:17:11.238931,Orphan product_id
11760,843,1161,sess_1272,purchase,2026-06-01 21:22:01.238931,Orphan product_id
11780,564,1178,sess_33,add_to_cart,2025-07-13 17:09:17.238931,Orphan product_id
11797,1038,1164,sess_772,add_to_cart,2025-08-16 18:21:15.238931,Orphan product_id
11803,166,1134,sess_3762,add_to_cart,2026-01-27 14:49:06.238931,Orphan product_id
11807,1178,1161,sess_770,add_to_cart,2026-03-01 09:59:17.238931,Orphan product_id
11843,628,1111,sess_2670,add_to_cart,2026-01-14 13:28:09.238931,Orphan product_id
11844,960,1143,sess_4933,add_to_cart,2026-04-04 09:11:54.238931,Orphan product_id
11850,545,1108,sess_2673,view,2025-07-25 06:02:05.238931,Orphan product_id
11858,591,1200,sess_4430,add_to_cart,2025-12-02 02:16:04.238931,Orphan product_id
11859,1137,1199,sess_1061,view,2025-11-13 15:25:45.238931,Orphan product_id
11861,871,1180,sess_2768,purchase,2025-11-25 20:48:02.238931,Orphan product_id
11881,1115,1146,sess_2007,purchase,2026-04-21 19:17:39.238931,Orphan product_id
11891,360,556,sess_3403,view,2025-11-21 08:16:05.238931,Orphan product_id
11910,584,1105,sess_4660,view,2026-05-04 02:07:24.238931,Orphan product_id
11914,974,1188,sess_2525,view,2026-03-19 23:36:19.238931,Orphan product_id
11916,956,1171,sess_4446,view,2025-10-03 14:26:01.238931,Orphan product_id
11921,146,1169,sess_1305,view,2025-10-16 23:37:02.238931,Orphan product_id
11929,955,1178,sess_3895,add_to_cart,2025-09-20 14:36:30.238931,Orphan product_id
11970,642,1114,sess_4120,purchase,2026-02-03 09:53:15.238931,Orphan product_id
11990,1136,1180,sess_1489,add_to_cart,2026-05-30 19:07:02.238931,Orphan product_id
12058,657,1155,sess_4986,purchase,2025-11-15 01:35:38.238931,Orphan product_id
12059,110,1160,sess_3694,add_to_cart,2025-10-13 07:05:52.238931,Orphan product_id
12074,1062,1196,sess_3157,add_to_cart,2025-12-01 02:21:19.238931,Orphan product_id
12085,979,1151,sess_215,add_to_cart,2026-04-22 01:16:47.238931,Orphan product_id
12090,649,1186,sess_2450,view,2026-06-10 04:55:39.238931,Orphan product_id
12110,184,1163,sess_2480,add_to_cart,2026-02-21 13:26:10.238931,Orphan product_id
12114,580,1190,sess_247,add_to_cart,2026-01-06 05:30:37.240934,Orphan product_id
12147,601,1142,sess_403,add_to_cart,2026-01-25 02:00:48.240934,Orphan product_id
12165,1176,1161,sess_168,purchase,2025-09-02 05:48:07.240934,Orphan product_id
12189,809,1153,sess_4049,purchase,2026-04-22 03:03:01.240934,Orphan product_id
12199,169,1164,sess_1073,purchase,2026-05-10 04:09:55.240934,Orphan product_id
12219,721,1188,sess_2789,add_to_cart,2026-05-07 06:16:17.240934,Orphan product_id
12241,563,1108,sess_658,view,2025-08-16 08:11:14.240934,Orphan product_id
12249,477,1138,sess_2662,view,2025-11-11 20:14:12.240934,Orphan product_id
12250,586,600,sess_3995,purchase,2025-07-18 16:18:29.240934,Orphan product_id
12259,225,1187,sess_4115,purchase,2025-06-27 12:14:39.240934,Orphan product_id
12267,551,1113,sess_3087,view,2025-10-05 20:28:59.240934,Orphan product_id
12269,487,600,sess_1081,add_to_cart,2025-10-11 02:00:19.240934,Orphan product_id
12304,247,386,sess_2918,add_to_cart,2026-04-26 01:24:54.240934,Orphan product_id
12310,687,1177,sess_3145,add_to_cart,2026-04-01 10:46:28.240934,Orphan product_id
12318,176,1174,sess_3069,add_to_cart,2026-03-07 13:25:07.240934,Orphan product_id
12346,1186,1120,sess_2493,purchase,2025-07-02 22:07:53.240934,Orphan product_id
12367,11,1127,sess_1642,add_to_cart,2026-02-06 00:18:10.240934,Orphan product_id
12375,820,1113,sess_3966,add_to_cart,2025-12-31 21:09:30.240934,Orphan product_id
12377,101,1119,sess_3992,purchase,2026-04-10 06:08:13.240934,Orphan product_id
12396,735,1148,sess_4196,purchase,2025-11-25 02:10:36.240934,Orphan product_id
12421,229,1195,sess_452,purchase,2025-06-14 03:19:56.240934,Orphan product_id
12435,157,600,sess_3576,view,2025-12-02 00:26:40.240934,Orphan product_id
12443,696,1159,sess_2010,purchase,2026-04-02 04:01:33.240934,Orphan product_id
12450,649,1162,sess_2645,purchase,2026-04-07 02:15:08.240934,Orphan product_id
12452,662,1195,sess_2290,view,2026-02-28 16:35:58.240934,Orphan product_id
12462,492,1108,sess_1185,view,2025-09-06 03:07:31.240934,Orphan product_id
12472,293,1183,sess_2982,view,2025-11-29 20:25:58.240934,Orphan product_id
12498,291,1137,sess_997,add_to_cart,2025-11-25 16:16:03.240934,Orphan product_id
12499,204,1184,sess_1291,add_to_cart,2025-12-04 16:54:01.240934,Orphan product_id
12500,213,1120,sess_2671,add_to_cart,2025-09-18 13:13:25.240934,Orphan product_id
12501,68,1163,sess_3808,view,2026-05-02 13:29:49.240934,Orphan product_id
12504,1095,1152,sess_3586,view,2025-09-17 19:01:18.240934,Orphan product_id
12505,434,1159,sess_2316,purchase,2025-12-13 20:17:12.240934,Orphan product_id
12510,331,1170,sess_2581,add_to_cart,2026-02-05 02:15:10.240934,Orphan product_id
12521,582,1132,sess_1290,add_to_cart,2026-05-27 20:14:34.240934,Orphan product_id
12527,1068,884,sess_4685,view,2025-11-18 18:15:02.240934,Orphan product_id
12544,908,556,sess_3707,add_to_cart,2026-02-25 09:33:30.240934,Orphan product_id
12553,20,1170,sess_3115,view,2025-11-08 14:09:34.240934,Orphan product_id
12597,1170,1177,sess_1434,purchase,2025-07-09 17:40:03.240934,Orphan product_id
12603,964,1150,sess_3483,purchase,2026-02-19 12:44:56.240934,Orphan product_id
12606,343,1143,sess_1699,add_to_cart,2025-11-28 04:47:54.240934,Orphan product_id
12620,386,386,sess_3631,add_to_cart,2026-05-10 04:01:01.240934,Orphan product_id
12625,1034,1134,sess_3654,add_to_cart,2026-01-22 04:04:55.240934,Orphan product_id
12632,439,1168,sess_3457,view,2025-06-19 04:56:40.240934,Orphan product_id
12643,329,1102,sess_4501,view,2026-06-04 06:44:34.242937,Orphan product_id
12645,807,1155,sess_1600,add_to_cart,2025-10-24 07:11:20.242937,Orphan product_id
12663,777,1198,sess_797,view,2025-11-15 15:02:16.242937,Orphan product_id
12702,418,276,sess_444,view,2026-05-29 19:11:45.242937,Orphan product_id
12725,346,1132,sess_1574,add_to_cart,2025-11-22 13:36:59.242937,Orphan product_id
12731,845,1173,sess_711,view,2025-07-07 03:34:53.242937,Orphan product_id
12741,619,1120,sess_4399,add_to_cart,2026-04-04 11:10:39.242937,Orphan product_id
12742,251,1164,sess_78,purchase,2026-05-03 21:10:27.242937,Orphan product_id
12749,1067,1194,sess_2402,view,2025-12-17 20:22:13.242937,Orphan product_id
12781,621,1182,sess_3212,purchase,2026-01-04 02:40:57.242937,Orphan product_id
12784,557,1146,sess_184,add_to_cart,2025-07-22 21:24:49.242937,Orphan product_id
12786,666,1119,sess_3672,view,2025-08-05 09:54:04.242937,Orphan product_id
12792,858,1145,sess_1072,add_to_cart,2025-12-05 03:27:50.242937,Orphan product_id
12793,681,1184,sess_2273,add_to_cart,2026-05-30 19:17:17.242937,Orphan product_id
12801,867,1173,sess_3884,view,2025-07-06 18:42:54.242937,Orphan product_id
12807,43,1003,sess_4468,view,2025-07-19 22:56:56.242937,Orphan product_id
12814,1162,1161,sess_1190,view,2025-08-31 17:47:00.242937,Orphan product_id
12816,576,1152,sess_3986,purchase,2026-04-06 03:52:50.242937,Orphan product_id
12892,278,276,sess_365,view,2025-12-30 05:32:32.242937,Orphan product_id
12900,319,1113,sess_2292,add_to_cart,2026-01-02 01:58:56.243940,Orphan product_id
12908,9,801,sess_4350,add_to_cart,2026-01-01 10:36:26.243940,Orphan product_id
12909,148,1166,sess_163,view,2025-07-20 01:02:54.243940,Orphan product_id
12911,829,1113,sess_2503,view,2026-03-20 01:30:58.243940,Orphan product_id
12918,9,1174,sess_2891,view,2026-03-06 04:50:49.243940,Orphan product_id
12931,516,1117,sess_3401,purchase,2026-02-17 12:35:31.243940,Orphan product_id
12932,1010,1139,sess_1739,add_to_cart,2026-01-10 22:50:01.243940,Orphan product_id
12960,337,1003,sess_4679,add_to_cart,2026-03-30 20:47:17.243940,Orphan product_id
12965,970,1163,sess_2075,add_to_cart,2025-09-03 00:02:55.243940,Orphan product_id
13026,1100,1116,sess_4926,purchase,2025-10-07 10:37:24.243940,Orphan product_id
13044,1144,1140,sess_2313,purchase,2025-11-20 00:13:56.243940,Orphan product_id
13059,957,1134,sess_2786,purchase,2025-11-13 05:24:48.243940,Orphan product_id
13066,92,1168,sess_1495,view,2026-04-22 00:03:52.243940,Orphan product_id
13086,178,1115,sess_1314,add_to_cart,2025-08-21 20:59:04.243940,Orphan product_id
13097,519,1164,sess_1838,add_to_cart,2025-12-11 15:58:56.243940,Orphan product_id
13107,826,1120,sess_1011,purchase,2026-04-01 14:49:32.243940,Orphan product_id
13127,241,1199,sess_3642,purchase,2026-03-09 01:19:04.245946,Orphan product_id
13132,924,1131,sess_3275,add_to_cart,2025-07-20 10:32:54.245946,Orphan product_id
13161,534,1184,sess_197,purchase,2026-05-31 08:16:33.245946,Orphan product_id
13182,812,1140,sess_4335,add_to_cart,2026-04-09 04:55:34.245946,Orphan product_id
13197,719,1133,sess_236,view,2025-09-25 06:20:37.245946,Orphan product_id
13208,579,1164,sess_4089,view,2025-12-31 18:57:50.245946,Orphan product_id
13238,244,1121,sess_2040,view,2025-06-13 21:12:58.245946,Orphan product_id
13266,680,1104,sess_655,add_to_cart,2025-10-08 09:37:35.245946,Orphan product_id
13269,1041,1191,sess_691,view,2026-04-18 06:13:44.245946,Orphan product_id
13272,332,1121,sess_2560,purchase,2026-06-08 06:44:43.245946,Orphan product_id
13276,913,556,sess_4418,view,2025-12-29 01:11:35.245946,Orphan product_id
13283,782,1155,sess_361,add_to_cart,2026-02-27 16:11:55.245946,Orphan product_id
13315,1127,1147,sess_1846,purchase,2026-01-05 22:29:17.245946,Orphan product_id
13349,449,1170,sess_3270,add_to_cart,2026-05-14 21:18:57.245946,Orphan product_id
13362,1106,1129,sess_4102,purchase,2026-01-11 09:41:11.245946,Orphan product_id
13394,524,1157,sess_166,purchase,2026-03-27 05:17:50.245946,Orphan product_id
13395,498,600,sess_3779,view,2025-07-26 20:34:19.245946,Orphan product_id
13397,212,1109,sess_2981,add_to_cart,2025-08-29 20:03:40.245946,Orphan product_id
13399,971,1177,sess_3667,add_to_cart,2025-07-07 15:17:57.245946,Orphan product_id
13424,683,1135,sess_4268,view,2026-04-07 19:41:20.245946,Orphan product_id
13461,124,647,sess_4445,purchase,2026-02-08 18:07:36.245946,Orphan product_id
13465,581,1147,sess_3647,purchase,2025-09-14 02:24:53.245946,Orphan product_id
13474,798,1183,sess_1304,add_to_cart,2026-05-19 13:53:49.245946,Orphan product_id
13489,276,1185,sess_375,view,2025-10-19 01:15:03.245946,Orphan product_id
13495,98,1196,sess_4259,purchase,2025-07-07 23:24:07.245946,Orphan product_id
13500,1002,1146,sess_2402,purchase,2025-07-04 08:05:01.245946,Orphan product_id
13507,882,1106,sess_4111,purchase,2026-06-06 04:34:44.245946,Orphan product_id
13518,485,1153,sess_2189,view,2026-01-17 19:12:17.245946,Orphan product_id
13519,757,1111,sess_2324,view,2025-10-19 05:46:51.245946,Orphan product_id
13527,686,1153,sess_2926,add_to_cart,2025-06-11 13:37:24.245946,Orphan product_id
13536,652,1113,sess_3581,purchase,2026-03-08 12:11:07.245946,Orphan product_id
13594,1032,1115,sess_4219,view,2025-12-15 06:15:32.247953,Orphan product_id
13599,838,1150,sess_4127,view,2026-02-24 06:28:33.247953,Orphan product_id
13603,803,1165,sess_1933,purchase,2026-01-13 11:03:07.247953,Orphan product_id
13605,735,758,sess_656,add_to_cart,2025-07-29 04:26:08.247953,Orphan product_id
13616,656,1169,sess_2265,add_to_cart,2025-12-12 01:51:45.247953,Orphan product_id
13638,1031,1194,sess_2095,add_to_cart,2026-03-01 21:39:36.247953,Orphan product_id
13659,505,1151,sess_1049,purchase,2025-08-22 09:26:37.247953,Orphan product_id
13670,416,1162,sess_1054,purchase,2025-10-08 10:24:49.247953,Orphan product_id
13720,427,1144,sess_2500,add_to_cart,2025-10-01 01:02:18.247953,Orphan product_id
13733,191,514,sess_2505,purchase,2026-04-20 11:07:05.247953,Orphan product_id
13737,1148,1101,sess_3683,view,2025-08-31 20:36:01.247953,Orphan product_id
13745,1032,1161,sess_608,add_to_cart,2026-03-02 12:16:01.247953,Orphan product_id
13753,898,1127,sess_371,add_to_cart,2026-02-10 07:33:17.247953,Orphan product_id
13777,107,1185,sess_163,view,2026-04-24 06:42:47.247953,Orphan product_id
13806,342,1122,sess_510,view,2026-02-01 17:18:18.247953,Orphan product_id
13807,147,1160,sess_3083,add_to_cart,2025-08-12 02:08:37.247953,Orphan product_id
13817,227,1163,sess_3943,view,2026-01-23 12:55:05.247953,Orphan product_id
13819,1064,1195,sess_924,view,2025-06-25 22:15:26.247953,Orphan product_id
13824,813,1164,sess_2594,view,2026-05-28 10:38:09.247953,Orphan product_id
13832,751,1137,sess_778,purchase,2025-11-24 13:54:48.247953,Orphan product_id
13834,774,1104,sess_119,add_to_cart,2026-02-20 09:25:52.247953,Orphan product_id
13842,1018,1132,sess_4227,purchase,2026-05-04 05:24:04.247953,Orphan product_id
13858,619,1104,sess_4309,purchase,2026-02-28 21:51:21.247953,Orphan product_id
13891,355,1140,sess_1734,view,2025-07-11 22:02:43.247953,Orphan product_id
13897,722,1172,sess_4071,purchase,2025-11-05 23:07:33.247953,Orphan product_id
13918,840,1182,sess_1675,purchase,2026-04-14 01:36:14.247953,Orphan product_id
13954,913,1196,sess_428,add_to_cart,2026-04-20 18:32:39.247953,Orphan product_id
13961,469,1150,sess_177,view,2026-06-03 06:46:26.247953,Orphan product_id
13969,912,1165,sess_396,view,2026-03-12 12:31:18.247953,Orphan product_id
13971,1096,1139,sess_3078,add_to_cart,2025-12-28 14:47:09.247953,Orphan product_id
13976,62,1116,sess_3330,view,2025-08-03 20:44:02.247953,Orphan product_id
13982,872,1103,sess_161,view,2026-02-05 03:33:35.247953,Orphan product_id
13985,919,1037,sess_207,add_to_cart,2025-11-20 11:01:46.247953,Orphan product_id
14007,917,1200,sess_644,view,2026-02-25 21:26:02.247953,Orphan product_id
14008,466,556,sess_4017,view,2025-07-16 09:27:15.247953,Orphan product_id
14009,859,600,sess_3102,view,2025-09-11 18:26:38.247953,Orphan product_id
14012,383,1116,sess_1091,purchase,2025-11-12 02:36:41.247953,Orphan product_id
14014,515,1193,sess_1717,add_to_cart,2026-03-12 10:22:07.247953,Orphan product_id
14015,1138,1150,sess_2001,view,2026-05-11 14:06:45.247953,Orphan product_id
14031,873,1153,sess_4970,add_to_cart,2026-01-15 02:16:23.247953,Orphan product_id
14041,204,1108,sess_689,view,2025-10-11 16:21:32.247953,Orphan product_id
14054,254,1174,sess_1938,purchase,2026-03-17 21:51:15.247953,Orphan product_id
14060,516,1191,sess_3944,add_to_cart,2026-05-07 07:22:16.249957,Orphan product_id
14061,5,208,sess_2236,add_to_cart,2025-12-09 11:38:27.249957,Orphan product_id
14063,134,1188,sess_4720,view,2025-08-22 12:41:58.249957,Orphan product_id
14064,301,1159,sess_4528,add_to_cart,2025-08-17 11:04:22.249957,Orphan product_id
14065,1055,1111,sess_4033,purchase,2026-02-04 22:12:28.249957,Orphan product_id
14071,551,1182,sess_2097,add_to_cart,2025-12-02 13:02:12.249957,Orphan product_id
14074,21,1155,sess_1209,view,2025-06-29 16:12:26.249957,Orphan product_id
14081,7,790,sess_4199,purchase,2026-05-15 04:14:05.249957,Orphan product_id
14112,355,1101,sess_4338,view,2025-10-11 21:56:48.249957,Orphan product_id
14113,10,1124,sess_1282,add_to_cart,2025-08-09 18:56:12.249957,Orphan product_id
14119,781,1177,sess_4441,purchase,2026-04-17 14:16:32.249957,Orphan product_id
14127,794,1166,sess_4801,purchase,2026-02-22 03:05:31.249957,Orphan product_id
14133,562,790,sess_2694,add_to_cart,2026-02-08 16:25:57.249957,Orphan product_id
14141,877,208,sess_2139,view,2026-04-14 02:23:51.249957,Orphan product_id
14147,523,1111,sess_102,view,2026-02-07 15:02:56.249957,Orphan product_id
14180,1010,1156,sess_2063,view,2026-04-10 06:25:24.249957,Orphan product_id
14184,563,1139,sess_1547,purchase,2025-08-02 01:23:06.249957,Orphan product_id
14188,1012,1169,sess_2703,view,2025-10-31 01:20:22.249957,Orphan product_id
14201,597,465,sess_700,purchase,2025-12-11 23:12:57.249957,Orphan product_id
14227,514,1147,sess_3950,view,2025-06-11 07:44:12.249957,Orphan product_id
14237,463,1158,sess_1169,view,2026-01-31 01:13:50.249957,Orphan product_id
14245,355,1154,sess_2766,purchase,2026-05-17 12:46:56.249957,Orphan product_id
14287,513,1135,sess_224,view,2026-01-12 11:55:55.249957,Orphan product_id
14293,587,208,sess_4727,purchase,2025-12-15 14:44:22.249957,Orphan product_id
14297,488,1166,sess_1324,view,2025-09-08 13:27:40.249957,Orphan product_id
14318,817,1136,sess_584,add_to_cart,2026-05-30 20:44:39.249957,Orphan product_id
14324,644,1126,sess_1200,purchase,2025-12-04 10:08:26.249957,Orphan product_id
14330,336,1128,sess_4408,purchase,2025-12-15 17:40:40.249957,Orphan product_id
14340,176,1107,sess_2155,purchase,2025-10-12 21:38:41.249957,Orphan product_id
14344,804,1136,sess_3036,view,2026-04-22 10:12:17.249957,Orphan product_id
14360,49,1190,sess_3412,view,2025-11-15 03:55:23.249957,Orphan product_id
14372,48,1162,sess_1785,add_to_cart,2026-06-10 18:01:54.249957,Orphan product_id
14381,746,1111,sess_1142,add_to_cart,2025-12-19 12:52:15.249957,Orphan product_id
14385,1065,1178,sess_1293,view,2026-05-26 07:43:07.249957,Orphan product_id
14415,343,1154,sess_4945,view,2026-03-02 17:46:16.249957,Orphan product_id
14433,1082,1156,sess_4048,purchase,2025-12-26 15:03:00.249957,Orphan product_id
14445,659,1157,sess_349,purchase,2026-01-23 17:17:09.249957,Orphan product_id
14479,396,1192,sess_1715,view,2026-05-23 09:42:11.249957,Orphan product_id
14512,1021,1122,sess_593,purchase,2025-09-02 07:10:09.249957,Orphan product_id
14531,780,1179,sess_3973,add_to_cart,2026-01-10 16:31:18.249957,Orphan product_id
14544,817,1123,sess_3951,purchase,2025-11-05 15:02:10.249957,Orphan product_id
14547,1005,1151,sess_2872,purchase,2026-05-01 06:07:38.249957,Orphan product_id
14560,913,1184,sess_3130,view,2026-04-15 14:26:50.249957,Orphan product_id
14562,3,1195,sess_1286,purchase,2026-06-04 07:20:11.249957,Orphan product_id
14574,739,1110,sess_3191,add_to_cart,2025-09-26 23:17:47.249957,Orphan product_id
14590,916,758,sess_3262,view,2025-07-13 08:58:11.251960,Orphan product_id
14593,765,1200,sess_3106,view,2025-11-27 19:50:50.251960,Orphan product_id
14627,439,1107,sess_4221,purchase,2026-03-09 08:45:45.251960,Orphan product_id
14652,1137,884,sess_607,view,2025-11-01 11:57:23.251960,Orphan product_id
14663,392,1198,sess_2348,purchase,2026-06-11 20:54:15.251960,Orphan product_id
14666,481,1118,sess_2504,view,2025-06-26 03:57:29.251960,Orphan product_id
14670,662,1120,sess_2682,view,2025-12-10 15:23:17.251960,Orphan product_id
14674,246,1152,sess_649,add_to_cart,2026-06-10 16:07:57.251960,Orphan product_id
14676,1012,1163,sess_378,purchase,2025-07-22 07:27:20.251960,Orphan product_id
14682,591,1124,sess_2152,purchase,2026-04-11 03:19:34.251960,Orphan product_id
14695,641,1156,sess_343,purchase,2026-06-02 01:44:31.251960,Orphan product_id
14716,911,1102,sess_4450,purchase,2026-03-13 20:08:32.251960,Orphan product_id
14731,677,1144,sess_2462,add_to_cart,2026-03-01 12:36:38.251960,Orphan product_id
14764,801,1178,sess_2328,purchase,2025-06-29 23:25:04.251960,Orphan product_id
14766,775,884,sess_2231,purchase,2025-11-12 09:43:03.251960,Orphan product_id
14771,29,276,sess_822,add_to_cart,2025-11-11 06:23:42.251960,Orphan product_id
14792,909,1165,sess_2979,view,2026-02-21 23:06:14.251960,Orphan product_id
14799,801,1121,sess_159,purchase,2026-04-29 09:40:48.251960,Orphan product_id
14800,817,791,sess_2519,purchase,2025-10-16 07:38:53.251960,Orphan product_id
14801,17,1113,sess_1830,view,2026-04-10 21:12:00.251960,Orphan product_id
14845,65,1163,sess_3404,view,2025-10-02 18:19:44.251960,Orphan product_id
14860,596,1122,sess_915,view,2026-04-26 00:18:58.253968,Orphan product_id
14873,461,1037,sess_3635,view,2026-05-01 02:09:51.253968,Orphan product_id
14881,949,1113,sess_4015,add_to_cart,2025-07-03 20:50:37.253968,Orphan product_id
14924,99,1182,sess_2877,purchase,2026-02-05 21:26:19.253968,Orphan product_id
14931,1142,1199,sess_2849,view,2025-10-30 00:53:28.253968,Orphan product_id
14937,1105,1185,sess_1585,view,2026-02-25 13:07:53.253968,Orphan product_id
14946,851,1115,sess_4827,add_to_cart,2025-08-18 04:49:15.253968,Orphan product_id
14947,278,1137,sess_1226,view,2025-08-14 00:16:16.253968,Orphan product_id
14957,32,1121,sess_107,view,2025-09-27 02:40:03.253968,Orphan product_id
14981,101,1037,sess_4798,view,2026-01-31 04:24:41.254569,Orphan product_id
14990,828,1129,sess_1518,purchase,2026-03-24 11:10:03.254569,Orphan product_id
14995,1018,1196,sess_1271,add_to_cart,2026-04-05 01:35:52.254569,Orphan product_id
1,931,75,sess_4869,add_to_cart,2025-06-11 03:43:04.178635,Orphan user_id
5,1147,518,sess_3853,view,2025-10-19 21:51:10.178635,Orphan user_id
98,1107,41,sess_4293,view,2025-07-22 04:49:21.178635,Orphan user_id
38,983,20,sess_1048,add_to_cart,2026-01-29 08:01:59.178635,Orphan user_id
40,1155,464,sess_2949,add_to_cart,2025-07-17 01:39:00.178635,Orphan user_id
65,1151,422,sess_4972,view,2026-04-12 12:09:49.178635,Orphan user_id
88,753,772,sess_561,view,2026-06-09 11:38:29.178635,Orphan user_id
148,73,561,sess_4772,purchase,2026-01-15 14:25:04.178635,Orphan user_id
176,1141,1082,sess_256,add_to_cart,2026-04-13 10:59:35.178635,Orphan user_id
187,1179,939,sess_3387,add_to_cart,2025-12-18 17:04:06.178635,Orphan user_id
196,983,976,sess_3839,add_to_cart,2025-12-04 02:12:08.178635,Orphan user_id
210,1184,1081,sess_4218,view,2025-06-21 04:50:01.178635,Orphan user_id
212,1114,676,sess_2662,view,2026-01-23 01:20:35.178635,Orphan user_id
214,1117,560,sess_3978,add_to_cart,2025-10-14 16:18:31.178635,Orphan user_id
215,1132,655,sess_3735,purchase,2025-08-20 06:24:01.178635,Orphan user_id
221,1180,1096,sess_2381,view,2025-07-23 16:06:10.178635,Orphan user_id
243,1121,833,sess_996,view,2025-10-11 03:03:38.178635,Orphan user_id
277,1112,345,sess_25,purchase,2026-03-02 03:40:07.178635,Orphan user_id
291,1197,948,sess_3905,add_to_cart,2026-03-28 17:17:02.178635,Orphan user_id
296,1196,381,sess_3013,purchase,2026-04-01 06:37:42.178635,Orphan user_id
307,1154,1039,sess_2350,view,2025-09-13 19:09:49.178635,Orphan user_id
337,1191,205,sess_600,add_to_cart,2025-09-27 06:24:51.178635,Orphan user_id
348,1150,828,sess_4382,add_to_cart,2025-11-14 06:26:29.178635,Orphan user_id
357,1167,1021,sess_277,view,2025-11-24 14:18:37.178635,Orphan user_id
365,1192,597,sess_1039,purchase,2026-02-05 23:28:29.178635,Orphan user_id
373,711,335,sess_1527,purchase,2025-10-31 22:10:34.178635,Orphan user_id
402,1108,1001,sess_792,add_to_cart,2025-07-09 10:42:30.178635,Orphan user_id
429,454,568,sess_3799,add_to_cart,2026-05-02 06:42:37.178635,Orphan user_id
437,1142,831,sess_1546,add_to_cart,2026-05-11 11:50:15.178635,Orphan user_id
446,1147,385,sess_1086,purchase,2025-08-02 16:39:23.181409,Orphan user_id
472,565,129,sess_1862,purchase,2026-04-12 08:50:45.181409,Orphan user_id
490,1163,498,sess_2791,view,2025-12-25 12:20:29.181409,Orphan user_id
492,1182,33,sess_897,view,2025-08-19 04:24:16.181409,Orphan user_id
500,1153,941,sess_621,add_to_cart,2026-04-14 17:10:52.181409,Orphan user_id
501,1103,676,sess_4134,view,2025-10-25 01:16:56.181409,Orphan user_id
517,766,495,sess_3221,view,2026-01-12 21:47:37.181409,Orphan user_id
519,1149,709,sess_1718,add_to_cart,2026-02-18 10:32:49.181409,Orphan user_id
520,1200,512,sess_2291,view,2026-04-05 06:53:38.181409,Orphan user_id
532,1195,892,sess_1779,purchase,2025-07-09 07:34:31.181409,Orphan user_id
565,565,659,sess_614,purchase,2026-05-06 18:12:06.181409,Orphan user_id
573,1154,803,sess_115,add_to_cart,2025-10-14 05:57:51.181409,Orphan user_id
576,1126,774,sess_2217,purchase,2026-01-16 00:10:09.181409,Orphan user_id
582,351,337,sess_1871,purchase,2025-11-24 01:33:55.181409,Orphan user_id
599,1171,306,sess_42,add_to_cart,2025-11-03 09:02:58.181409,Orphan user_id
618,1145,133,sess_1974,purchase,2026-05-26 09:28:11.181409,Orphan user_id
630,419,592,sess_260,purchase,2025-12-22 22:11:07.181409,Orphan user_id
642,1116,411,sess_3242,purchase,2025-12-02 22:06:57.181409,Orphan user_id
648,1164,938,sess_4381,purchase,2025-11-09 23:36:43.181409,Orphan user_id
666,1126,845,sess_2920,view,2026-01-23 16:03:29.181409,Orphan user_id
670,1169,33,sess_4460,add_to_cart,2025-06-11 15:26:29.181409,Orphan user_id
673,1163,61,sess_1593,view,2025-08-23 19:54:25.181409,Orphan user_id
703,454,983,sess_3889,purchase,2026-06-02 21:06:44.181409,Orphan user_id
713,1109,411,sess_3440,view,2025-11-24 12:58:10.181409,Orphan user_id
720,1190,994,sess_2624,add_to_cart,2026-04-20 16:13:42.181409,Orphan user_id
745,416,354,sess_3424,add_to_cart,2025-09-19 09:27:52.181409,Orphan user_id
789,1153,224,sess_1899,add_to_cart,2026-03-07 08:35:20.181409,Orphan user_id
793,671,813,sess_1892,view,2026-03-31 05:35:50.181409,Orphan user_id
810,1192,772,sess_431,add_to_cart,2025-09-27 15:35:01.181409,Orphan user_id
817,970,76,sess_237,add_to_cart,2026-03-07 11:52:46.181409,Orphan user_id
838,1170,90,sess_2549,add_to_cart,2025-12-14 06:04:24.181409,Orphan user_id
840,1144,472,sess_3731,view,2025-10-01 08:15:36.181409,Orphan user_id
860,172,151,sess_4513,add_to_cart,2026-01-04 01:32:34.181409,Orphan user_id
878,1109,903,sess_4407,view,2025-06-23 04:50:40.181409,Orphan user_id
879,1122,733,sess_3965,add_to_cart,2026-01-26 20:10:31.181409,Orphan user_id
890,970,815,sess_65,view,2025-09-15 07:56:06.181409,Orphan user_id
902,1102,898,sess_1792,add_to_cart,2025-09-26 08:07:04.181409,Orphan user_id
908,1196,1075,sess_3979,purchase,2026-03-05 22:41:02.181409,Orphan user_id
911,886,951,sess_1485,purchase,2026-01-08 03:43:42.181409,Orphan user_id
913,711,554,sess_794,add_to_cart,2025-08-27 01:15:39.181409,Orphan user_id
934,1151,290,sess_375,view,2026-03-08 02:53:16.181409,Orphan user_id
959,1188,860,sess_1725,add_to_cart,2025-08-10 02:40:21.183414,Orphan user_id
986,1181,865,sess_3343,purchase,2025-09-08 03:14:44.183414,Orphan user_id
1000,1115,103,sess_4303,add_to_cart,2026-06-08 18:46:33.183414,Orphan user_id
1025,1192,160,sess_1314,purchase,2025-07-25 09:26:30.183414,Orphan user_id
1026,1075,451,sess_4967,add_to_cart,2026-02-01 10:31:38.183414,Orphan user_id
1027,1125,631,sess_1279,add_to_cart,2025-12-01 12:13:25.183414,Orphan user_id
1060,1182,99,sess_3595,view,2026-03-01 16:07:53.183414,Orphan user_id
1076,1137,172,sess_4432,purchase,2026-03-30 08:56:01.183414,Orphan user_id
1077,1182,870,sess_2882,add_to_cart,2025-09-18 11:20:48.183414,Orphan user_id
1078,1110,822,sess_430,view,2025-11-01 14:17:15.183414,Orphan user_id
1088,1188,739,sess_3147,purchase,2025-06-22 16:16:52.183414,Orphan user_id
1089,1138,56,sess_4267,view,2025-11-30 18:48:34.183414,Orphan user_id
1107,1144,765,sess_1353,add_to_cart,2025-09-02 11:31:43.183414,Orphan user_id
1121,1148,455,sess_2628,purchase,2025-09-08 12:14:48.183414,Orphan user_id
1135,667,872,sess_3371,add_to_cart,2025-12-26 15:48:27.183414,Orphan user_id
1139,667,820,sess_3032,add_to_cart,2026-01-16 15:24:04.183414,Orphan user_id
1140,1110,910,sess_3609,add_to_cart,2026-05-14 23:58:48.183414,Orphan user_id
1154,1110,863,sess_1252,view,2025-07-07 03:21:49.183414,Orphan user_id
1163,1157,1056,sess_317,view,2026-01-08 16:36:51.183414,Orphan user_id
1170,968,217,sess_2643,view,2025-09-28 02:03:11.183414,Orphan user_id
1174,1161,365,sess_2229,view,2025-11-07 16:05:28.183414,Orphan user_id
1191,1144,396,sess_2854,view,2025-11-19 17:30:09.183414,Orphan user_id
1211,1165,378,sess_2554,add_to_cart,2025-10-30 11:15:21.183414,Orphan user_id
1214,1124,90,sess_592,purchase,2025-12-29 03:02:27.183414,Orphan user_id
1223,216,199,sess_473,view,2025-09-26 19:33:39.183414,Orphan user_id
1225,1109,900,sess_3971,view,2025-08-20 00:46:53.183414,Orphan user_id
1237,1109,48,sess_3665,add_to_cart,2025-06-20 03:18:02.183414,Orphan user_id
1263,753,975,sess_1788,purchase,2025-07-09 00:19:40.183414,Orphan user_id
1268,1193,333,sess_2659,purchase,2026-01-21 00:11:05.183414,Orphan user_id
1282,667,620,sess_2815,view,2026-06-01 04:12:46.183414,Orphan user_id
1288,1195,991,sess_1738,view,2025-07-29 19:53:19.183414,Orphan user_id
1314,1120,248,sess_1106,add_to_cart,2026-01-16 04:47:34.183414,Orphan user_id
1327,1140,887,sess_945,view,2025-08-28 22:14:29.183414,Orphan user_id
1337,1116,1015,sess_4516,view,2025-11-10 03:38:33.183414,Orphan user_id
1353,1181,495,sess_4655,purchase,2025-07-13 22:08:13.183414,Orphan user_id
1359,1144,204,sess_29,add_to_cart,2026-05-13 23:43:39.183414,Orphan user_id
1371,1127,924,sess_898,add_to_cart,2025-11-02 09:16:07.183414,Orphan user_id
1383,1157,1061,sess_4856,view,2026-01-22 15:31:52.183414,Orphan user_id
1384,1160,862,sess_234,view,2025-08-10 06:53:41.183414,Orphan user_id
1391,291,187,sess_4910,view,2026-02-23 11:52:28.183414,Orphan user_id
1400,1162,1100,sess_2312,purchase,2025-10-06 15:27:09.183414,Orphan user_id
1411,1170,739,sess_3394,add_to_cart,2025-07-22 19:03:04.183414,Orphan user_id
1415,753,809,sess_343,view,2026-01-17 08:47:20.183414,Orphan user_id
1417,1169,148,sess_1896,purchase,2026-01-06 18:46:33.183414,Orphan user_id
1431,1158,716,sess_916,view,2026-06-05 14:40:14.183414,Orphan user_id
1450,1108,1040,sess_4871,purchase,2025-09-29 20:50:22.183414,Orphan user_id
1455,1162,236,sess_3383,add_to_cart,2026-04-28 09:42:59.185418,Orphan user_id
1491,1126,421,sess_2230,view,2026-04-24 03:36:34.185418,Orphan user_id
1504,1160,973,sess_2424,add_to_cart,2025-11-20 11:03:42.185418,Orphan user_id
1553,1145,543,sess_2108,add_to_cart,2026-02-17 21:31:29.185418,Orphan user_id
1581,679,917,sess_3397,add_to_cart,2026-04-25 22:38:28.185418,Orphan user_id
1582,1112,869,sess_44,purchase,2025-11-02 01:38:16.185418,Orphan user_id
1590,561,214,sess_2114,purchase,2025-06-15 20:17:14.185418,Orphan user_id
1624,416,855,sess_1150,purchase,2025-08-01 09:17:24.185418,Orphan user_id
1630,1169,679,sess_4756,purchase,2026-04-08 03:37:05.185418,Orphan user_id
1634,1168,723,sess_518,view,2026-05-20 02:25:14.185418,Orphan user_id
1636,710,744,sess_1195,view,2026-02-08 13:19:12.185418,Orphan user_id
1641,1159,498,sess_1771,add_to_cart,2026-02-28 05:36:50.185418,Orphan user_id
1645,1197,75,sess_3080,purchase,2025-09-09 21:56:21.185418,Orphan user_id
1663,441,523,sess_2750,view,2025-11-29 21:09:24.185418,Orphan user_id
1664,457,233,sess_2061,add_to_cart,2026-03-19 08:58:45.185418,Orphan user_id
1666,1140,69,sess_3343,view,2025-11-23 11:01:37.185418,Orphan user_id
1671,1121,10,sess_2669,view,2025-12-13 14:29:24.185418,Orphan user_id
1672,1147,641,sess_551,add_to_cart,2025-08-15 11:21:19.185418,Orphan user_id
1679,1192,54,sess_4778,view,2025-11-28 19:11:28.185418,Orphan user_id
1697,1195,975,sess_785,purchase,2026-01-19 05:32:39.185418,Orphan user_id
1731,753,598,sess_1688,purchase,2025-12-04 05:54:51.186925,Orphan user_id
1745,1135,923,sess_3273,view,2026-06-10 15:41:54.186925,Orphan user_id
1747,1170,612,sess_2815,purchase,2025-11-18 04:06:12.186925,Orphan user_id
1771,1154,603,sess_3802,purchase,2025-12-03 00:30:49.186925,Orphan user_id
1773,1143,757,sess_1687,purchase,2026-05-05 22:44:13.186925,Orphan user_id
1777,1109,345,sess_3319,purchase,2025-09-07 08:31:21.186925,Orphan user_id
1783,1149,107,sess_4991,view,2025-07-21 18:41:01.186925,Orphan user_id
1799,1153,879,sess_2064,purchase,2025-12-29 23:01:52.186925,Orphan user_id
1812,1200,963,sess_636,purchase,2026-02-21 07:35:17.186925,Orphan user_id
1818,1063,161,sess_3612,purchase,2025-06-18 12:01:35.186925,Orphan user_id
1860,1186,442,sess_1018,purchase,2026-05-13 23:06:55.186925,Orphan user_id
1873,1042,102,sess_2223,purchase,2025-09-21 07:45:20.186925,Orphan user_id
1879,1075,947,sess_1182,purchase,2026-05-31 23:07:21.186925,Orphan user_id
1898,1197,160,sess_811,view,2025-11-18 18:21:25.186925,Orphan user_id
1905,1139,442,sess_3874,add_to_cart,2026-03-17 14:03:27.186925,Orphan user_id
1907,454,404,sess_3972,purchase,2025-11-23 19:48:39.186925,Orphan user_id
1915,1140,977,sess_19,view,2026-02-14 05:34:28.186925,Orphan user_id
1917,1187,659,sess_1737,add_to_cart,2026-01-15 20:47:50.186925,Orphan user_id
1918,931,48,sess_1975,purchase,2025-10-20 08:56:15.186925,Orphan user_id
1936,1140,571,sess_2108,add_to_cart,2025-06-27 19:44:48.186925,Orphan user_id
1951,291,129,sess_4837,view,2026-01-01 08:29:20.186925,Orphan user_id
1954,710,535,sess_611,add_to_cart,2025-10-07 19:31:57.186925,Orphan user_id
1964,1075,538,sess_3219,add_to_cart,2025-10-03 02:44:56.186925,Orphan user_id
1965,631,653,sess_3323,add_to_cart,2026-02-16 14:47:25.186925,Orphan user_id
1996,1186,329,sess_3879,view,2025-07-21 07:30:14.186925,Orphan user_id
2011,1101,578,sess_4768,purchase,2025-06-18 12:14:17.186925,Orphan user_id
2020,1133,337,sess_1326,add_to_cart,2025-08-12 11:09:49.186925,Orphan user_id
2035,1128,919,sess_603,view,2025-10-31 04:45:07.186925,Orphan user_id
2049,1160,545,sess_3161,view,2026-03-30 09:50:16.186925,Orphan user_id
2060,1147,925,sess_168,add_to_cart,2026-05-09 09:53:16.186925,Orphan user_id
2064,1187,460,sess_4162,view,2025-08-22 02:06:10.186925,Orphan user_id
2068,410,455,sess_3658,view,2026-01-24 20:39:02.186925,Orphan user_id
2090,1153,793,sess_4083,add_to_cart,2026-04-01 11:58:30.186925,Orphan user_id
2097,1102,805,sess_429,purchase,2025-11-20 02:36:14.186925,Orphan user_id
2125,1042,793,sess_4180,add_to_cart,2026-02-19 00:46:29.186925,Orphan user_id
2147,216,897,sess_1116,add_to_cart,2025-10-15 23:53:39.186925,Orphan user_id
2148,753,1046,sess_2399,view,2025-10-17 19:13:23.186925,Orphan user_id
2171,931,187,sess_434,add_to_cart,2025-11-18 23:30:26.186925,Orphan user_id
2177,454,517,sess_188,view,2025-08-25 02:52:41.186925,Orphan user_id
2196,1198,988,sess_1447,add_to_cart,2025-12-31 13:37:08.186925,Orphan user_id
2218,1115,199,sess_4813,purchase,2025-08-31 10:47:44.186925,Orphan user_id
2220,1160,119,sess_2103,view,2025-11-20 23:09:46.186925,Orphan user_id
2221,1170,603,sess_1466,add_to_cart,2025-08-19 16:17:45.186925,Orphan user_id
2224,1163,971,sess_1577,add_to_cart,2025-08-22 01:09:55.186925,Orphan user_id
2226,671,1044,sess_3578,purchase,2026-03-16 17:35:42.186925,Orphan user_id
2228,931,789,sess_1977,purchase,2025-07-23 17:18:56.186925,Orphan user_id
2252,1165,1086,sess_1268,view,2026-04-06 01:46:08.186925,Orphan user_id
2259,1146,655,sess_4365,view,2026-04-06 06:05:47.186925,Orphan user_id
2260,1150,614,sess_344,view,2025-10-11 06:31:40.186925,Orphan user_id
2266,133,448,sess_4233,add_to_cart,2026-02-06 01:54:12.186925,Orphan user_id
2280,764,886,sess_2456,purchase,2026-05-22 05:01:04.186925,Orphan user_id
2294,1165,794,sess_3090,view,2025-12-20 12:09:42.186925,Orphan user_id
2309,1159,942,sess_62,view,2025-11-20 09:41:04.186925,Orphan user_id
2311,1163,128,sess_3127,purchase,2025-10-08 00:47:36.186925,Orphan user_id
2312,73,440,sess_4314,purchase,2025-08-14 03:52:25.186925,Orphan user_id
2315,1136,729,sess_1174,view,2025-08-25 11:59:21.186925,Orphan user_id
2334,1110,622,sess_2041,add_to_cart,2026-02-18 12:06:42.186925,Orphan user_id
2338,1145,850,sess_3695,purchase,2026-05-31 19:16:18.186925,Orphan user_id
2340,1127,1083,sess_1272,view,2025-07-07 12:26:11.186925,Orphan user_id
2349,1115,80,sess_1866,purchase,2025-11-30 09:35:53.186925,Orphan user_id
2352,1174,420,sess_4286,view,2026-06-03 21:56:13.186925,Orphan user_id
2377,1110,311,sess_2394,purchase,2025-08-31 03:26:14.186925,Orphan user_id
2387,1131,962,sess_2962,purchase,2026-03-11 10:34:56.186925,Orphan user_id
2388,1117,1046,sess_2366,purchase,2025-10-20 05:34:36.186925,Orphan user_id
2396,1154,340,sess_400,view,2026-01-14 15:03:12.186925,Orphan user_id
2406,1198,366,sess_836,add_to_cart,2025-11-30 09:31:19.186925,Orphan user_id
2407,1112,1099,sess_1964,add_to_cart,2025-10-01 00:42:48.186925,Orphan user_id
2419,1104,612,sess_939,add_to_cart,2026-02-21 02:27:13.186925,Orphan user_id
2421,1136,904,sess_1322,purchase,2025-11-04 20:31:15.186925,Orphan user_id
2440,1102,683,sess_1524,view,2025-07-20 19:22:13.186925,Orphan user_id
2455,1126,334,sess_3813,view,2025-10-16 08:00:07.186925,Orphan user_id
2477,1142,759,sess_1901,add_to_cart,2026-06-02 14:30:25.186925,Orphan user_id
2489,1036,504,sess_4760,add_to_cart,2026-03-06 12:56:30.186925,Orphan user_id
2533,753,380,sess_201,purchase,2025-08-04 08:50:26.186925,Orphan user_id
2535,1161,128,sess_4951,purchase,2025-11-10 11:45:23.186925,Orphan user_id
2542,1200,70,sess_4950,view,2026-03-09 09:57:49.186925,Orphan user_id
2567,679,650,sess_2115,view,2026-04-01 15:57:00.186925,Orphan user_id
2596,1154,424,sess_1348,add_to_cart,2026-02-12 10:34:21.186925,Orphan user_id
2605,1103,10,sess_4934,purchase,2025-08-15 06:06:28.186925,Orphan user_id
2606,1185,734,sess_1525,purchase,2025-12-19 05:59:33.186925,Orphan user_id
2608,1106,865,sess_3850,add_to_cart,2025-10-31 18:53:13.186925,Orphan user_id
2625,1138,971,sess_2450,add_to_cart,2025-12-04 21:49:50.186925,Orphan user_id
2634,1150,69,sess_2255,purchase,2025-08-04 03:32:27.186925,Orphan user_id
2662,1168,1047,sess_3219,add_to_cart,2025-08-26 10:43:58.186925,Orphan user_id
2678,441,1035,sess_2333,add_to_cart,2025-08-31 21:20:40.186925,Orphan user_id
2684,1101,77,sess_1417,view,2026-02-01 22:54:58.186925,Orphan user_id
2686,1197,428,sess_2000,add_to_cart,2025-07-23 18:13:19.186925,Orphan user_id
2728,1166,1032,sess_2034,view,2026-02-14 16:51:40.186925,Orphan user_id
2740,1200,845,sess_604,purchase,2025-07-14 23:18:42.186925,Orphan user_id
2743,1187,219,sess_1015,view,2026-01-01 07:40:17.186925,Orphan user_id
2749,631,596,sess_3406,view,2025-06-15 12:19:59.186925,Orphan user_id
2761,1180,867,sess_1612,add_to_cart,2026-02-23 23:16:48.186925,Orphan user_id
2769,331,865,sess_2432,view,2026-01-01 19:12:44.186925,Orphan user_id
2776,1158,82,sess_2860,view,2026-02-08 03:58:46.186925,Orphan user_id
2781,1181,774,sess_3987,view,2026-01-09 23:25:09.186925,Orphan user_id
2792,1166,637,sess_394,purchase,2026-03-10 14:42:51.186925,Orphan user_id
2796,441,908,sess_4282,view,2026-03-02 21:47:20.186925,Orphan user_id
2797,970,982,sess_1985,add_to_cart,2026-04-14 09:33:49.186925,Orphan user_id
2800,631,664,sess_821,view,2025-07-23 11:03:35.186925,Orphan user_id
2804,1119,364,sess_3972,view,2025-11-22 07:47:02.186925,Orphan user_id
2810,1188,680,sess_2591,add_to_cart,2025-12-17 12:55:42.186925,Orphan user_id
2818,1187,857,sess_1416,add_to_cart,2026-06-10 20:46:07.186925,Orphan user_id
2829,565,227,sess_2208,add_to_cart,2026-03-25 11:02:32.186925,Orphan user_id
2838,1138,953,sess_1586,add_to_cart,2026-05-06 04:08:10.186925,Orphan user_id
2845,711,68,sess_4387,purchase,2025-11-28 20:45:58.186925,Orphan user_id
2849,1177,395,sess_3996,purchase,2025-07-04 06:20:01.186925,Orphan user_id
2856,1141,988,sess_3524,view,2025-07-06 04:04:09.186925,Orphan user_id
2864,667,404,sess_4539,add_to_cart,2026-01-26 17:10:19.186925,Orphan user_id
2869,1109,645,sess_4669,view,2025-11-02 21:17:40.186925,Orphan user_id
2870,466,937,sess_1258,view,2026-03-17 23:37:45.186925,Orphan user_id
2871,1150,885,sess_625,add_to_cart,2025-12-08 13:33:37.186925,Orphan user_id
2888,1143,604,sess_4205,purchase,2025-07-14 02:00:23.186925,Orphan user_id
2893,1165,887,sess_1720,purchase,2026-02-16 06:07:51.186925,Orphan user_id
2902,1167,99,sess_2181,add_to_cart,2026-04-28 18:48:22.186925,Orphan user_id
2904,1117,808,sess_610,view,2026-04-24 23:31:37.186925,Orphan user_id
2938,1171,69,sess_3994,view,2025-06-17 10:19:46.186925,Orphan user_id
2950,565,542,sess_473,purchase,2026-01-15 12:51:43.186925,Orphan user_id
2979,1164,571,sess_1107,purchase,2025-06-18 20:23:40.186925,Orphan user_id
2980,1120,154,sess_1515,purchase,2025-12-29 01:00:32.186925,Orphan user_id
2989,1127,445,sess_620,view,2025-10-30 13:40:15.186925,Orphan user_id
3015,1127,653,sess_80,purchase,2026-04-04 07:25:47.186925,Orphan user_id
3027,1120,358,sess_3533,view,2026-01-29 22:14:54.186925,Orphan user_id
3038,1168,54,sess_1924,add_to_cart,2026-02-10 10:18:02.186925,Orphan user_id
3056,1182,1044,sess_3973,view,2025-12-24 08:06:34.186925,Orphan user_id
3057,1107,809,sess_1109,purchase,2025-11-24 10:55:11.186925,Orphan user_id
3061,1189,690,sess_1913,view,2025-08-30 00:54:45.186925,Orphan user_id
3076,1125,529,sess_280,purchase,2025-11-06 22:04:49.186925,Orphan user_id
3079,1153,621,sess_3923,purchase,2025-11-30 19:06:14.186925,Orphan user_id
3096,1152,893,sess_2773,add_to_cart,2025-06-16 23:33:18.186925,Orphan user_id
3109,1182,82,sess_1610,purchase,2025-09-04 23:21:18.186925,Orphan user_id
3113,1110,782,sess_846,add_to_cart,2026-01-17 02:30:49.186925,Orphan user_id
3118,1145,378,sess_2048,add_to_cart,2025-07-25 15:04:09.186925,Orphan user_id
3122,1163,982,sess_806,view,2025-08-04 20:16:22.186925,Orphan user_id
3157,1115,793,sess_1755,view,2025-11-15 02:56:31.186925,Orphan user_id
3159,1170,880,sess_856,view,2025-10-17 12:36:46.186925,Orphan user_id
3169,1125,585,sess_2381,view,2026-04-09 04:05:28.186925,Orphan user_id
3171,1198,145,sess_3653,view,2026-01-27 19:37:49.186925,Orphan user_id
3173,454,35,sess_3542,add_to_cart,2026-03-11 20:08:00.186925,Orphan user_id
3180,1115,296,sess_3567,add_to_cart,2026-02-15 20:06:08.186925,Orphan user_id
3182,1129,981,sess_878,purchase,2025-06-16 23:12:08.186925,Orphan user_id
3185,291,708,sess_1046,add_to_cart,2025-07-11 19:32:54.186925,Orphan user_id
3187,1142,411,sess_2726,add_to_cart,2026-02-12 05:57:48.186925,Orphan user_id
3206,561,842,sess_417,purchase,2026-03-23 00:56:44.186925,Orphan user_id
3210,441,862,sess_978,add_to_cart,2026-05-06 19:15:05.186925,Orphan user_id
3225,1166,1007,sess_4682,add_to_cart,2025-10-05 06:19:26.186925,Orphan user_id
3231,1144,646,sess_2009,purchase,2025-12-12 03:59:00.186925,Orphan user_id
3233,1148,445,sess_1374,add_to_cart,2026-02-22 05:29:21.186925,Orphan user_id
3237,1129,878,sess_2332,add_to_cart,2026-05-21 18:32:11.186925,Orphan user_id
3258,753,409,sess_395,view,2025-08-25 18:19:10.186925,Orphan user_id
3263,441,943,sess_4155,view,2025-12-19 04:51:15.186925,Orphan user_id
3266,1191,60,sess_2660,purchase,2025-06-30 14:16:18.186925,Orphan user_id
3268,1130,497,sess_3171,add_to_cart,2026-01-24 15:17:11.186925,Orphan user_id
3280,1171,52,sess_3034,purchase,2025-06-26 22:22:43.186925,Orphan user_id
3313,1106,945,sess_1476,view,2025-12-28 10:43:05.186925,Orphan user_id
3333,1117,1034,sess_947,view,2026-02-22 19:28:34.186925,Orphan user_id
3364,710,720,sess_504,add_to_cart,2026-04-30 08:46:46.186925,Orphan user_id
3374,753,577,sess_424,add_to_cart,2026-03-12 18:54:28.186925,Orphan user_id
3378,1132,140,sess_3129,add_to_cart,2025-11-10 07:46:42.186925,Orphan user_id
3395,1171,380,sess_1186,view,2026-04-10 08:30:37.186925,Orphan user_id
3400,1184,507,sess_3056,purchase,2025-10-10 01:21:09.186925,Orphan user_id
3409,1116,71,sess_2616,view,2025-08-02 20:17:00.186925,Orphan user_id
3414,1181,785,sess_3781,view,2025-09-30 09:20:05.186925,Orphan user_id
3443,1123,855,sess_2776,add_to_cart,2026-02-07 10:59:01.186925,Orphan user_id
3450,291,298,sess_492,purchase,2025-07-10 19:49:10.186925,Orphan user_id
3463,1181,607,sess_3705,view,2025-09-12 02:14:37.186925,Orphan user_id
3468,1153,594,sess_4837,add_to_cart,2026-05-04 21:08:41.186925,Orphan user_id
3490,1168,625,sess_1604,add_to_cart,2025-09-13 03:38:36.186925,Orphan user_id
3496,1116,286,sess_3628,add_to_cart,2025-09-05 16:34:40.186925,Orphan user_id
3517,1169,78,sess_4611,add_to_cart,2026-01-01 12:29:18.186925,Orphan user_id
3519,410,741,sess_2047,purchase,2026-01-24 20:29:06.186925,Orphan user_id
3530,1143,99,sess_3203,add_to_cart,2026-01-19 19:33:16.186925,Orphan user_id
3534,1125,375,sess_1116,add_to_cart,2026-02-06 14:10:00.186925,Orphan user_id
3551,1195,519,sess_306,add_to_cart,2025-06-30 07:35:17.186925,Orphan user_id
3569,1122,798,sess_248,purchase,2026-04-27 16:23:47.186925,Orphan user_id
3576,1197,849,sess_3492,add_to_cart,2026-03-19 05:31:16.186925,Orphan user_id
3609,1157,356,sess_1153,purchase,2025-08-02 00:23:42.186925,Orphan user_id
3613,1191,122,sess_162,purchase,2026-03-22 19:52:17.186925,Orphan user_id
3615,1152,548,sess_1585,add_to_cart,2026-04-07 06:20:41.186925,Orphan user_id
3638,1182,653,sess_1379,add_to_cart,2026-05-02 10:43:53.186925,Orphan user_id
3648,1162,651,sess_897,view,2025-07-24 07:32:21.186925,Orphan user_id
3655,671,415,sess_3106,purchase,2025-11-03 10:42:12.186925,Orphan user_id
3658,1175,424,sess_3230,add_to_cart,2026-02-12 18:53:51.186925,Orphan user_id
3663,1195,327,sess_867,add_to_cart,2025-12-04 09:19:17.186925,Orphan user_id
3668,1111,1046,sess_1090,add_to_cart,2026-02-23 15:45:08.186925,Orphan user_id
3702,1163,121,sess_1017,view,2025-08-15 04:49:12.186925,Orphan user_id
3704,1120,641,sess_4278,purchase,2026-02-24 08:14:20.186925,Orphan user_id
3710,1136,730,sess_6,add_to_cart,2026-03-16 10:06:56.186925,Orphan user_id
3757,766,67,sess_2072,view,2025-08-28 18:26:09.195433,Orphan user_id
3791,1115,495,sess_3970,add_to_cart,2026-03-12 13:42:22.195433,Orphan user_id
3809,1160,432,sess_182,purchase,2025-07-15 15:10:19.195433,Orphan user_id
3820,1169,174,sess_4630,add_to_cart,2025-10-03 02:09:03.195433,Orphan user_id
3824,1195,580,sess_956,view,2026-05-26 00:01:32.195433,Orphan user_id
3825,1126,290,sess_4413,purchase,2026-02-24 02:46:37.195433,Orphan user_id
3849,1164,1069,sess_2269,view,2026-04-16 08:41:50.197951,Orphan user_id
3897,133,743,sess_4850,add_to_cart,2026-02-25 09:01:44.197951,Orphan user_id
3904,1166,834,sess_3239,view,2026-01-08 08:34:12.197951,Orphan user_id
3909,1133,755,sess_316,add_to_cart,2026-03-04 08:17:21.197951,Orphan user_id
3916,1119,852,sess_3262,purchase,2025-07-09 08:41:44.197951,Orphan user_id
3924,1144,504,sess_812,purchase,2025-06-30 22:00:35.197951,Orphan user_id
3932,410,430,sess_3416,add_to_cart,2025-08-30 01:03:38.197951,Orphan user_id
3934,1196,627,sess_466,purchase,2025-07-10 02:24:19.197951,Orphan user_id
3935,1152,923,sess_2242,view,2025-12-05 06:09:37.197951,Orphan user_id
3942,1133,150,sess_1173,add_to_cart,2025-10-03 21:43:17.197951,Orphan user_id
3951,1164,634,sess_4398,purchase,2026-05-03 17:54:34.197951,Orphan user_id
3956,1151,780,sess_2929,add_to_cart,2025-06-25 00:37:34.197951,Orphan user_id
3975,1107,2,sess_429,add_to_cart,2025-10-05 09:46:02.197951,Orphan user_id
3979,1123,661,sess_4233,purchase,2026-04-19 18:01:48.197951,Orphan user_id
3983,1154,375,sess_2241,add_to_cart,2025-09-28 09:42:19.197951,Orphan user_id
3991,1133,219,sess_1847,view,2025-08-26 04:45:24.197951,Orphan user_id
4000,1160,1091,sess_3786,view,2025-11-23 11:11:06.197951,Orphan user_id
4004,1133,875,sess_1928,view,2026-06-05 03:52:16.197951,Orphan user_id
4010,1177,440,sess_4196,purchase,2025-10-09 01:15:23.197951,Orphan user_id
4018,1192,28,sess_1981,view,2025-08-06 13:48:12.197951,Orphan user_id
4019,410,987,sess_2947,purchase,2025-08-21 13:31:17.197951,Orphan user_id
4020,1136,909,sess_3266,purchase,2025-11-04 17:57:39.197951,Orphan user_id
4030,1196,218,sess_680,add_to_cart,2025-07-16 14:31:09.197951,Orphan user_id
4036,1198,199,sess_1184,view,2025-11-06 17:36:35.197951,Orphan user_id
4045,1150,733,sess_1654,view,2026-02-20 21:52:33.197951,Orphan user_id
4053,1160,362,sess_333,purchase,2025-12-01 09:47:54.199974,Orphan user_id
4057,216,728,sess_3943,purchase,2025-11-04 21:15:31.199974,Orphan user_id
4059,886,75,sess_3573,view,2025-08-16 02:42:58.199974,Orphan user_id
4064,172,711,sess_4566,add_to_cart,2026-04-02 19:45:54.199974,Orphan user_id
4069,1186,672,sess_2010,purchase,2026-02-25 23:12:42.199974,Orphan user_id
4074,1166,283,sess_2535,purchase,2026-04-17 16:33:08.199974,Orphan user_id
4098,1191,392,sess_4840,view,2026-03-25 00:46:21.199974,Orphan user_id
4136,1191,571,sess_2957,view,2026-01-02 13:43:04.199974,Orphan user_id
4140,1108,874,sess_4961,add_to_cart,2025-10-04 04:40:09.199974,Orphan user_id
4148,983,8,sess_854,add_to_cart,2025-06-13 23:22:42.199974,Orphan user_id
4157,1153,459,sess_416,view,2026-02-22 21:45:00.199974,Orphan user_id
4159,457,916,sess_3667,add_to_cart,2026-01-31 20:43:41.199974,Orphan user_id
4173,1145,140,sess_3782,add_to_cart,2026-02-24 15:24:53.199974,Orphan user_id
4224,1123,83,sess_2412,view,2025-07-26 10:15:52.199974,Orphan user_id
4278,1119,716,sess_3,purchase,2025-12-18 06:21:23.202536,Orphan user_id
4285,1142,736,sess_1407,add_to_cart,2026-01-27 08:02:55.202536,Orphan user_id
4308,1102,768,sess_1319,purchase,2026-01-19 09:39:38.202536,Orphan user_id
4314,1124,489,sess_3794,view,2026-04-25 03:04:10.202536,Orphan user_id
4341,1108,725,sess_4029,add_to_cart,2025-09-04 07:33:29.203543,Orphan user_id
4348,667,728,sess_3680,view,2025-07-17 06:27:06.203543,Orphan user_id
4357,1128,843,sess_2746,view,2026-04-17 10:54:15.203543,Orphan user_id
4363,1197,735,sess_4055,view,2025-09-24 02:31:50.203543,Orphan user_id
4377,1165,287,sess_1611,view,2025-09-30 05:15:21.203543,Orphan user_id
4382,1109,773,sess_1259,purchase,2026-04-29 02:26:24.203543,Orphan user_id
4399,1128,792,sess_2477,purchase,2025-10-18 21:43:20.203543,Orphan user_id
4405,1190,438,sess_4210,view,2025-09-23 09:09:24.203543,Orphan user_id
4413,1157,682,sess_3122,view,2025-08-12 17:54:56.203543,Orphan user_id
4417,1116,898,sess_2275,purchase,2026-01-22 09:36:01.203543,Orphan user_id
4423,1153,530,sess_3210,view,2026-05-24 20:52:31.203543,Orphan user_id
4471,1103,509,sess_2384,add_to_cart,2025-08-12 14:46:22.203543,Orphan user_id
4479,1183,572,sess_2503,purchase,2026-05-13 17:53:06.203543,Orphan user_id
4489,1036,901,sess_1155,purchase,2025-10-12 01:04:59.203543,Orphan user_id
4514,1104,984,sess_1152,view,2026-03-28 04:29:34.203543,Orphan user_id
4545,1134,103,sess_4408,view,2026-02-25 03:50:05.203543,Orphan user_id
4553,931,889,sess_1247,view,2026-02-26 04:34:53.203543,Orphan user_id
4559,1190,292,sess_367,purchase,2025-07-31 12:04:47.203543,Orphan user_id
4560,1154,201,sess_3309,view,2026-04-26 14:02:32.203543,Orphan user_id
4565,1134,701,sess_1028,add_to_cart,2025-06-13 13:01:36.203543,Orphan user_id
4577,1110,24,sess_3885,view,2026-03-08 16:33:15.203543,Orphan user_id
4581,1133,320,sess_194,purchase,2026-03-23 19:47:17.203543,Orphan user_id
4599,1191,130,sess_2496,view,2025-12-07 04:38:12.207677,Orphan user_id
4621,1119,161,sess_530,add_to_cart,2026-02-18 08:48:07.207677,Orphan user_id
4626,1158,716,sess_2984,add_to_cart,2025-12-05 13:16:35.207677,Orphan user_id
4627,1166,1086,sess_426,view,2025-11-07 03:23:58.207677,Orphan user_id
4646,1191,23,sess_4448,purchase,2026-06-01 07:51:59.207677,Orphan user_id
4659,968,825,sess_36,view,2026-02-07 05:41:38.207677,Orphan user_id
4664,1121,542,sess_1119,purchase,2025-12-16 07:30:56.207677,Orphan user_id
4690,1196,438,sess_2669,view,2025-07-11 06:38:32.207677,Orphan user_id
4709,1172,157,sess_1776,purchase,2025-09-29 15:53:16.207677,Orphan user_id
4717,1119,351,sess_1956,add_to_cart,2025-08-12 01:14:36.207677,Orphan user_id
4721,1148,65,sess_1044,add_to_cart,2025-11-24 00:34:37.207677,Orphan user_id
4781,1132,755,sess_527,add_to_cart,2026-05-13 03:46:52.209185,Orphan user_id
4790,1153,635,sess_1174,add_to_cart,2025-10-28 12:05:32.209185,Orphan user_id
4834,1105,1042,sess_3648,add_to_cart,2026-04-04 04:06:24.209185,Orphan user_id
4841,410,435,sess_2416,purchase,2026-02-19 22:15:50.209185,Orphan user_id
4854,1160,231,sess_4764,add_to_cart,2026-05-31 15:33:23.209185,Orphan user_id
4855,1128,719,sess_4437,add_to_cart,2025-09-22 15:51:04.209185,Orphan user_id
4867,1144,896,sess_3870,purchase,2026-02-09 12:05:32.209185,Orphan user_id
4869,561,881,sess_2414,view,2025-08-21 06:07:33.209185,Orphan user_id
4875,1173,632,sess_188,view,2025-12-31 12:07:05.209185,Orphan user_id
4914,1190,1083,sess_2243,add_to_cart,2025-07-27 20:46:19.209185,Orphan user_id
4925,1153,400,sess_4469,view,2026-06-04 19:22:16.209185,Orphan user_id
4935,1131,180,sess_512,add_to_cart,2026-05-28 14:13:17.209185,Orphan user_id
4939,1166,112,sess_4354,view,2025-09-12 16:30:32.209185,Orphan user_id
4952,410,23,sess_4464,view,2025-08-09 23:02:27.209185,Orphan user_id
4960,710,562,sess_1809,view,2026-01-31 02:40:37.209185,Orphan user_id
4973,1187,454,sess_1993,add_to_cart,2025-09-23 19:58:16.209185,Orphan user_id
4975,1196,1026,sess_2969,purchase,2025-07-17 02:30:32.209185,Orphan user_id
4992,1189,1041,sess_2531,add_to_cart,2026-02-12 13:35:54.209185,Orphan user_id
4995,1189,413,sess_1423,purchase,2026-04-15 02:34:34.209185,Orphan user_id
5003,1135,103,sess_4406,purchase,2025-06-30 20:02:54.209185,Orphan user_id
5005,1147,1094,sess_3241,purchase,2025-11-28 20:48:59.209185,Orphan user_id
5011,1191,907,sess_1616,view,2026-02-15 14:15:03.209185,Orphan user_id
5014,1133,474,sess_475,view,2025-12-09 17:05:55.209185,Orphan user_id
5029,1199,975,sess_4470,purchase,2026-03-15 17:50:37.209185,Orphan user_id
5033,1191,742,sess_2822,add_to_cart,2025-10-29 11:48:42.209185,Orphan user_id
5039,133,422,sess_4033,add_to_cart,2025-06-24 07:45:22.209185,Orphan user_id
5047,1134,220,sess_2392,purchase,2026-05-28 18:53:12.209185,Orphan user_id
5050,1140,1051,sess_180,purchase,2026-05-29 01:57:02.209185,Orphan user_id
5062,1174,924,sess_954,purchase,2025-12-17 14:11:41.209185,Orphan user_id
5071,1107,379,sess_1572,view,2025-06-20 09:43:08.209185,Orphan user_id
5083,1115,266,sess_2419,view,2025-10-15 19:41:57.209185,Orphan user_id
5100,1130,830,sess_1435,view,2025-10-27 14:49:48.209185,Orphan user_id
5102,1158,371,sess_805,view,2025-08-19 20:49:22.209185,Orphan user_id
5122,1186,912,sess_901,purchase,2025-07-09 07:43:14.209185,Orphan user_id
5137,1178,359,sess_3470,purchase,2025-08-31 01:02:50.209185,Orphan user_id
5150,1170,187,sess_717,view,2026-03-16 08:24:08.209185,Orphan user_id
5159,172,235,sess_4356,purchase,2026-03-02 03:13:00.209185,Orphan user_id
5172,1188,173,sess_3246,add_to_cart,2026-04-19 09:57:08.209185,Orphan user_id
5177,1101,1067,sess_2564,add_to_cart,2025-09-23 22:30:46.209185,Orphan user_id
5178,1117,1087,sess_2341,view,2025-12-20 16:34:51.209185,Orphan user_id
5186,454,440,sess_797,view,2025-11-02 12:48:59.209185,Orphan user_id
5192,1162,1088,sess_3095,view,2026-04-04 08:17:22.209185,Orphan user_id
5196,667,255,sess_479,add_to_cart,2026-04-19 04:17:20.209185,Orphan user_id
5198,1127,538,sess_4355,purchase,2026-05-27 10:56:49.209185,Orphan user_id
5207,1042,283,sess_2377,view,2026-04-03 02:22:40.209185,Orphan user_id
5224,1115,1066,sess_1752,view,2026-05-06 10:05:13.209185,Orphan user_id
5233,1140,43,sess_263,add_to_cart,2025-09-02 03:13:18.209185,Orphan user_id
5250,1161,288,sess_1118,purchase,2025-09-19 12:46:27.211204,Orphan user_id
5251,1110,271,sess_2216,purchase,2026-05-23 23:14:27.211204,Orphan user_id
5253,631,271,sess_2112,add_to_cart,2025-08-15 05:14:33.211509,Orphan user_id
5296,1107,87,sess_1372,view,2025-07-26 12:33:28.211509,Orphan user_id
5301,1153,700,sess_3804,purchase,2026-03-31 16:28:31.211509,Orphan user_id
5323,1119,97,sess_4020,purchase,2025-11-02 16:31:28.211509,Orphan user_id
5335,1179,414,sess_2137,add_to_cart,2025-09-30 04:31:16.212022,Orphan user_id
5339,1113,387,sess_1663,purchase,2026-01-22 21:46:23.212022,Orphan user_id
5353,1157,472,sess_1053,purchase,2025-08-05 03:43:42.212022,Orphan user_id
5368,1175,537,sess_1474,view,2025-08-31 20:55:18.212022,Orphan user_id
5375,1120,865,sess_3079,purchase,2025-08-31 04:18:39.212022,Orphan user_id
5390,1156,869,sess_2788,view,2025-09-05 04:00:17.212022,Orphan user_id
5402,710,668,sess_1690,view,2025-10-29 20:55:28.212022,Orphan user_id
5404,1143,4,sess_1886,view,2025-07-15 10:32:16.212022,Orphan user_id
5414,1174,1034,sess_568,purchase,2026-02-13 16:36:25.212022,Orphan user_id
5427,1111,974,sess_331,view,2026-01-22 22:11:03.212022,Orphan user_id
5433,1063,763,sess_2815,purchase,2025-11-04 09:18:15.212022,Orphan user_id
5446,1165,234,sess_4710,view,2025-07-07 13:17:37.212022,Orphan user_id
5450,466,675,sess_4120,view,2025-11-15 19:54:00.212022,Orphan user_id
5455,1161,70,sess_910,view,2025-10-16 07:17:15.212022,Orphan user_id
5464,1165,1073,sess_4472,purchase,2026-04-06 00:29:37.212022,Orphan user_id
5477,1075,596,sess_2248,add_to_cart,2025-08-28 16:39:00.212022,Orphan user_id
5500,565,302,sess_4220,purchase,2026-05-19 05:09:01.212022,Orphan user_id
5527,679,967,sess_2327,add_to_cart,2025-11-12 01:15:06.212022,Orphan user_id
5532,1171,160,sess_3007,add_to_cart,2025-10-26 06:46:08.212022,Orphan user_id
5540,1159,826,sess_99,view,2025-10-28 16:31:33.212022,Orphan user_id
5551,1111,348,sess_2001,view,2025-11-03 06:17:44.212022,Orphan user_id
5552,1177,117,sess_2258,purchase,2026-01-21 08:55:26.212022,Orphan user_id
5582,1036,671,sess_1759,add_to_cart,2025-07-25 07:28:17.212022,Orphan user_id
5610,1132,839,sess_967,view,2025-06-13 08:24:15.212022,Orphan user_id
5614,711,694,sess_1243,add_to_cart,2025-12-22 22:20:49.212022,Orphan user_id
5617,1142,119,sess_957,purchase,2025-08-12 08:27:59.212022,Orphan user_id
5624,1113,516,sess_1195,view,2025-10-08 02:53:55.212022,Orphan user_id
5627,1156,387,sess_2514,view,2026-02-11 10:02:37.212022,Orphan user_id
5646,561,394,sess_249,add_to_cart,2025-12-09 06:35:14.212022,Orphan user_id
5650,1130,978,sess_564,purchase,2025-11-06 23:11:34.212022,Orphan user_id
5671,1168,947,sess_1834,add_to_cart,2026-02-16 09:24:19.212022,Orphan user_id
5675,1149,554,sess_4058,add_to_cart,2025-12-26 10:55:19.212022,Orphan user_id
5692,1151,888,sess_844,add_to_cart,2026-03-24 10:48:35.212022,Orphan user_id
5694,1135,643,sess_3486,view,2025-07-22 21:59:56.212022,Orphan user_id
5703,1161,1002,sess_3473,purchase,2025-12-08 16:49:38.212022,Orphan user_id
5706,1191,583,sess_2596,add_to_cart,2025-12-20 02:08:07.212022,Orphan user_id
5712,1113,943,sess_2125,view,2025-08-25 00:03:21.212022,Orphan user_id
5718,457,605,sess_1413,view,2025-07-07 07:59:25.212022,Orphan user_id
5753,1116,873,sess_3762,purchase,2025-07-29 11:56:31.212022,Orphan user_id
5754,565,809,sess_3410,purchase,2025-08-07 07:13:31.212022,Orphan user_id
5771,1152,332,sess_2083,add_to_cart,2025-12-20 02:08:59.212022,Orphan user_id
5782,1135,968,sess_4962,view,2025-06-27 22:13:44.212022,Orphan user_id
5784,1118,471,sess_2283,add_to_cart,2025-06-11 02:43:00.212022,Orphan user_id
5790,1179,800,sess_3203,view,2026-05-21 04:55:46.212022,Orphan user_id
5793,1158,131,sess_316,purchase,2026-04-05 22:11:02.212022,Orphan user_id
5798,1123,141,sess_4162,purchase,2026-06-03 18:39:52.212022,Orphan user_id
5801,671,686,sess_2545,view,2026-02-02 23:27:05.212022,Orphan user_id
5825,1139,563,sess_4304,view,2025-09-22 16:20:05.212022,Orphan user_id
5832,1164,341,sess_2114,view,2025-08-18 10:11:51.212022,Orphan user_id
5875,73,60,sess_4829,add_to_cart,2025-08-04 23:50:13.214026,Orphan user_id
5882,1182,1027,sess_88,purchase,2026-05-06 15:45:03.214026,Orphan user_id
5900,1165,761,sess_4836,add_to_cart,2025-07-06 21:07:23.214026,Orphan user_id
5934,1153,1066,sess_2470,purchase,2026-04-08 13:20:19.214026,Orphan user_id
5955,1159,995,sess_281,add_to_cart,2026-04-13 19:24:20.214026,Orphan user_id
5963,1102,554,sess_1686,purchase,2025-11-09 02:33:51.214026,Orphan user_id
5971,1136,841,sess_213,add_to_cart,2025-11-26 00:57:46.214026,Orphan user_id
5985,886,619,sess_2428,view,2026-03-29 10:54:24.214026,Orphan user_id
6027,983,925,sess_4802,view,2025-10-09 10:27:51.214026,Orphan user_id
6034,1117,81,sess_291,purchase,2026-02-18 09:49:28.214026,Orphan user_id
6061,416,656,sess_3170,purchase,2025-07-09 07:40:40.214026,Orphan user_id
6070,1119,620,sess_1131,purchase,2025-08-16 01:20:19.214026,Orphan user_id
6089,1103,637,sess_471,add_to_cart,2025-06-23 11:37:52.214026,Orphan user_id
6113,1147,601,sess_1438,view,2025-10-24 10:13:00.214026,Orphan user_id
6122,1155,201,sess_3201,purchase,2026-03-14 20:45:35.214026,Orphan user_id
6127,1063,747,sess_570,purchase,2025-06-24 00:51:34.214026,Orphan user_id
6132,1147,768,sess_802,view,2025-09-27 22:05:31.214026,Orphan user_id
6136,1120,235,sess_1875,view,2025-11-09 19:35:50.214026,Orphan user_id
6138,1160,991,sess_3494,view,2025-09-28 10:08:17.214026,Orphan user_id
6172,1190,907,sess_2388,view,2025-10-05 08:53:47.214026,Orphan user_id
6177,291,408,sess_2344,view,2026-03-19 06:35:45.214026,Orphan user_id
6185,1115,592,sess_4679,view,2025-07-31 10:21:07.214026,Orphan user_id
6187,1185,643,sess_1411,purchase,2026-03-28 02:49:22.214026,Orphan user_id
6189,1171,566,sess_50,purchase,2025-07-29 19:48:44.214026,Orphan user_id
6224,73,661,sess_3889,add_to_cart,2025-12-28 14:04:07.214026,Orphan user_id
6227,1147,555,sess_4741,view,2025-06-13 10:32:13.214026,Orphan user_id
6273,1119,46,sess_3144,view,2026-05-28 20:43:50.214026,Orphan user_id
6276,133,710,sess_3849,add_to_cart,2026-05-12 04:47:12.214026,Orphan user_id
6286,1166,1006,sess_1638,add_to_cart,2025-11-29 14:26:45.214026,Orphan user_id
6301,1129,114,sess_1003,add_to_cart,2025-10-31 09:22:20.214026,Orphan user_id
6304,416,23,sess_1069,purchase,2026-03-01 06:22:38.214026,Orphan user_id
6313,1151,157,sess_1323,add_to_cart,2025-12-09 11:29:20.214026,Orphan user_id
6325,351,949,sess_4395,purchase,2026-03-06 21:35:42.214026,Orphan user_id
6348,1169,903,sess_3245,add_to_cart,2026-02-26 01:34:45.214026,Orphan user_id
6350,1132,359,sess_1361,purchase,2026-03-10 20:28:10.214026,Orphan user_id
6359,1136,1096,sess_4966,view,2025-09-13 00:08:31.214026,Orphan user_id
6377,1158,1081,sess_761,purchase,2026-03-13 07:25:26.214026,Orphan user_id
6395,1198,242,sess_4005,add_to_cart,2026-03-09 00:57:36.214026,Orphan user_id
6402,753,489,sess_604,add_to_cart,2025-11-13 23:09:35.214026,Orphan user_id
6417,1158,630,sess_119,add_to_cart,2025-11-05 18:38:30.214026,Orphan user_id
6418,457,908,sess_2321,view,2026-05-05 03:24:04.214026,Orphan user_id
6422,291,822,sess_1386,view,2025-12-31 15:05:32.214026,Orphan user_id
6424,1147,65,sess_624,view,2025-09-29 20:20:51.214026,Orphan user_id
6440,1195,426,sess_3735,add_to_cart,2026-04-14 21:55:51.214026,Orphan user_id
6456,1177,672,sess_307,add_to_cart,2025-07-29 23:50:06.214026,Orphan user_id
6478,1140,489,sess_3266,purchase,2026-01-27 21:40:09.214026,Orphan user_id
6496,1150,346,sess_3227,add_to_cart,2025-07-25 08:32:28.216529,Orphan user_id
6500,1142,489,sess_1824,add_to_cart,2025-10-15 01:25:27.216529,Orphan user_id
6503,1187,497,sess_280,add_to_cart,2025-07-23 20:38:00.216529,Orphan user_id
6504,1187,594,sess_4886,add_to_cart,2026-04-10 11:07:52.216529,Orphan user_id
6517,1161,249,sess_4401,purchase,2026-04-25 10:05:38.216529,Orphan user_id
6526,1160,469,sess_4638,view,2025-10-03 10:46:04.216529,Orphan user_id
6546,1147,552,sess_552,view,2026-03-25 23:35:29.216529,Orphan user_id
6551,1176,487,sess_4975,view,2025-07-16 04:16:02.216529,Orphan user_id
6556,1116,936,sess_3331,view,2025-11-24 08:14:16.216529,Orphan user_id
6562,1189,29,sess_2592,purchase,2025-08-18 09:42:55.216529,Orphan user_id
6567,1111,595,sess_2361,purchase,2026-05-17 10:10:23.216529,Orphan user_id
6576,1175,1060,sess_3988,view,2026-03-16 19:33:49.216529,Orphan user_id
6592,416,179,sess_539,purchase,2026-03-14 05:34:43.216529,Orphan user_id
6600,1167,602,sess_1357,view,2026-04-30 13:05:29.216529,Orphan user_id
6603,1063,1004,sess_4073,view,2025-09-26 00:10:07.216529,Orphan user_id
6606,1169,735,sess_3529,purchase,2025-08-27 06:22:33.216529,Orphan user_id
6614,1140,547,sess_727,add_to_cart,2025-08-03 09:17:19.216529,Orphan user_id
6636,1163,618,sess_662,add_to_cart,2025-12-12 05:52:20.216529,Orphan user_id
6645,631,830,sess_919,add_to_cart,2026-05-07 21:21:27.216529,Orphan user_id
6664,1115,757,sess_4362,add_to_cart,2025-11-20 02:12:56.216529,Orphan user_id
6693,454,1066,sess_2916,add_to_cart,2026-03-21 15:20:55.216529,Orphan user_id
6704,1108,932,sess_22,view,2026-02-09 17:34:06.216529,Orphan user_id
6742,216,835,sess_4237,view,2025-06-20 12:47:25.216529,Orphan user_id
6750,1126,1049,sess_1585,view,2025-07-07 06:46:00.216529,Orphan user_id
6769,1158,1010,sess_535,add_to_cart,2026-05-10 10:23:01.216529,Orphan user_id
6781,931,547,sess_4964,view,2025-07-29 10:21:01.216529,Orphan user_id
6807,1108,496,sess_4748,purchase,2026-01-06 11:41:22.216529,Orphan user_id
6832,1153,91,sess_2330,add_to_cart,2025-06-26 13:13:20.216529,Orphan user_id
6838,1196,21,sess_3477,add_to_cart,2025-10-04 14:34:53.216529,Orphan user_id
6844,1132,739,sess_2888,view,2025-08-01 01:12:39.216529,Orphan user_id
6845,1149,634,sess_3652,add_to_cart,2026-05-09 16:27:14.216529,Orphan user_id
6857,1172,302,sess_29,purchase,2025-08-27 18:11:57.216529,Orphan user_id
6862,1194,618,sess_1334,purchase,2026-04-10 13:16:50.216529,Orphan user_id
6896,753,573,sess_4332,purchase,2026-04-20 00:58:39.216529,Orphan user_id
6915,1154,515,sess_2308,view,2025-07-31 18:06:15.216529,Orphan user_id
6916,968,842,sess_1813,add_to_cart,2025-12-12 14:36:14.216529,Orphan user_id
6917,1125,482,sess_2846,add_to_cart,2025-07-15 19:37:06.216529,Orphan user_id
6922,416,775,sess_3123,add_to_cart,2025-08-11 08:41:38.216529,Orphan user_id
6933,1155,498,sess_66,view,2026-05-18 00:59:53.216529,Orphan user_id
6972,983,853,sess_2445,view,2025-08-27 17:19:03.216529,Orphan user_id
6984,1139,507,sess_2240,purchase,2026-04-28 15:14:10.216529,Orphan user_id
6987,1193,162,sess_82,purchase,2026-03-24 16:07:59.216529,Orphan user_id
6997,133,970,sess_5000,purchase,2025-08-12 14:55:21.216529,Orphan user_id
7019,1136,969,sess_3397,add_to_cart,2026-02-10 00:58:46.218542,Orphan user_id
7022,1134,815,sess_1722,purchase,2025-11-27 01:12:22.218542,Orphan user_id
7026,1192,311,sess_2314,view,2025-12-22 02:20:24.218542,Orphan user_id
7037,1110,562,sess_3742,add_to_cart,2025-08-02 09:55:50.218542,Orphan user_id
7056,466,835,sess_583,add_to_cart,2026-06-01 08:23:05.218542,Orphan user_id
7062,1145,339,sess_2923,view,2025-12-30 10:14:53.218542,Orphan user_id
7084,968,1012,sess_3045,view,2026-03-02 08:10:10.218542,Orphan user_id
7089,454,929,sess_3812,purchase,2025-11-17 10:24:05.218542,Orphan user_id
7131,1171,929,sess_4418,add_to_cart,2025-06-27 05:58:49.218542,Orphan user_id
7132,1109,1068,sess_3659,view,2026-02-14 19:51:28.218542,Orphan user_id
7133,1123,482,sess_1968,purchase,2025-09-04 10:48:45.218542,Orphan user_id
7154,419,869,sess_3666,add_to_cart,2025-12-07 08:42:03.218542,Orphan user_id
7163,1192,338,sess_1387,purchase,2025-06-29 02:47:27.218542,Orphan user_id
7169,1114,744,sess_1684,add_to_cart,2025-07-07 05:07:07.218542,Orphan user_id
7174,466,444,sess_2446,purchase,2026-03-06 11:17:45.218542,Orphan user_id
7176,1194,419,sess_2842,view,2025-06-15 06:47:15.218542,Orphan user_id
7183,1194,834,sess_3470,purchase,2026-01-24 15:54:59.218542,Orphan user_id
7192,1169,565,sess_1455,purchase,2025-06-16 12:39:56.218542,Orphan user_id
7195,133,795,sess_2577,view,2025-07-18 00:55:55.218542,Orphan user_id
7217,1185,496,sess_3213,purchase,2026-06-07 11:22:40.219548,Orphan user_id
7228,1149,1073,sess_2562,view,2026-02-23 13:40:43.219548,Orphan user_id
7232,1179,222,sess_3228,view,2025-11-17 00:31:37.219548,Orphan user_id
7265,1186,461,sess_3822,purchase,2025-11-02 15:34:15.219548,Orphan user_id
7269,1122,132,sess_836,view,2026-06-08 16:20:00.219548,Orphan user_id
7276,1152,307,sess_360,purchase,2025-09-23 03:52:37.219548,Orphan user_id
7280,1157,756,sess_2907,purchase,2025-10-27 06:31:30.219548,Orphan user_id
7282,1172,335,sess_1177,add_to_cart,2026-03-27 14:18:33.219548,Orphan user_id
7296,1112,331,sess_2447,purchase,2026-05-15 11:26:19.219548,Orphan user_id
7308,1105,163,sess_3022,view,2025-12-23 09:30:53.219548,Orphan user_id
7317,133,105,sess_1997,add_to_cart,2025-11-17 03:31:51.219548,Orphan user_id
7355,1145,436,sess_3323,add_to_cart,2025-10-06 04:23:06.219548,Orphan user_id
7372,1148,987,sess_3836,add_to_cart,2026-01-11 12:36:19.219548,Orphan user_id
7373,968,589,sess_1335,view,2025-09-19 00:02:55.219548,Orphan user_id
7381,1167,546,sess_3652,add_to_cart,2025-09-27 11:39:49.219548,Orphan user_id
7384,1166,810,sess_3822,add_to_cart,2026-01-26 13:33:24.219548,Orphan user_id
7399,1101,158,sess_4132,purchase,2025-09-24 02:12:27.219548,Orphan user_id
7407,1175,110,sess_1245,purchase,2026-03-11 22:10:38.219548,Orphan user_id
7415,1112,824,sess_1392,view,2026-02-16 15:15:22.219548,Orphan user_id
7419,1182,106,sess_741,add_to_cart,2026-04-19 00:10:55.219548,Orphan user_id
7432,1168,91,sess_4550,add_to_cart,2026-04-27 13:10:20.219548,Orphan user_id
7443,1168,459,sess_3871,view,2026-03-14 03:23:16.219548,Orphan user_id
7449,1126,567,sess_1424,purchase,2025-10-30 14:12:21.219548,Orphan user_id
7462,1200,509,sess_493,purchase,2025-10-27 23:16:20.219548,Orphan user_id
7481,1170,351,sess_3011,add_to_cart,2025-12-23 23:59:48.219548,Orphan user_id
7499,1137,358,sess_1956,view,2025-08-17 19:47:26.219548,Orphan user_id
7505,1111,314,sess_653,view,2025-11-10 11:11:47.219548,Orphan user_id
7512,1191,304,sess_2745,view,2026-01-20 04:17:05.219548,Orphan user_id
7515,1042,575,sess_2663,view,2025-07-05 00:46:30.219548,Orphan user_id
7537,1135,251,sess_4855,purchase,2025-06-16 22:03:41.219548,Orphan user_id
7539,561,266,sess_307,view,2026-02-13 03:42:33.219548,Orphan user_id
7544,1181,720,sess_2796,view,2026-03-07 13:39:57.219548,Orphan user_id
7547,1187,794,sess_4639,add_to_cart,2025-07-23 00:21:18.219548,Orphan user_id
7564,466,949,sess_4070,view,2025-12-06 12:17:23.219548,Orphan user_id
7577,1190,1076,sess_35,add_to_cart,2025-12-07 16:56:21.219548,Orphan user_id
7607,1157,1000,sess_3603,purchase,2025-07-05 09:42:04.222317,Orphan user_id
7647,968,480,sess_2689,add_to_cart,2025-12-20 00:59:54.222317,Orphan user_id
7650,1197,1098,sess_806,add_to_cart,2026-03-28 15:38:56.222317,Orphan user_id
7659,679,444,sess_1,purchase,2026-06-02 22:15:39.222317,Orphan user_id
7674,1154,483,sess_3382,view,2026-05-10 05:35:55.222317,Orphan user_id
7676,1175,454,sess_1407,purchase,2026-04-17 05:58:58.222317,Orphan user_id
7679,1126,188,sess_3115,purchase,2026-01-18 21:12:02.222317,Orphan user_id
7686,1137,56,sess_2299,purchase,2026-01-22 01:06:45.222317,Orphan user_id
7689,1178,608,sess_4934,purchase,2026-03-06 10:03:40.222317,Orphan user_id
7702,419,473,sess_1838,purchase,2025-10-26 17:20:14.222317,Orphan user_id
7707,1166,513,sess_860,add_to_cart,2026-03-03 06:20:36.222317,Orphan user_id
7708,1132,755,sess_811,purchase,2025-12-30 18:33:39.222317,Orphan user_id
7713,1120,13,sess_1480,add_to_cart,2026-04-05 14:06:07.222317,Orphan user_id
7717,1189,424,sess_3288,purchase,2025-10-27 15:14:32.222317,Orphan user_id
7718,1138,612,sess_2518,purchase,2025-11-28 12:20:07.222317,Orphan user_id
7719,1162,180,sess_2768,add_to_cart,2026-03-05 00:52:34.222317,Orphan user_id
7720,1190,194,sess_3625,add_to_cart,2026-04-06 09:35:42.222317,Orphan user_id
7721,1172,935,sess_2094,add_to_cart,2026-01-31 00:26:59.222317,Orphan user_id
7733,1101,346,sess_1507,view,2026-02-21 11:55:11.222317,Orphan user_id
7736,1135,124,sess_1102,add_to_cart,2025-09-26 04:43:43.222317,Orphan user_id
7750,216,215,sess_4348,view,2026-04-01 06:24:26.222317,Orphan user_id
7751,1159,217,sess_244,add_to_cart,2025-10-04 00:15:16.222317,Orphan user_id
7764,1149,10,sess_1676,purchase,2026-05-10 03:06:39.222317,Orphan user_id
7782,1118,975,sess_3595,add_to_cart,2026-06-07 04:07:54.222317,Orphan user_id
7789,1136,965,sess_1879,purchase,2025-11-08 06:24:44.222317,Orphan user_id
7795,1101,519,sess_3725,view,2025-07-05 00:46:13.222317,Orphan user_id
7807,1130,875,sess_587,purchase,2026-01-11 02:51:33.222317,Orphan user_id
7812,1147,310,sess_2660,view,2025-10-29 11:37:32.222317,Orphan user_id
7820,1156,185,sess_4460,add_to_cart,2025-08-13 05:28:10.222317,Orphan user_id
7838,1131,76,sess_2909,view,2025-12-01 10:50:03.222317,Orphan user_id
7852,1136,833,sess_4544,add_to_cart,2026-04-09 10:01:38.222317,Orphan user_id
7862,73,126,sess_3730,purchase,2025-10-01 21:09:28.222317,Orphan user_id
7863,1161,111,sess_4494,view,2025-08-25 02:00:22.222317,Orphan user_id
7888,1152,718,sess_2446,add_to_cart,2025-07-09 11:42:18.222317,Orphan user_id
7901,1109,499,sess_4880,add_to_cart,2026-03-10 07:11:46.222317,Orphan user_id
7915,351,105,sess_111,add_to_cart,2026-02-23 10:33:19.222317,Orphan user_id
7920,457,881,sess_2654,view,2025-11-13 12:40:23.222317,Orphan user_id
7929,1198,434,sess_2916,add_to_cart,2026-05-10 12:01:58.222317,Orphan user_id
7950,172,333,sess_3359,view,2026-03-10 19:33:19.222317,Orphan user_id
7965,1139,396,sess_4078,view,2026-05-29 09:53:29.222317,Orphan user_id
7995,1180,348,sess_1355,purchase,2025-10-08 08:34:02.222317,Orphan user_id
7996,886,351,sess_3291,purchase,2025-09-24 15:24:16.222317,Orphan user_id
8001,1188,255,sess_248,view,2026-03-04 02:40:02.222317,Orphan user_id
8005,1189,857,sess_735,purchase,2025-09-02 12:03:59.222317,Orphan user_id
8014,1104,292,sess_2940,purchase,2025-10-08 04:52:33.222317,Orphan user_id
8021,1063,403,sess_2387,purchase,2026-01-14 04:36:46.222317,Orphan user_id
8047,710,984,sess_3506,purchase,2025-09-02 02:31:10.222317,Orphan user_id
8064,454,166,sess_540,add_to_cart,2026-05-08 01:44:59.222317,Orphan user_id
8072,216,816,sess_1664,purchase,2026-01-21 02:37:32.222317,Orphan user_id
8077,1180,266,sess_3599,view,2026-01-17 19:55:05.222317,Orphan user_id
8085,1179,201,sess_3053,view,2026-06-07 14:44:11.222317,Orphan user_id
8088,441,123,sess_3782,purchase,2025-09-25 04:02:52.222317,Orphan user_id
8095,1135,454,sess_3463,add_to_cart,2025-10-02 00:13:44.224321,Orphan user_id
8110,1113,500,sess_275,purchase,2025-07-26 01:37:07.224321,Orphan user_id
8125,1111,184,sess_4705,view,2025-12-11 22:14:04.224321,Orphan user_id
8129,1129,846,sess_862,add_to_cart,2026-04-06 09:13:45.224321,Orphan user_id
8161,1197,458,sess_1331,view,2025-06-29 20:31:06.224321,Orphan user_id
8195,1110,227,sess_1746,view,2026-02-09 05:01:26.224321,Orphan user_id
8199,1174,845,sess_4808,purchase,2026-01-11 17:16:59.224321,Orphan user_id
8212,1194,631,sess_3183,add_to_cart,2026-05-20 21:54:29.224321,Orphan user_id
8223,1176,742,sess_3230,add_to_cart,2025-12-29 17:37:47.224321,Orphan user_id
8225,1130,975,sess_252,purchase,2025-08-14 05:30:40.224321,Orphan user_id
8227,133,929,sess_99,view,2025-12-28 15:14:40.224321,Orphan user_id
8238,1164,585,sess_92,purchase,2026-04-22 06:03:59.224321,Orphan user_id
8250,1137,400,sess_3725,add_to_cart,2025-07-22 14:54:31.224321,Orphan user_id
8258,1157,599,sess_2662,view,2025-11-25 13:19:54.224321,Orphan user_id
8279,1162,38,sess_2868,view,2025-10-02 22:47:00.224321,Orphan user_id
8280,331,435,sess_1256,view,2026-06-02 09:26:41.224321,Orphan user_id
8289,1143,143,sess_2577,purchase,2026-02-14 22:17:26.224321,Orphan user_id
8304,1160,35,sess_618,add_to_cart,2026-02-01 14:56:39.224321,Orphan user_id
8305,1119,169,sess_1873,view,2026-04-20 15:52:22.224321,Orphan user_id
8309,216,639,sess_3505,add_to_cart,2025-12-09 01:54:39.224321,Orphan user_id
8327,1162,1099,sess_1168,view,2025-12-11 00:58:08.224321,Orphan user_id
8353,1102,348,sess_3484,purchase,2026-05-20 23:54:20.224321,Orphan user_id
8368,1151,1061,sess_1836,add_to_cart,2025-07-27 08:03:09.224321,Orphan user_id
8374,1139,399,sess_3346,add_to_cart,2026-04-14 07:31:31.224321,Orphan user_id
8393,1119,460,sess_3421,purchase,2025-10-03 10:26:41.224321,Orphan user_id
8412,216,467,sess_3400,view,2026-02-24 13:14:52.224321,Orphan user_id
8418,1196,507,sess_3045,add_to_cart,2026-04-10 11:16:18.224321,Orphan user_id
8422,1146,500,sess_2983,purchase,2025-08-23 05:06:32.224321,Orphan user_id
8443,1141,649,sess_3548,view,2025-12-24 12:27:22.224321,Orphan user_id
8453,1140,119,sess_2839,view,2026-01-30 03:16:47.224321,Orphan user_id
8466,441,1074,sess_3400,add_to_cart,2026-03-26 21:27:14.224321,Orphan user_id
8479,1177,689,sess_4941,purchase,2025-08-20 20:05:48.224321,Orphan user_id
8488,1140,1062,sess_2943,add_to_cart,2026-04-15 13:15:52.224321,Orphan user_id
8492,1118,178,sess_161,add_to_cart,2026-02-19 09:54:51.224321,Orphan user_id
8496,1173,519,sess_982,add_to_cart,2026-05-04 23:57:19.224321,Orphan user_id
8499,1143,807,sess_85,purchase,2025-12-26 07:30:48.224321,Orphan user_id
8516,1190,561,sess_673,add_to_cart,2025-06-26 03:59:12.224321,Orphan user_id
8522,1199,666,sess_4322,purchase,2025-09-15 03:25:25.224321,Orphan user_id
8529,1118,719,sess_3796,add_to_cart,2025-11-18 23:14:18.224321,Orphan user_id
8547,631,114,sess_4680,view,2026-03-02 05:30:18.224321,Orphan user_id
8548,1157,520,sess_1218,purchase,2025-10-08 05:06:25.224321,Orphan user_id
8574,1167,222,sess_2733,view,2025-07-11 09:44:32.224321,Orphan user_id
8586,1042,1050,sess_2130,add_to_cart,2025-11-08 22:46:55.224321,Orphan user_id
8589,1158,531,sess_3866,view,2026-03-12 01:49:09.224321,Orphan user_id
8601,416,626,sess_2030,add_to_cart,2026-04-07 04:55:53.224321,Orphan user_id
8622,1155,539,sess_3770,add_to_cart,2025-08-28 09:39:28.226324,Orphan user_id
8627,1169,314,sess_596,add_to_cart,2026-02-05 10:40:44.226324,Orphan user_id
8638,1176,571,sess_2080,view,2026-02-06 03:24:57.226324,Orphan user_id
8646,1063,703,sess_1,add_to_cart,2025-08-08 21:04:45.226324,Orphan user_id
8654,1162,706,sess_1503,purchase,2026-03-18 00:41:28.226324,Orphan user_id
8656,764,439,sess_1355,purchase,2025-09-17 03:34:07.226324,Orphan user_id
8683,1107,308,sess_4966,purchase,2025-08-14 10:07:06.226324,Orphan user_id
8697,1122,87,sess_3547,view,2026-04-23 04:41:37.226324,Orphan user_id
8700,1113,1027,sess_2222,purchase,2025-06-24 19:39:02.226324,Orphan user_id
8704,1138,411,sess_176,view,2025-10-19 17:52:37.226324,Orphan user_id
8722,1105,153,sess_2765,add_to_cart,2025-11-15 04:08:31.226324,Orphan user_id
8724,1167,182,sess_3007,purchase,2026-03-15 23:07:42.226324,Orphan user_id
8725,1133,184,sess_1667,purchase,2025-07-18 09:28:34.226324,Orphan user_id
8735,1164,62,sess_4329,view,2025-07-27 01:35:59.226324,Orphan user_id
8736,1192,1079,sess_4256,purchase,2026-04-10 19:19:39.226324,Orphan user_id
8747,1157,1092,sess_3496,purchase,2025-08-26 03:41:33.226324,Orphan user_id
8748,1165,646,sess_175,add_to_cart,2025-09-27 23:19:30.226324,Orphan user_id
8761,968,985,sess_4204,view,2026-05-04 01:12:33.226324,Orphan user_id
8771,291,293,sess_4002,view,2025-06-22 00:20:28.226324,Orphan user_id
8788,1184,655,sess_3021,view,2025-10-17 09:06:30.226324,Orphan user_id
8795,970,930,sess_2166,add_to_cart,2025-11-26 11:00:08.226324,Orphan user_id
8809,1184,833,sess_4566,purchase,2026-02-15 19:39:34.226324,Orphan user_id
8819,1105,900,sess_1068,purchase,2025-08-01 03:57:15.226324,Orphan user_id
8825,1142,567,sess_4787,purchase,2025-12-29 23:05:22.226324,Orphan user_id
8832,1129,409,sess_2492,add_to_cart,2026-05-19 18:51:51.226324,Orphan user_id
8847,73,420,sess_2473,purchase,2026-03-08 20:43:52.226324,Orphan user_id
8850,1140,424,sess_2194,view,2025-10-06 20:12:35.226324,Orphan user_id
8869,766,389,sess_1899,add_to_cart,2025-11-06 19:51:02.226324,Orphan user_id
8873,172,824,sess_1373,view,2026-01-18 15:20:12.226324,Orphan user_id
8881,466,780,sess_2053,view,2025-10-21 02:50:20.226324,Orphan user_id
8882,457,567,sess_2184,purchase,2026-04-16 10:08:10.226324,Orphan user_id
8883,133,1017,sess_1866,view,2026-04-26 20:56:34.226324,Orphan user_id
8919,1160,516,sess_1521,purchase,2026-01-23 09:56:02.226324,Orphan user_id
8926,1185,1054,sess_4113,add_to_cart,2026-05-02 23:35:50.226324,Orphan user_id
8931,886,1045,sess_3072,add_to_cart,2025-12-11 17:31:12.226324,Orphan user_id
8966,1180,529,sess_3363,add_to_cart,2025-07-02 18:53:05.226324,Orphan user_id
8979,1105,598,sess_2812,add_to_cart,2025-10-11 06:15:16.226324,Orphan user_id
9011,1195,617,sess_1215,add_to_cart,2025-08-29 06:40:54.227826,Orphan user_id
9021,1189,35,sess_685,add_to_cart,2025-06-23 11:08:44.227826,Orphan user_id
9024,1107,819,sess_2292,view,2025-09-24 02:32:42.227826,Orphan user_id
9032,1136,898,sess_1911,purchase,2025-11-03 13:20:31.227826,Orphan user_id
9038,886,597,sess_2059,add_to_cart,2025-11-04 23:46:50.227826,Orphan user_id
9046,1184,560,sess_1556,add_to_cart,2025-10-05 04:30:43.227826,Orphan user_id
9105,216,892,sess_4085,add_to_cart,2025-06-25 15:55:34.228610,Orphan user_id
9117,1173,296,sess_44,add_to_cart,2025-09-04 00:00:59.228610,Orphan user_id
9147,561,904,sess_3841,add_to_cart,2026-05-21 07:32:41.228610,Orphan user_id
9148,753,431,sess_3804,purchase,2025-07-24 03:58:09.228610,Orphan user_id
9155,1143,1022,sess_1741,purchase,2025-09-06 16:09:29.228610,Orphan user_id
9158,466,690,sess_632,add_to_cart,2025-09-08 22:59:14.228610,Orphan user_id
9163,1186,912,sess_4204,purchase,2025-11-06 00:30:09.228610,Orphan user_id
9167,1165,542,sess_3289,add_to_cart,2026-03-08 11:28:26.228610,Orphan user_id
9173,410,380,sess_1851,view,2025-10-18 01:23:33.228610,Orphan user_id
9180,1122,606,sess_2160,purchase,2025-12-20 05:46:14.228610,Orphan user_id
9206,1160,286,sess_589,view,2026-04-12 22:23:19.228610,Orphan user_id
9209,1160,507,sess_1468,purchase,2025-11-09 23:48:49.228610,Orphan user_id
9212,1108,1080,sess_1910,add_to_cart,2025-10-25 05:28:46.228610,Orphan user_id
9213,1121,263,sess_2452,view,2025-11-22 14:48:54.228610,Orphan user_id
9216,1129,567,sess_1274,view,2025-11-22 11:15:45.228610,Orphan user_id
9218,1133,205,sess_4640,view,2025-06-15 09:17:27.228610,Orphan user_id
9289,1131,24,sess_1579,view,2025-09-07 23:43:28.228610,Orphan user_id
9290,1147,576,sess_3225,add_to_cart,2025-06-18 13:10:45.228610,Orphan user_id
9302,1194,303,sess_4201,purchase,2026-03-01 16:20:23.228610,Orphan user_id
9304,983,1069,sess_305,purchase,2026-02-20 06:46:03.228610,Orphan user_id
9317,1036,693,sess_3084,purchase,2025-11-14 20:58:22.228610,Orphan user_id
9324,667,584,sess_2671,add_to_cart,2025-07-10 17:23:50.228610,Orphan user_id
9328,1193,637,sess_1502,add_to_cart,2025-10-06 16:57:58.228610,Orphan user_id
9332,1134,274,sess_3041,view,2026-01-26 00:49:09.228610,Orphan user_id
9361,441,716,sess_2612,purchase,2025-06-19 18:06:55.228610,Orphan user_id
9372,1132,685,sess_26,view,2025-07-17 15:33:16.228610,Orphan user_id
9377,454,408,sess_4126,view,2025-08-27 17:53:13.228610,Orphan user_id
9389,216,919,sess_3169,purchase,2026-01-10 10:13:50.228610,Orphan user_id
9395,1198,411,sess_4206,add_to_cart,2025-10-19 06:45:00.228610,Orphan user_id
9406,1120,973,sess_2179,view,2025-09-06 03:27:03.228610,Orphan user_id
9408,1148,423,sess_1487,view,2026-01-26 06:25:39.228610,Orphan user_id
9422,1145,981,sess_1844,purchase,2026-04-13 12:30:59.228610,Orphan user_id
9479,1149,332,sess_1560,purchase,2026-04-11 22:18:35.228610,Orphan user_id
9486,886,35,sess_4652,purchase,2026-02-06 21:23:20.228610,Orphan user_id
9500,1136,579,sess_3119,add_to_cart,2026-02-02 09:54:06.228610,Orphan user_id
9524,410,216,sess_1748,purchase,2026-02-05 17:43:24.228610,Orphan user_id
9531,1200,688,sess_3173,purchase,2026-01-26 05:04:47.228610,Orphan user_id
9538,1138,24,sess_2499,purchase,2026-06-05 15:10:21.228610,Orphan user_id
9549,1173,868,sess_2608,add_to_cart,2025-11-20 03:16:16.228610,Orphan user_id
9551,1112,207,sess_3969,view,2026-05-02 10:15:18.228610,Orphan user_id
9556,886,460,sess_1515,view,2025-10-29 06:37:10.228610,Orphan user_id
9572,1165,308,sess_2659,add_to_cart,2026-03-04 13:37:21.228610,Orphan user_id
9583,1162,248,sess_2387,purchase,2026-05-11 12:42:51.228610,Orphan user_id
9598,1120,754,sess_2674,purchase,2025-08-12 07:26:39.228610,Orphan user_id
9608,1184,36,sess_1314,add_to_cart,2025-07-04 13:19:41.228610,Orphan user_id
9620,1124,894,sess_3730,add_to_cart,2025-11-12 05:14:34.228610,Orphan user_id
9640,1115,881,sess_1974,view,2025-09-24 18:02:38.228610,Orphan user_id
9685,1104,609,sess_2316,purchase,2026-04-12 16:23:54.228610,Orphan user_id
9707,679,371,sess_2986,add_to_cart,2026-05-07 05:46:23.228610,Orphan user_id
9720,1107,18,sess_1242,view,2025-09-14 23:49:19.228610,Orphan user_id
9723,1126,244,sess_2684,view,2025-11-03 01:08:16.228610,Orphan user_id
9724,1114,517,sess_1562,add_to_cart,2025-09-17 06:20:02.228610,Orphan user_id
9725,1191,806,sess_1676,view,2025-07-16 21:10:05.228610,Orphan user_id
9746,1150,252,sess_4268,add_to_cart,2025-09-30 11:48:16.228610,Orphan user_id
9753,671,391,sess_3331,view,2025-07-13 13:03:08.228610,Orphan user_id
9772,1148,808,sess_1036,view,2025-07-05 06:16:27.228610,Orphan user_id
9785,1159,210,sess_2732,view,2025-08-07 04:28:22.228610,Orphan user_id
9788,1157,611,sess_2716,purchase,2026-03-20 04:28:22.228610,Orphan user_id
9800,1180,1040,sess_2373,purchase,2026-01-01 07:24:24.228610,Orphan user_id
9811,1105,361,sess_4603,add_to_cart,2026-02-23 15:40:32.228610,Orphan user_id
9818,1124,953,sess_2539,purchase,2025-06-24 06:59:47.228610,Orphan user_id
9819,1106,850,sess_4666,purchase,2025-12-30 04:45:18.228610,Orphan user_id
9821,1170,778,sess_1597,view,2026-05-17 06:41:10.228610,Orphan user_id
9823,1107,847,sess_4675,view,2025-12-27 00:08:33.228610,Orphan user_id
9825,1155,900,sess_4448,add_to_cart,2026-01-25 04:17:11.228610,Orphan user_id
9828,671,420,sess_625,view,2026-03-14 05:53:28.228610,Orphan user_id
9846,1164,63,sess_3534,view,2026-05-07 09:07:55.228610,Orphan user_id
9849,1159,707,sess_397,view,2026-04-15 13:16:13.228610,Orphan user_id
9856,1182,475,sess_2661,add_to_cart,2025-11-23 22:27:23.228610,Orphan user_id
9871,1063,876,sess_4364,view,2026-06-01 20:51:42.228610,Orphan user_id
9873,416,706,sess_386,view,2025-06-28 04:07:16.228610,Orphan user_id
9883,1131,108,sess_3152,view,2025-11-26 18:16:46.228610,Orphan user_id
9887,331,652,sess_350,add_to_cart,2025-06-30 10:56:22.228610,Orphan user_id
9892,216,326,sess_989,view,2025-06-17 15:27:05.228610,Orphan user_id
9901,1116,520,sess_114,view,2025-06-22 07:13:36.228610,Orphan user_id
9904,1184,287,sess_4380,view,2025-08-05 01:51:27.228610,Orphan user_id
9918,1188,317,sess_1324,purchase,2026-04-08 06:18:34.228610,Orphan user_id
9929,1110,760,sess_3095,view,2026-04-28 23:00:05.228610,Orphan user_id
9937,1120,1,sess_988,view,2026-05-03 17:51:58.228610,Orphan user_id
9941,1106,472,sess_4914,view,2025-12-18 09:12:14.228610,Orphan user_id
9944,1132,349,sess_1617,purchase,2026-02-18 15:09:16.228610,Orphan user_id
9956,1130,698,sess_4943,view,2026-02-17 16:07:52.228610,Orphan user_id
9961,1160,294,sess_4181,purchase,2025-10-18 21:48:59.228610,Orphan user_id
9966,1042,734,sess_773,add_to_cart,2026-04-28 19:48:51.228610,Orphan user_id
9985,172,444,sess_3466,add_to_cart,2025-10-15 00:01:12.228610,Orphan user_id
9992,1186,1059,sess_382,add_to_cart,2026-02-04 19:22:43.228610,Orphan user_id
9994,1198,402,sess_2465,purchase,2026-03-09 23:26:58.228610,Orphan user_id
10010,1168,997,sess_4546,add_to_cart,2025-09-24 14:37:14.228610,Orphan user_id
10013,1156,21,sess_2420,add_to_cart,2025-08-14 21:06:40.228610,Orphan user_id
10032,1182,1086,sess_3929,view,2026-02-24 07:15:46.228610,Orphan user_id
10036,1114,97,sess_2658,add_to_cart,2026-04-05 17:57:23.228610,Orphan user_id
10037,1158,794,sess_1090,add_to_cart,2026-02-27 16:06:54.228610,Orphan user_id
10052,1102,622,sess_3260,purchase,2026-01-18 09:44:18.228610,Orphan user_id
10054,1170,141,sess_4605,purchase,2026-01-24 04:03:55.228610,Orphan user_id
10078,1156,854,sess_4677,view,2026-05-07 13:42:58.228610,Orphan user_id
10085,1156,668,sess_153,view,2026-06-07 16:28:00.228610,Orphan user_id
10101,1148,477,sess_4180,purchase,2026-01-05 11:14:43.228610,Orphan user_id
10110,671,995,sess_4210,view,2026-05-19 11:03:54.228610,Orphan user_id
10111,1189,985,sess_4924,add_to_cart,2025-08-21 22:59:33.228610,Orphan user_id
10123,1116,505,sess_4382,view,2025-11-22 07:49:00.228610,Orphan user_id
10135,1184,1089,sess_1225,purchase,2026-04-12 11:56:55.228610,Orphan user_id
10153,1198,789,sess_4485,add_to_cart,2025-11-23 00:03:10.228610,Orphan user_id
10161,1145,281,sess_2051,purchase,2026-02-17 08:42:38.228610,Orphan user_id
10168,1103,265,sess_4619,view,2025-06-30 17:23:06.228610,Orphan user_id
10193,1129,293,sess_4131,purchase,2025-10-11 15:24:32.228610,Orphan user_id
10231,1176,856,sess_1457,add_to_cart,2025-06-19 00:15:27.228610,Orphan user_id
10240,1135,1040,sess_765,add_to_cart,2025-06-28 08:30:27.228610,Orphan user_id
10242,1198,741,sess_2673,add_to_cart,2025-08-04 01:12:23.228610,Orphan user_id
10249,1116,774,sess_4511,add_to_cart,2025-08-21 13:39:43.228610,Orphan user_id
10257,1190,949,sess_1043,view,2026-01-23 06:53:42.228610,Orphan user_id
10264,1128,163,sess_1806,purchase,2026-05-18 11:03:39.228610,Orphan user_id
10265,1188,270,sess_1294,purchase,2026-03-03 22:15:12.228610,Orphan user_id
10290,1181,308,sess_1950,add_to_cart,2026-03-16 21:12:01.228610,Orphan user_id
10294,419,358,sess_2428,purchase,2026-01-09 05:21:19.228610,Orphan user_id
10308,1146,811,sess_1475,view,2025-06-20 14:06:17.228610,Orphan user_id
10331,1063,502,sess_3532,purchase,2025-08-01 09:10:45.228610,Orphan user_id
10336,1150,834,sess_4530,view,2026-04-16 08:33:33.228610,Orphan user_id
10358,466,509,sess_4236,add_to_cart,2025-12-22 14:49:55.228610,Orphan user_id
10372,1188,366,sess_4296,add_to_cart,2025-10-12 13:21:17.228610,Orphan user_id
10396,1118,10,sess_1799,purchase,2026-02-21 10:37:50.228610,Orphan user_id
10398,1127,778,sess_3492,view,2026-06-10 00:32:16.228610,Orphan user_id
10412,1178,332,sess_1425,add_to_cart,2025-07-20 08:15:14.228610,Orphan user_id
10430,1176,63,sess_137,add_to_cart,2026-01-24 20:08:54.228610,Orphan user_id
10433,764,656,sess_2717,add_to_cart,2026-02-04 06:04:38.228610,Orphan user_id
10435,1143,870,sess_1239,view,2025-09-08 11:40:18.228610,Orphan user_id
10437,457,44,sess_239,view,2025-10-08 23:44:10.228610,Orphan user_id
10451,711,1058,sess_1557,view,2025-10-03 01:54:02.228610,Orphan user_id
10460,1196,862,sess_3416,add_to_cart,2025-06-11 02:43:18.228610,Orphan user_id
10467,1171,1050,sess_514,add_to_cart,2025-12-24 18:12:03.228610,Orphan user_id
10471,1119,672,sess_3371,purchase,2025-06-16 12:41:20.228610,Orphan user_id
10481,1128,374,sess_179,view,2025-11-03 07:57:11.228610,Orphan user_id
10550,1161,605,sess_1199,add_to_cart,2026-03-11 10:54:09.228610,Orphan user_id
10563,1114,832,sess_2231,add_to_cart,2026-02-12 12:09:10.228610,Orphan user_id
10571,1199,297,sess_2073,purchase,2025-09-10 11:45:04.228610,Orphan user_id
10581,1143,13,sess_1740,add_to_cart,2026-05-18 15:20:25.228610,Orphan user_id
10584,1153,142,sess_2437,view,2026-05-13 02:35:53.228610,Orphan user_id
10610,1127,636,sess_408,add_to_cart,2026-02-04 06:22:40.228610,Orphan user_id
10628,983,652,sess_3502,view,2025-12-30 18:14:32.228610,Orphan user_id
10654,679,476,sess_1877,view,2026-05-27 18:00:11.228610,Orphan user_id
10669,983,330,sess_3112,purchase,2025-12-18 09:06:13.228610,Orphan user_id
10671,1145,467,sess_3285,view,2025-07-03 22:23:27.228610,Orphan user_id
10673,1156,107,sess_1446,view,2025-08-31 09:18:59.228610,Orphan user_id
10676,1102,18,sess_3532,purchase,2025-11-06 05:42:08.228610,Orphan user_id
10684,1157,848,sess_4258,add_to_cart,2026-05-06 15:55:57.228610,Orphan user_id
10692,1143,622,sess_4216,view,2025-07-14 12:57:09.228610,Orphan user_id
10701,565,105,sess_4139,view,2025-08-16 18:21:36.228610,Orphan user_id
10710,931,1081,sess_1281,add_to_cart,2026-02-15 05:15:14.228610,Orphan user_id
10726,1165,591,sess_1331,view,2025-07-01 02:22:57.228610,Orphan user_id
10732,1176,232,sess_2442,add_to_cart,2025-11-04 07:51:27.228610,Orphan user_id
10736,1198,912,sess_916,purchase,2026-04-23 23:43:06.228610,Orphan user_id
10739,1165,731,sess_2601,view,2025-10-13 06:04:55.228610,Orphan user_id
10748,1141,936,sess_1371,add_to_cart,2026-04-18 21:52:32.228610,Orphan user_id
10758,1139,167,sess_3992,add_to_cart,2025-12-27 13:31:04.228610,Orphan user_id
10782,1148,312,sess_1256,view,2026-05-30 04:12:09.228610,Orphan user_id
10797,1142,204,sess_1910,add_to_cart,2025-07-07 23:41:15.228610,Orphan user_id
10802,1162,56,sess_788,view,2026-06-07 17:07:51.228610,Orphan user_id
10807,1127,301,sess_4680,purchase,2025-10-16 11:23:33.228610,Orphan user_id
10814,1104,720,sess_1576,purchase,2026-03-22 06:58:09.228610,Orphan user_id
10815,1139,520,sess_2667,purchase,2025-12-18 12:32:59.228610,Orphan user_id
10826,1145,604,sess_2562,purchase,2025-09-14 11:27:59.228610,Orphan user_id
10837,1134,188,sess_1799,view,2025-12-26 15:49:17.228610,Orphan user_id
10845,1151,944,sess_189,purchase,2025-12-28 14:03:21.228610,Orphan user_id
10861,931,589,sess_205,add_to_cart,2026-03-25 16:43:17.228610,Orphan user_id
10896,1105,236,sess_3979,add_to_cart,2026-01-10 17:49:39.228610,Orphan user_id
10902,351,1013,sess_341,purchase,2026-05-01 04:46:27.228610,Orphan user_id
10904,1197,355,sess_2242,purchase,2025-10-07 12:56:14.228610,Orphan user_id
10911,1133,803,sess_4329,add_to_cart,2025-12-27 00:00:46.228610,Orphan user_id
10937,1129,748,sess_3344,view,2025-07-21 12:19:39.228610,Orphan user_id
10988,1155,1094,sess_2487,view,2025-12-07 00:08:47.235934,Orphan user_id
10994,1105,844,sess_4816,view,2026-01-15 07:08:54.235934,Orphan user_id
11014,1166,615,sess_1415,purchase,2025-08-24 03:40:37.235934,Orphan user_id
11026,1154,488,sess_3089,purchase,2025-09-05 22:14:43.235934,Orphan user_id
11038,1106,181,sess_665,purchase,2025-09-12 15:42:58.235934,Orphan user_id
11042,1139,468,sess_3968,add_to_cart,2026-01-12 22:00:57.235934,Orphan user_id
11048,1181,1014,sess_842,view,2026-04-18 22:43:41.235934,Orphan user_id
11055,1116,714,sess_2429,view,2026-03-17 06:11:59.235934,Orphan user_id
11061,1181,293,sess_2635,purchase,2025-07-05 08:34:44.235934,Orphan user_id
11062,1135,362,sess_3071,purchase,2026-01-17 07:52:54.235934,Orphan user_id
11063,711,443,sess_2655,purchase,2025-07-09 12:24:26.235934,Orphan user_id
11067,1191,831,sess_405,purchase,2026-05-07 08:54:21.235934,Orphan user_id
11078,73,516,sess_448,view,2026-03-28 12:43:12.235934,Orphan user_id
11092,1135,659,sess_2665,purchase,2025-12-09 10:45:02.235934,Orphan user_id
11100,331,292,sess_2190,add_to_cart,2025-08-22 04:01:27.235934,Orphan user_id
11106,441,780,sess_4573,view,2025-07-19 17:12:28.235934,Orphan user_id
11114,1178,561,sess_975,purchase,2026-03-29 06:24:02.235934,Orphan user_id
11124,968,786,sess_2176,view,2025-09-09 11:54:14.235934,Orphan user_id
11130,1118,1032,sess_426,purchase,2025-09-25 04:23:26.235934,Orphan user_id
11139,1186,1034,sess_2042,add_to_cart,2025-12-20 02:49:30.235934,Orphan user_id
11145,1144,589,sess_3405,view,2026-05-12 05:46:51.235934,Orphan user_id
11149,1105,571,sess_2225,add_to_cart,2026-04-10 10:50:06.235934,Orphan user_id
11150,466,1074,sess_4313,add_to_cart,2025-06-23 20:06:39.235934,Orphan user_id
11187,1151,878,sess_2542,add_to_cart,2026-04-22 22:51:32.237113,Orphan user_id
11199,1198,509,sess_3772,view,2025-12-04 06:01:31.237113,Orphan user_id
11213,671,159,sess_2452,add_to_cart,2025-12-16 14:17:40.237113,Orphan user_id
11215,1147,1011,sess_998,view,2026-03-06 05:24:44.237113,Orphan user_id
11222,410,530,sess_4861,purchase,2026-03-06 04:06:42.237113,Orphan user_id
11248,1112,1015,sess_4349,view,2026-03-28 11:26:07.237113,Orphan user_id
11265,671,643,sess_1851,purchase,2025-07-29 04:44:43.237113,Orphan user_id
11268,416,269,sess_3761,view,2025-07-26 08:19:57.237113,Orphan user_id
11273,1156,16,sess_2156,add_to_cart,2025-12-26 06:17:53.237113,Orphan user_id
11276,1109,620,sess_2652,add_to_cart,2026-05-26 18:47:25.237113,Orphan user_id
11278,886,220,sess_464,add_to_cart,2025-08-02 11:54:42.237113,Orphan user_id
11300,441,1039,sess_2277,purchase,2026-03-30 02:19:57.237113,Orphan user_id
11304,1165,413,sess_4009,purchase,2026-05-15 11:36:07.237113,Orphan user_id
11305,1196,788,sess_1172,add_to_cart,2025-10-23 08:38:51.237113,Orphan user_id
11316,1153,501,sess_2812,add_to_cart,2026-02-19 01:13:11.237113,Orphan user_id
11341,1158,443,sess_2794,add_to_cart,2025-09-03 10:36:23.237113,Orphan user_id
11344,133,47,sess_1077,add_to_cart,2025-09-17 13:56:19.237113,Orphan user_id
11350,1176,1092,sess_1524,add_to_cart,2026-02-09 20:09:03.237113,Orphan user_id
11354,1190,494,sess_3969,view,2026-03-15 09:30:08.237113,Orphan user_id
11383,1042,173,sess_2903,view,2026-05-25 19:09:05.237113,Orphan user_id
11394,1178,939,sess_2418,add_to_cart,2025-06-12 13:59:19.237113,Orphan user_id
11396,1136,848,sess_1609,add_to_cart,2026-02-28 20:31:18.237113,Orphan user_id
11410,766,233,sess_4813,purchase,2025-08-22 06:35:32.237113,Orphan user_id
11413,1122,137,sess_37,add_to_cart,2026-04-01 07:41:11.237113,Orphan user_id
11429,1150,1011,sess_4587,view,2026-06-09 17:01:44.237113,Orphan user_id
11436,1113,379,sess_4795,purchase,2025-12-14 10:01:05.237113,Orphan user_id
11437,1174,814,sess_4472,view,2026-06-11 21:22:55.237113,Orphan user_id
11438,1131,660,sess_3458,add_to_cart,2025-12-13 20:26:56.237113,Orphan user_id
11448,1133,662,sess_1073,add_to_cart,2026-02-28 00:11:46.237113,Orphan user_id
11457,1136,757,sess_2318,add_to_cart,2025-08-07 07:10:48.237113,Orphan user_id
11461,983,618,sess_4169,view,2025-11-21 15:44:23.237113,Orphan user_id
11463,970,917,sess_2574,add_to_cart,2026-05-16 10:28:53.237113,Orphan user_id
11467,1191,597,sess_1393,add_to_cart,2025-11-16 20:32:14.237113,Orphan user_id
11481,1184,942,sess_1403,add_to_cart,2026-05-12 13:08:49.237113,Orphan user_id
11482,753,1020,sess_2511,add_to_cart,2025-09-04 14:59:11.237113,Orphan user_id
11487,1161,479,sess_2842,add_to_cart,2026-02-11 11:06:38.237113,Orphan user_id
11492,1128,332,sess_192,purchase,2026-01-06 16:03:58.237113,Orphan user_id
11499,1179,1034,sess_3452,view,2025-09-26 03:11:14.237113,Orphan user_id
11512,1130,103,sess_4883,purchase,2026-06-04 19:24:32.237113,Orphan user_id
11517,1133,225,sess_2711,purchase,2025-08-23 16:15:16.237113,Orphan user_id
11519,457,71,sess_1314,add_to_cart,2025-09-19 04:14:46.237113,Orphan user_id
11547,1184,441,sess_1579,view,2026-03-21 12:01:23.237113,Orphan user_id
11556,886,320,sess_4419,add_to_cart,2025-09-19 13:57:53.237113,Orphan user_id
11571,565,478,sess_2358,purchase,2025-08-23 09:36:26.237113,Orphan user_id
11592,1168,1032,sess_288,purchase,2025-08-13 09:19:56.237113,Orphan user_id
11604,73,535,sess_1566,purchase,2026-05-15 16:38:25.238931,Orphan user_id
11632,1133,822,sess_1135,view,2026-01-16 20:11:21.238931,Orphan user_id
11657,1162,349,sess_1912,view,2025-07-21 09:37:33.238931,Orphan user_id
11668,931,631,sess_354,add_to_cart,2025-07-01 07:30:26.238931,Orphan user_id
11670,1137,178,sess_2703,add_to_cart,2025-11-16 19:15:38.238931,Orphan user_id
11671,1180,931,sess_3033,view,2026-05-15 14:15:37.238931,Orphan user_id
11673,1181,661,sess_3118,view,2025-10-31 08:16:49.238931,Orphan user_id
11678,1174,133,sess_1129,add_to_cart,2026-05-02 07:48:54.238931,Orphan user_id
11695,1116,196,sess_2775,purchase,2026-02-16 06:04:46.238931,Orphan user_id
11707,1104,762,sess_2380,add_to_cart,2026-04-19 22:17:38.238931,Orphan user_id
11716,1188,837,sess_3578,view,2025-09-04 03:01:41.238931,Orphan user_id
11734,1117,933,sess_404,view,2025-12-10 21:44:59.238931,Orphan user_id
11753,1154,619,sess_3850,purchase,2025-09-30 07:38:04.238931,Orphan user_id
11788,1138,678,sess_1446,add_to_cart,2026-04-04 12:04:57.238931,Orphan user_id
11800,753,796,sess_2196,purchase,2026-05-24 04:19:34.238931,Orphan user_id
11808,1152,146,sess_4156,purchase,2026-02-04 05:02:22.238931,Orphan user_id
11813,1194,391,sess_4983,view,2026-06-01 13:27:36.238931,Orphan user_id
11814,1168,477,sess_1558,add_to_cart,2026-06-06 19:28:43.238931,Orphan user_id
11817,1178,930,sess_3319,purchase,2025-12-27 20:29:19.238931,Orphan user_id
11826,441,1062,sess_843,add_to_cart,2025-11-27 00:23:31.238931,Orphan user_id
11830,631,31,sess_3449,purchase,2025-07-22 06:33:32.238931,Orphan user_id
11838,1189,1029,sess_4379,view,2026-05-13 17:25:31.238931,Orphan user_id
11845,1126,705,sess_4413,add_to_cart,2026-04-04 08:08:06.238931,Orphan user_id
11854,1143,876,sess_4463,view,2025-09-09 20:56:36.238931,Orphan user_id
11860,1117,525,sess_930,view,2025-12-27 06:15:16.238931,Orphan user_id
11873,1113,381,sess_967,view,2025-12-15 19:15:39.238931,Orphan user_id
11886,1168,158,sess_4033,add_to_cart,2025-12-21 13:28:43.238931,Orphan user_id
11902,1107,64,sess_653,add_to_cart,2025-06-22 21:45:06.238931,Orphan user_id
11906,1199,495,sess_3735,view,2026-02-27 14:57:51.238931,Orphan user_id
11928,1172,250,sess_1059,view,2025-09-18 15:51:56.238931,Orphan user_id
11958,1075,823,sess_3632,add_to_cart,2025-09-23 00:55:43.238931,Orphan user_id
11963,1185,1060,sess_1823,purchase,2026-04-22 10:05:04.238931,Orphan user_id
11967,667,769,sess_1140,view,2025-07-25 16:57:49.238931,Orphan user_id
11971,1148,943,sess_3086,purchase,2026-02-25 10:22:43.238931,Orphan user_id
11976,1193,566,sess_245,view,2025-10-25 22:55:21.238931,Orphan user_id
12008,1146,916,sess_3983,add_to_cart,2025-11-02 19:40:47.238931,Orphan user_id
12025,331,141,sess_1353,add_to_cart,2026-02-27 19:50:07.238931,Orphan user_id
12039,1102,1060,sess_433,add_to_cart,2026-04-26 07:41:30.238931,Orphan user_id
12040,1133,342,sess_4646,add_to_cart,2025-12-31 09:41:32.238931,Orphan user_id
12045,1126,363,sess_1932,add_to_cart,2025-06-17 05:04:16.238931,Orphan user_id
12047,1119,655,sess_2654,purchase,2025-06-29 05:22:50.238931,Orphan user_id
12052,1125,26,sess_1150,view,2026-01-22 16:17:30.238931,Orphan user_id
12053,1191,203,sess_2428,add_to_cart,2026-01-20 11:35:28.238931,Orphan user_id
12056,1168,256,sess_3618,view,2025-06-13 21:40:24.238931,Orphan user_id
12080,1134,453,sess_1845,view,2026-02-15 14:19:04.238931,Orphan user_id
12088,1133,1088,sess_4871,add_to_cart,2025-11-24 07:10:18.238931,Orphan user_id
12102,1102,246,sess_1230,view,2025-06-28 12:13:42.238931,Orphan user_id
12106,1129,536,sess_1298,view,2026-02-09 01:36:14.238931,Orphan user_id
12108,1131,392,sess_844,purchase,2026-06-05 05:06:39.238931,Orphan user_id
12131,331,524,sess_1188,view,2026-02-27 02:13:57.240934,Orphan user_id
12156,667,752,sess_634,add_to_cart,2026-05-27 02:00:44.240934,Orphan user_id
12173,466,176,sess_588,purchase,2026-02-19 05:52:05.240934,Orphan user_id
12174,1177,4,sess_4381,view,2025-11-16 19:34:21.240934,Orphan user_id
12188,1193,430,sess_876,view,2025-10-27 00:11:33.240934,Orphan user_id
12192,1174,517,sess_1090,add_to_cart,2025-10-06 17:50:58.240934,Orphan user_id
12203,1063,860,sess_2843,add_to_cart,2026-04-13 08:09:36.240934,Orphan user_id
12204,1152,58,sess_3270,purchase,2026-03-14 17:03:49.240934,Orphan user_id
12205,1158,48,sess_4616,purchase,2025-07-09 11:32:38.240934,Orphan user_id
12214,1114,1074,sess_3248,add_to_cart,2026-05-30 10:57:04.240934,Orphan user_id
12216,1179,811,sess_1954,add_to_cart,2025-12-12 16:41:01.240934,Orphan user_id
12226,1186,39,sess_1859,view,2025-10-04 02:50:58.240934,Orphan user_id
12251,1175,735,sess_2621,view,2025-08-03 05:02:16.240934,Orphan user_id
12280,1036,428,sess_2534,view,2025-08-16 05:31:53.240934,Orphan user_id
12281,1117,1093,sess_2867,purchase,2026-03-08 13:57:14.240934,Orphan user_id
12295,983,727,sess_1342,add_to_cart,2026-04-25 19:53:16.240934,Orphan user_id
12303,1185,1071,sess_2191,add_to_cart,2026-02-10 00:05:25.240934,Orphan user_id
12334,1101,597,sess_2036,add_to_cart,2026-02-14 05:31:19.240934,Orphan user_id
12358,441,546,sess_3767,view,2026-01-26 05:43:01.240934,Orphan user_id
12376,1141,332,sess_433,add_to_cart,2026-05-14 22:14:47.240934,Orphan user_id
12380,1147,291,sess_4034,add_to_cart,2026-04-08 02:09:01.240934,Orphan user_id
12382,1116,74,sess_2316,purchase,2026-05-14 04:01:46.240934,Orphan user_id
12388,1163,786,sess_2596,purchase,2025-07-20 19:00:46.240934,Orphan user_id
12401,1144,349,sess_2396,purchase,2025-08-16 00:01:37.240934,Orphan user_id
12402,1143,505,sess_3886,view,2026-01-10 06:39:51.240934,Orphan user_id
12420,968,258,sess_3479,add_to_cart,2026-03-01 10:34:59.240934,Orphan user_id
12442,1189,632,sess_2343,purchase,2025-08-19 16:14:23.240934,Orphan user_id
12446,1151,226,sess_4359,view,2026-05-23 21:46:54.240934,Orphan user_id
12451,1133,1005,sess_3416,view,2025-07-11 05:23:04.240934,Orphan user_id
12453,1146,611,sess_3773,view,2025-10-16 07:44:07.240934,Orphan user_id
12457,1182,253,sess_1102,view,2025-09-13 11:54:40.240934,Orphan user_id
12493,1164,1020,sess_4245,purchase,2026-03-23 18:15:18.240934,Orphan user_id
12514,1152,880,sess_2941,add_to_cart,2025-08-07 08:09:01.240934,Orphan user_id
12536,1154,294,sess_1860,view,2026-03-02 20:01:43.240934,Orphan user_id
12537,351,498,sess_927,view,2026-02-19 07:50:42.240934,Orphan user_id
12561,1137,670,sess_554,add_to_cart,2025-12-12 00:05:15.240934,Orphan user_id
12568,1157,1051,sess_4579,add_to_cart,2026-01-28 11:55:22.240934,Orphan user_id
12570,1169,675,sess_4248,purchase,2026-02-25 22:55:31.240934,Orphan user_id
12588,1115,473,sess_3429,purchase,2025-07-21 23:39:05.240934,Orphan user_id
12595,1170,520,sess_2990,add_to_cart,2025-09-21 00:14:19.240934,Orphan user_id
12598,1192,85,sess_2248,purchase,2026-04-01 10:51:17.240934,Orphan user_id
12610,1108,965,sess_1123,view,2026-01-25 20:25:53.240934,Orphan user_id
12633,1103,653,sess_3697,view,2025-08-10 12:17:49.240934,Orphan user_id
12634,1130,319,sess_936,view,2025-10-29 05:22:57.240934,Orphan user_id
12638,1160,238,sess_4702,purchase,2026-04-30 06:09:17.242937,Orphan user_id
12655,1118,179,sess_3322,add_to_cart,2025-12-01 06:06:47.242937,Orphan user_id
12713,679,886,sess_4762,view,2026-02-11 17:01:16.242937,Orphan user_id
12714,766,1074,sess_2967,add_to_cart,2025-12-24 03:07:19.242937,Orphan user_id
12718,1174,327,sess_2563,purchase,2025-10-25 06:52:25.242937,Orphan user_id
12744,1191,1076,sess_4942,add_to_cart,2026-02-14 07:24:20.242937,Orphan user_id
12746,1133,76,sess_2898,purchase,2025-08-20 14:57:06.242937,Orphan user_id
12747,931,924,sess_457,add_to_cart,2025-11-13 10:05:37.242937,Orphan user_id
12757,1171,354,sess_920,purchase,2025-11-27 08:31:14.242937,Orphan user_id
12764,1194,1064,sess_2800,add_to_cart,2026-04-06 05:03:58.242937,Orphan user_id
12770,454,139,sess_4833,purchase,2026-01-13 23:06:18.242937,Orphan user_id
12815,351,290,sess_3465,add_to_cart,2025-09-30 20:48:51.242937,Orphan user_id
12829,1134,776,sess_1161,purchase,2026-03-01 03:57:47.242937,Orphan user_id
12845,457,415,sess_3799,add_to_cart,2025-06-17 11:45:44.242937,Orphan user_id
12856,216,897,sess_2884,purchase,2026-02-26 00:34:47.242937,Orphan user_id
12864,1189,621,sess_1173,purchase,2025-08-02 11:07:06.242937,Orphan user_id
12868,968,336,sess_3037,purchase,2026-01-13 20:04:09.242937,Orphan user_id
12869,1108,446,sess_4892,add_to_cart,2026-04-06 14:38:01.242937,Orphan user_id
12874,1151,1090,sess_4958,view,2025-08-10 02:00:59.242937,Orphan user_id
12881,1198,901,sess_2313,purchase,2025-10-06 02:49:17.242937,Orphan user_id
12889,1136,783,sess_514,purchase,2025-12-01 22:18:31.242937,Orphan user_id
12943,983,198,sess_584,view,2026-02-26 18:39:35.243940,Orphan user_id
12945,561,103,sess_1954,purchase,2025-10-01 19:20:19.243940,Orphan user_id
12957,1113,1082,sess_2143,view,2025-09-23 22:01:15.243940,Orphan user_id
12966,1195,439,sess_4073,add_to_cart,2025-12-04 14:01:58.243940,Orphan user_id
12969,410,623,sess_4343,add_to_cart,2025-12-06 00:59:04.243940,Orphan user_id
12989,886,589,sess_2054,purchase,2026-03-05 16:44:23.243940,Orphan user_id
12997,561,313,sess_4404,purchase,2026-02-02 15:02:15.243940,Orphan user_id
13001,1147,487,sess_3293,add_to_cart,2025-09-17 11:36:02.243940,Orphan user_id
13002,1179,513,sess_4896,view,2026-02-15 00:10:54.243940,Orphan user_id
13013,1172,994,sess_313,view,2026-03-16 20:20:53.243940,Orphan user_id
13017,1155,390,sess_3610,purchase,2026-03-13 04:44:48.243940,Orphan user_id
13025,1121,947,sess_462,view,2025-10-04 16:29:32.243940,Orphan user_id
13031,454,328,sess_2641,purchase,2025-09-27 19:25:55.243940,Orphan user_id
13068,1183,1100,sess_866,purchase,2025-10-07 10:54:02.243940,Orphan user_id
13079,1174,983,sess_3329,view,2026-05-22 17:12:17.243940,Orphan user_id
13111,764,215,sess_3081,purchase,2025-07-24 20:44:08.243940,Orphan user_id
13130,679,861,sess_4495,view,2025-11-10 03:02:39.245946,Orphan user_id
13154,1198,229,sess_2495,purchase,2025-11-02 15:02:38.245946,Orphan user_id
13170,1166,126,sess_565,add_to_cart,2026-01-09 04:37:57.245946,Orphan user_id
13187,1101,470,sess_4306,view,2026-01-25 13:38:51.245946,Orphan user_id
13203,1197,781,sess_1733,purchase,2025-10-31 04:01:09.245946,Orphan user_id
13207,1189,224,sess_2294,add_to_cart,2026-04-25 12:25:42.245946,Orphan user_id
13217,1194,733,sess_334,purchase,2025-09-10 17:49:35.245946,Orphan user_id
13218,1109,396,sess_1130,view,2025-12-16 15:53:11.245946,Orphan user_id
13221,1105,408,sess_2717,add_to_cart,2026-03-31 22:33:54.245946,Orphan user_id
13229,1131,766,sess_3296,add_to_cart,2026-01-24 13:11:46.245946,Orphan user_id
13232,1120,1048,sess_1297,view,2026-02-26 09:51:40.245946,Orphan user_id
13244,711,57,sess_4736,add_to_cart,2025-07-23 23:56:06.245946,Orphan user_id
13245,419,382,sess_2499,purchase,2026-03-25 21:40:07.245946,Orphan user_id
13261,416,610,sess_4660,view,2026-04-20 13:04:34.245946,Orphan user_id
13331,1075,289,sess_3520,purchase,2025-11-22 18:21:15.245946,Orphan user_id
13332,1102,428,sess_4841,add_to_cart,2025-08-26 23:13:18.245946,Orphan user_id
13359,1178,141,sess_3124,view,2025-11-19 02:19:15.245946,Orphan user_id
13367,1180,974,sess_4422,purchase,2025-08-03 06:57:41.245946,Orphan user_id
13381,1075,417,sess_525,purchase,2025-10-14 20:35:59.245946,Orphan user_id
13382,1176,749,sess_3388,view,2025-12-16 19:03:18.245946,Orphan user_id
13383,1151,1,sess_2970,add_to_cart,2025-07-01 04:25:44.245946,Orphan user_id
13384,1188,730,sess_2517,view,2025-07-21 01:24:22.245946,Orphan user_id
13391,1173,966,sess_685,add_to_cart,2026-04-16 19:01:51.245946,Orphan user_id
13404,1178,603,sess_4201,purchase,2025-06-27 09:48:01.245946,Orphan user_id
13412,1139,657,sess_3340,view,2026-02-16 22:41:18.245946,Orphan user_id
13441,351,862,sess_1638,add_to_cart,2026-04-07 03:19:01.245946,Orphan user_id
13471,1141,462,sess_4905,purchase,2026-01-06 16:35:43.245946,Orphan user_id
13482,419,847,sess_4376,add_to_cart,2025-10-20 23:28:59.245946,Orphan user_id
13499,1105,736,sess_4553,purchase,2025-08-29 11:10:50.245946,Orphan user_id
13510,1108,929,sess_950,add_to_cart,2026-05-27 15:24:00.245946,Orphan user_id
13516,1173,947,sess_2014,purchase,2026-02-11 22:25:14.245946,Orphan user_id
13538,1175,665,sess_3634,purchase,2025-11-24 12:30:20.245946,Orphan user_id
13543,1178,728,sess_4593,purchase,2025-08-24 17:47:09.245946,Orphan user_id
13563,1143,503,sess_1930,add_to_cart,2025-07-07 09:03:24.247953,Orphan user_id
13568,631,197,sess_2627,view,2025-12-07 05:00:41.247953,Orphan user_id
13574,1135,1,sess_2668,view,2025-12-01 05:51:43.247953,Orphan user_id
13575,1128,282,sess_1915,purchase,2026-04-06 06:59:09.247953,Orphan user_id
13590,1142,316,sess_1776,view,2026-03-29 06:18:23.247953,Orphan user_id
13619,1109,643,sess_3492,view,2025-08-08 11:20:31.247953,Orphan user_id
13626,753,727,sess_642,purchase,2025-07-16 19:25:34.247953,Orphan user_id
13627,1166,576,sess_1797,purchase,2026-03-19 01:16:22.247953,Orphan user_id
13636,1145,973,sess_2129,purchase,2026-01-08 19:14:44.247953,Orphan user_id
13639,1168,19,sess_93,purchase,2026-03-18 18:42:43.247953,Orphan user_id
13671,466,674,sess_312,purchase,2026-05-09 10:12:57.247953,Orphan user_id
13690,441,1062,sess_2331,add_to_cart,2025-12-29 13:22:59.247953,Orphan user_id
13691,1149,194,sess_2668,view,2025-11-29 01:31:58.247953,Orphan user_id
13695,73,643,sess_70,view,2025-07-19 04:15:50.247953,Orphan user_id
13696,766,71,sess_4144,add_to_cart,2026-04-18 16:54:29.247953,Orphan user_id
13704,679,894,sess_4984,add_to_cart,2025-07-08 19:08:29.247953,Orphan user_id
13725,1103,631,sess_1395,purchase,2026-01-01 06:09:54.247953,Orphan user_id
13732,1183,472,sess_3886,purchase,2025-10-09 20:18:09.247953,Orphan user_id
13769,1114,19,sess_1279,add_to_cart,2025-11-01 10:36:11.247953,Orphan user_id
13772,466,714,sess_4258,purchase,2025-08-05 05:04:16.247953,Orphan user_id
13773,1188,435,sess_3047,add_to_cart,2025-10-04 03:37:28.247953,Orphan user_id
13788,1196,672,sess_1274,purchase,2025-12-22 01:46:49.247953,Orphan user_id
13813,1185,778,sess_2318,add_to_cart,2025-09-15 17:14:34.247953,Orphan user_id
13829,331,823,sess_1281,view,2026-05-27 09:24:30.247953,Orphan user_id
13874,1188,732,sess_3573,view,2026-04-08 15:33:22.247953,Orphan user_id
13893,1126,1031,sess_246,purchase,2025-11-24 12:37:21.247953,Orphan user_id
13901,1143,421,sess_777,add_to_cart,2025-11-03 17:43:55.247953,Orphan user_id
13914,1131,369,sess_1847,purchase,2026-01-02 01:25:39.247953,Orphan user_id
13923,1106,18,sess_1748,add_to_cart,2026-05-03 09:04:36.247953,Orphan user_id
13944,1124,923,sess_2116,purchase,2026-01-22 15:07:29.247953,Orphan user_id
13950,1123,212,sess_3105,purchase,2025-08-02 11:15:13.247953,Orphan user_id
13973,1140,833,sess_130,add_to_cart,2025-07-16 13:34:44.247953,Orphan user_id
13980,1144,619,sess_3360,view,2026-03-07 14:50:13.247953,Orphan user_id
13994,454,835,sess_3096,view,2026-01-03 14:32:17.247953,Orphan user_id
13996,133,409,sess_573,add_to_cart,2025-09-12 02:55:37.247953,Orphan user_id
14002,410,138,sess_1572,view,2026-03-15 05:41:44.247953,Orphan user_id
14020,1101,49,sess_4716,add_to_cart,2025-09-20 19:58:05.247953,Orphan user_id
14022,1129,231,sess_2462,add_to_cart,2026-04-02 01:42:39.247953,Orphan user_id
14050,1191,229,sess_2951,view,2025-11-05 03:33:00.247953,Orphan user_id
14055,1124,1069,sess_758,purchase,2025-10-19 08:49:44.247953,Orphan user_id
14092,1101,493,sess_2021,add_to_cart,2026-05-03 15:26:21.249957,Orphan user_id
14124,1126,99,sess_577,view,2025-09-21 11:08:48.249957,Orphan user_id
14129,1178,309,sess_2697,add_to_cart,2026-01-23 00:13:43.249957,Orphan user_id
14150,1137,642,sess_3916,add_to_cart,2026-05-09 09:33:20.249957,Orphan user_id
14165,351,84,sess_2854,add_to_cart,2026-02-19 23:56:59.249957,Orphan user_id
14176,1114,85,sess_3419,purchase,2025-06-25 05:14:57.249957,Orphan user_id
14179,1199,725,sess_4644,add_to_cart,2025-10-12 12:38:13.249957,Orphan user_id
14185,1190,139,sess_4708,view,2025-09-18 17:47:23.249957,Orphan user_id
14192,1119,134,sess_21,view,2025-12-24 13:28:19.249957,Orphan user_id
14209,766,687,sess_2287,view,2026-05-20 18:19:15.249957,Orphan user_id
14212,466,505,sess_4924,view,2026-01-19 12:53:28.249957,Orphan user_id
14234,766,503,sess_3263,view,2025-08-02 05:43:33.249957,Orphan user_id
14242,561,1029,sess_1708,view,2026-03-23 00:40:18.249957,Orphan user_id
14258,1133,852,sess_3510,purchase,2025-10-13 01:05:12.249957,Orphan user_id
14261,1165,743,sess_4178,view,2025-09-08 22:10:16.249957,Orphan user_id
14262,1154,1100,sess_551,view,2025-07-27 01:55:42.249957,Orphan user_id
14274,1126,848,sess_4485,add_to_cart,2025-09-07 00:46:56.249957,Orphan user_id
14278,1036,584,sess_4801,view,2026-03-30 08:46:30.249957,Orphan user_id
14281,1145,13,sess_4795,add_to_cart,2025-06-30 12:05:32.249957,Orphan user_id
14315,631,94,sess_3703,view,2025-11-28 19:37:30.249957,Orphan user_id
14327,1131,612,sess_3587,add_to_cart,2026-03-03 09:11:24.249957,Orphan user_id
14332,1101,1031,sess_2303,purchase,2025-11-11 20:08:06.249957,Orphan user_id
14349,710,1017,sess_3279,purchase,2026-03-12 05:52:03.249957,Orphan user_id
14383,1187,994,sess_1063,purchase,2025-08-27 12:33:20.249957,Orphan user_id
14395,1169,859,sess_2867,purchase,2026-05-15 16:46:40.249957,Orphan user_id
14402,671,859,sess_3694,purchase,2025-08-28 03:03:23.249957,Orphan user_id
14411,1131,1034,sess_2055,purchase,2025-09-18 12:03:20.249957,Orphan user_id
14414,416,607,sess_4226,add_to_cart,2025-08-23 11:16:07.249957,Orphan user_id
14417,1173,121,sess_3415,add_to_cart,2026-04-18 07:10:12.249957,Orphan user_id
14425,1187,102,sess_4126,view,2026-02-14 16:49:15.249957,Orphan user_id
14471,1196,189,sess_2974,view,2025-11-18 16:43:24.249957,Orphan user_id
14472,1063,621,sess_489,purchase,2026-05-15 13:30:18.249957,Orphan user_id
14483,1163,604,sess_1339,view,2025-07-26 00:14:20.249957,Orphan user_id
14510,351,251,sess_624,purchase,2026-03-06 17:24:27.249957,Orphan user_id
14517,1176,589,sess_1812,add_to_cart,2025-10-11 09:27:11.249957,Orphan user_id
14524,1198,92,sess_154,purchase,2025-06-27 14:16:43.249957,Orphan user_id
14539,968,799,sess_2547,view,2026-03-06 07:23:53.249957,Orphan user_id
14559,1141,815,sess_3363,view,2025-11-02 02:25:29.249957,Orphan user_id
14583,1125,390,sess_1512,view,2025-07-24 15:48:52.251960,Orphan user_id
14604,1186,982,sess_3832,purchase,2025-10-06 22:37:53.251960,Orphan user_id
14610,1133,959,sess_2419,add_to_cart,2026-04-24 16:56:49.251960,Orphan user_id
14613,133,683,sess_1419,add_to_cart,2025-07-31 05:10:18.251960,Orphan user_id
14619,172,589,sess_2267,view,2025-11-19 01:29:18.251960,Orphan user_id
14634,1142,157,sess_3875,purchase,2026-01-04 06:48:40.251960,Orphan user_id
14640,1170,1019,sess_1998,view,2025-08-26 09:30:12.251960,Orphan user_id
14647,1160,317,sess_1616,purchase,2026-05-01 19:08:28.251960,Orphan user_id
14658,419,407,sess_3466,view,2025-08-02 04:10:24.251960,Orphan user_id
14667,1129,1062,sess_3854,add_to_cart,2025-09-18 20:19:20.251960,Orphan user_id
14685,753,901,sess_2018,add_to_cart,2026-05-24 03:07:44.251960,Orphan user_id
14688,1153,974,sess_739,purchase,2026-02-09 11:12:48.251960,Orphan user_id
14692,1177,1062,sess_4288,view,2025-09-25 22:08:01.251960,Orphan user_id
14727,1197,705,sess_1509,add_to_cart,2026-01-13 01:03:44.251960,Orphan user_id
14729,1114,381,sess_3124,add_to_cart,2025-11-22 03:00:44.251960,Orphan user_id
14745,1174,788,sess_1345,add_to_cart,2025-07-22 09:40:07.251960,Orphan user_id
14765,1156,434,sess_4583,purchase,2025-11-03 01:58:44.251960,Orphan user_id
14772,1176,35,sess_4447,purchase,2026-04-06 17:32:48.251960,Orphan user_id
14779,1075,348,sess_4973,add_to_cart,2026-04-27 09:01:40.251960,Orphan user_id
14780,1161,620,sess_4136,view,2025-10-15 03:18:00.251960,Orphan user_id
14802,1190,336,sess_382,purchase,2025-11-11 14:38:14.251960,Orphan user_id
14803,1159,231,sess_3966,view,2026-02-20 10:40:18.251960,Orphan user_id
14804,1164,410,sess_1789,purchase,2026-02-23 02:23:31.251960,Orphan user_id
14813,1138,443,sess_979,add_to_cart,2025-12-31 13:53:21.251960,Orphan user_id
14818,1179,911,sess_4716,purchase,2026-06-09 07:17:31.251960,Orphan user_id
14830,1128,389,sess_3431,view,2025-09-07 12:00:50.251960,Orphan user_id
14844,1133,688,sess_2289,view,2025-09-29 14:23:45.251960,Orphan user_id
14861,931,586,sess_2992,purchase,2025-11-13 09:46:09.253968,Orphan user_id
14868,1188,161,sess_1895,add_to_cart,2025-06-30 16:55:18.253968,Orphan user_id
14870,73,178,sess_523,purchase,2025-10-20 06:21:40.253968,Orphan user_id
14889,73,116,sess_2316,view,2025-06-16 06:00:13.253968,Orphan user_id
14894,753,599,sess_1373,add_to_cart,2026-02-23 00:20:42.253968,Orphan user_id
14898,764,76,sess_754,add_to_cart,2026-04-14 18:48:15.253968,Orphan user_id
14910,886,119,sess_1688,purchase,2026-04-24 17:04:50.253968,Orphan user_id
14925,1147,218,sess_4715,view,2025-08-20 08:29:23.253968,Orphan user_id
14935,970,398,sess_929,view,2026-01-24 02:44:33.253968,Orphan user_id
14944,351,140,sess_902,view,2025-08-03 19:31:30.253968,Orphan user_id
14948,1142,831,sess_3561,add_to_cart,2026-01-28 17:55:58.253968,Orphan user_id
14960,1200,666,sess_4783,view,2026-03-09 13:43:23.253968,Orphan user_id
14963,1151,188,sess_4661,purchase,2026-02-11 18:26:34.253968,Orphan user_id
14966,1114,863,sess_2832,view,2025-07-01 22:58:33.253968,Orphan user_id
14976,1141,744,sess_3870,view,2025-07-07 02:25:00.253968,Orphan user_id
14980,565,312,sess_4265,purchase,2025-12-23 05:35:49.253968,Orphan user_id
14993,1194,240,sess_3765,view,2025-12-03 15:23:14.254569,Orphan user_id
