log_id,user_id,product_id,session_id,action,timestamp
1,931.0,75,sess_4869,add_to_cart,2025-06-11 03:43:04.178635
2,861.0,859,sess_1318,view,2025-06-11 01:27:45.178635
3,91.0,545,sess_917,add_to_cart,2026-05-28 04:25:53.178635
4,306.0,182,sess_971,add_to_cart,2026-01-26 19:55:59.178635
5,1147.0,518,sess_3853,view,2025-10-19 21:51:10.178635
125,604.0,984,sess_3358,purchase,2025-08-11 04:33:51.178635
7,851.0,491,,purchase,2025-07-01 06:21:30.178635
8,330.0,818,sess_694,add_to_cart,invalid_timestamp
9,921.0,1198,sess_548,add_to_cart,2025-12-27 07:14:17.178635
10,541.0,573,sess_238,purchase,2025-07-30 23:03:43.178635
11,537.0,526,sess_2477,purchase,2025-10-16 18:43:12.178635
12,822.0,427,sess_819,view,2025-06-27 08:05:11.178635
13,37.0,605,sess_33,view,2025-06-20 11:58:30.178635
14,429.0,1054,sess_502,view,2026-04-06 13:37:45.178635
15,658.0,781,sess_4878,purchase,2025-12-27 18:00:08.178635
16,791.0,283,sess_1836,add_to_cart,2026-04-04 16:19:51.178635
17,1034.0,1194,sess_2654,purchase,2025-09-16 01:40:49.178635
18,758.0,1048,sess_1982,add_to_cart,2025-07-03 23:08:43.178635
19,108.0,762,sess_324,purchase,2026-02-20 22:16:22.178635
20,141.0,497,sess_238,view,2026-02-19 18:02:57.178635
21,1090.0,9,sess_2381,add_to_cart,2026-04-13 14:28:30.178635
22,1024.0,1145,sess_2470,view,2025-06-21 13:19:52.178635
23,952.0,858,sess_4967,add_to_cart,2026-03-28 08:19:11.178635
24,300.0,845,sess_956,add_to_cart,2026-03-29 02:46:12.178635
25,848.0,127,sess_3758,purchase,2026-05-04 20:12:57.178635
26,62.0,192,sess_4818,view,2026-04-24 06:13:43.178635
27,379.0,995,sess_4146,view,2025-08-23 18:33:48.178635
28,376.0,112,sess_1911,purchase,2026-04-19 18:18:52.178635
29,245.0,461,sess_2025,purchase,2026-03-28 12:50:27.178635
98,1107.0,41,sess_4293,view,2025-07-22 04:49:21.178635
31,184.0,87,sess_1479,view,2025-12-19 07:06:46.178635
32,86.0,525,sess_4402,add_to_cart,2026-03-03 02:49:19.178635
33,1031.0,1189,,purchase,invalid_timestamp
34,759.0,1189,sess_695,view,2026-01-13 14:29:35.178635
35,421.0,604,sess_1730,add_to_cart,2026-01-22 00:45:11.178635
36,103.0,968,sess_2957,purchase,2025-08-23 15:38:06.178635
37,154.0,658,sess_1335,purchase,2025-12-30 10:09:14.178635
38,983.0,20,sess_1048,add_to_cart,2026-01-29 08:01:59.178635
39,119.0,1165,sess_2194,purchase,2025-08-26 23:09:20.178635
40,1155.0,464,sess_2949,add_to_cart,2025-07-17 01:39:00.178635
41,657.0,276,sess_4397,add_to_cart,2025-08-31 20:48:11.178635
42,79.0,564,sess_3418,add_to_cart,2026-02-08 04:57:49.178635
43,843.0,214,sess_512,add_to_cart,2025-09-21 02:55:46.178635
44,674.0,1155,sess_2964,add_to_cart,2026-02-04 06:10:55.178635
45,436.0,513,sess_12,view,2026-06-06 04:09:16.178635
46,22.0,470,sess_2487,view,2026-04-07 04:11:11.178635
47,843.0,53,sess_3150,add_to_cart,2026-01-22 18:45:05.178635
48,231.0,1043,sess_2467,add_to_cart,2025-07-07 20:45:29.178635
49,828.0,69,sess_4315,add_to_cart,2025-08-20 02:02:52.178635
50,1049.0,537,sess_4346,view,2025-08-21 10:41:52.178635
51,255.0,628,sess_1823,purchase,2025-12-18 14:17:30.178635
52,143.0,795,sess_1646,purchase,2025-10-03 15:24:00.178635
53,1072.0,878,sess_845,purchase,2025-10-27 10:27:27.178635
54,1098.0,1162,sess_2630,view,2025-08-31 22:28:35.178635
55,663.0,313,sess_2102,add_to_cart,2026-02-25 21:06:50.178635
56,614.0,286,sess_874,add_to_cart,2026-01-12 02:18:13.178635
57,308.0,323,sess_2693,view,2025-07-20 22:56:45.178635
58,1020.0,399,sess_584,view,2025-07-06 11:56:15.178635
59,16.0,86,sess_4252,purchase,2025-06-17 14:57:09.178635
60,785.0,235,sess_283,view,2026-05-19 19:07:40.178635
61,597.0,1136,sess_2288,add_to_cart,2025-09-24 06:10:22.178635
62,826.0,747,sess_4005,add_to_cart,2025-12-18 07:16:52.178635
63,947.0,686,sess_3384,purchase,2026-06-03 08:28:48.178635
64,816.0,281,sess_1153,add_to_cart,2025-12-16 18:39:31.178635
65,1151.0,422,sess_4972,view,2026-04-12 12:09:49.178635
66,668.0,213,sess_4220,purchase,2025-06-26 19:21:50.178635
67,1065.0,208,sess_4494,add_to_cart,2025-09-20 18:55:09.178635
68,911.0,540,sess_2410,view,2026-02-26 04:07:51.178635
69,760.0,927,sess_2051,view,2025-10-07 02:23:46.178635
70,112.0,1000,sess_2200,add_to_cart,2025-12-18 01:01:50.178635
71,452.0,1146,sess_4159,add_to_cart,2026-04-28 20:27:04.178635
72,744.0,463,sess_3053,add_to_cart,2025-12-26 19:32:47.178635
73,121.0,840,sess_396,add_to_cart,2025-10-22 00:01:38.178635
74,557.0,498,sess_3653,view,2025-12-17 07:51:27.178635
75,44.0,690,sess_503,add_to_cart,invalid_timestamp
76,795.0,536,sess_4266,add_to_cart,2026-01-02 21:28:37.178635
77,889.0,1128,sess_2065,view,2026-05-13 13:02:36.178635
78,54.0,658,sess_1382,add_to_cart,2025-11-15 03:46:40.178635
79,1076.0,555,sess_4461,add_to_cart,2026-02-24 04:37:32.178635
80,809.0,837,sess_3493,purchase,2025-12-06 17:59:31.178635
81,804.0,625,sess_2324,add_to_cart,2025-08-12 18:56:01.178635
82,876.0,9,sess_3758,add_to_cart,2025-09-17 09:38:11.178635
83,906.0,1148,sess_2720,purchase,2025-12-31 18:10:54.178635
84,663.0,1030,,add_to_cart,2026-03-02 02:54:34.178635
85,339.0,354,sess_1322,view,2025-06-17 03:09:25.178635
86,306.0,169,sess_4735,purchase,2025-06-12 18:42:42.178635
87,,470,sess_1424,purchase,2026-05-30 19:56:11.178635
88,753.0,772,sess_561,view,2026-06-09 11:38:29.178635
89,1060.0,806,sess_3250,purchase,2025-12-17 13:22:45.178635
90,948.0,1067,sess_2809,add_to_cart,2026-03-16 01:53:59.178635
91,969.0,908,sess_1519,purchase,2025-10-06 21:44:57.178635
92,1016.0,22,sess_229,add_to_cart,2026-06-06 15:46:52.178635
93,451.0,574,sess_4497,add_to_cart,2025-08-27 11:09:58.178635
94,535.0,230,sess_71,add_to_cart,invalid_timestamp
95,921.0,784,sess_363,add_to_cart,2025-10-25 11:12:02.178635
96,51.0,1143,sess_2560,view,2026-01-29 09:55:43.178635
200,973.0,918,sess_1268,purchase,2026-01-05 04:06:06.178635
98,1154.0,300,sess_2227,view,2026-02-13 23:35:13.178635
99,1076.0,714,sess_1804,purchase,2026-06-04 15:44:39.178635
100,908.0,1025,sess_1296,purchase,2026-02-14 04:59:11.178635
101,938.0,1198,sess_4044,purchase,2026-03-15 22:20:00.178635
102,763.0,154,,add_to_cart,2025-08-11 00:41:49.178635
103,283.0,55,sess_2290,purchase,2026-04-11 11:40:27.178635
104,98.0,99,sess_4600,purchase,2025-12-16 15:39:08.178635
105,1191.0,1170,sess_3900,purchase,2025-08-20 22:42:06.178635
54,1099.0,109,sess_427,add_to_cart,2026-04-14 16:36:12.178635
107,10.0,18,sess_2634,add_to_cart,2026-02-21 02:16:14.178635
108,19.0,473,sess_83,add_to_cart,2025-11-20 10:21:23.178635
109,691.0,251,sess_823,view,2026-05-09 11:38:33.178635
110,306.0,905,sess_1499,purchase,2026-04-25 01:34:38.178635
111,1003.0,1034,sess_566,purchase,2025-07-24 18:14:31.178635
112,76.0,655,sess_1150,view,2026-03-11 19:08:23.178635
113,893.0,1047,sess_2382,view,2025-07-18 21:51:25.178635
114,276.0,1049,sess_633,view,2025-08-23 15:42:23.178635
189,281.0,887,sess_1710,view,2026-02-17 01:01:41.178635
116,198.0,663,sess_3274,add_to_cart,2025-11-18 17:20:30.178635
117,738.0,1158,sess_2756,add_to_cart,2025-11-25 00:35:30.178635
118,730.0,700,,view,2025-08-26 20:58:01.178635
119,301.0,227,sess_4412,purchase,2025-07-29 06:24:43.178635
120,382.0,596,sess_2537,view,invalid_timestamp
121,380.0,197,sess_2798,add_to_cart,2025-08-07 13:04:32.178635
122,763.0,338,sess_4382,add_to_cart,2026-05-30 17:56:36.178635
123,414.0,443,sess_4766,purchase,2026-06-05 02:37:36.178635
124,976.0,901,sess_2458,add_to_cart,2025-12-12 22:39:22.178635
125,269.0,68,sess_1212,view,2025-07-23 18:00:42.178635
126,686.0,1066,sess_81,purchase,2026-04-05 14:01:43.178635
127,1103.0,399,,add_to_cart,2026-04-05 10:41:37.178635
128,791.0,661,sess_825,purchase,2026-05-29 04:22:45.178635
129,573.0,1132,sess_2112,add_to_cart,2025-12-22 09:58:38.178635
130,923.0,300,sess_4835,purchase,2025-06-24 18:19:41.178635
131,244.0,251,sess_3962,add_to_cart,2025-06-20 12:42:35.178635
132,814.0,738,sess_4372,add_to_cart,2025-10-24 06:45:53.178635
133,1041.0,808,sess_2913,purchase,2025-11-20 22:04:07.178635
134,483.0,619,sess_4337,add_to_cart,2025-07-25 00:29:51.178635
135,899.0,879,,view,2025-07-28 18:14:16.178635
136,992.0,180,sess_1477,add_to_cart,2025-10-30 20:15:14.178635
137,1088.0,336,sess_1818,view,2025-11-02 19:29:22.178635
138,409.0,176,sess_1728,purchase,2025-09-11 08:49:18.178635
139,47.0,999,,view,2025-06-26 18:38:25.178635
140,96.0,428,sess_1698,add_to_cart,2026-05-14 19:03:48.178635
141,135.0,813,sess_211,purchase,2025-07-24 14:51:28.178635
142,277.0,941,sess_3843,purchase,invalid_timestamp
143,491.0,562,sess_2551,add_to_cart,2025-09-02 18:08:21.178635
144,949.0,1158,sess_2740,view,2026-03-05 18:08:29.178635
145,154.0,844,sess_4495,purchase,2025-09-29 01:41:21.178635
146,482.0,667,sess_4981,purchase,2026-05-30 06:26:54.178635
55,170.0,906,sess_725,add_to_cart,2025-10-28 22:46:21.178635
148,73.0,561,sess_4772,purchase,2026-01-15 14:25:04.178635
149,95.0,1075,sess_1405,add_to_cart,2026-04-10 10:00:55.178635
150,181.0,682,sess_993,add_to_cart,2025-10-19 22:11:26.178635
151,791.0,617,sess_3017,add_to_cart,2026-05-11 11:41:47.178635
152,520.0,887,sess_642,purchase,2026-04-27 16:56:47.178635
153,9.0,357,sess_2714,view,2025-12-19 07:59:10.178635
154,1077.0,474,sess_4739,view,2025-11-16 05:12:39.178635
155,728.0,558,sess_1939,purchase,2026-06-11 06:26:25.178635
156,14.0,967,sess_3513,add_to_cart,2026-05-09 07:29:48.178635
157,312.0,766,sess_3199,view,invalid_timestamp
158,,335,sess_4982,add_to_cart,2025-10-26 18:00:42.178635
159,98.0,1117,sess_2946,view,2026-02-02 11:57:46.178635
160,897.0,833,sess_3635,purchase,2025-12-06 09:03:20.178635
161,955.0,1022,sess_1220,add_to_cart,2025-06-15 11:30:17.178635
162,536.0,784,sess_1415,purchase,2025-09-02 16:36:44.178635
163,915.0,535,sess_3148,view,2025-12-08 10:17:52.178635
164,913.0,167,sess_2801,add_to_cart,2025-07-20 07:43:28.178635
165,541.0,766,sess_3427,purchase,2025-12-01 06:52:25.178635
166,7.0,386,,purchase,2025-12-07 16:33:37.178635
167,874.0,508,sess_4767,purchase,2025-07-12 17:55:33.178635
168,375.0,966,sess_3753,purchase,2026-04-29 09:34:10.178635
169,377.0,732,sess_3570,view,2025-07-26 20:19:34.178635
170,1066.0,100,sess_3759,view,2025-07-14 13:48:53.178635
171,732.0,1025,sess_3605,purchase,2025-08-14 04:36:09.178635
172,366.0,33,sess_1240,view,2025-10-05 11:50:57.178635
173,578.0,795,sess_1562,add_to_cart,2026-03-29 02:11:15.178635
174,602.0,451,sess_2153,purchase,2026-05-08 11:07:27.178635
175,456.0,646,sess_4311,purchase,2025-08-16 17:24:18.178635
176,1141.0,1082,sess_256,add_to_cart,2026-04-13 10:59:35.178635
115,885.0,940,sess_4647,add_to_cart,2025-11-02 04:37:00.178635
178,578.0,750,sess_15,add_to_cart,2025-09-14 17:31:25.178635
179,820.0,1070,sess_514,view,invalid_timestamp
180,126.0,891,sess_2283,view,2025-07-17 00:15:29.178635
181,687.0,465,sess_2548,purchase,2026-01-15 21:27:34.178635
182,1003.0,1136,sess_2198,purchase,2025-06-18 07:57:21.178635
183,583.0,496,sess_1104,add_to_cart,2026-04-28 19:33:53.178635
184,414.0,908,sess_2015,add_to_cart,2025-08-13 19:51:35.178635
185,558.0,150,sess_2425,view,2025-07-15 12:51:02.178635
186,411.0,529,sess_1122,add_to_cart,2026-05-08 20:41:32.178635
187,1179.0,939,sess_3387,add_to_cart,2025-12-18 17:04:06.178635
188,345.0,1184,sess_2950,purchase,2026-01-15 08:45:10.178635
189,497.0,185,sess_4355,add_to_cart,2025-12-07 10:11:04.178635
190,506.0,249,sess_4549,view,2026-03-25 03:52:36.178635
191,995.0,325,sess_4034,purchase,2026-05-30 14:32:11.178635
192,40.0,942,sess_44,add_to_cart,2025-12-03 20:03:33.178635
193,155.0,1134,sess_1569,add_to_cart,2025-06-23 01:29:24.178635
194,500.0,1121,sess_1188,view,2026-06-06 13:07:47.178635
195,460.0,79,sess_598,purchase,2025-10-30 04:01:43.178635
196,983.0,976,sess_3839,add_to_cart,2025-12-04 02:12:08.178635
197,31.0,850,sess_4998,view,2025-06-15 13:44:14.178635
198,477.0,578,sess_1938,purchase,2026-04-23 19:51:55.178635
199,1174.0,1190,sess_4095,add_to_cart,2025-12-05 17:52:16.178635
200,557.0,507,,view,2025-06-18 14:48:39.178635
201,384.0,892,sess_1268,add_to_cart,2026-01-06 20:17:17.178635
202,459.0,450,sess_1926,add_to_cart,2026-05-27 07:31:22.178635
203,538.0,1025,,purchase,2026-04-07 13:20:05.178635
204,570.0,693,,purchase,2025-06-12 05:23:35.178635
205,832.0,633,,add_to_cart,2026-04-30 07:54:14.178635
206,621.0,585,sess_1690,view,2025-11-23 03:58:53.178635
207,101.0,50,sess_1280,purchase,2025-07-07 10:37:27.178635
208,390.0,996,sess_4907,purchase,2025-09-27 10:48:47.178635
209,770.0,726,sess_1445,add_to_cart,2026-02-16 10:43:13.178635
210,1184.0,1081,sess_4218,view,2025-06-21 04:50:01.178635
211,1086.0,219,sess_4161,view,2026-04-06 07:29:55.178635
212,1114.0,676,sess_2662,view,2026-01-23 01:20:35.178635
213,1085.0,363,sess_538,purchase,2026-03-09 06:31:55.178635
214,1117.0,560,sess_3978,add_to_cart,2025-10-14 16:18:31.178635
215,1132.0,655,sess_3735,purchase,2025-08-20 06:24:01.178635
216,646.0,574,sess_1954,view,2025-11-03 00:27:04.178635
217,87.0,972,sess_2179,purchase,2025-07-25 04:57:58.178635
218,60.0,509,sess_4654,view,2025-09-18 01:11:14.178635
219,583.0,651,sess_3669,view,2026-03-19 19:49:50.178635
220,1070.0,385,sess_4937,view,2025-07-28 10:30:50.178635
221,1180.0,1096,sess_2381,view,2025-07-23 16:06:10.178635
222,1056.0,1026,sess_4240,view,2025-08-08 05:45:32.178635
223,937.0,1199,sess_4753,view,2026-03-01 09:08:46.178635
224,980.0,921,sess_3033,purchase,2025-07-23 10:09:45.178635
225,25.0,101,sess_1821,view,2025-11-16 10:14:26.178635
226,406.0,938,sess_327,add_to_cart,2026-01-02 02:32:07.178635
227,1103.0,1167,sess_1916,purchase,2026-02-25 10:44:46.178635
228,279.0,964,sess_4080,purchase,2025-11-06 08:10:34.178635
229,680.0,928,sess_3838,purchase,2026-06-06 05:08:01.178635
230,728.0,401,sess_824,purchase,2026-05-17 22:11:30.178635
231,195.0,1157,sess_506,purchase,2026-06-08 23:32:03.178635
232,436.0,653,sess_3933,add_to_cart,2025-10-28 06:29:36.178635
233,411.0,1160,sess_4201,purchase,2025-08-10 23:42:38.178635
234,260.0,368,sess_3452,view,2025-10-05 21:14:59.178635
235,507.0,185,sess_2364,purchase,2025-08-13 15:15:00.178635
236,502.0,665,sess_3213,view,2025-10-01 10:41:32.178635
237,356.0,688,sess_678,add_to_cart,2025-11-10 16:29:52.178635
238,1094.0,336,sess_4193,view,2026-02-28 22:03:00.178635
239,25.0,1034,sess_2823,purchase,2025-11-13 06:01:27.178635
240,1032.0,473,sess_98,purchase,2025-07-01 01:08:31.178635
241,1000.0,854,sess_2315,add_to_cart,2026-02-17 05:03:30.178635
242,601.0,593,sess_1978,view,2025-06-29 11:01:43.178635
243,1121.0,833,sess_996,view,2025-10-11 03:03:38.178635
244,222.0,201,sess_1604,purchase,2025-07-13 20:08:03.178635
245,817.0,1035,sess_3036,add_to_cart,2025-08-21 03:54:45.178635
246,201.0,568,sess_1950,view,2025-07-23 03:26:01.178635
247,963.0,759,sess_1328,view,2025-11-02 03:18:22.178635
248,417.0,206,sess_1025,add_to_cart,2025-11-14 13:55:19.178635
249,,1035,sess_1412,add_to_cart,2026-02-17 16:00:48.178635
250,20.0,151,sess_3011,view,2026-02-22 01:28:53.178635
251,630.0,933,sess_4058,purchase,2025-11-19 16:34:23.178635
252,885.0,275,sess_1738,view,2025-06-21 10:19:05.178635
253,692.0,909,sess_999,purchase,2025-07-30 20:44:58.178635
254,1007.0,789,sess_4665,purchase,2025-07-17 16:58:28.178635
255,86.0,66,sess_298,view,2025-10-29 21:01:18.178635
256,143.0,496,sess_4686,add_to_cart,2026-06-06 20:22:48.178635
257,721.0,1159,sess_4364,add_to_cart,2026-03-04 22:59:33.178635
258,626.0,47,sess_1479,view,2026-01-13 22:35:11.178635
259,503.0,1069,sess_929,purchase,2025-07-16 02:06:54.178635
260,200.0,60,sess_3583,view,2025-10-01 17:05:35.178635
261,1049.0,96,sess_46,purchase,2025-09-05 08:26:13.178635
262,512.0,818,sess_3452,add_to_cart,2025-07-27 19:40:56.178635
263,37.0,63,sess_269,add_to_cart,2025-11-27 03:07:40.178635
264,282.0,265,sess_2992,view,2025-07-18 13:52:48.178635
265,1153.0,1195,sess_1612,view,2025-08-14 22:38:40.178635
266,935.0,620,sess_3491,view,2025-12-11 09:14:58.178635
267,412.0,534,sess_2094,purchase,2026-01-13 22:28:52.178635
268,1046.0,1127,sess_544,view,2025-09-18 04:50:06.178635
269,,520,sess_1766,view,2025-12-23 17:42:25.178635
270,337.0,506,sess_3188,view,2026-03-19 08:15:48.178635
271,174.0,1073,sess_3117,purchase,invalid_timestamp
272,18.0,125,sess_4432,add_to_cart,2026-02-20 06:47:25.178635
273,730.0,707,sess_1626,purchase,2026-05-15 05:27:00.178635
274,210.0,1096,sess_3463,view,2025-06-26 02:27:27.178635
275,340.0,375,sess_2298,add_to_cart,2025-12-17 10:05:29.178635
276,816.0,390,sess_2030,view,2025-11-23 15:53:43.178635
277,1112.0,345,sess_25,purchase,2026-03-02 03:40:07.178635
278,528.0,705,sess_4997,add_to_cart,2025-11-28 21:01:10.178635
279,1065.0,1019,sess_2679,add_to_cart,2025-08-31 06:56:54.178635
280,1005.0,422,sess_2095,view,2025-07-23 03:32:47.178635
281,874.0,746,sess_2747,add_to_cart,2026-03-15 01:15:54.178635
282,742.0,44,sess_80,add_to_cart,2026-03-04 01:45:49.178635
283,927.0,961,sess_4459,purchase,2025-09-09 15:27:24.178635
284,608.0,706,sess_4062,add_to_cart,2026-02-06 09:53:36.178635
285,272.0,77,sess_3755,view,2026-05-18 19:14:43.178635
286,84.0,356,sess_23,purchase,2026-01-09 20:26:08.178635
287,5.0,351,sess_4310,add_to_cart,2025-07-17 23:55:29.178635
288,596.0,859,sess_207,view,2026-03-29 19:42:40.178635
289,940.0,240,sess_3639,view,2026-04-22 19:05:44.178635
290,308.0,380,sess_2419,view,2026-02-13 06:42:01.178635
291,1197.0,948,sess_3905,add_to_cart,2026-03-28 17:17:02.178635
292,1057.0,877,sess_563,view,2025-10-02 12:46:33.178635
293,554.0,209,sess_2398,add_to_cart,invalid_timestamp
294,741.0,167,sess_4257,view,2025-12-25 03:11:02.178635
295,491.0,15,sess_1153,view,2026-04-18 04:10:17.178635
296,1196.0,381,sess_3013,purchase,2026-04-01 06:37:42.178635
297,988.0,431,sess_3229,view,2025-08-27 19:35:08.178635
26,923.0,549,sess_91,add_to_cart,2025-09-17 15:29:53.178635
299,277.0,843,sess_2751,add_to_cart,2026-02-07 03:33:22.178635
300,60.0,721,sess_1490,view,2026-03-03 01:56:54.178635
301,916.0,829,sess_2811,purchase,2026-06-05 19:38:31.178635
302,392.0,133,sess_3725,view,2026-05-20 08:28:12.178635
303,933.0,17,sess_494,view,2025-06-16 14:48:12.178635
13,9.0,1157,sess_4720,view,2025-07-31 21:27:12.178635
305,279.0,253,sess_3769,purchase,2025-11-01 05:19:23.178635
306,141.0,796,sess_4376,purchase,2025-10-05 12:10:45.178635
307,1154.0,1039,sess_2350,view,2025-09-13 19:09:49.178635
308,402.0,633,sess_2833,purchase,2025-11-15 18:09:51.178635
309,588.0,154,sess_4107,purchase,2025-10-23 07:21:46.178635
310,1079.0,784,sess_2927,add_to_cart,2026-04-04 17:04:07.178635
311,1056.0,974,sess_1259,purchase,2025-10-27 18:09:17.178635
312,482.0,224,sess_3617,add_to_cart,2025-12-20 21:41:42.178635
313,109.0,470,sess_42,purchase,2025-10-03 15:55:05.178635
314,43.0,763,sess_1111,view,2025-09-22 04:54:33.178635
315,54.0,506,sess_1198,add_to_cart,2025-11-21 06:49:39.178635
316,,1017,sess_843,view,2026-04-08 15:23:38.178635
317,626.0,796,sess_3302,add_to_cart,2026-03-28 09:05:32.178635
318,430.0,220,sess_340,add_to_cart,2026-04-11 00:46:49.178635
319,831.0,163,sess_1150,add_to_cart,invalid_timestamp
320,998.0,396,sess_449,purchase,2026-04-28 17:15:29.178635
180,,246,sess_2139,add_to_cart,2025-10-31 10:17:30.178635
322,740.0,516,sess_1999,add_to_cart,2025-07-30 14:53:37.178635
323,946.0,344,sess_3959,view,2025-11-15 21:12:52.178635
324,602.0,134,sess_4141,view,2025-06-16 09:39:57.178635
325,244.0,826,sess_3434,add_to_cart,2025-09-15 08:22:06.178635
326,903.0,497,sess_2337,view,2025-11-24 23:28:34.178635
327,696.0,667,sess_1069,purchase,2026-03-17 12:43:51.178635
328,611.0,757,sess_1075,purchase,2026-03-22 09:13:39.178635
329,989.0,790,sess_1605,purchase,invalid_timestamp
330,743.0,1037,,add_to_cart,2025-11-13 00:12:43.178635
331,465.0,967,sess_1175,purchase,invalid_timestamp
332,778.0,1080,sess_424,purchase,2026-01-05 14:09:51.178635
333,302.0,571,sess_1999,view,2025-07-06 23:30:12.178635
334,,795,sess_3960,view,2026-02-14 19:47:16.178635
335,246.0,840,sess_177,add_to_cart,2025-10-10 10:23:20.178635
336,353.0,282,sess_3971,add_to_cart,2026-01-20 15:12:46.178635
337,1191.0,205,sess_600,add_to_cart,2025-09-27 06:24:51.178635
338,215.0,708,sess_2439,add_to_cart,2025-11-25 19:34:33.178635
339,995.0,532,sess_1055,purchase,2025-12-28 17:50:01.178635
340,,808,sess_352,add_to_cart,2025-07-13 18:31:31.178635
341,399.0,1168,sess_2492,view,2026-03-07 00:51:20.178635
30,903.0,921,sess_2634,view,2025-10-08 15:25:56.178635
343,164.0,409,sess_1005,view,2025-07-04 20:22:35.178635
344,308.0,518,sess_2124,add_to_cart,2026-02-13 06:04:48.178635
345,356.0,455,sess_4721,add_to_cart,2025-12-20 08:16:06.178635
346,48.0,602,sess_1100,add_to_cart,2025-09-16 11:22:03.178635
347,473.0,496,sess_4902,add_to_cart,2025-06-15 15:17:23.178635
348,1150.0,828,sess_4382,add_to_cart,2025-11-14 06:26:29.178635
349,908.0,1088,,purchase,2025-06-23 15:52:51.178635
350,841.0,755,sess_2941,purchase,2026-03-11 06:37:21.178635
351,54.0,10,sess_3676,view,2025-08-28 05:57:02.178635
352,1086.0,659,sess_2974,view,2026-01-29 13:47:49.178635
353,860.0,33,sess_4935,add_to_cart,2026-02-20 11:48:07.178635
354,370.0,291,sess_3874,purchase,2025-12-02 01:20:42.178635
355,754.0,1161,sess_4710,purchase,2026-02-24 23:35:36.178635
356,,370,sess_1038,purchase,2026-04-28 11:58:56.178635
357,1167.0,1021,sess_277,view,2025-11-24 14:18:37.178635
358,388.0,442,sess_913,add_to_cart,2026-01-14 19:32:29.178635
359,371.0,258,sess_3849,add_to_cart,2025-07-20 06:03:33.178635
360,121.0,1183,sess_48,purchase,2025-06-23 23:35:50.178635
361,536.0,250,sess_2027,add_to_cart,2025-10-02 19:10:33.178635
362,951.0,656,sess_1215,add_to_cart,2026-05-27 05:02:21.178635
363,969.0,62,sess_1759,purchase,2025-11-16 00:18:35.178635
364,590.0,445,sess_2179,purchase,2025-07-26 04:32:53.178635
365,1192.0,597,sess_1039,purchase,2026-02-05 23:28:29.178635
366,805.0,766,sess_3786,view,2025-10-09 17:50:47.178635
367,,272,sess_3046,add_to_cart,invalid_timestamp
368,1119.0,465,sess_3552,purchase,2026-06-06 03:17:03.178635
369,310.0,1042,sess_2807,add_to_cart,2026-02-02 04:24:42.178635
370,,1029,sess_1930,view,2026-03-14 08:50:44.178635
371,1034.0,1046,sess_2136,view,2026-04-12 11:12:53.178635
372,998.0,692,sess_2753,purchase,2026-05-29 01:04:10.178635
373,711.0,335,sess_1527,purchase,2025-10-31 22:10:34.178635
374,297.0,266,sess_248,add_to_cart,2025-09-10 05:48:22.178635
375,893.0,32,sess_1287,view,2026-02-24 15:52:53.178635
376,736.0,724,sess_591,purchase,2026-01-17 14:53:44.178635
377,506.0,500,sess_2493,purchase,2026-05-05 13:05:35.178635
378,677.0,428,sess_1144,view,2025-11-27 13:05:40.178635
379,831.0,817,sess_1292,add_to_cart,2026-05-03 21:06:42.178635
380,818.0,1167,sess_545,view,2025-07-04 19:50:01.178635
381,811.0,786,,purchase,2026-01-21 06:31:39.178635
382,10.0,137,sess_1961,view,2025-07-24 15:37:58.178635
383,50.0,714,sess_184,view,2026-03-06 06:37:27.178635
384,925.0,312,sess_3930,purchase,2025-12-25 06:09:29.178635
385,418.0,236,sess_2365,add_to_cart,2026-03-24 11:12:36.178635
386,1090.0,244,,view,2025-12-29 18:20:43.178635
387,,909,sess_354,view,2026-05-23 21:38:58.178635
388,484.0,504,sess_3509,add_to_cart,2025-11-14 01:33:36.178635
389,743.0,1198,sess_313,add_to_cart,2025-08-19 08:39:46.178635
390,422.0,507,sess_993,purchase,2025-08-05 03:44:15.178635
391,725.0,85,sess_3415,view,2025-09-16 04:23:48.178635
392,106.0,686,sess_3455,add_to_cart,2025-08-06 22:28:38.178635
393,684.0,1055,sess_504,view,2026-01-12 10:37:09.178635
394,230.0,761,sess_1057,purchase,2026-03-20 09:56:25.178635
395,704.0,468,sess_3958,add_to_cart,2025-09-16 08:00:09.178635
30,576.0,263,sess_3412,view,2025-07-18 04:57:54.178635
397,,85,sess_3234,purchase,2025-10-31 10:33:15.178635
398,339.0,498,sess_1488,view,2026-06-02 16:46:34.178635
399,81.0,299,sess_4972,view,2026-02-04 04:41:43.178635
400,261.0,644,sess_3962,add_to_cart,2026-05-25 21:01:03.178635
401,757.0,497,sess_2317,add_to_cart,2026-03-27 15:04:34.178635
402,1108.0,1001,sess_792,add_to_cart,2025-07-09 10:42:30.178635
403,349.0,838,sess_2261,add_to_cart,2025-10-14 22:38:08.178635
404,1043.0,783,sess_3684,purchase,2025-09-05 22:54:08.178635
405,980.0,84,sess_2918,view,2026-01-25 10:50:48.178635
406,601.0,95,sess_2538,add_to_cart,invalid_timestamp
407,897.0,1170,sess_988,purchase,2026-04-27 09:07:31.178635
408,705.0,153,sess_1819,add_to_cart,2025-07-31 09:11:31.178635
409,540.0,508,sess_475,purchase,2025-08-29 18:24:21.178635
410,463.0,428,sess_792,add_to_cart,2026-04-10 00:22:32.178635
411,663.0,1012,sess_3399,add_to_cart,2026-01-06 13:28:51.178635
412,932.0,269,sess_1730,add_to_cart,2026-05-11 06:54:22.178635
413,259.0,677,sess_2074,purchase,2025-08-16 10:33:35.178635
414,401.0,519,sess_3128,add_to_cart,2025-09-22 02:23:03.178635
415,,212,sess_238,add_to_cart,2025-08-31 23:00:45.178635
416,1048.0,1101,sess_679,add_to_cart,2026-02-03 12:00:05.178635
417,1100.0,860,sess_309,view,2025-06-27 07:27:52.178635
418,401.0,665,sess_140,view,2025-08-31 23:37:53.178635
419,1005.0,744,sess_4582,view,2025-07-22 08:03:25.178635
420,982.0,547,sess_4411,add_to_cart,2026-06-02 07:15:55.178635
421,1053.0,1091,sess_748,add_to_cart,2026-01-05 04:53:43.178635
422,611.0,1104,sess_4513,purchase,2025-12-28 08:47:25.178635
37,552.0,589,sess_608,purchase,2025-08-13 19:47:51.178635
424,639.0,382,sess_868,view,2026-06-06 01:53:00.178635
425,470.0,1042,sess_3279,view,2025-11-30 18:26:44.178635
426,115.0,558,sess_2750,add_to_cart,2026-02-03 20:12:18.178635
427,516.0,232,sess_739,purchase,2026-01-19 15:55:16.178635
428,96.0,752,sess_13,purchase,2026-05-03 03:28:53.178635
429,454.0,568,sess_3799,add_to_cart,2026-05-02 06:42:37.178635
430,723.0,842,sess_218,add_to_cart,2025-08-11 08:32:31.178635
431,200.0,13,,add_to_cart,2025-09-05 19:36:36.178635
432,816.0,133,sess_1034,purchase,2026-04-20 21:04:34.178635
433,478.0,723,sess_2320,add_to_cart,2025-08-03 01:26:29.178635
434,718.0,385,sess_1304,purchase,2026-02-03 10:29:48.178635
435,1197.0,335,sess_3152,purchase,invalid_timestamp
436,883.0,1038,sess_577,view,2025-06-17 05:31:58.178635
437,1142.0,831,sess_1546,add_to_cart,2026-05-11 11:50:15.178635
438,249.0,555,sess_1973,add_to_cart,2025-12-08 17:28:43.178635
439,470.0,1193,sess_4949,add_to_cart,2025-08-02 20:34:40.178635
440,964.0,46,sess_4236,purchase,2025-09-18 19:57:34.178635
441,599.0,872,,view,2025-10-08 22:40:50.178635
442,896.0,1064,sess_4099,add_to_cart,2026-05-26 14:18:52.181409
443,112.0,360,sess_1070,view,2026-03-02 11:36:15.181409
444,319.0,745,sess_3429,add_to_cart,2025-10-23 00:37:22.181409
445,66.0,1090,sess_1882,add_to_cart,2026-03-08 01:12:07.181409
446,1147.0,385,sess_1086,purchase,2025-08-02 16:39:23.181409
447,744.0,339,sess_4615,view,2025-10-06 06:46:04.181409
448,828.0,741,sess_2783,purchase,2025-10-16 11:08:17.181409
449,307.0,277,sess_189,add_to_cart,2025-08-16 13:03:16.181409
450,634.0,1134,sess_858,view,2026-04-03 22:50:59.181409
451,265.0,1079,sess_4106,view,2026-02-17 21:14:01.181409
452,534.0,39,sess_4918,view,2026-04-15 15:57:46.181409
453,1009.0,5,sess_1005,view,2026-02-13 05:01:43.181409
454,445.0,786,sess_3616,purchase,2025-10-05 08:10:35.181409
455,740.0,727,sess_972,view,2026-04-08 18:23:27.181409
456,30.0,162,,view,2026-03-07 23:17:52.181409
457,1000.0,116,sess_2255,view,2025-07-06 15:19:42.181409
458,609.0,657,sess_3046,purchase,2025-10-22 10:06:35.181409
459,691.0,34,,purchase,2025-10-22 15:38:10.181409
460,67.0,833,sess_4708,view,2025-08-21 03:18:24.181409
461,379.0,936,sess_4356,view,2025-10-04 07:22:40.181409
462,1016.0,289,sess_1311,add_to_cart,2025-09-09 23:35:03.181409
463,553.0,886,sess_4383,purchase,2026-03-15 04:31:38.181409
464,712.0,147,sess_2858,purchase,2025-07-15 17:59:49.181409
465,815.0,594,sess_37,view,2026-05-16 18:56:34.181409
466,59.0,1115,sess_718,view,2026-06-11 17:20:06.181409
467,844.0,1121,sess_3937,add_to_cart,2025-07-01 09:40:04.181409
468,13.0,395,sess_4321,view,2025-09-30 15:10:17.181409
469,586.0,547,sess_2195,add_to_cart,2026-05-22 22:56:05.181409
470,668.0,637,sess_3502,view,2026-02-11 12:37:20.181409
471,215.0,993,sess_1624,purchase,2025-12-24 16:31:14.181409
472,565.0,129,sess_1862,purchase,2026-04-12 08:50:45.181409
473,663.0,730,sess_3556,purchase,2026-01-09 08:53:46.181409
474,996.0,379,sess_1057,view,2026-05-06 06:33:28.181409
475,823.0,466,sess_2978,purchase,2025-07-17 02:24:16.181409
476,964.0,324,sess_3549,purchase,2025-11-12 06:04:52.181409
477,462.0,525,sess_3939,add_to_cart,2026-04-02 16:54:34.181409
478,969.0,746,sess_1358,purchase,2025-10-18 19:43:52.181409
479,34.0,777,sess_4213,add_to_cart,2025-09-25 18:07:19.181409
480,610.0,143,,view,2026-03-30 09:49:28.181409
481,174.0,380,sess_1166,purchase,2025-07-23 10:45:23.181409
482,869.0,889,sess_3583,view,2025-12-25 04:07:52.181409
483,129.0,1068,sess_1230,view,2026-03-20 01:56:55.181409
484,803.0,330,sess_1837,view,2025-08-29 17:46:08.181409
485,940.0,796,sess_4915,purchase,2026-04-24 15:42:45.181409
486,392.0,32,sess_3425,add_to_cart,2025-12-31 15:37:49.181409
487,287.0,161,sess_3552,add_to_cart,2026-06-05 22:18:09.181409
488,910.0,946,sess_2603,add_to_cart,2026-06-11 01:17:49.181409
489,544.0,867,sess_1874,view,2025-09-05 18:05:55.181409
490,1163.0,498,sess_2791,view,2025-12-25 12:20:29.181409
491,752.0,466,sess_2454,view,2025-09-23 01:56:59.181409
492,1182.0,33,sess_897,view,2025-08-19 04:24:16.181409
493,347.0,880,,purchase,2025-10-22 02:07:44.181409
494,483.0,373,sess_4374,view,2026-06-05 19:17:12.181409
495,429.0,578,sess_1219,add_to_cart,2026-04-11 02:24:46.181409
496,506.0,94,sess_4786,purchase,2025-08-19 02:10:00.181409
497,492.0,633,sess_3157,purchase,2026-04-22 05:42:58.181409
498,905.0,1029,sess_4240,view,2025-12-22 07:27:41.181409
499,329.0,653,sess_447,view,2025-12-17 13:45:57.181409
500,1153.0,941,sess_621,add_to_cart,2026-04-14 17:10:52.181409
501,1103.0,676,sess_4134,view,2025-10-25 01:16:56.181409
502,616.0,831,sess_1711,add_to_cart,2026-06-11 05:03:52.181409
503,794.0,934,sess_2544,purchase,2025-06-13 16:57:17.181409
504,777.0,917,sess_163,view,2025-07-07 05:50:03.181409
505,755.0,342,sess_1010,add_to_cart,2025-12-12 15:07:37.181409
506,190.0,149,sess_3246,view,2026-04-18 18:30:45.181409
507,1054.0,1125,sess_4425,add_to_cart,2025-09-24 11:05:56.181409
508,,402,sess_753,add_to_cart,2025-07-18 04:17:33.181409
509,721.0,539,sess_506,add_to_cart,2026-06-11 19:59:54.181409
510,21.0,847,sess_1832,purchase,2025-08-13 08:01:06.181409
511,955.0,1084,sess_4263,view,2026-04-02 13:22:47.181409
512,86.0,33,sess_1116,purchase,2026-04-24 12:45:18.181409
513,,300,sess_469,purchase,2025-08-15 06:50:24.181409
514,,767,,purchase,2025-06-25 06:05:00.181409
515,318.0,181,sess_3750,view,2026-01-16 10:16:38.181409
516,246.0,959,sess_624,add_to_cart,2026-02-15 07:51:59.181409
517,766.0,495,sess_3221,view,2026-01-12 21:47:37.181409
518,715.0,448,sess_1302,purchase,2026-03-29 13:03:12.181409
519,1149.0,709,sess_1718,add_to_cart,2026-02-18 10:32:49.181409
520,1200.0,512,sess_2291,view,2026-04-05 06:53:38.181409
521,104.0,176,sess_1591,view,2026-05-25 23:01:23.181409
522,281.0,796,sess_3214,view,2026-03-29 11:55:54.181409
523,677.0,99,sess_4487,purchase,2025-09-08 21:15:51.181409
524,227.0,671,sess_97,purchase,2026-02-03 10:35:58.181409
525,1054.0,544,sess_249,purchase,2025-09-01 15:42:21.181409
526,454.0,170,,view,2026-02-26 02:44:55.181409
527,684.0,909,sess_2299,add_to_cart,2026-05-11 03:57:35.181409
528,188.0,926,sess_2857,view,2025-07-17 04:51:16.181409
529,289.0,362,sess_1283,purchase,2025-09-08 08:31:23.181409
530,1018.0,329,sess_2553,add_to_cart,invalid_timestamp
531,713.0,1180,sess_2378,add_to_cart,2026-04-15 10:01:09.181409
532,1195.0,892,sess_1779,purchase,2025-07-09 07:34:31.181409
533,769.0,84,sess_1058,purchase,2026-03-29 19:21:21.181409
534,397.0,56,sess_779,add_to_cart,2026-06-09 13:44:17.181409
535,132.0,119,sess_730,view,2025-08-01 20:31:41.181409
536,758.0,297,sess_1938,add_to_cart,2026-04-22 00:51:27.181409
537,425.0,734,sess_215,add_to_cart,2026-05-12 07:06:58.181409
538,230.0,860,sess_3484,purchase,2026-06-05 12:19:39.181409
539,958.0,167,sess_165,view,2026-05-06 03:25:27.181409
540,967.0,640,sess_4278,add_to_cart,2025-12-09 16:45:47.181409
541,305.0,107,sess_4737,add_to_cart,2026-03-24 20:33:02.181409
542,136.0,985,sess_4582,view,2025-11-24 20:42:08.181409
543,296.0,699,sess_3228,purchase,2025-07-17 07:16:07.181409
544,699.0,260,sess_2700,purchase,2025-08-06 23:10:41.181409
545,893.0,197,sess_1770,add_to_cart,2026-03-05 12:56:38.181409
546,1008.0,525,sess_4740,purchase,2025-11-15 12:23:19.181409
13,197.0,1128,sess_1962,view,2025-09-01 12:24:17.181409
548,265.0,825,sess_1029,view,2025-06-23 14:11:01.181409
549,845.0,880,sess_683,view,2025-12-29 11:03:11.181409
550,592.0,1000,sess_201,purchase,2025-09-01 12:28:57.181409
551,919.0,1077,sess_636,add_to_cart,2026-02-22 14:28:37.181409
552,32.0,529,sess_322,purchase,2026-02-07 18:45:19.181409
553,805.0,649,sess_4439,add_to_cart,2025-10-26 11:04:32.181409
554,645.0,1011,sess_2172,purchase,2026-05-31 10:51:50.181409
555,993.0,272,sess_3243,view,2025-08-06 23:36:27.181409
556,658.0,1165,sess_3444,add_to_cart,2025-10-03 22:13:09.181409
557,941.0,143,sess_1084,add_to_cart,2026-05-14 02:23:59.181409
558,190.0,177,sess_2854,add_to_cart,2026-01-16 02:15:23.181409
559,27.0,250,sess_3257,add_to_cart,2025-07-05 20:59:17.181409
560,966.0,355,sess_1662,add_to_cart,2026-02-27 07:38:44.181409
561,990.0,317,sess_2413,purchase,2026-02-18 13:56:53.181409
562,1012.0,276,sess_3579,add_to_cart,2025-09-04 14:39:46.181409
563,,530,sess_768,add_to_cart,2025-12-05 10:45:50.181409
564,812.0,681,sess_4295,add_to_cart,2025-07-16 10:07:55.181409
565,565.0,659,sess_614,purchase,2026-05-06 18:12:06.181409
566,759.0,658,sess_4337,view,2025-12-28 18:09:50.181409
567,656.0,751,sess_1088,add_to_cart,2025-11-01 13:22:29.181409
568,679.0,1187,sess_3139,add_to_cart,2026-01-21 13:19:31.181409
569,513.0,886,sess_856,purchase,2025-11-22 19:36:18.181409
570,1022.0,727,sess_2995,purchase,2025-07-25 01:06:32.181409
571,709.0,1115,sess_2327,add_to_cart,2026-02-24 21:13:56.181409
572,955.0,105,sess_4262,add_to_cart,2025-10-04 08:34:08.181409
573,1154.0,803,sess_115,add_to_cart,2025-10-14 05:57:51.181409
574,698.0,1176,sess_3872,add_to_cart,2026-03-05 01:50:22.181409
575,552.0,171,sess_223,add_to_cart,2025-12-28 08:23:00.181409
576,1126.0,774,sess_2217,purchase,2026-01-16 00:10:09.181409
577,328.0,292,sess_2182,add_to_cart,2025-09-22 06:03:29.181409
105,1015.0,135,sess_1906,view,2025-09-11 15:51:53.181409
579,232.0,63,sess_4388,view,invalid_timestamp
580,224.0,408,sess_442,view,2025-10-31 18:30:33.181409
581,286.0,793,,add_to_cart,2026-04-09 05:51:48.181409
582,351.0,337,sess_1871,purchase,2025-11-24 01:33:55.181409
583,328.0,80,,add_to_cart,2026-02-02 16:38:57.181409
584,13.0,1114,sess_2629,purchase,2025-12-08 00:41:20.181409
585,,1108,sess_200,purchase,2025-11-20 07:28:57.181409
586,744.0,1031,sess_2156,add_to_cart,2026-01-28 03:07:54.181409
587,465.0,376,sess_4564,view,2025-09-07 03:38:30.181409
588,160.0,826,sess_245,view,2026-02-27 01:02:45.181409
589,467.0,289,sess_31,purchase,2025-09-19 19:39:19.181409
590,57.0,116,sess_1806,purchase,2025-07-25 02:03:35.181409
591,110.0,885,sess_957,add_to_cart,invalid_timestamp
592,188.0,854,sess_3976,add_to_cart,2025-07-06 18:10:05.181409
593,,36,sess_3322,add_to_cart,2026-01-03 21:21:23.181409
594,990.0,309,sess_2402,add_to_cart,2025-11-25 17:21:12.181409
595,930.0,766,sess_3206,purchase,2025-07-04 10:13:21.181409
596,289.0,528,sess_1991,view,2025-10-07 12:24:39.181409
597,769.0,1119,sess_1733,purchase,2025-08-02 03:51:36.181409
598,685.0,963,sess_2868,add_to_cart,2025-10-25 04:30:40.181409
599,1171.0,306,sess_42,add_to_cart,2025-11-03 09:02:58.181409
600,151.0,817,sess_4495,purchase,2026-01-03 08:30:56.181409
601,1015.0,1164,sess_614,purchase,2026-03-23 17:30:18.181409
602,232.0,165,sess_818,view,2025-08-21 16:45:19.181409
603,625.0,926,sess_2455,add_to_cart,2025-10-20 13:55:46.181409
604,513.0,456,sess_806,purchase,2026-06-02 00:12:21.181409
605,1056.0,661,sess_300,view,2025-07-22 13:59:22.181409
606,824.0,240,sess_3051,view,2025-06-25 11:23:56.181409
607,913.0,1197,sess_107,purchase,2025-10-07 08:13:10.181409
608,61.0,26,sess_3651,view,invalid_timestamp
609,947.0,1175,sess_3093,purchase,invalid_timestamp
610,381.0,1029,sess_743,add_to_cart,2026-04-15 13:46:24.181409
611,815.0,511,sess_2218,purchase,2026-01-03 11:46:53.181409
612,,897,sess_733,view,2025-11-27 08:50:22.181409
613,949.0,487,sess_1830,purchase,2025-09-17 09:15:29.181409
614,471.0,742,sess_4186,purchase,2026-05-17 03:32:19.181409
615,537.0,1128,sess_3120,add_to_cart,2026-05-05 09:05:19.181409
616,883.0,372,sess_428,view,2025-10-19 15:49:33.181409
617,431.0,657,sess_4708,purchase,2026-03-24 07:27:36.181409
618,1145.0,133,sess_1974,purchase,2026-05-26 09:28:11.181409
619,697.0,474,sess_549,purchase,2025-07-29 17:32:14.181409
620,1197.0,1147,sess_4763,add_to_cart,2025-07-11 18:50:14.181409
621,726.0,658,sess_3016,add_to_cart,2026-01-03 05:57:38.181409
622,42.0,1094,sess_2556,purchase,2025-07-16 03:24:45.181409
623,625.0,621,sess_4970,add_to_cart,2025-12-02 01:52:48.181409
624,18.0,1065,sess_4303,purchase,2026-02-14 05:31:35.181409
625,788.0,1038,sess_394,add_to_cart,2025-12-31 19:09:14.181409
626,1093.0,414,sess_3518,purchase,2026-04-16 19:49:00.181409
627,1033.0,500,sess_2500,view,2025-09-15 12:11:35.181409
628,977.0,838,sess_1969,add_to_cart,2026-02-24 04:51:48.181409
629,938.0,1169,sess_1896,add_to_cart,2025-08-02 14:55:30.181409
630,419.0,592,sess_260,purchase,2025-12-22 22:11:07.181409
88,882.0,286,sess_3161,view,2025-08-03 12:44:10.181409
632,134.0,388,sess_4205,purchase,2025-08-21 23:23:52.181409
633,426.0,1056,sess_4847,purchase,2026-06-03 06:04:14.181409
634,1010.0,240,sess_4032,view,2025-09-08 22:53:21.181409
635,713.0,141,sess_4992,add_to_cart,2026-03-01 15:03:07.181409
636,259.0,666,sess_191,purchase,2025-07-14 15:47:31.181409
637,387.0,734,sess_389,view,2026-01-07 16:26:49.181409
638,44.0,530,sess_1662,view,2025-12-01 08:03:29.181409
639,487.0,442,sess_2201,view,2026-03-20 23:01:08.181409
640,409.0,373,sess_2717,add_to_cart,2026-06-07 06:00:40.181409
641,892.0,304,sess_1760,view,2026-01-28 11:28:48.181409
642,1116.0,411,sess_3242,purchase,2025-12-02 22:06:57.181409
643,817.0,831,sess_2713,purchase,2025-08-18 20:41:26.181409
644,1005.0,180,sess_347,purchase,2026-02-25 16:56:45.181409
645,960.0,71,sess_2589,purchase,2026-05-18 19:44:04.181409
646,791.0,844,sess_4691,purchase,2025-08-18 06:19:08.181409
647,405.0,407,sess_1957,purchase,2025-11-02 05:54:58.181409
648,1164.0,938,sess_4381,purchase,2025-11-09 23:36:43.181409
649,380.0,1153,sess_4112,add_to_cart,2026-02-04 01:21:20.181409
650,582.0,158,sess_2519,purchase,2025-10-29 10:08:01.181409
651,85.0,141,sess_2848,add_to_cart,2026-01-24 05:29:25.181409
652,985.0,1104,sess_292,add_to_cart,2025-12-31 21:01:46.181409
653,846.0,771,sess_4930,add_to_cart,2025-10-31 04:47:07.181409
654,2.0,29,sess_50,add_to_cart,invalid_timestamp
655,1032.0,330,sess_1362,add_to_cart,2026-04-20 07:31:14.181409
656,533.0,389,sess_3121,add_to_cart,2025-06-24 13:36:32.181409
657,959.0,511,sess_1160,view,2025-07-27 05:31:58.181409
658,283.0,1012,sess_4248,add_to_cart,2026-01-01 06:38:33.181409
659,887.0,797,sess_3905,view,2026-04-13 22:25:41.181409
660,395.0,648,sess_4464,purchase,2025-06-12 20:18:03.181409
661,656.0,160,sess_4503,add_to_cart,2025-08-02 15:47:51.181409
662,814.0,327,sess_4183,purchase,2026-04-30 07:43:58.181409
663,1046.0,120,sess_1815,view,2026-05-16 04:35:33.181409
664,829.0,405,sess_1740,view,invalid_timestamp
665,261.0,248,sess_4660,add_to_cart,2026-02-20 08:04:39.181409
666,1126.0,845,sess_2920,view,2026-01-23 16:03:29.181409
667,635.0,341,sess_2956,purchase,2025-10-06 20:48:31.181409
668,485.0,768,sess_3719,view,2025-12-10 05:29:21.181409
669,287.0,1167,sess_2625,view,2026-06-02 14:56:34.181409
670,1169.0,33,sess_4460,add_to_cart,2025-06-11 15:26:29.181409
671,339.0,811,sess_3292,purchase,2026-04-30 08:00:59.181409
672,228.0,650,sess_584,add_to_cart,2025-08-21 10:34:19.181409
673,1163.0,61,sess_1593,view,2025-08-23 19:54:25.181409
674,,323,sess_2601,add_to_cart,2025-06-18 02:41:39.181409
675,1096.0,439,sess_4945,purchase,2025-12-11 03:14:39.181409
145,1061.0,475,sess_3327,purchase,2025-07-02 02:48:57.181409
677,1079.0,1140,sess_521,add_to_cart,2025-08-24 03:41:45.181409
678,1040.0,469,,add_to_cart,2026-02-21 01:59:26.181409
679,504.0,933,sess_4943,add_to_cart,2026-02-13 11:14:12.181409
680,431.0,1051,sess_4700,add_to_cart,2025-06-12 09:44:12.181409
681,625.0,1075,sess_3761,view,2026-01-08 06:14:04.181409
682,525.0,194,sess_4133,purchase,2025-10-19 21:52:28.181409
683,451.0,254,sess_4035,purchase,2025-07-01 00:05:31.181409
684,107.0,770,sess_733,view,2025-12-03 03:37:41.181409
685,119.0,548,sess_2960,purchase,2026-02-10 08:16:58.181409
686,232.0,1060,sess_4743,add_to_cart,2025-12-01 15:03:26.181409
687,400.0,368,sess_1229,view,2026-05-04 19:05:12.181409
688,770.0,831,sess_3948,add_to_cart,2026-05-18 08:37:58.181409
689,3.0,731,sess_448,view,2026-01-26 23:18:12.181409
690,579.0,503,sess_495,purchase,2025-12-07 23:31:35.181409
691,948.0,681,sess_3489,add_to_cart,2025-09-21 20:29:22.181409
692,1032.0,823,sess_3629,add_to_cart,invalid_timestamp
693,898.0,10,sess_2829,purchase,2025-09-04 03:27:06.181409
694,278.0,594,sess_2877,view,2026-05-24 17:31:37.181409
695,586.0,267,sess_4189,purchase,2026-01-15 22:16:13.181409
696,82.0,84,sess_4664,add_to_cart,2026-01-03 18:35:18.181409
697,299.0,1052,sess_1553,add_to_cart,2026-05-24 00:55:51.181409
698,820.0,423,sess_1720,add_to_cart,2025-07-27 13:38:20.181409
699,1057.0,798,sess_2347,add_to_cart,2025-12-28 20:15:56.181409
700,141.0,876,sess_1401,add_to_cart,2026-01-29 21:05:37.181409
701,,283,sess_2524,view,2025-07-30 22:06:50.181409
702,855.0,862,sess_1344,purchase,2025-09-06 00:46:55.181409
703,454.0,983,sess_3889,purchase,2026-06-02 21:06:44.181409
704,251.0,513,sess_2212,view,2026-03-31 11:00:45.181409
705,343.0,458,sess_541,purchase,2026-03-20 08:43:51.181409
706,829.0,399,sess_3296,add_to_cart,2026-05-06 12:56:52.181409
707,771.0,833,sess_2488,view,2025-09-19 04:42:01.181409
708,295.0,865,sess_384,add_to_cart,2026-02-11 04:44:18.181409
709,108.0,431,sess_1689,view,2025-11-20 02:53:04.181409
710,289.0,1115,sess_4897,view,2026-04-26 10:07:06.181409
711,59.0,27,sess_4658,add_to_cart,invalid_timestamp
712,69.0,731,sess_3005,add_to_cart,2025-12-09 15:33:52.181409
713,1109.0,411,sess_3440,view,2025-11-24 12:58:10.181409
714,659.0,121,sess_2366,purchase,2026-02-07 17:33:53.181409
715,862.0,1142,sess_3020,purchase,2025-08-21 15:55:56.181409
716,782.0,874,sess_1357,view,2025-10-29 12:26:27.181409
717,488.0,31,sess_3909,add_to_cart,2025-10-08 12:14:09.181409
718,175.0,1183,sess_1037,view,2025-08-27 08:25:48.181409
719,712.0,859,sess_3558,add_to_cart,2025-11-30 05:19:19.181409
720,1190.0,994,sess_2624,add_to_cart,2026-04-20 16:13:42.181409
721,1012.0,568,sess_1829,view,2026-05-17 12:44:28.181409
722,264.0,377,sess_3658,view,2025-07-05 04:42:27.181409
723,589.0,378,sess_3260,purchase,2025-08-23 11:33:19.181409
724,946.0,905,sess_1794,purchase,2025-10-15 02:19:14.181409
725,370.0,941,sess_2891,view,2026-01-24 02:03:10.181409
726,603.0,1160,sess_2313,view,2026-05-02 17:35:40.181409
727,877.0,758,sess_1554,purchase,2025-08-18 19:58:58.181409
728,909.0,129,sess_2501,add_to_cart,2026-06-04 19:37:17.181409
729,619.0,877,sess_2050,add_to_cart,2026-01-23 04:59:06.181409
730,360.0,908,sess_730,purchase,invalid_timestamp
731,903.0,381,sess_323,view,2025-07-08 00:14:35.181409
732,258.0,809,sess_1265,view,2026-05-25 11:48:50.181409
733,622.0,1086,sess_3129,add_to_cart,2025-06-13 04:49:16.181409
734,474.0,776,sess_3658,add_to_cart,2026-03-12 05:28:10.181409
735,198.0,26,sess_2189,view,2025-11-12 21:00:53.181409
736,305.0,842,sess_2889,add_to_cart,2026-01-01 14:48:49.181409
737,714.0,1079,sess_4227,purchase,2026-01-06 09:13:36.181409
738,996.0,366,sess_2359,view,2026-03-21 20:55:57.181409
739,815.0,461,sess_2026,add_to_cart,2026-05-14 04:21:37.181409
740,267.0,773,sess_558,purchase,2026-02-13 23:22:31.181409
741,343.0,259,sess_1525,view,2025-12-25 22:15:39.181409
192,295.0,6,sess_2042,purchase,2025-11-26 17:41:54.181409
743,658.0,270,sess_3524,purchase,2025-09-08 01:34:59.181409
744,545.0,728,sess_3584,purchase,2025-06-17 05:41:39.181409
745,416.0,354,sess_3424,add_to_cart,2025-09-19 09:27:52.181409
746,578.0,1128,sess_684,view,2026-02-10 03:15:28.181409
747,800.0,829,sess_972,add_to_cart,2025-10-27 04:37:02.181409
748,778.0,1127,sess_4802,add_to_cart,2025-12-23 17:28:35.181409
749,770.0,204,sess_1988,view,2026-04-18 01:16:47.181409
750,57.0,481,sess_465,purchase,2026-03-30 03:36:59.181409
751,281.0,661,sess_3368,purchase,2026-01-22 19:02:01.181409
752,947.0,8,sess_1626,add_to_cart,invalid_timestamp
155,91.0,530,sess_1634,add_to_cart,2025-11-25 22:34:36.181409
754,151.0,989,sess_1025,add_to_cart,2026-04-29 17:18:34.181409
755,551.0,458,sess_3160,purchase,2026-03-25 16:17:30.181409
756,48.0,561,sess_4396,view,2026-06-08 00:14:12.181409
757,324.0,1082,sess_413,purchase,2026-04-20 00:39:15.181409
758,660.0,1161,sess_237,add_to_cart,2025-12-25 04:35:23.181409
759,1064.0,1156,sess_3074,add_to_cart,2026-02-15 16:37:06.181409
760,861.0,861,sess_1216,view,2026-02-26 18:27:30.181409
761,,471,sess_4310,view,2025-10-12 06:45:37.181409
762,894.0,738,sess_2820,purchase,invalid_timestamp
763,989.0,901,sess_359,purchase,2026-04-23 02:07:39.181409
764,1053.0,598,sess_2838,add_to_cart,2025-08-09 07:37:55.181409
765,534.0,284,sess_794,purchase,invalid_timestamp
766,611.0,638,sess_2673,purchase,2025-08-27 14:00:33.181409
767,402.0,360,sess_1034,view,2025-12-30 15:07:02.181409
768,228.0,1022,sess_912,view,2025-09-12 20:01:26.181409
769,730.0,1168,sess_4775,add_to_cart,2025-09-07 17:50:31.181409
770,99.0,1040,sess_2648,view,2026-02-13 15:25:23.181409
771,967.0,952,sess_4879,purchase,2025-08-05 06:17:44.181409
772,274.0,397,sess_2171,purchase,2026-03-07 11:15:26.181409
773,308.0,345,sess_2879,purchase,2026-01-24 10:24:33.181409
774,849.0,119,sess_1215,view,2025-07-01 20:23:02.181409
775,61.0,772,sess_766,view,2025-08-17 06:25:11.181409
776,691.0,828,sess_2170,view,2025-07-29 09:09:42.181409
777,630.0,864,sess_4981,view,2026-03-06 05:55:33.181409
778,170.0,233,sess_3925,add_to_cart,2025-12-19 22:09:27.181409
779,168.0,458,sess_1995,purchase,invalid_timestamp
780,1051.0,681,sess_309,view,2025-09-03 04:25:42.181409
781,237.0,1094,sess_1285,view,2026-04-13 03:37:59.181409
782,313.0,444,sess_167,add_to_cart,2026-02-09 17:28:48.181409
783,592.0,894,sess_1692,purchase,2026-02-21 23:04:00.181409
784,738.0,962,sess_901,add_to_cart,2025-11-18 17:21:01.181409
785,217.0,418,sess_4631,purchase,2025-06-22 09:01:23.181409
786,1044.0,957,sess_2066,purchase,2025-12-30 06:24:57.181409
787,186.0,553,sess_796,add_to_cart,2025-12-09 08:36:57.181409
193,575.0,797,sess_457,view,2025-11-29 18:30:30.181409
789,1153.0,224,sess_1899,add_to_cart,2026-03-07 08:35:20.181409
790,,768,sess_2263,view,2026-05-05 12:05:33.181409
791,1099.0,83,,purchase,2025-10-14 14:32:13.181409
792,912.0,309,sess_2303,purchase,2025-09-30 20:05:51.181409
793,671.0,813,sess_1892,view,2026-03-31 05:35:50.181409
794,292.0,510,sess_1043,purchase,2026-01-09 11:28:31.181409
795,1081.0,231,sess_3461,purchase,2026-05-25 16:36:31.181409
796,715.0,1179,sess_4848,purchase,2026-04-29 05:32:44.181409
797,318.0,790,sess_4533,purchase,2025-07-26 01:07:06.181409
798,420.0,1176,,add_to_cart,2025-07-25 09:38:52.181409
799,586.0,521,sess_1586,view,2026-03-24 16:31:02.181409
800,632.0,636,sess_4215,add_to_cart,2026-03-06 19:15:52.181409
801,955.0,348,sess_4408,add_to_cart,2026-02-16 11:08:51.181409
802,125.0,185,sess_4696,purchase,2025-06-14 22:32:48.181409
7,,1087,sess_4508,purchase,2025-06-22 11:54:22.181409
804,199.0,976,sess_2709,purchase,2025-09-16 08:21:45.181409
805,366.0,146,sess_2204,add_to_cart,2026-04-19 11:50:02.181409
806,,1158,sess_4358,view,2026-02-02 22:04:04.181409
807,96.0,78,sess_4389,purchase,2026-04-29 20:38:08.181409
808,72.0,10,sess_2957,view,2025-06-25 16:57:32.181409
809,693.0,909,sess_1269,add_to_cart,2026-05-28 08:06:52.181409
810,1192.0,772,sess_431,add_to_cart,2025-09-27 15:35:01.181409
170,440.0,512,sess_350,purchase,2025-12-30 00:59:23.181409
812,623.0,819,sess_151,view,2025-10-02 12:12:39.181409
813,270.0,768,sess_4133,add_to_cart,2026-03-27 11:48:31.181409
814,69.0,970,sess_4456,view,2026-02-02 17:36:26.181409
815,450.0,1117,sess_9,add_to_cart,2025-07-18 17:32:12.181409
816,716.0,20,sess_2312,purchase,2026-03-19 15:13:37.181409
817,970.0,76,sess_237,add_to_cart,2026-03-07 11:52:46.181409
818,684.0,965,sess_4332,purchase,2025-12-22 09:09:29.181409
819,220.0,611,sess_1915,purchase,2026-03-21 17:47:25.181409
820,984.0,91,sess_3167,view,2025-09-19 03:15:55.181409
821,283.0,961,sess_4612,add_to_cart,2026-01-01 13:56:51.181409
822,473.0,459,sess_4051,add_to_cart,2025-12-22 04:30:51.181409
823,879.0,437,sess_4728,purchase,2026-04-23 13:10:14.181409
824,1011.0,4,sess_3742,purchase,2026-04-01 16:52:39.181409
825,1096.0,779,sess_3054,view,invalid_timestamp
826,1169.0,1190,sess_3237,purchase,2026-05-14 04:04:01.181409
827,108.0,1072,sess_1445,purchase,invalid_timestamp
131,621.0,276,sess_1738,view,2025-07-22 20:55:26.181409
829,814.0,536,sess_4324,view,2026-06-07 13:55:32.181409
830,83.0,976,sess_1746,purchase,2026-06-05 06:23:32.181409
831,842.0,528,sess_502,purchase,2026-01-29 18:57:43.181409
832,,1144,sess_369,add_to_cart,2026-05-20 01:37:56.181409
833,782.0,1094,sess_1587,add_to_cart,2026-05-30 12:56:15.181409
834,49.0,921,sess_946,view,2025-12-16 05:43:40.181409
835,402.0,82,sess_3285,add_to_cart,2025-08-29 17:56:05.181409
836,615.0,87,sess_323,view,2026-03-02 19:46:51.181409
837,399.0,545,sess_2842,purchase,invalid_timestamp
838,1170.0,90,sess_2549,add_to_cart,2025-12-14 06:04:24.181409
839,720.0,350,sess_778,add_to_cart,2025-10-23 21:00:57.181409
840,1144.0,472,sess_3731,view,2025-10-01 08:15:36.181409
841,573.0,304,sess_3623,view,2025-10-21 15:14:20.181409
842,852.0,682,sess_2467,add_to_cart,2025-11-01 06:25:03.181409
843,683.0,293,sess_2627,add_to_cart,2026-04-07 11:52:26.181409
844,1098.0,546,sess_4714,view,2025-07-15 11:31:53.181409
845,1068.0,846,sess_256,view,2025-07-30 12:39:25.181409
846,700.0,469,sess_1594,purchase,2025-12-29 19:18:59.181409
847,177.0,238,sess_4072,view,2025-10-10 04:53:26.181409
848,74.0,703,sess_4375,view,2025-10-16 00:40:59.181409
849,340.0,1078,sess_3941,purchase,invalid_timestamp
850,212.0,708,sess_4509,add_to_cart,2026-02-18 00:40:10.181409
851,485.0,1105,sess_680,view,2026-03-29 05:14:27.181409
852,,1182,sess_2178,view,2026-03-02 21:38:14.181409
853,400.0,594,sess_1972,view,invalid_timestamp
854,1087.0,249,sess_1786,view,invalid_timestamp
855,19.0,599,sess_700,view,2026-01-07 11:35:49.181409
856,,275,,purchase,2025-11-16 03:13:34.181409
857,1195.0,1129,sess_809,purchase,2026-05-02 12:39:18.181409
858,550.0,376,,add_to_cart,2025-12-26 10:45:37.181409
859,600.0,895,sess_1247,view,2025-08-11 23:16:53.181409
860,172.0,151,sess_4513,add_to_cart,2026-01-04 01:32:34.181409
861,,766,,purchase,2025-10-02 16:30:50.181409
24,675.0,244,sess_2588,purchase,2025-07-11 06:01:37.181409
863,245.0,1198,sess_357,view,2025-12-11 07:23:45.181409
864,267.0,979,sess_1552,purchase,2025-09-30 04:44:26.181409
149,373.0,87,sess_3129,purchase,2026-03-09 09:54:07.181409
866,329.0,328,sess_3950,view,2025-12-31 19:30:44.181409
867,877.0,216,,purchase,invalid_timestamp
868,640.0,525,sess_2311,add_to_cart,2025-08-10 04:10:53.181409
869,1035.0,695,sess_1519,purchase,2026-05-04 04:25:36.181409
180,188.0,990,sess_4518,purchase,2025-11-03 14:34:17.181409
871,1139.0,339,,purchase,2026-01-02 22:15:47.181409
872,670.0,780,sess_2291,add_to_cart,2026-05-23 04:50:54.181409
873,1045.0,1199,sess_1363,view,2026-02-24 21:54:05.181409
874,56.0,1110,sess_416,purchase,2026-05-11 17:25:09.181409
875,175.0,114,sess_660,add_to_cart,2026-03-06 00:23:32.181409
876,726.0,530,sess_778,add_to_cart,2025-06-20 02:23:13.181409
877,481.0,115,sess_990,view,2025-08-15 22:31:33.181409
878,1109.0,903,sess_4407,view,2025-06-23 04:50:40.181409
879,1122.0,733,sess_3965,add_to_cart,2026-01-26 20:10:31.181409
880,603.0,963,sess_3782,purchase,2025-08-31 13:57:18.181409
881,643.0,868,sess_1463,view,2026-04-08 11:43:21.181409
882,511.0,626,sess_2964,purchase,2026-01-13 13:42:13.181409
883,545.0,101,sess_3995,add_to_cart,2025-10-06 06:31:42.181409
884,790.0,1139,sess_2586,add_to_cart,2025-10-19 02:52:05.181409
885,350.0,978,,view,2025-12-13 03:47:50.181409
886,480.0,211,sess_1819,purchase,2026-03-30 20:06:30.181409
887,891.0,880,sess_819,add_to_cart,2025-12-23 18:00:27.181409
888,84.0,340,sess_2256,add_to_cart,2026-05-31 00:47:44.181409
889,964.0,460,sess_1404,purchase,2025-07-27 07:44:09.181409
890,970.0,815,sess_65,view,2025-09-15 07:56:06.181409
891,112.0,543,sess_1145,add_to_cart,2026-05-16 21:55:57.181409
892,986.0,688,sess_3881,view,2025-12-14 07:08:55.181409
893,1031.0,1093,sess_3374,purchase,2025-09-06 17:17:25.181409
894,762.0,537,sess_1831,purchase,2025-10-02 12:10:56.181409
895,610.0,535,sess_1238,add_to_cart,2025-09-01 19:37:08.181409
896,8.0,742,sess_1752,purchase,invalid_timestamp
897,33.0,902,sess_706,purchase,invalid_timestamp
898,904.0,152,sess_2415,purchase,2026-04-26 06:53:28.181409
899,305.0,491,sess_3641,purchase,2025-09-21 22:16:07.181409
900,389.0,226,sess_2719,purchase,invalid_timestamp
901,651.0,555,sess_2017,purchase,2026-04-03 12:57:33.181409
902,1102.0,898,sess_1792,add_to_cart,2025-09-26 08:07:04.181409
903,,221,,add_to_cart,2025-07-21 02:05:49.181409
904,,548,sess_753,purchase,2025-08-23 14:46:28.181409
905,271.0,881,sess_4491,purchase,2025-07-08 10:39:37.181409
906,1000.0,36,sess_3790,view,2026-02-16 02:40:16.181409
32,422.0,1053,sess_1072,add_to_cart,2026-06-01 08:17:13.181409
908,1196.0,1075,sess_3979,purchase,2026-03-05 22:41:02.181409
909,989.0,1113,sess_3338,purchase,2026-03-16 17:36:18.181409
910,240.0,914,sess_2058,view,invalid_timestamp
911,886.0,951,sess_1485,purchase,2026-01-08 03:43:42.181409
912,452.0,806,sess_2550,purchase,2026-03-26 03:28:29.181409
913,711.0,554,sess_794,add_to_cart,2025-08-27 01:15:39.181409
914,928.0,612,sess_4849,view,2026-02-26 09:21:12.181409
915,896.0,1030,sess_830,purchase,2025-10-31 22:50:39.181409
916,223.0,1191,sess_1003,view,2026-04-23 21:51:50.181409
917,502.0,530,sess_373,view,2025-06-21 15:43:44.181409
918,258.0,529,sess_4767,view,2026-05-22 09:41:31.181409
919,253.0,77,sess_1283,add_to_cart,2025-06-14 11:01:59.181409
920,222.0,232,sess_3782,add_to_cart,2025-09-19 10:35:26.181409
921,579.0,1078,sess_992,purchase,2026-03-29 19:25:56.181409
922,670.0,809,sess_4571,purchase,2026-06-03 14:32:33.181409
923,57.0,167,sess_4601,purchase,2025-07-24 05:05:54.181409
924,947.0,571,sess_4266,purchase,2026-05-15 16:47:40.181409
925,673.0,681,sess_2296,add_to_cart,2026-01-26 23:10:59.181409
926,,927,,purchase,2025-08-26 13:20:54.181409
927,258.0,880,sess_1629,view,2026-06-05 15:55:02.181409
928,979.0,1044,sess_4214,purchase,2026-06-03 13:26:37.181409
929,70.0,784,sess_135,add_to_cart,2025-10-15 23:19:03.181409
930,514.0,613,sess_4850,add_to_cart,2026-02-21 09:05:23.181409
931,,638,sess_2789,purchase,2025-07-14 07:39:55.181409
932,685.0,648,,view,2025-09-24 16:41:48.181409
933,349.0,52,sess_3473,view,2025-08-01 17:31:08.181409
934,1151.0,290,sess_375,view,2026-03-08 02:53:16.181409
935,581.0,167,sess_968,purchase,2025-10-26 11:01:54.181409
936,,1163,sess_119,view,2025-10-21 08:06:53.181409
937,666.0,486,,add_to_cart,2026-02-27 00:56:24.181409
938,471.0,234,sess_3204,add_to_cart,2026-04-02 16:20:41.181409
939,420.0,1168,sess_35,add_to_cart,2026-04-25 07:30:45.181409
940,1083.0,204,sess_4729,view,2025-12-06 02:13:33.181409
941,629.0,383,sess_3023,view,2025-09-25 10:08:23.181409
942,274.0,1002,sess_4481,view,2026-02-15 22:27:00.181409
943,769.0,59,sess_2785,add_to_cart,2025-12-14 17:55:49.181409
944,347.0,865,sess_1300,view,2025-11-08 06:18:48.181409
945,1071.0,168,sess_3225,view,2025-11-21 05:51:14.181409
946,161.0,571,sess_1833,view,2025-11-19 01:45:21.181409
947,946.0,799,sess_4393,purchase,2025-06-12 12:30:27.183414
948,12.0,449,sess_3295,purchase,2026-05-20 13:50:25.183414
949,280.0,47,sess_1869,purchase,2025-06-30 13:13:02.183414
950,866.0,1060,sess_1752,view,2026-01-16 06:35:30.183414
951,943.0,788,sess_1769,add_to_cart,2025-11-15 04:27:00.183414
952,651.0,929,sess_4520,add_to_cart,2026-04-09 12:20:19.183414
953,701.0,998,sess_854,purchase,2025-08-09 22:17:59.183414
954,1044.0,836,sess_3159,view,2026-05-11 05:40:40.183414
955,526.0,748,sess_918,add_to_cart,2025-12-27 03:59:34.183414
956,272.0,25,sess_2199,purchase,2026-02-04 05:33:59.183414
957,1009.0,1038,,add_to_cart,invalid_timestamp
958,1037.0,793,sess_3308,add_to_cart,2025-12-11 20:05:08.183414
959,1188.0,860,sess_1725,add_to_cart,2025-08-10 02:40:21.183414
960,550.0,1023,sess_1502,view,2026-04-20 05:55:43.183414
961,811.0,954,sess_3302,view,2026-05-19 12:47:56.183414
962,752.0,452,sess_1193,add_to_cart,2026-06-06 00:21:21.183414
963,345.0,1029,sess_3272,add_to_cart,2025-06-19 02:11:30.183414
964,217.0,425,sess_2125,add_to_cart,2026-06-01 09:28:03.183414
965,1071.0,1137,sess_4011,purchase,2025-08-27 20:09:08.183414
966,464.0,394,sess_3196,view,2025-09-20 00:57:44.183414
967,632.0,642,sess_1393,view,2025-12-10 02:34:40.183414
968,540.0,14,sess_818,add_to_cart,2026-04-12 13:51:43.183414
969,374.0,995,sess_4979,view,2025-06-29 14:48:42.183414
970,198.0,238,sess_1270,view,2026-02-23 06:09:42.183414
971,610.0,380,sess_1554,purchase,2026-03-09 21:29:08.183414
972,,4,sess_4159,add_to_cart,2026-03-15 17:53:17.183414
973,1015.0,788,sess_2870,purchase,2025-11-20 17:21:31.183414
974,738.0,956,,add_to_cart,2026-05-13 10:28:27.183414
975,1022.0,633,sess_3036,add_to_cart,2025-10-29 17:14:55.183414
976,394.0,352,sess_2042,view,2025-09-30 18:32:38.183414
977,7.0,318,sess_1343,purchase,2026-05-06 08:47:05.183414
978,101.0,289,sess_4169,add_to_cart,2025-12-20 05:14:56.183414
979,317.0,930,sess_334,view,2026-01-04 10:26:32.183414
980,377.0,726,sess_1630,add_to_cart,2026-01-11 09:38:28.183414
981,943.0,350,sess_1599,add_to_cart,2025-08-15 13:18:20.183414
113,531.0,412,sess_1383,view,2025-08-03 11:02:20.183414
149,352.0,559,sess_1674,view,2026-04-06 22:55:54.183414
984,690.0,1140,sess_3710,purchase,2025-09-13 03:44:39.183414
985,162.0,331,sess_1757,purchase,2025-06-23 01:12:36.183414
986,1181.0,865,sess_3343,purchase,2025-09-08 03:14:44.183414
987,329.0,821,sess_3814,purchase,2025-10-23 15:09:50.183414
988,1174.0,1114,sess_4321,purchase,2026-05-25 09:03:25.183414
989,272.0,138,,view,2026-06-02 21:39:11.183414
990,733.0,78,sess_3289,purchase,2025-09-09 23:06:00.183414
991,650.0,664,sess_2467,add_to_cart,2026-03-05 18:23:16.183414
992,716.0,171,sess_1177,view,2026-04-28 20:06:29.183414
993,716.0,632,sess_3176,add_to_cart,2026-04-23 07:39:55.183414
994,200.0,268,sess_590,view,2026-01-29 04:36:30.183414
995,689.0,1052,sess_611,add_to_cart,2025-06-12 09:50:36.183414
996,1067.0,960,sess_2141,view,2026-03-19 02:31:21.183414
997,,520,sess_4409,add_to_cart,2026-05-14 23:24:26.183414
998,211.0,1080,sess_169,purchase,2025-08-31 17:56:37.183414
999,528.0,9,sess_4332,add_to_cart,2025-06-20 00:13:03.183414
1000,1115.0,103,sess_4303,add_to_cart,2026-06-08 18:46:33.183414
1001,1017.0,495,sess_4424,view,2025-06-15 10:33:43.183414
1002,721.0,203,sess_280,view,2025-09-14 02:30:09.183414
1003,887.0,94,sess_3120,add_to_cart,2025-07-02 06:40:52.183414
1004,85.0,731,,purchase,2026-05-31 09:04:05.183414
1005,735.0,837,sess_4605,add_to_cart,2025-08-19 10:25:26.183414
1006,1195.0,517,,view,2025-11-12 04:44:27.183414
1007,295.0,1170,sess_438,add_to_cart,2025-09-23 19:22:51.183414
1008,209.0,649,sess_2246,purchase,2025-06-27 11:40:54.183414
1009,434.0,67,sess_2638,add_to_cart,2025-10-06 16:40:09.183414
1010,58.0,712,,add_to_cart,2025-11-22 02:38:07.183414
1011,31.0,672,sess_3488,add_to_cart,2026-06-11 18:27:40.183414
1012,989.0,1090,sess_1943,purchase,2025-12-24 20:36:18.183414
1013,391.0,1189,sess_699,view,2025-10-23 11:50:49.183414
1014,86.0,646,sess_2135,add_to_cart,2025-06-11 04:48:25.183414
1015,,381,sess_4713,add_to_cart,2025-11-06 07:07:00.183414
1016,1081.0,305,sess_2205,add_to_cart,2026-01-31 20:56:51.183414
1017,406.0,1109,sess_3960,add_to_cart,2025-07-03 17:29:46.183414
69,996.0,1172,sess_2123,add_to_cart,2025-12-26 14:47:28.183414
83,862.0,24,sess_329,view,2026-02-14 08:48:01.183414
1020,572.0,335,sess_4588,view,invalid_timestamp
1021,354.0,455,sess_3526,view,2026-01-16 04:58:12.183414
1022,409.0,185,sess_1992,add_to_cart,2025-11-17 04:30:32.183414
1023,578.0,1109,sess_2912,view,2025-07-11 17:24:09.183414
1024,70.0,175,sess_4854,add_to_cart,2026-01-27 06:34:57.183414
1025,1192.0,160,sess_1314,purchase,2025-07-25 09:26:30.183414
1026,1075.0,451,sess_4967,add_to_cart,2026-02-01 10:31:38.183414
1027,1125.0,631,sess_1279,add_to_cart,2025-12-01 12:13:25.183414
1028,132.0,461,sess_4407,add_to_cart,2025-07-19 13:07:46.183414
1029,946.0,177,sess_1739,purchase,2026-05-08 05:11:44.183414
1030,1177.0,190,sess_103,add_to_cart,invalid_timestamp
1031,131.0,112,sess_995,purchase,2026-03-12 12:21:15.183414
1032,1003.0,854,,purchase,2025-08-28 19:56:54.183414
1033,425.0,491,sess_3820,add_to_cart,2026-01-27 05:53:24.183414
1034,304.0,846,sess_933,purchase,2026-03-08 05:38:15.183414
1035,482.0,494,sess_1835,view,2026-04-08 05:35:03.183414
1036,24.0,951,sess_4197,add_to_cart,2025-12-04 14:00:48.183414
1037,261.0,423,sess_287,purchase,2025-10-30 10:43:40.183414
98,1062.0,53,sess_3837,view,2025-08-16 07:33:02.183414
1039,,726,sess_3813,add_to_cart,2026-02-03 17:26:19.183414
1040,665.0,595,sess_3009,add_to_cart,2026-02-22 05:30:40.183414
1041,549.0,909,sess_446,add_to_cart,2025-10-23 00:28:28.183414
1042,905.0,895,sess_4160,view,2025-10-25 12:32:53.183414
1043,,299,sess_3699,view,2026-02-04 06:36:07.183414
1044,379.0,102,sess_1350,add_to_cart,2026-02-06 16:08:31.183414
1045,993.0,425,,purchase,2025-06-19 03:20:18.183414
1046,404.0,623,,purchase,2025-08-10 10:59:50.183414
1047,1.0,13,sess_1374,add_to_cart,2025-10-25 03:12:06.183414
1048,613.0,223,sess_4330,add_to_cart,2025-12-26 09:09:05.183414
1049,186.0,882,sess_3766,add_to_cart,2026-02-11 13:04:08.183414
1050,356.0,177,sess_3182,purchase,2025-12-07 12:39:43.183414
1051,90.0,260,sess_1942,add_to_cart,2025-06-28 08:29:56.183414
58,960.0,612,sess_4417,purchase,invalid_timestamp
1053,406.0,919,sess_1759,purchase,2026-01-23 07:48:39.183414
1054,643.0,490,sess_2281,purchase,2025-12-23 14:36:54.183414
1055,546.0,681,,view,2025-12-05 18:07:04.183414
1056,157.0,506,sess_1758,purchase,2025-11-21 01:44:54.183414
1057,1011.0,476,sess_1638,add_to_cart,2025-09-19 05:37:04.183414
44,897.0,998,sess_3499,purchase,2025-07-30 04:53:53.183414
1059,22.0,1022,sess_734,purchase,2026-02-02 01:29:48.183414
1060,1182.0,99,sess_3595,view,2026-03-01 16:07:53.183414
91,18.0,72,sess_2807,view,2026-01-11 09:28:25.183414
1062,608.0,430,sess_1216,add_to_cart,2025-07-10 06:38:20.183414
1063,831.0,857,sess_3715,view,2026-04-07 08:36:10.183414
1064,546.0,856,sess_2825,purchase,2025-07-18 05:21:20.183414
1065,628.0,457,sess_4967,purchase,2025-07-21 05:57:06.183414
1066,587.0,679,sess_1099,add_to_cart,2026-04-25 04:02:51.183414
1067,136.0,251,sess_4398,view,2025-11-19 19:49:06.183414
1068,309.0,1159,sess_1768,add_to_cart,2025-08-28 11:24:09.183414
1069,596.0,426,sess_4523,view,2026-06-07 12:15:38.183414
1070,47.0,599,sess_4639,purchase,2026-02-24 22:38:12.183414
1071,830.0,550,sess_4592,add_to_cart,2026-05-19 12:26:47.183414
104,198.0,725,sess_3931,view,2025-11-17 15:17:18.183414
1073,858.0,952,sess_1654,purchase,2026-04-24 05:40:45.183414
1074,929.0,494,sess_1853,purchase,2025-11-18 07:16:52.183414
1075,800.0,806,sess_4697,add_to_cart,2026-04-11 14:45:22.183414
1076,1137.0,172,sess_4432,purchase,2026-03-30 08:56:01.183414
1077,1182.0,870,sess_2882,add_to_cart,2025-09-18 11:20:48.183414
1078,1110.0,822,sess_430,view,2025-11-01 14:17:15.183414
1079,178.0,651,sess_3518,purchase,2025-08-08 15:27:22.183414
1080,6.0,215,sess_732,purchase,2025-07-27 23:27:49.183414
1081,447.0,626,sess_3346,purchase,2025-10-04 20:31:33.183414
1082,392.0,562,sess_1461,add_to_cart,2025-10-14 04:40:31.183414
1083,43.0,764,sess_4584,add_to_cart,2025-09-21 21:25:10.183414
1084,313.0,107,sess_2052,purchase,2026-02-09 22:15:45.183414
1085,,939,sess_3855,add_to_cart,2025-11-02 00:55:09.183414
163,964.0,42,sess_4560,add_to_cart,2025-08-22 13:41:41.183414
1087,661.0,287,sess_4174,purchase,2025-07-31 03:15:13.183414
1088,1188.0,739,sess_3147,purchase,2025-06-22 16:16:52.183414
1089,1138.0,56,sess_4267,view,2025-11-30 18:48:34.183414
1090,813.0,414,sess_373,purchase,2025-10-15 16:33:49.183414
1091,461.0,747,sess_2233,view,2026-02-12 22:38:04.183414
1092,70.0,924,sess_1386,add_to_cart,2025-09-01 19:01:59.183414
1093,,17,sess_846,add_to_cart,invalid_timestamp
1094,554.0,561,sess_4679,add_to_cart,2025-07-20 00:31:47.183414
1095,866.0,655,sess_2186,add_to_cart,2025-07-14 17:12:15.183414
1096,812.0,123,sess_3974,add_to_cart,2025-12-08 03:29:01.183414
1097,131.0,167,sess_4590,view,2025-10-24 19:41:55.183414
1098,230.0,1157,sess_2389,view,2025-12-27 01:03:29.183414
1099,32.0,534,sess_2536,view,2025-07-05 04:32:26.183414
1100,733.0,796,sess_3084,purchase,2025-09-10 12:16:07.183414
1101,125.0,661,sess_3275,view,2026-01-24 06:30:25.183414
1102,240.0,304,sess_3524,add_to_cart,2026-01-17 04:05:47.183414
1103,754.0,1122,sess_2689,purchase,2026-05-31 20:01:02.183414
1104,401.0,474,sess_1,purchase,2025-11-02 12:06:07.183414
1105,577.0,747,sess_466,view,2025-10-04 06:13:53.183414
1106,354.0,676,sess_359,add_to_cart,2025-07-24 09:18:36.183414
1107,1144.0,765,sess_1353,add_to_cart,2025-09-02 11:31:43.183414
1108,563.0,111,sess_2408,add_to_cart,2026-01-16 19:04:12.183414
1109,233.0,829,sess_3714,purchase,2026-06-06 15:01:06.183414
27,861.0,1077,sess_1480,view,2026-02-05 16:17:53.183414
1111,464.0,446,sess_1115,view,2026-04-04 00:38:54.183414
1112,781.0,423,sess_2524,add_to_cart,2026-04-14 18:29:25.183414
1113,587.0,933,sess_28,purchase,2026-06-03 21:14:54.183414
1114,618.0,802,sess_3532,view,2025-07-10 13:12:00.183414
1115,,598,sess_234,add_to_cart,2026-02-17 00:55:51.183414
1116,974.0,243,sess_262,purchase,2026-02-28 17:54:53.183414
1117,1047.0,612,sess_1329,purchase,2026-01-17 06:03:59.183414
1118,59.0,282,sess_2182,add_to_cart,2026-04-26 05:55:18.183414
1119,193.0,421,,add_to_cart,2026-02-06 00:01:24.183414
1120,829.0,876,sess_1283,view,2026-01-19 02:00:04.183414
1121,1148.0,455,sess_2628,purchase,2025-09-08 12:14:48.183414
1122,1027.0,1107,sess_3071,view,2026-03-01 13:45:58.183414
1123,1053.0,578,sess_3918,view,2025-07-14 22:18:13.183414
1124,731.0,1050,sess_167,view,2026-03-31 07:42:58.183414
1125,736.0,1061,sess_560,view,2026-03-30 16:23:51.183414
1126,,31,sess_2537,purchase,2026-06-11 07:10:21.183414
1127,1017.0,271,sess_3428,add_to_cart,2025-06-15 06:12:25.183414
1128,223.0,722,sess_3853,add_to_cart,2025-09-19 14:02:45.183414
1129,909.0,842,sess_3333,purchase,2026-03-23 12:18:02.183414
1130,,1002,sess_2054,purchase,2026-04-29 20:46:10.183414
1131,359.0,545,sess_2166,purchase,2025-12-03 02:50:49.183414
1132,,1004,sess_3138,view,2026-05-02 00:08:19.183414
164,536.0,1032,sess_532,add_to_cart,2026-06-11 04:43:22.183414
1134,373.0,1040,sess_1387,view,2025-08-19 12:59:40.183414
1135,667.0,872,sess_3371,add_to_cart,2025-12-26 15:48:27.183414
1136,942.0,1073,sess_812,add_to_cart,2025-08-11 17:59:24.183414
1137,371.0,643,sess_625,purchase,2025-08-11 02:39:29.183414
1138,,172,sess_1677,add_to_cart,2025-08-10 16:36:57.183414
1139,667.0,820,sess_3032,add_to_cart,2026-01-16 15:24:04.183414
1140,1110.0,910,sess_3609,add_to_cart,2026-05-14 23:58:48.183414
1141,904.0,266,,add_to_cart,2025-07-31 21:58:09.183414
1142,910.0,470,sess_1644,purchase,2026-03-29 23:16:02.183414
1143,,583,sess_3007,purchase,2026-06-03 11:13:56.183414
1144,929.0,600,sess_4600,view,2025-07-23 23:12:26.183414
1145,1081.0,474,sess_3180,add_to_cart,2025-12-24 21:33:37.183414
1146,885.0,694,sess_1736,add_to_cart,2026-03-19 00:54:49.183414
1147,64.0,1082,sess_2874,purchase,invalid_timestamp
1148,693.0,573,sess_2953,view,2025-09-02 12:02:39.183414
1149,1097.0,271,sess_1706,purchase,2025-10-16 13:08:02.183414
1150,161.0,555,sess_4806,view,2026-01-06 08:45:32.183414
1151,211.0,1167,sess_4797,add_to_cart,2025-07-06 13:49:39.183414
1152,143.0,649,sess_4767,view,2025-09-11 23:24:21.183414
1153,557.0,285,,view,2026-05-06 11:52:12.183414
1154,1110.0,863,sess_1252,view,2025-07-07 03:21:49.183414
1155,892.0,557,sess_2134,add_to_cart,2025-11-04 03:39:38.183414
1156,19.0,909,sess_354,add_to_cart,2025-09-19 00:41:01.183414
1157,354.0,709,sess_699,add_to_cart,2025-06-18 16:52:48.183414
1158,,1013,sess_3069,view,2026-03-20 22:41:45.183414
1159,505.0,361,sess_4080,add_to_cart,2025-12-21 01:28:15.183414
1160,259.0,513,sess_262,add_to_cart,2025-12-07 00:13:09.183414
1161,659.0,989,sess_3821,view,2025-09-10 13:01:08.183414
1162,138.0,620,sess_3552,add_to_cart,2025-06-24 01:40:24.183414
1163,1157.0,1056,sess_317,view,2026-01-08 16:36:51.183414
1164,1065.0,128,sess_2643,add_to_cart,invalid_timestamp
1165,,500,sess_2212,purchase,2025-10-06 03:53:07.183414
1166,689.0,695,sess_1403,purchase,2025-12-09 09:59:18.183414
1167,,1154,sess_93,view,2025-09-19 21:23:28.183414
1168,944.0,185,,add_to_cart,2025-09-30 20:12:42.183414
1169,719.0,92,sess_4656,view,2025-10-04 04:55:51.183414
1170,968.0,217,sess_2643,view,2025-09-28 02:03:11.183414
1171,390.0,209,sess_90,view,2025-07-08 14:14:38.183414
1172,,1084,sess_3055,view,2026-03-15 08:21:30.183414
1173,587.0,1153,sess_1312,purchase,2026-01-23 21:10:40.183414
1174,1161.0,365,sess_2229,view,2025-11-07 16:05:28.183414
1175,541.0,794,sess_4842,view,2025-06-30 18:32:55.183414
1176,,237,sess_3923,view,invalid_timestamp
1177,485.0,416,sess_4879,purchase,2025-07-25 12:37:04.183414
1178,326.0,98,sess_3985,add_to_cart,2025-09-13 21:24:09.183414
1179,32.0,81,sess_316,purchase,2025-12-30 14:50:42.183414
1180,602.0,330,sess_4267,add_to_cart,2026-03-14 07:26:31.183414
1181,582.0,242,sess_4961,purchase,2025-07-14 22:18:17.183414
1182,,208,sess_3577,purchase,2026-03-01 09:12:04.183414
1183,1077.0,1106,sess_32,purchase,2026-01-20 22:13:59.183414
1184,798.0,714,sess_326,view,2025-07-14 21:12:28.183414
1185,629.0,1034,sess_1000,add_to_cart,2025-09-25 08:41:31.183414
1186,851.0,241,sess_112,view,invalid_timestamp
1187,986.0,107,sess_599,view,2026-03-31 05:07:15.183414
1188,733.0,132,sess_1655,add_to_cart,2025-07-01 01:27:24.183414
1189,265.0,299,sess_4113,add_to_cart,2025-07-01 09:53:02.183414
1190,813.0,366,sess_1848,view,2026-05-05 18:02:46.183414
1191,1144.0,396,sess_2854,view,2025-11-19 17:30:09.183414
1192,669.0,339,sess_2186,add_to_cart,2025-10-23 15:22:33.183414
1193,491.0,1055,sess_4359,view,2025-07-12 16:09:04.183414
1194,1055.0,843,sess_3084,add_to_cart,2025-08-31 05:14:18.183414
1195,614.0,865,sess_4607,view,2025-07-19 01:38:51.183414
1196,339.0,943,sess_17,add_to_cart,2025-10-27 12:37:55.183414
1197,582.0,18,sess_3022,view,2025-06-29 18:13:19.183414
1198,1048.0,992,sess_2757,add_to_cart,2026-04-19 05:34:13.183414
1199,394.0,371,sess_1238,purchase,2025-09-23 07:18:44.183414
1200,831.0,1062,sess_929,add_to_cart,2026-01-03 09:26:13.183414
1201,852.0,613,sess_4222,purchase,invalid_timestamp
1202,979.0,196,sess_1504,purchase,2026-02-09 09:34:01.183414
1203,12.0,169,sess_2491,purchase,2025-09-21 12:53:07.183414
1204,596.0,49,sess_1589,view,2025-07-04 21:00:43.183414
1205,992.0,632,sess_4816,purchase,2025-12-30 07:47:16.183414
1206,757.0,175,,purchase,2025-08-27 18:29:57.183414
1207,,951,,view,2026-04-24 20:26:28.183414
1208,772.0,703,sess_1716,view,2025-07-19 10:34:44.183414
193,930.0,627,,view,2026-01-10 15:26:58.183414
1210,424.0,347,sess_3444,add_to_cart,2025-12-04 05:32:46.183414
1211,1165.0,378,sess_2554,add_to_cart,2025-10-30 11:15:21.183414
1212,24.0,54,sess_2888,view,2026-05-11 14:02:29.183414
1213,993.0,544,sess_1548,add_to_cart,2025-12-06 04:56:19.183414
1214,1124.0,90,sess_592,purchase,2025-12-29 03:02:27.183414
136,567.0,727,sess_844,purchase,2026-03-03 22:55:47.183414
1216,187.0,1175,sess_4542,add_to_cart,2025-09-30 00:17:10.183414
1217,251.0,993,sess_3297,add_to_cart,2025-10-16 17:16:51.183414
1218,1097.0,623,sess_3932,view,2025-10-28 16:24:02.183414
1219,420.0,1130,sess_4388,add_to_cart,2025-12-12 22:51:22.183414
1220,789.0,505,sess_3108,purchase,2025-11-12 21:40:18.183414
1221,998.0,67,sess_783,purchase,2025-10-03 16:34:27.183414
1222,490.0,136,sess_4278,purchase,2026-04-18 07:55:51.183414
1223,216.0,199,sess_473,view,2025-09-26 19:33:39.183414
1224,187.0,1010,sess_3538,add_to_cart,2025-12-06 11:15:15.183414
1225,1109.0,900,sess_3971,view,2025-08-20 00:46:53.183414
1226,212.0,849,sess_1884,purchase,2026-03-01 01:29:45.183414
1227,313.0,947,sess_1655,purchase,2026-03-27 01:00:56.183414
1228,265.0,332,sess_3227,add_to_cart,2025-12-09 02:44:01.183414
1229,154.0,854,sess_3232,add_to_cart,2025-08-12 22:54:54.183414
1230,11.0,1192,sess_1218,view,2025-10-04 06:56:58.183414
1231,405.0,1140,sess_4982,add_to_cart,2026-02-08 08:44:48.183414
1232,409.0,727,sess_4496,view,2026-03-01 00:06:25.183414
1233,771.0,736,sess_1893,add_to_cart,2026-03-14 11:12:08.183414
1234,1116.0,600,sess_610,add_to_cart,2025-06-26 16:31:25.183414
1235,877.0,328,sess_137,view,2026-02-15 02:04:10.183414
1236,443.0,726,sess_3125,purchase,2025-07-20 02:09:06.183414
1237,1109.0,48,sess_3665,add_to_cart,2025-06-20 03:18:02.183414
1238,489.0,662,sess_2661,add_to_cart,2025-08-25 13:20:10.183414
1239,205.0,41,sess_3409,purchase,2025-07-06 04:21:04.183414
1240,456.0,408,sess_4063,view,2025-10-31 15:31:20.183414
1241,199.0,963,sess_3223,purchase,2026-01-07 14:31:22.183414
1242,325.0,920,sess_1948,purchase,2025-10-14 02:21:15.183414
1243,616.0,347,sess_2000,purchase,2025-09-29 03:15:29.183414
1244,1012.0,986,sess_3346,view,2025-09-21 13:35:12.183414
1245,248.0,640,,view,2025-09-01 22:44:04.183414
1246,1033.0,329,sess_4400,view,2025-10-14 18:30:55.183414
1247,298.0,850,sess_2899,add_to_cart,2026-03-08 09:06:14.183414
1248,966.0,823,sess_4745,add_to_cart,2025-09-01 20:54:30.183414
1249,821.0,495,sess_770,add_to_cart,2025-06-26 23:47:00.183414
1250,356.0,664,sess_4920,add_to_cart,2025-11-25 12:56:26.183414
1251,781.0,1144,sess_3730,purchase,2025-07-11 17:42:36.183414
1252,472.0,1108,sess_2508,view,2025-10-05 18:51:50.183414
1253,506.0,148,sess_4737,view,2025-10-21 16:24:26.183414
1254,303.0,341,sess_2684,view,2025-07-27 09:31:41.183414
1255,450.0,103,sess_1281,purchase,2025-08-05 13:15:07.183414
1256,,361,sess_2603,add_to_cart,2026-04-20 09:56:46.183414
1257,461.0,777,sess_162,add_to_cart,2026-04-25 16:47:28.183414
1258,412.0,220,sess_3115,view,2026-06-09 19:50:09.183414
1259,672.0,387,sess_1470,view,2026-01-06 20:50:58.183414
1260,754.0,81,,view,2025-10-06 21:02:16.183414
1261,1071.0,204,sess_514,purchase,2026-01-22 08:51:36.183414
1262,357.0,662,sess_4395,add_to_cart,2025-09-29 04:01:06.183414
1263,753.0,975,sess_1788,purchase,2025-07-09 00:19:40.183414
1264,1052.0,530,sess_3949,add_to_cart,2026-01-19 03:23:29.183414
1265,728.0,1001,sess_4580,purchase,2026-05-28 12:58:51.183414
1266,108.0,567,sess_3004,purchase,2026-05-25 08:33:18.183414
1267,991.0,1155,sess_4308,purchase,2025-12-26 14:19:33.183414
1268,1193.0,333,sess_2659,purchase,2026-01-21 00:11:05.183414
1269,823.0,871,sess_4132,add_to_cart,2026-02-12 09:09:03.183414
1270,851.0,420,sess_662,view,2026-01-04 09:33:58.183414
1271,288.0,830,sess_3653,purchase,2026-02-11 00:51:45.183414
1272,47.0,761,sess_4292,purchase,2025-11-11 08:40:24.183414
1273,229.0,443,sess_956,purchase,2025-07-14 00:03:49.183414
1274,318.0,638,sess_3735,purchase,2025-10-24 12:02:39.183414
1275,615.0,632,sess_224,purchase,2026-03-20 10:53:51.183414
1276,782.0,134,sess_915,view,2026-04-26 07:38:46.183414
1277,846.0,424,sess_721,purchase,2025-12-15 05:23:19.183414
1278,,381,sess_4266,purchase,2025-07-25 23:36:49.183414
1279,893.0,897,sess_3912,view,2026-01-24 08:29:18.183414
1280,374.0,1027,sess_1479,purchase,2026-06-08 13:03:06.183414
1281,883.0,761,sess_2364,view,2025-10-25 14:35:06.183414
1282,667.0,620,sess_2815,view,2026-06-01 04:12:46.183414
1283,873.0,919,sess_2533,add_to_cart,2026-04-02 10:21:21.183414
1284,393.0,198,sess_3937,purchase,2025-10-15 19:34:33.183414
1285,1091.0,972,sess_2126,add_to_cart,2025-09-03 11:44:32.183414
1286,,655,sess_1562,add_to_cart,2025-09-23 18:44:50.183414
1287,316.0,731,sess_3310,purchase,2025-10-29 23:42:13.183414
1288,1195.0,991,sess_1738,view,2025-07-29 19:53:19.183414
1289,,6,sess_1372,add_to_cart,2025-06-19 00:44:53.183414
1290,902.0,792,sess_3042,add_to_cart,2025-08-26 14:26:02.183414
1291,161.0,49,,purchase,2026-03-08 01:25:08.183414
1292,440.0,115,sess_2124,view,2026-01-20 19:03:12.183414
1293,863.0,659,sess_4591,purchase,2025-11-21 12:33:25.183414
1294,359.0,823,sess_3434,view,2026-04-29 17:08:13.183414
1295,1084.0,611,sess_2424,purchase,2025-11-18 06:57:17.183414
93,216.0,723,sess_4717,add_to_cart,2025-09-10 17:41:18.183414
1297,1089.0,530,sess_2171,view,2025-07-25 00:58:34.183414
1298,663.0,486,sess_1144,view,2025-07-26 06:33:50.183414
1299,455.0,312,sess_4784,add_to_cart,2025-10-24 22:18:36.183414
1300,723.0,820,sess_3805,add_to_cart,2025-07-23 17:47:49.183414
1301,,422,sess_713,purchase,2025-11-18 15:01:43.183414
1302,134.0,122,sess_127,add_to_cart,2025-08-21 11:34:33.183414
1303,130.0,890,sess_3765,purchase,2025-10-15 21:38:38.183414
1304,573.0,418,sess_1358,view,2025-06-24 01:11:04.183414
1305,100.0,145,sess_4372,add_to_cart,invalid_timestamp
1306,157.0,548,sess_1469,add_to_cart,2025-06-18 19:04:43.183414
1307,481.0,841,sess_832,purchase,2025-07-02 14:33:49.183414
1308,262.0,334,sess_2695,purchase,2026-01-02 17:27:45.183414
1309,490.0,334,sess_4813,view,2025-11-23 04:10:27.183414
1310,1087.0,680,sess_4446,add_to_cart,2025-06-13 10:58:22.183414
1311,8.0,1143,sess_1134,add_to_cart,2026-04-04 08:42:17.183414
1312,723.0,524,sess_220,purchase,2026-02-08 21:22:31.183414
1313,924.0,435,sess_3148,purchase,2025-11-02 04:58:43.183414
1314,1120.0,248,sess_1106,add_to_cart,2026-01-16 04:47:34.183414
1315,353.0,567,sess_3617,add_to_cart,2025-12-03 23:40:53.183414
1316,992.0,1161,sess_1311,add_to_cart,2025-06-25 22:22:18.183414
181,1030.0,132,sess_1649,view,2026-03-24 06:27:40.183414
1318,234.0,989,sess_4673,view,2026-04-01 16:04:15.183414
1319,,377,sess_3956,purchase,invalid_timestamp
1320,487.0,1117,sess_1126,purchase,2025-08-29 18:55:53.183414
1321,412.0,331,sess_4906,purchase,2025-09-15 04:45:42.183414
1322,828.0,361,sess_4841,add_to_cart,2025-08-04 01:05:22.183414
1323,196.0,210,sess_967,add_to_cart,2025-08-31 10:40:23.183414
1324,926.0,138,sess_2598,view,2026-05-03 22:22:13.183414
1325,,680,sess_457,add_to_cart,2026-03-08 04:39:47.183414
1326,,380,sess_33,add_to_cart,2025-08-19 21:04:17.183414
1327,1140.0,887,sess_945,view,2025-08-28 22:14:29.183414
1328,307.0,603,sess_3860,add_to_cart,2025-12-28 11:47:32.183414
1329,39.0,927,sess_1501,add_to_cart,2025-11-12 15:11:18.183414
1330,1048.0,499,sess_3574,view,2025-07-28 13:26:50.183414
1331,14.0,342,sess_4549,view,2026-04-12 13:30:47.183414
1332,771.0,32,sess_4302,view,2025-12-25 10:34:08.183414
1333,957.0,1122,sess_4591,add_to_cart,2026-06-06 04:09:20.183414
1334,128.0,210,sess_407,view,2025-10-04 18:15:21.183414
1335,354.0,410,sess_4057,add_to_cart,2026-02-28 15:22:52.183414
1336,52.0,745,sess_2850,add_to_cart,2025-11-17 14:44:49.183414
1337,1116.0,1015,sess_4516,view,2025-11-10 03:38:33.183414
1338,544.0,313,sess_1050,add_to_cart,2025-08-11 11:28:16.183414
1339,936.0,469,sess_3771,add_to_cart,2026-03-25 20:58:02.183414
1340,914.0,325,sess_2585,purchase,2026-03-12 22:37:37.183414
1341,398.0,632,sess_398,add_to_cart,2026-02-10 00:27:34.183414
1342,451.0,274,sess_4616,view,2025-11-04 15:04:32.183414
1343,404.0,316,sess_3900,purchase,2025-10-17 11:05:35.183414
1344,4.0,1150,sess_1096,add_to_cart,2025-11-29 16:07:30.183414
1345,233.0,1010,sess_1533,purchase,2025-10-27 17:11:12.183414
1346,183.0,659,sess_4711,view,2026-02-26 01:52:37.183414
1347,273.0,812,sess_3918,purchase,2025-12-21 12:46:25.183414
1348,873.0,644,sess_4548,purchase,2026-03-01 06:32:35.183414
1349,,1096,sess_387,add_to_cart,2026-04-11 17:41:42.183414
1350,1194.0,1122,sess_4567,purchase,2025-07-01 05:08:57.183414
1351,31.0,1152,sess_4785,purchase,2025-08-19 20:31:12.183414
1352,911.0,902,sess_1801,add_to_cart,2025-12-25 00:24:35.183414
1353,1181.0,495,sess_4655,purchase,2025-07-13 22:08:13.183414
1354,596.0,922,sess_3233,view,2025-09-19 00:36:52.183414
1355,510.0,884,sess_2752,add_to_cart,2026-03-20 01:52:46.183414
1356,122.0,576,sess_3016,view,2025-07-22 15:11:09.183414
1357,103.0,1045,sess_2947,purchase,2026-03-24 23:27:34.183414
1358,843.0,909,sess_10,add_to_cart,2025-11-09 01:33:11.183414
1359,1144.0,204,sess_29,add_to_cart,2026-05-13 23:43:39.183414
1360,72.0,1180,sess_3894,view,2026-03-30 04:34:20.183414
1361,,1132,sess_293,view,2026-01-27 16:46:56.183414
1362,1040.0,87,sess_778,purchase,invalid_timestamp
1363,,1033,sess_495,purchase,2026-01-20 23:01:46.183414
1364,179.0,542,sess_1413,add_to_cart,2026-03-20 11:09:45.183414
1365,286.0,1104,sess_4260,add_to_cart,2025-06-28 04:14:54.183414
1366,274.0,974,sess_2649,view,2025-12-18 08:24:15.183414
1367,582.0,1011,sess_2519,view,invalid_timestamp
1368,881.0,629,sess_926,view,2026-05-10 18:39:09.183414
1369,336.0,1133,sess_2880,add_to_cart,2025-10-04 03:46:18.183414
1370,360.0,43,,add_to_cart,2026-02-23 20:13:20.183414
1371,1127.0,924,sess_898,add_to_cart,2025-11-02 09:16:07.183414
1372,51.0,729,sess_4187,purchase,2025-09-01 10:35:06.183414
1373,421.0,1022,sess_1618,add_to_cart,2026-04-11 03:04:21.183414
1374,1040.0,753,,add_to_cart,2026-05-23 04:53:06.183414
1375,430.0,375,sess_1605,purchase,2025-08-14 15:38:52.183414
1376,474.0,661,sess_475,purchase,2025-07-30 16:58:05.183414
1377,112.0,637,sess_1950,purchase,2025-09-07 12:26:00.183414
1378,1050.0,75,sess_1717,view,2026-01-04 21:17:59.183414
1379,372.0,1037,,purchase,2025-12-29 17:17:41.183414
1380,1068.0,123,sess_1986,view,2026-03-02 22:38:50.183414
1381,593.0,346,sess_179,add_to_cart,2025-12-10 22:30:37.183414
1382,589.0,930,sess_188,purchase,2025-07-22 05:06:59.183414
1383,1157.0,1061,sess_4856,view,2026-01-22 15:31:52.183414
1384,1160.0,862,sess_234,view,2025-08-10 06:53:41.183414
1385,199.0,1172,sess_830,view,2026-03-04 09:33:29.183414
1386,35.0,602,sess_4577,view,2025-11-23 03:00:08.183414
1387,163.0,232,sess_782,add_to_cart,2025-11-11 17:56:41.183414
1388,1040.0,554,sess_1921,purchase,2026-05-13 23:07:34.183414
1389,51.0,524,sess_1342,add_to_cart,invalid_timestamp
1390,501.0,197,sess_764,purchase,invalid_timestamp
1391,291.0,187,sess_4910,view,2026-02-23 11:52:28.183414
1392,777.0,211,sess_2426,purchase,2025-08-24 02:04:01.183414
1393,,839,sess_2883,view,2026-03-01 21:15:22.183414
1394,658.0,904,sess_1425,view,2025-07-23 04:01:09.183414
1395,442.0,187,sess_4168,add_to_cart,2025-11-25 15:33:12.183414
1396,1045.0,66,sess_859,purchase,2025-07-20 13:49:46.183414
1397,754.0,1150,sess_1663,view,2026-05-23 12:13:45.183414
1398,320.0,341,sess_4650,purchase,2025-09-02 20:49:39.183414
1399,475.0,1131,sess_4213,view,2025-11-01 21:42:43.183414
1400,1162.0,1100,sess_2312,purchase,2025-10-06 15:27:09.183414
1401,52.0,939,sess_664,add_to_cart,2025-07-31 16:51:24.183414
1402,48.0,628,sess_3991,purchase,2025-07-31 00:24:12.183414
1403,912.0,759,sess_3995,view,2026-06-05 17:29:26.183414
1404,,25,sess_3452,add_to_cart,2026-03-31 15:27:56.183414
1405,86.0,725,,add_to_cart,2025-08-12 20:34:32.183414
1406,52.0,337,sess_3140,purchase,2025-09-02 14:32:24.183414
1407,693.0,331,sess_903,add_to_cart,2025-11-16 05:19:08.183414
1408,203.0,117,sess_4983,purchase,2025-10-24 11:04:06.183414
1409,138.0,1173,sess_77,purchase,2026-04-08 02:26:40.183414
1410,857.0,854,sess_78,add_to_cart,2025-06-12 11:04:58.183414
1411,1170.0,739,sess_3394,add_to_cart,2025-07-22 19:03:04.183414
1412,405.0,795,sess_1652,add_to_cart,2025-09-09 08:44:03.183414
1413,875.0,386,sess_1981,view,2025-08-12 10:38:33.183414
1414,630.0,1026,,purchase,2025-11-27 16:54:57.183414
1415,753.0,809,sess_343,view,2026-01-17 08:47:20.183414
1416,803.0,817,sess_2811,add_to_cart,2026-01-14 16:53:58.183414
1417,1169.0,148,sess_1896,purchase,2026-01-06 18:46:33.183414
1418,526.0,30,sess_4415,purchase,2025-10-29 09:36:11.183414
17,277.0,990,sess_1804,view,invalid_timestamp
1420,525.0,808,sess_2422,add_to_cart,2025-12-29 12:43:37.183414
1421,744.0,567,sess_3299,purchase,2025-07-08 14:10:14.183414
1422,830.0,553,,purchase,2025-07-03 03:24:12.183414
1423,992.0,1073,sess_2320,purchase,2026-04-28 06:40:53.183414
1424,965.0,586,sess_1320,add_to_cart,2025-07-25 03:37:43.183414
1425,560.0,360,sess_1557,view,2025-09-17 14:57:23.183414
1426,,813,sess_127,view,2025-09-13 06:28:13.183414
1427,920.0,1134,sess_1079,purchase,2026-03-22 00:40:24.183414
1428,1019.0,65,sess_1960,purchase,2026-04-21 03:06:10.183414
1429,591.0,1004,sess_1179,purchase,2025-08-08 10:31:20.183414
1430,915.0,105,sess_1154,add_to_cart,2025-09-06 02:38:38.183414
1431,1158.0,716,sess_916,view,2026-06-05 14:40:14.183414
1432,828.0,267,sess_1485,view,2026-05-25 23:15:15.183414
1433,752.0,1163,sess_966,view,2026-04-16 23:21:51.183414
1434,676.0,438,sess_2811,add_to_cart,2025-12-19 09:53:40.183414
1435,702.0,942,sess_907,add_to_cart,2025-11-14 21:14:00.183414
1436,1045.0,117,sess_2288,add_to_cart,2026-03-07 02:59:44.183414
1437,1074.0,332,sess_447,purchase,2025-08-11 06:13:11.183414
1438,809.0,51,sess_3604,add_to_cart,2026-03-06 19:35:13.183414
1439,896.0,1195,,purchase,2025-08-16 12:47:10.183414
1440,740.0,1094,sess_49,add_to_cart,2026-05-12 22:38:33.183414
1441,1066.0,515,sess_3165,add_to_cart,2026-01-17 20:34:03.183414
1442,111.0,846,sess_4551,view,2025-10-24 14:18:43.183414
1443,455.0,1071,sess_1434,purchase,2025-07-08 17:07:24.183414
21,972.0,1005,,purchase,2026-06-08 01:33:15.183414
1445,,967,sess_1709,add_to_cart,invalid_timestamp
1446,177.0,202,sess_4042,view,2026-03-02 05:59:19.183414
1447,5.0,18,,add_to_cart,2026-04-22 03:16:19.183414
1448,177.0,964,sess_1179,add_to_cart,2025-12-21 22:52:13.183414
1449,439.0,1169,sess_754,purchase,2026-01-07 14:32:12.183414
1450,1108.0,1040,sess_4871,purchase,2025-09-29 20:50:22.183414
1451,363.0,785,sess_1643,purchase,2026-03-08 06:21:10.183414
1452,24.0,360,sess_4444,view,2025-10-30 14:49:25.183414
1453,503.0,868,sess_1908,view,2025-09-17 20:48:17.183414
1454,675.0,1136,sess_2092,purchase,invalid_timestamp
1455,1162.0,236,sess_3383,add_to_cart,2026-04-28 09:42:59.185418
1456,186.0,875,sess_830,view,2026-04-08 18:29:01.185418
1457,118.0,1053,sess_1278,add_to_cart,2025-07-11 03:54:12.185418
1458,744.0,210,sess_2535,purchase,2025-11-03 01:00:32.185418
1459,,504,sess_4636,view,2025-12-04 10:17:33.185418
1460,675.0,798,sess_405,add_to_cart,2025-11-17 23:55:25.185418
1461,110.0,102,sess_2417,view,2026-05-11 09:25:31.185418
1462,829.0,763,sess_2824,purchase,2026-02-11 22:31:43.185418
1463,1002.0,154,sess_3677,add_to_cart,2025-09-08 02:35:53.185418
1464,907.0,365,sess_4708,add_to_cart,2025-12-28 23:47:02.185418
1465,37.0,1018,sess_1446,view,2025-11-28 03:46:50.185418
1466,532.0,701,sess_1106,add_to_cart,2025-07-09 15:42:01.185418
1467,639.0,1057,sess_3851,view,2025-06-26 10:36:18.185418
1468,1020.0,1186,sess_3294,purchase,2026-03-10 00:23:16.185418
1469,544.0,454,sess_3331,purchase,2026-06-07 00:29:28.185418
1470,553.0,943,sess_720,add_to_cart,2025-09-15 18:27:51.185418
145,508.0,454,sess_4713,purchase,2026-02-28 21:02:34.185418
1472,179.0,80,sess_3723,add_to_cart,invalid_timestamp
1473,460.0,26,sess_1788,add_to_cart,2026-02-09 16:47:15.185418
1474,481.0,70,sess_1804,purchase,2026-01-13 04:37:57.185418
1475,1055.0,766,sess_3196,purchase,2026-03-12 20:28:38.185418
1476,985.0,76,sess_1983,add_to_cart,2025-10-25 23:12:23.185418
1477,566.0,329,sess_1849,purchase,2025-09-09 11:54:46.185418
1478,390.0,1136,sess_4669,add_to_cart,2026-04-14 16:28:39.185418
1479,,619,sess_2132,view,2026-05-14 20:13:58.185418
1480,432.0,285,sess_2278,purchase,2026-02-04 16:15:03.185418
1481,619.0,862,sess_2089,add_to_cart,2026-06-09 22:04:46.185418
1482,1076.0,1082,sess_824,purchase,2025-11-16 10:38:11.185418
1483,701.0,905,sess_4765,add_to_cart,2025-08-30 21:23:55.185418
1484,525.0,1170,sess_4527,purchase,2025-11-08 11:04:59.185418
1485,544.0,889,sess_4992,add_to_cart,2025-10-05 11:00:36.185418
1486,7.0,403,,add_to_cart,2026-03-20 07:36:16.185418
1487,1098.0,697,sess_2097,purchase,2026-01-14 13:03:39.185418
1488,962.0,250,sess_4198,view,2025-09-01 00:51:03.185418
1489,151.0,999,sess_579,view,2025-12-05 21:33:23.185418
1490,629.0,354,sess_1571,purchase,2026-04-25 22:10:40.185418
1491,1126.0,421,sess_2230,view,2026-04-24 03:36:34.185418
1492,192.0,282,sess_3307,view,2025-07-10 07:11:22.185418
1493,388.0,452,sess_4448,purchase,2025-08-16 11:08:07.185418
1494,308.0,749,sess_1850,view,2026-03-14 04:20:52.185418
1495,11.0,526,,purchase,2025-12-07 18:01:11.185418
1496,538.0,855,sess_2696,add_to_cart,2025-11-03 10:19:44.185418
1497,25.0,72,sess_2665,purchase,2026-02-20 06:18:10.185418
1498,794.0,1197,sess_2773,view,2026-03-04 03:02:48.185418
1499,1060.0,533,sess_3861,add_to_cart,2025-08-27 02:26:05.185418
1500,110.0,161,sess_2793,view,2025-11-28 05:58:09.185418
1501,389.0,161,sess_4375,purchase,2025-10-08 15:56:51.185418
1502,254.0,511,sess_4024,view,2026-01-01 23:47:46.185418
1503,,911,sess_4945,purchase,2025-09-29 05:58:05.185418
1504,1160.0,973,sess_2424,add_to_cart,2025-11-20 11:03:42.185418
61,579.0,235,sess_2988,add_to_cart,2026-03-04 15:56:34.185418
1506,1059.0,861,sess_3696,purchase,2026-05-12 12:29:14.185418
1507,987.0,625,sess_3092,purchase,2025-07-07 05:50:01.185418
1508,320.0,330,sess_2547,view,2026-05-23 22:17:13.185418
1509,1034.0,735,sess_1684,add_to_cart,2026-03-21 19:33:24.185418
1510,719.0,27,sess_4401,purchase,2026-05-10 11:21:10.185418
1511,,559,sess_4488,add_to_cart,2025-09-28 08:25:12.185418
1512,602.0,176,sess_1979,view,2026-04-11 18:54:49.185418
1513,,476,sess_2247,view,2025-12-26 02:56:11.185418
1514,491.0,916,sess_975,add_to_cart,invalid_timestamp
1515,584.0,855,sess_3205,view,2025-09-20 23:17:29.185418
1516,,294,sess_640,view,2025-08-24 17:23:07.185418
1517,661.0,137,sess_376,view,2025-08-27 00:06:05.185418
1518,1040.0,1152,sess_1591,view,2026-02-22 04:48:26.185418
1519,918.0,747,,add_to_cart,2026-03-12 04:15:32.185418
1520,821.0,728,sess_1570,view,2025-11-16 13:31:13.185418
1521,147.0,104,sess_2172,purchase,2026-01-15 17:33:41.185418
1522,578.0,631,sess_1443,add_to_cart,2026-06-09 06:22:50.185418
1523,928.0,1133,sess_2667,view,2026-04-01 12:48:19.185418
1524,,1051,sess_3253,add_to_cart,2026-04-30 00:31:48.185418
1525,,967,,add_to_cart,2025-10-21 15:25:02.185418
1526,428.0,542,sess_339,purchase,2026-02-17 12:57:44.185418
1527,295.0,998,sess_634,purchase,2026-05-10 16:23:54.185418
1528,132.0,23,sess_2828,purchase,invalid_timestamp
1529,249.0,828,sess_1884,purchase,2025-11-29 03:37:08.185418
1530,474.0,416,,add_to_cart,2025-11-23 15:29:14.185418
1531,426.0,555,sess_3648,add_to_cart,2025-08-25 11:58:40.185418
1532,1151.0,403,sess_56,add_to_cart,invalid_timestamp
1533,235.0,189,sess_4160,purchase,2025-07-15 09:41:32.185418
1534,680.0,375,sess_1349,view,2025-11-14 23:53:03.185418
1535,615.0,600,sess_2621,add_to_cart,2026-05-27 01:36:46.185418
1536,484.0,227,sess_628,view,2025-11-16 06:08:49.185418
1537,83.0,385,sess_142,add_to_cart,2025-07-02 19:45:39.185418
1538,169.0,274,sess_133,purchase,2026-04-25 18:01:41.185418
1539,105.0,353,,view,2025-09-01 16:17:11.185418
1540,50.0,1082,sess_1208,view,2025-12-24 18:19:33.185418
1541,302.0,1060,sess_2819,view,2026-04-01 14:22:30.185418
1542,204.0,1121,sess_1244,view,2025-06-11 15:29:23.185418
1543,394.0,444,sess_1583,view,invalid_timestamp
1544,182.0,560,sess_3092,purchase,2025-10-20 04:21:18.185418
1545,571.0,571,sess_1696,add_to_cart,2026-04-24 07:10:24.185418
1546,929.0,176,sess_3862,view,2025-12-05 16:16:26.185418
1547,829.0,355,sess_2421,view,2026-05-15 04:57:25.185418
1548,974.0,895,sess_3393,add_to_cart,2026-05-07 06:22:43.185418
1549,757.0,56,sess_447,add_to_cart,2025-10-04 09:01:36.185418
1550,998.0,244,sess_1631,purchase,2026-04-10 01:14:07.185418
1551,118.0,979,sess_4400,view,2025-11-29 04:04:33.185418
1552,1059.0,233,sess_1566,view,2026-01-03 11:44:44.185418
1553,1145.0,543,sess_2108,add_to_cart,2026-02-17 21:31:29.185418
1554,293.0,307,sess_2809,add_to_cart,2025-07-02 13:03:18.185418
1555,179.0,179,sess_132,add_to_cart,2026-04-02 18:23:26.185418
1556,,1025,sess_1794,add_to_cart,2025-08-22 04:32:16.185418
1557,637.0,1171,sess_4006,add_to_cart,2026-03-31 14:07:07.185418
1558,374.0,750,,add_to_cart,2026-03-19 14:33:18.185418
1559,,55,sess_4130,view,2025-08-05 08:33:17.185418
1560,642.0,146,sess_2178,view,2026-05-15 13:55:20.185418
1561,,533,sess_1749,view,2025-12-13 00:37:00.185418
1562,568.0,578,sess_2837,add_to_cart,2026-01-15 11:48:13.185418
1563,819.0,698,sess_4621,purchase,2026-02-04 21:10:15.185418
1564,932.0,301,sess_298,purchase,2026-04-09 14:23:32.185418
1565,798.0,912,sess_3735,purchase,2025-08-12 16:28:45.185418
1566,241.0,474,sess_1788,view,2026-01-07 08:56:01.185418
1567,461.0,927,sess_4198,add_to_cart,2026-01-01 06:00:20.185418
1568,138.0,656,sess_680,view,2025-08-26 10:03:06.185418
1569,752.0,473,sess_2656,add_to_cart,2025-08-23 05:02:03.185418
1570,95.0,725,sess_4597,purchase,2026-03-04 15:29:29.185418
1571,110.0,1050,sess_2805,view,2025-07-04 22:53:57.185418
1572,363.0,428,sess_51,view,2025-08-27 01:40:19.185418
1573,1197.0,1143,sess_3768,purchase,2025-11-26 07:10:39.185418
1574,47.0,980,sess_3299,purchase,2025-10-24 19:15:50.185418
1575,438.0,304,sess_852,add_to_cart,2026-01-01 05:41:33.185418
1576,170.0,430,sess_419,add_to_cart,2026-05-22 09:52:55.185418
1577,184.0,806,sess_4055,add_to_cart,2025-08-26 17:16:13.185418
1578,1036.0,1145,sess_1431,add_to_cart,2025-07-03 11:13:55.185418
1579,243.0,398,,purchase,2026-02-17 00:50:21.185418
1580,720.0,303,sess_835,view,2025-10-20 07:43:44.185418
1581,679.0,917,sess_3397,add_to_cart,2026-04-25 22:38:28.185418
1582,1112.0,869,sess_44,purchase,2025-11-02 01:38:16.185418
1583,173.0,110,sess_1170,view,2026-04-02 11:15:40.185418
124,905.0,441,sess_2785,view,2026-05-26 00:14:57.185418
1585,812.0,574,sess_3171,add_to_cart,2025-07-12 21:43:23.185418
1586,144.0,206,sess_461,purchase,2026-01-01 23:57:11.185418
1587,711.0,1191,sess_4704,view,2025-06-27 08:43:20.185418
1588,,1019,sess_439,purchase,2026-04-10 09:03:57.185418
1589,1073.0,453,sess_2291,purchase,2025-09-11 11:55:14.185418
1590,561.0,214,sess_2114,purchase,2025-06-15 20:17:14.185418
1591,1.0,1038,sess_1877,add_to_cart,2025-12-06 19:31:57.185418
1592,312.0,137,sess_810,purchase,2025-12-19 12:25:18.185418
1593,277.0,248,sess_4761,view,2025-11-10 08:51:06.185418
1594,1066.0,767,sess_1901,view,2025-08-01 02:54:04.185418
1595,542.0,974,sess_1399,view,2025-06-18 19:49:38.185418
1596,220.0,1058,sess_2768,view,2025-09-16 21:56:55.185418
1597,835.0,888,sess_66,view,2026-02-22 21:52:23.185418
1598,895.0,380,sess_1774,add_to_cart,2026-01-12 13:36:15.185418
1599,92.0,228,sess_3091,purchase,2025-08-15 13:02:30.185418
1600,1095.0,926,sess_4860,purchase,2025-09-16 05:52:05.185418
1601,627.0,414,sess_4936,purchase,2026-02-02 14:07:37.185418
1602,239.0,321,sess_555,add_to_cart,2026-05-16 22:02:02.185418
1603,279.0,521,sess_217,add_to_cart,invalid_timestamp
1604,321.0,835,,add_to_cart,2026-05-27 20:25:12.185418
1605,64.0,228,sess_3115,add_to_cart,2025-11-26 05:38:36.185418
1606,361.0,934,sess_3899,purchase,2026-02-15 11:27:40.185418
1607,89.0,699,sess_4029,view,2026-01-06 02:19:57.185418
1608,494.0,1067,sess_3586,view,2026-04-21 17:59:17.185418
1609,1134.0,642,sess_4659,view,invalid_timestamp
1610,1125.0,949,,view,2026-05-16 14:53:21.185418
1611,610.0,573,sess_2156,add_to_cart,2026-03-28 18:00:32.185418
1612,997.0,619,sess_3147,view,2025-12-23 14:29:08.185418
1613,,473,sess_3574,purchase,2025-12-10 01:56:55.185418
1614,921.0,512,sess_1061,add_to_cart,2025-12-27 16:01:45.185418
1615,1120.0,237,sess_1253,view,invalid_timestamp
1616,150.0,218,sess_4871,view,2025-08-21 16:21:46.185418
1617,684.0,956,sess_4299,add_to_cart,2025-12-24 17:40:51.185418
1618,548.0,1163,sess_4344,view,2025-09-08 11:18:46.185418
1619,634.0,651,,purchase,2026-06-04 14:46:31.185418
1620,650.0,736,sess_844,purchase,invalid_timestamp
1621,359.0,265,sess_4419,add_to_cart,2025-12-30 03:14:48.185418
1622,87.0,1023,sess_4122,purchase,2025-08-04 21:31:12.185418
1623,196.0,421,sess_646,view,2025-07-27 18:50:16.185418
1624,416.0,855,sess_1150,purchase,2025-08-01 09:17:24.185418
1625,1085.0,438,sess_809,purchase,2026-02-26 13:09:24.185418
1626,118.0,118,sess_3227,view,2025-08-12 20:15:42.185418
1627,298.0,761,sess_3543,purchase,2025-10-21 18:49:52.185418
1628,1134.0,773,sess_497,add_to_cart,invalid_timestamp
1629,100.0,155,sess_3309,add_to_cart,2026-06-01 14:04:04.185418
1630,1169.0,679,sess_4756,purchase,2026-04-08 03:37:05.185418
1631,185.0,770,sess_1654,add_to_cart,2025-06-19 04:16:09.185418
1632,360.0,846,sess_1214,view,2025-12-17 21:19:14.185418
1633,940.0,1158,sess_861,add_to_cart,2025-11-03 09:14:08.185418
1634,1168.0,723,sess_518,view,2026-05-20 02:25:14.185418
1635,58.0,55,,purchase,2026-01-21 10:14:37.185418
1636,710.0,744,sess_1195,view,2026-02-08 13:19:12.185418
1637,285.0,625,sess_1291,add_to_cart,2026-06-09 20:00:26.185418
1638,174.0,765,sess_2459,add_to_cart,2025-10-17 19:04:57.185418
1639,267.0,394,sess_4525,add_to_cart,2026-04-09 09:39:12.185418
1640,352.0,1093,sess_2723,view,2026-02-08 11:41:21.185418
1641,1159.0,498,sess_1771,add_to_cart,2026-02-28 05:36:50.185418
1642,74.0,298,sess_1470,add_to_cart,2026-03-25 23:21:51.185418
1643,533.0,1084,sess_1853,purchase,2025-11-26 15:47:56.185418
1644,741.0,357,sess_3927,add_to_cart,2025-09-30 13:50:19.185418
1645,1197.0,75,sess_3080,purchase,2025-09-09 21:56:21.185418
1646,503.0,220,sess_1218,view,2025-11-08 09:54:06.185418
83,95.0,249,sess_3413,add_to_cart,2026-05-17 02:18:23.185418
1648,446.0,589,sess_4846,purchase,2025-07-14 10:56:21.185418
1649,546.0,832,sess_2722,add_to_cart,2025-10-22 09:40:30.185418
1650,792.0,647,sess_1221,purchase,2025-11-19 00:44:38.185418
1651,398.0,842,sess_667,view,2025-09-02 08:39:10.185418
1652,164.0,1110,sess_4811,purchase,2025-11-23 23:42:16.185418
1653,,728,sess_3782,purchase,2025-06-26 16:08:08.185418
1654,776.0,1102,sess_2334,add_to_cart,2025-07-01 01:04:32.185418
1655,782.0,1044,sess_167,add_to_cart,2025-09-06 01:42:39.185418
1656,765.0,881,sess_3952,view,2025-07-12 14:11:33.185418
1657,723.0,74,sess_4656,purchase,2025-10-30 00:39:36.185418
1658,737.0,874,sess_4624,add_to_cart,2026-02-10 05:07:15.185418
148,605.0,438,sess_2558,purchase,2026-05-08 02:06:56.185418
1660,850.0,574,sess_1361,add_to_cart,2025-08-02 01:02:10.185418
1661,470.0,320,sess_4510,purchase,2025-12-25 09:14:01.185418
1662,823.0,848,sess_4760,view,2025-07-04 18:12:19.185418
1663,441.0,523,sess_2750,view,2025-11-29 21:09:24.185418
1664,457.0,233,sess_2061,add_to_cart,2026-03-19 08:58:45.185418
1665,,366,sess_3753,add_to_cart,2025-08-25 10:20:38.185418
1666,1140.0,69,sess_3343,view,2025-11-23 11:01:37.185418
1667,861.0,900,sess_2825,view,2025-07-03 09:54:37.185418
1668,937.0,597,sess_4662,purchase,2026-02-12 19:57:43.185418
1669,71.0,812,sess_3608,add_to_cart,2026-06-08 15:30:04.185418
1670,872.0,659,sess_2643,add_to_cart,2025-09-08 17:00:40.185418
1671,1121.0,10,sess_2669,view,2025-12-13 14:29:24.185418
1672,1147.0,641,sess_551,add_to_cart,2025-08-15 11:21:19.185418
1673,504.0,48,,view,2025-08-23 04:09:50.185418
1674,645.0,952,sess_1620,view,2025-07-26 22:06:24.185418
1675,391.0,604,sess_82,view,2025-09-16 12:27:58.185418
1676,888.0,876,sess_1551,add_to_cart,2025-07-24 12:14:10.185418
1677,,1036,sess_2081,purchase,invalid_timestamp
1678,763.0,545,sess_302,purchase,2026-03-03 06:40:10.185418
1679,1192.0,54,sess_4778,view,2025-11-28 19:11:28.185418
1680,,954,sess_2861,add_to_cart,2025-11-30 15:20:03.185418
1681,893.0,673,sess_3848,view,2025-11-10 18:53:08.185418
1682,67.0,451,sess_2459,purchase,2025-11-03 09:08:34.185418
1683,498.0,354,sess_1383,add_to_cart,2026-03-21 05:10:17.185418
1684,1046.0,563,sess_2298,add_to_cart,2026-04-26 17:14:04.185418
1685,485.0,651,,purchase,2026-03-16 17:43:28.185418
1686,573.0,278,sess_4947,view,2026-03-04 09:20:47.185418
1687,1074.0,47,sess_1236,view,2026-04-20 15:15:09.185418
1688,901.0,18,sess_2945,view,2025-09-19 04:42:20.185418
1689,343.0,608,sess_242,add_to_cart,2026-05-08 17:30:55.185418
1690,43.0,637,sess_3660,view,2025-07-18 14:31:30.185418
1691,417.0,9,sess_2214,add_to_cart,2026-01-09 23:06:29.185418
1692,369.0,796,sess_320,add_to_cart,2026-02-22 07:47:38.185418
1693,,731,sess_1540,add_to_cart,2025-12-05 07:57:31.185418
1694,727.0,1083,sess_2795,purchase,2025-12-12 01:14:33.185418
1695,515.0,409,sess_185,purchase,2026-03-10 16:34:06.185418
1696,483.0,930,sess_527,add_to_cart,2025-07-03 17:19:55.185418
1697,1195.0,975,sess_785,purchase,2026-01-19 05:32:39.185418
85,381.0,228,sess_4953,purchase,2025-10-25 10:40:14.185418
1699,209.0,409,sess_4840,view,2025-07-09 12:11:25.185418
1700,669.0,549,sess_1849,purchase,2025-12-19 08:14:12.185418
1701,510.0,446,sess_3960,purchase,2025-12-15 13:01:31.185418
1702,962.0,398,sess_4714,view,2025-10-28 21:05:41.185418
1703,637.0,2,sess_2412,add_to_cart,2025-07-10 04:08:48.185418
1704,974.0,636,sess_4498,add_to_cart,2025-10-06 08:36:37.185418
1705,,540,sess_240,purchase,2025-07-18 00:57:00.185418
1706,145.0,659,sess_3151,purchase,2025-12-21 18:59:45.185418
1707,935.0,503,sess_3129,view,2026-04-29 03:21:07.185418
1708,70.0,681,sess_3916,add_to_cart,2026-03-04 18:55:44.185418
1709,1087.0,167,sess_3919,view,2026-01-16 06:11:23.186925
1710,202.0,262,sess_3588,purchase,2026-05-18 14:35:11.186925
1711,895.0,696,,purchase,2026-05-08 09:03:41.186925
1712,227.0,1005,sess_4249,add_to_cart,2025-12-06 22:13:00.186925
1713,697.0,114,sess_4319,add_to_cart,2025-08-02 09:10:38.186925
1714,1088.0,670,sess_2601,purchase,2026-01-23 07:20:45.186925
1715,618.0,1087,sess_3919,view,2025-12-24 18:30:17.186925
1716,765.0,1027,sess_2334,view,2025-07-10 10:02:43.186925
1717,838.0,826,sess_3040,view,2025-12-29 06:12:15.186925
1718,523.0,198,sess_4004,add_to_cart,2025-12-19 06:04:00.186925
1719,784.0,17,sess_4556,add_to_cart,2025-11-16 00:14:11.186925
1720,173.0,373,sess_3689,add_to_cart,2025-12-16 13:50:02.186925
1721,89.0,969,sess_4234,add_to_cart,2025-07-06 12:37:31.186925
1722,7.0,695,sess_1880,add_to_cart,2026-03-15 22:38:01.186925
1723,952.0,1147,sess_836,view,2026-05-27 08:54:45.186925
1724,324.0,1102,sess_4547,purchase,2026-05-11 17:02:50.186925
1725,428.0,357,sess_4088,purchase,invalid_timestamp
1726,489.0,1116,sess_4309,view,2026-02-05 01:31:22.186925
1727,158.0,413,sess_2381,add_to_cart,2025-10-05 10:16:35.186925
1728,1032.0,382,sess_4102,view,2025-12-24 15:44:41.186925
1729,1037.0,159,sess_4960,view,2025-09-20 06:53:39.186925
1730,,217,sess_2991,add_to_cart,2025-11-20 05:28:35.186925
1731,753.0,598,sess_1688,purchase,2025-12-04 05:54:51.186925
1732,230.0,495,sess_2443,view,2025-06-19 00:46:39.186925
1733,800.0,237,sess_1511,add_to_cart,2025-06-27 01:03:25.186925
1734,196.0,983,sess_2200,view,invalid_timestamp
1735,594.0,966,sess_1439,view,2025-10-23 18:47:22.186925
1736,368.0,705,sess_668,view,2025-08-13 10:13:45.186925
1737,32.0,58,sess_1819,add_to_cart,2026-04-22 15:52:49.186925
178,550.0,619,sess_4362,add_to_cart,invalid_timestamp
1739,459.0,345,sess_131,view,2025-11-30 17:23:17.186925
1740,329.0,28,sess_1322,add_to_cart,2025-07-19 10:54:57.186925
1741,408.0,628,sess_4981,purchase,2025-11-09 05:31:56.186925
1742,389.0,956,sess_3440,add_to_cart,2026-01-28 16:50:51.186925
1743,31.0,350,sess_4227,purchase,2026-04-20 20:36:03.186925
1744,241.0,900,sess_4215,add_to_cart,2026-04-10 01:06:46.186925
1745,1135.0,923,sess_3273,view,2026-06-10 15:41:54.186925
1746,210.0,80,sess_2454,add_to_cart,2025-07-31 21:52:33.186925
1747,1170.0,612,sess_2815,purchase,2025-11-18 04:06:12.186925
1748,857.0,271,sess_1619,purchase,2026-06-05 06:35:20.186925
1749,280.0,448,sess_4074,add_to_cart,2025-12-30 04:39:32.186925
1750,150.0,35,sess_2562,add_to_cart,2025-08-01 14:28:08.186925
1751,95.0,877,sess_1593,purchase,2025-07-19 08:28:29.186925
1752,382.0,117,sess_3311,purchase,2026-04-09 00:24:14.186925
1753,438.0,205,sess_979,purchase,2026-03-21 02:58:43.186925
1754,885.0,1122,sess_1294,purchase,2025-09-07 07:58:27.186925
1755,859.0,701,sess_754,add_to_cart,2026-03-28 00:29:28.186925
1756,770.0,995,sess_3547,purchase,2025-06-22 18:22:20.186925
1757,,902,sess_3956,add_to_cart,2026-03-25 23:05:07.186925
1758,1094.0,1191,sess_134,add_to_cart,2025-07-13 18:30:21.186925
1759,85.0,87,,purchase,2025-11-05 06:27:43.186925
1760,,952,sess_3665,add_to_cart,2026-01-21 02:02:14.186925
1761,384.0,625,sess_1516,view,2026-04-29 07:22:47.186925
1762,889.0,648,sess_1441,purchase,invalid_timestamp
1763,313.0,354,sess_2530,view,2025-08-22 11:04:06.186925
1764,750.0,49,sess_3372,purchase,2025-11-12 19:07:44.186925
1765,789.0,605,sess_4846,add_to_cart,2026-04-11 13:34:46.186925
1766,152.0,768,sess_4158,add_to_cart,2026-04-21 16:11:20.186925
1767,,484,sess_2128,view,2025-10-26 13:38:32.186925
1768,409.0,80,sess_195,add_to_cart,2025-09-13 14:19:22.186925
1769,384.0,383,sess_1080,add_to_cart,2026-05-25 01:44:02.186925
1770,926.0,193,sess_2563,add_to_cart,2025-12-11 23:07:17.186925
1771,1154.0,603,sess_3802,purchase,2025-12-03 00:30:49.186925
1772,862.0,1008,sess_2655,view,2025-10-03 22:11:37.186925
1773,1143.0,757,sess_1687,purchase,2026-05-05 22:44:13.186925
1774,127.0,738,sess_3641,purchase,2025-12-21 07:48:41.186925
140,1166.0,920,sess_3603,add_to_cart,2026-04-14 20:12:08.186925
1776,977.0,1048,sess_4917,add_to_cart,2025-12-16 06:59:38.186925
1777,1109.0,345,sess_3319,purchase,2025-09-07 08:31:21.186925
1778,432.0,748,sess_1118,view,2026-01-12 22:40:36.186925
1779,233.0,1183,sess_3311,view,2026-05-29 09:03:15.186925
1780,939.0,856,sess_2805,purchase,2026-01-03 22:57:33.186925
1781,528.0,282,sess_504,purchase,2025-10-22 01:39:36.186925
1782,928.0,1060,sess_415,purchase,2025-11-23 11:21:53.186925
1783,1149.0,107,sess_4991,view,2025-07-21 18:41:01.186925
34,568.0,474,sess_816,view,2026-01-18 03:36:46.186925
1785,799.0,47,sess_392,view,2026-01-12 04:40:59.186925
1786,864.0,77,sess_4922,view,2025-08-20 10:47:32.186925
1787,426.0,344,sess_3726,purchase,2025-10-03 10:27:13.186925
1788,358.0,773,sess_4321,view,2025-12-26 20:20:37.186925
1789,368.0,215,sess_2510,purchase,2026-04-23 15:53:42.186925
1790,512.0,603,sess_817,add_to_cart,2025-12-22 08:41:21.186925
1791,717.0,609,sess_782,add_to_cart,invalid_timestamp
1792,650.0,1011,sess_4284,add_to_cart,2026-05-23 15:30:46.186925
1793,261.0,820,sess_2210,add_to_cart,2025-08-11 04:51:44.186925
1794,335.0,42,sess_697,view,2025-07-02 01:13:08.186925
1795,,137,sess_3287,purchase,2025-06-20 23:07:38.186925
1796,,1091,sess_4275,purchase,2025-12-30 04:47:32.186925
1797,365.0,183,sess_618,purchase,2025-11-01 09:03:25.186925
1798,194.0,163,sess_4242,view,2025-09-30 06:07:42.186925
1799,1153.0,879,sess_2064,purchase,2025-12-29 23:01:52.186925
1800,304.0,309,sess_2472,purchase,2026-04-16 11:48:28.186925
1801,845.0,438,sess_40,purchase,2025-08-01 13:53:37.186925
1802,440.0,1128,sess_973,view,2026-03-24 04:23:48.186925
1803,432.0,216,sess_4626,view,2026-03-20 03:14:10.186925
1804,88.0,90,sess_370,add_to_cart,2025-07-10 12:58:26.186925
1805,966.0,1140,sess_281,purchase,2025-10-14 18:17:27.186925
1806,947.0,380,sess_139,add_to_cart,2025-06-29 15:00:37.186925
1807,452.0,30,sess_1063,add_to_cart,2026-02-28 10:37:57.186925
1808,996.0,273,sess_682,view,2026-06-06 09:54:41.186925
1809,942.0,1019,sess_418,add_to_cart,2025-10-01 19:01:39.186925
1810,939.0,290,sess_518,purchase,2025-12-04 03:37:09.186925
1811,732.0,1108,sess_780,add_to_cart,2025-08-19 21:29:24.186925
1812,1200.0,963,sess_636,purchase,2026-02-21 07:35:17.186925
1813,297.0,153,sess_2686,purchase,2025-08-14 19:50:12.186925
1814,218.0,907,sess_1241,view,2025-12-17 00:55:49.186925
1815,118.0,39,sess_457,add_to_cart,2026-03-13 16:03:55.186925
1816,181.0,905,sess_3408,view,2026-06-07 03:34:45.186925
1817,105.0,385,sess_3389,purchase,2026-02-23 04:30:22.186925
1818,1063.0,161,sess_3612,purchase,2025-06-18 12:01:35.186925
1819,280.0,733,sess_4228,purchase,2025-09-29 12:24:12.186925
1820,876.0,579,sess_4891,add_to_cart,2025-10-02 16:23:59.186925
1821,468.0,997,sess_4096,add_to_cart,2026-01-14 23:46:21.186925
1822,810.0,990,sess_2609,purchase,2025-10-15 13:56:52.186925
1823,315.0,230,sess_782,view,2026-04-15 18:04:50.186925
1824,661.0,113,sess_3961,view,2025-12-17 19:18:07.186925
1825,,558,sess_3905,add_to_cart,2025-07-01 12:41:17.186925
1826,1129.0,1134,sess_1351,purchase,2026-02-03 14:11:43.186925
1827,639.0,293,sess_4616,add_to_cart,2026-06-04 15:38:01.186925
1828,378.0,757,sess_1212,purchase,2025-06-12 23:15:17.186925
43,1008.0,641,sess_4402,view,2026-05-06 19:20:19.186925
1830,166.0,1073,sess_2889,purchase,2025-07-04 20:01:02.186925
1831,418.0,745,sess_2630,add_to_cart,invalid_timestamp
1832,182.0,44,sess_2492,add_to_cart,2026-01-22 11:49:12.186925
1833,1051.0,549,sess_806,purchase,2025-08-21 13:43:16.186925
1834,875.0,685,sess_1883,add_to_cart,2026-04-18 10:14:19.186925
1835,659.0,217,sess_3191,add_to_cart,invalid_timestamp
1836,923.0,541,sess_1094,purchase,2026-03-06 23:10:27.186925
1837,371.0,756,sess_4966,purchase,2026-04-03 10:55:18.186925
1838,533.0,979,sess_3483,view,invalid_timestamp
1839,694.0,1036,sess_2368,add_to_cart,2025-12-04 15:05:39.186925
1840,163.0,2,sess_4295,purchase,2026-03-09 19:28:24.186925
1841,159.0,1065,sess_2267,view,invalid_timestamp
1842,1090.0,149,sess_2152,view,2025-10-01 12:06:22.186925
1843,156.0,1189,sess_1216,add_to_cart,2026-05-15 04:02:58.186925
1844,364.0,992,sess_694,purchase,2025-08-27 07:39:39.186925
1845,1067.0,755,sess_1150,view,2026-05-03 13:05:51.186925
1846,12.0,951,sess_3591,add_to_cart,2026-01-24 19:41:48.186925
1847,131.0,359,sess_933,purchase,2025-08-03 01:23:45.186925
1848,717.0,150,sess_2111,view,2026-03-17 17:23:43.186925
1849,247.0,7,sess_1496,add_to_cart,2025-06-30 13:55:49.186925
1850,947.0,1150,sess_1769,view,2026-01-17 00:26:03.186925
1851,286.0,282,sess_4970,view,2026-04-28 06:47:04.186925
1852,158.0,1198,sess_3239,add_to_cart,2026-03-17 13:57:08.186925
1853,686.0,769,sess_538,purchase,2026-02-25 20:24:33.186925
1854,353.0,626,sess_345,view,2026-02-08 00:39:23.186925
1855,854.0,364,sess_4617,view,2025-06-29 21:21:22.186925
1856,715.0,667,sess_4490,view,invalid_timestamp
1857,190.0,222,sess_300,view,2025-12-17 19:32:16.186925
1858,1018.0,4,sess_3133,view,2025-07-09 09:34:27.186925
1859,164.0,779,sess_4086,add_to_cart,2025-12-12 14:09:10.186925
1860,1186.0,442,sess_1018,purchase,2026-05-13 23:06:55.186925
1861,832.0,571,sess_4775,view,2025-11-08 14:13:11.186925
1862,299.0,63,sess_3599,view,2025-07-12 15:56:51.186925
1863,598.0,107,sess_4102,add_to_cart,2025-10-04 16:22:12.186925
1864,941.0,737,sess_2804,add_to_cart,2025-10-26 06:58:29.186925
1865,210.0,623,sess_688,purchase,2025-07-15 19:01:02.186925
1866,135.0,101,sess_1381,view,2026-01-16 21:29:10.186925
1867,453.0,1136,sess_2130,view,2025-11-28 10:11:29.186925
1868,54.0,643,sess_747,view,2026-05-24 02:33:31.186925
1869,909.0,952,sess_2975,add_to_cart,invalid_timestamp
1870,699.0,818,sess_264,purchase,2026-05-29 16:28:51.186925
1871,418.0,274,sess_2506,view,2026-03-23 21:27:06.186925
1872,757.0,111,sess_2683,add_to_cart,2026-05-14 18:10:49.186925
1873,1042.0,102,sess_2223,purchase,2025-09-21 07:45:20.186925
1874,446.0,880,sess_1495,add_to_cart,2025-10-16 00:40:45.186925
1875,367.0,194,sess_566,view,2026-05-25 07:45:41.186925
1876,1035.0,484,sess_248,purchase,2025-09-29 18:29:06.186925
1877,278.0,975,sess_4367,view,2026-06-11 09:39:47.186925
1878,781.0,127,sess_718,view,2025-10-26 16:31:25.186925
1879,1075.0,947,sess_1182,purchase,2026-05-31 23:07:21.186925
1880,680.0,894,sess_3059,add_to_cart,2025-07-17 03:28:40.186925
1881,152.0,120,sess_4791,add_to_cart,2025-12-01 13:30:40.186925
1882,1.0,331,sess_1390,add_to_cart,2025-10-11 07:04:33.186925
1883,33.0,1090,sess_3539,add_to_cart,2025-08-04 13:46:20.186925
1884,,998,sess_3308,add_to_cart,2026-03-11 09:49:18.186925
1885,1112.0,1118,sess_343,purchase,2026-05-07 00:23:17.186925
1886,772.0,705,sess_2380,add_to_cart,2025-07-31 14:12:23.186925
1887,1041.0,734,sess_3066,view,2026-04-06 05:12:12.186925
1888,450.0,11,sess_1023,purchase,2025-11-05 15:04:48.186925
1889,19.0,960,sess_2054,add_to_cart,2025-07-23 04:11:33.186925
1890,421.0,541,,purchase,2025-11-02 22:15:39.186925
1891,525.0,740,sess_2420,purchase,2025-12-11 20:53:00.186925
1892,713.0,930,sess_1634,view,2025-06-15 00:17:43.186925
1893,772.0,900,sess_4912,purchase,2025-11-24 05:30:00.186925
1894,751.0,763,sess_4508,purchase,invalid_timestamp
1895,957.0,767,sess_1505,view,2025-10-18 16:21:17.186925
1896,327.0,487,sess_2123,add_to_cart,invalid_timestamp
1897,839.0,244,sess_1225,add_to_cart,2026-02-03 13:48:25.186925
1898,1197.0,160,sess_811,view,2025-11-18 18:21:25.186925
1899,613.0,314,sess_2991,purchase,2025-10-20 09:11:58.186925
1900,269.0,1156,sess_2673,add_to_cart,2025-10-27 03:25:42.186925
1901,712.0,309,sess_4353,add_to_cart,2025-09-06 20:20:53.186925
1902,945.0,847,sess_4609,purchase,2025-12-20 16:28:36.186925
1903,283.0,615,sess_351,add_to_cart,2026-04-11 15:04:26.186925
1904,828.0,929,sess_1326,view,2026-02-03 18:50:34.186925
1905,1139.0,442,sess_3874,add_to_cart,2026-03-17 14:03:27.186925
1906,1044.0,30,sess_4985,view,2026-05-21 05:37:45.186925
1907,454.0,404,sess_3972,purchase,2025-11-23 19:48:39.186925
1908,168.0,236,sess_2948,add_to_cart,2025-06-12 16:30:42.186925
1909,415.0,347,sess_915,add_to_cart,2026-01-21 22:47:04.186925
1910,287.0,943,sess_2295,add_to_cart,2025-07-20 22:31:18.186925
1911,980.0,27,sess_783,view,2025-12-06 14:39:07.186925
1912,65.0,391,sess_3727,add_to_cart,2026-04-18 05:13:44.186925
1913,442.0,557,sess_3453,view,2026-01-18 08:24:50.186925
1914,1021.0,978,sess_2637,purchase,2026-01-04 19:16:15.186925
1915,1140.0,977,sess_19,view,2026-02-14 05:34:28.186925
1916,716.0,851,sess_610,view,2026-04-26 16:10:03.186925
1917,1187.0,659,sess_1737,add_to_cart,2026-01-15 20:47:50.186925
1918,931.0,48,sess_1975,purchase,2025-10-20 08:56:15.186925
1919,716.0,1031,sess_913,purchase,2025-08-10 20:05:59.186925
1920,191.0,448,sess_1350,view,2025-12-21 04:28:42.186925
1921,1090.0,186,sess_3845,add_to_cart,2025-11-04 05:11:25.186925
1922,673.0,259,,purchase,2025-10-11 22:24:06.186925
1923,443.0,1144,sess_1438,add_to_cart,2025-10-01 20:31:56.186925
1924,1083.0,879,sess_3606,view,2026-01-04 16:48:25.186925
1925,,198,sess_2382,view,2026-04-13 20:51:47.186925
1926,405.0,601,sess_1211,purchase,2025-09-29 01:53:34.186925
1927,,128,sess_3633,view,2025-11-17 10:04:05.186925
1928,793.0,901,sess_1427,view,2025-09-04 19:40:47.186925
1929,153.0,890,sess_4257,purchase,2025-11-18 23:55:11.186925
1930,209.0,743,sess_3783,purchase,2026-03-15 00:20:08.186925
1931,,263,sess_1194,view,2026-05-13 15:28:18.186925
1932,329.0,804,sess_3744,add_to_cart,2026-01-30 11:47:31.186925
1933,909.0,1165,sess_3043,purchase,2026-04-23 10:14:55.186925
1934,15.0,656,sess_3133,view,2026-03-09 16:01:46.186925
1935,142.0,239,sess_3701,purchase,invalid_timestamp
1936,1140.0,571,sess_2108,add_to_cart,2025-06-27 19:44:48.186925
1937,264.0,827,sess_1615,purchase,2026-03-04 03:57:05.186925
1938,51.0,203,sess_3380,add_to_cart,2025-10-26 05:10:20.186925
1939,752.0,192,sess_4451,add_to_cart,2026-03-12 06:53:12.186925
1940,889.0,699,sess_4698,add_to_cart,2026-02-17 20:23:30.186925
1941,897.0,342,sess_2704,view,2025-09-15 11:28:10.186925
1942,61.0,633,sess_2166,view,invalid_timestamp
1943,111.0,682,sess_1273,view,2026-02-17 21:29:46.186925
1944,,551,sess_4445,purchase,2025-06-30 08:28:00.186925
1945,262.0,834,,add_to_cart,2025-11-19 22:48:41.186925
1946,361.0,483,sess_3940,purchase,2026-01-05 17:11:14.186925
1947,365.0,267,sess_2382,add_to_cart,2026-02-08 02:48:01.186925
1948,732.0,690,sess_592,purchase,2025-09-03 06:51:04.186925
1949,973.0,483,sess_1882,view,2025-10-21 21:56:08.186925
1950,275.0,1073,sess_753,purchase,2025-12-24 12:09:12.186925
1951,291.0,129,sess_4837,view,2026-01-01 08:29:20.186925
1952,1167.0,640,,view,invalid_timestamp
1953,,623,sess_2800,add_to_cart,2026-01-11 06:43:43.186925
1954,710.0,535,sess_611,add_to_cart,2025-10-07 19:31:57.186925
1955,824.0,663,sess_4437,view,2026-06-06 19:55:12.186925
1956,304.0,121,sess_1489,purchase,2026-06-07 09:49:28.186925
1957,924.0,421,sess_4252,add_to_cart,2025-10-31 07:17:11.186925
1958,806.0,1066,sess_2467,add_to_cart,2026-04-22 22:26:16.186925
1959,477.0,823,sess_2915,add_to_cart,2025-06-28 17:24:17.186925
1960,220.0,363,sess_1215,add_to_cart,2025-10-31 20:15:45.186925
1961,268.0,341,sess_4911,view,2025-12-08 13:20:55.186925
1962,1041.0,410,sess_855,view,2026-04-07 18:17:12.186925
1963,236.0,1120,sess_4880,purchase,2025-12-02 19:31:36.186925
1964,1075.0,538,sess_3219,add_to_cart,2025-10-03 02:44:56.186925
1965,631.0,653,sess_3323,add_to_cart,2026-02-16 14:47:25.186925
1966,357.0,116,sess_2579,view,2026-06-06 16:39:57.186925
1967,,872,sess_2429,add_to_cart,2025-12-05 14:32:27.186925
1968,257.0,463,sess_1637,add_to_cart,2025-07-26 05:05:54.186925
1969,52.0,862,sess_1936,add_to_cart,2026-03-31 22:26:10.186925
1970,1083.0,51,sess_1809,add_to_cart,2025-07-10 21:50:13.186925
1971,183.0,916,sess_1015,view,2025-07-04 10:23:42.186925
1972,,1074,sess_1015,add_to_cart,2026-04-24 08:08:24.186925
1973,763.0,648,sess_1516,view,2025-07-30 19:32:40.186925
1974,171.0,435,sess_922,purchase,2026-05-18 04:14:38.186925
1975,183.0,825,sess_1279,purchase,2025-11-27 10:46:29.186925
1976,967.0,203,sess_1803,purchase,2026-05-27 10:56:12.186925
1977,79.0,596,sess_3887,add_to_cart,2025-07-08 03:45:38.186925
1978,253.0,742,sess_4546,view,2025-11-01 22:08:14.186925
1979,,1017,sess_2275,view,2025-09-20 04:51:48.186925
1980,898.0,252,sess_4125,purchase,2025-09-01 11:09:25.186925
1981,380.0,508,sess_4638,purchase,2025-12-11 11:56:56.186925
1982,537.0,819,sess_4051,view,2025-12-13 01:38:54.186925
1983,264.0,969,sess_4796,add_to_cart,2025-10-03 07:14:11.186925
1984,181.0,340,sess_652,view,2025-09-19 06:21:36.186925
1985,23.0,1191,sess_229,add_to_cart,2025-11-17 09:00:34.186925
1986,1006.0,202,sess_791,add_to_cart,2025-08-16 02:00:51.186925
1987,275.0,7,sess_3950,purchase,2025-07-02 03:20:33.186925
1988,542.0,760,sess_4196,purchase,2025-11-16 09:59:11.186925
1989,473.0,418,,view,2025-07-14 06:00:58.186925
1990,153.0,397,sess_4821,add_to_cart,2026-05-08 13:57:45.186925
1991,262.0,1081,sess_851,add_to_cart,2025-08-20 00:22:04.186925
1992,870.0,217,sess_420,view,2025-10-16 06:28:37.186925
1993,1096.0,173,sess_4652,view,2025-12-15 22:26:15.186925
1994,1158.0,1111,sess_745,view,2026-04-14 05:13:39.186925
1995,709.0,1150,sess_2071,purchase,2025-09-01 21:24:18.186925
1996,1186.0,329,sess_3879,view,2025-07-21 07:30:14.186925
1997,1026.0,246,sess_80,add_to_cart,2026-01-01 05:52:45.186925
1998,977.0,771,sess_1424,purchase,2025-12-05 05:01:31.186925
1999,785.0,242,sess_4047,view,2025-09-01 06:26:29.186925
2000,464.0,837,sess_446,view,2026-04-11 08:14:29.186925
2001,541.0,581,sess_2135,view,2025-11-08 11:50:01.186925
2002,630.0,823,sess_409,add_to_cart,2025-08-22 15:51:55.186925
2003,659.0,883,sess_3487,view,2026-03-13 22:06:23.186925
2004,1088.0,1115,sess_3568,purchase,2025-10-12 11:12:40.186925
2005,61.0,742,sess_349,purchase,invalid_timestamp
26,165.0,298,sess_3234,add_to_cart,2026-04-14 19:02:58.186925
2007,95.0,312,sess_4494,view,2026-02-02 22:38:19.186925
57,391.0,1021,sess_2331,add_to_cart,2025-07-04 19:22:17.186925
2009,854.0,1037,sess_2698,purchase,2025-06-22 13:39:50.186925
2010,,837,sess_616,view,2026-05-06 13:21:50.186925
2011,1101.0,578,sess_4768,purchase,2025-06-18 12:14:17.186925
2012,576.0,564,sess_326,add_to_cart,2025-11-13 08:40:57.186925
2013,1182.0,1176,sess_3442,add_to_cart,invalid_timestamp
2014,461.0,1194,sess_4030,view,2026-05-01 09:12:38.186925
2015,180.0,740,sess_318,view,2026-05-09 06:37:00.186925
2016,1040.0,805,sess_4561,purchase,2026-04-15 02:46:45.186925
2017,734.0,139,sess_3589,view,2025-08-20 07:07:47.186925
2018,264.0,658,sess_4736,add_to_cart,2026-02-28 23:42:46.186925
2019,1098.0,1077,sess_4742,purchase,2025-06-19 21:35:47.186925
2020,1133.0,337,sess_1326,add_to_cart,2025-08-12 11:09:49.186925
2021,606.0,754,sess_4311,purchase,2025-08-29 18:10:36.186925
2022,624.0,578,sess_901,add_to_cart,2026-03-17 20:29:09.186925
2023,498.0,293,sess_1832,view,2025-12-03 05:22:33.186925
2024,887.0,860,sess_3791,view,2025-09-30 03:11:04.186925
2025,1174.0,267,sess_2814,view,invalid_timestamp
2026,936.0,744,sess_2766,view,2026-05-02 03:02:55.186925
2027,986.0,212,sess_2931,view,2025-07-11 09:35:02.186925
2028,945.0,577,sess_4755,add_to_cart,2025-10-07 14:04:42.186925
2029,1123.0,1037,sess_4900,add_to_cart,2025-06-26 23:19:40.186925
2030,1040.0,454,sess_4491,view,invalid_timestamp
2031,316.0,744,sess_4724,purchase,2025-09-04 16:12:24.186925
189,155.0,78,sess_4421,add_to_cart,2025-12-31 02:26:04.186925
2033,604.0,679,sess_484,add_to_cart,2025-08-28 01:37:54.186925
2034,606.0,386,sess_3544,view,2026-03-11 00:55:45.186925
2035,1128.0,919,sess_603,view,2025-10-31 04:45:07.186925
2036,1022.0,715,sess_328,purchase,2025-12-17 20:43:46.186925
2037,534.0,681,sess_765,add_to_cart,2025-11-23 22:29:04.186925
2038,1032.0,78,sess_2199,add_to_cart,2026-04-27 09:37:33.186925
2039,738.0,901,sess_1544,add_to_cart,2026-04-22 09:06:59.186925
2040,375.0,68,sess_1366,view,2025-12-21 21:12:36.186925
2041,621.0,984,sess_1504,view,2025-11-14 15:49:44.186925
2042,675.0,447,sess_2624,purchase,2025-09-07 21:12:18.186925
2043,183.0,571,sess_1880,purchase,2026-01-02 04:07:10.186925
2044,872.0,309,sess_3125,add_to_cart,2025-11-03 03:15:25.186925
2045,500.0,182,sess_6,view,2026-02-17 00:02:15.186925
2046,290.0,563,sess_399,add_to_cart,2025-11-19 02:37:35.186925
2047,300.0,910,sess_3885,add_to_cart,2025-08-11 02:13:03.186925
2048,476.0,1146,sess_1823,purchase,2025-10-02 01:40:40.186925
2049,1160.0,545,sess_3161,view,2026-03-30 09:50:16.186925
2050,619.0,625,sess_1892,add_to_cart,2025-09-15 21:55:01.186925
2051,74.0,1170,sess_2992,add_to_cart,2026-03-01 13:50:58.186925
2052,,219,sess_464,purchase,2026-01-10 19:44:52.186925
2053,1047.0,459,sess_3332,add_to_cart,2026-03-23 19:22:46.186925
2054,16.0,575,,view,2025-12-05 01:12:04.186925
2055,380.0,1063,sess_3003,purchase,2026-03-24 16:39:00.186925
2056,923.0,791,sess_2207,add_to_cart,2025-09-13 23:42:47.186925
2057,463.0,326,sess_4739,view,2026-05-06 14:42:48.186925
2058,,519,,purchase,2025-11-05 11:58:30.186925
2059,960.0,1108,sess_4353,view,2026-04-25 02:54:44.186925
2060,1147.0,925,sess_168,add_to_cart,2026-05-09 09:53:16.186925
2061,595.0,556,sess_4278,add_to_cart,2026-02-10 05:58:49.186925
2062,521.0,719,sess_383,add_to_cart,2025-11-11 23:41:59.186925
2063,660.0,819,sess_2361,purchase,2025-07-08 07:15:39.186925
2064,1187.0,460,sess_4162,view,2025-08-22 02:06:10.186925
2065,989.0,992,sess_4131,view,2025-07-12 08:09:48.186925
28,900.0,91,sess_2647,add_to_cart,invalid_timestamp
45,870.0,308,sess_2368,purchase,2026-02-23 17:32:35.186925
2068,410.0,455,sess_3658,view,2026-01-24 20:39:02.186925
2069,189.0,200,sess_149,add_to_cart,2025-09-09 15:24:41.186925
2070,153.0,383,sess_3966,purchase,2026-06-06 15:19:02.186925
2071,523.0,937,sess_3949,view,invalid_timestamp
2072,160.0,212,sess_1611,purchase,2026-04-11 01:37:08.186925
2073,619.0,928,sess_2075,view,2025-11-05 03:12:51.186925
2074,745.0,1196,sess_1907,purchase,2025-11-11 03:57:46.186925
2075,298.0,354,sess_1030,view,2025-10-31 21:40:11.186925
2076,1048.0,980,sess_4543,purchase,2025-10-02 23:05:04.186925
2077,,1063,sess_2323,view,2025-11-20 15:04:50.186925
2078,584.0,306,sess_222,purchase,2026-01-25 04:13:40.186925
2079,851.0,885,sess_730,add_to_cart,2025-12-05 01:53:32.186925
2080,583.0,86,sess_4357,purchase,2026-04-07 03:40:37.186925
2081,848.0,749,sess_4160,view,2025-09-28 12:59:28.186925
2082,896.0,337,sess_1404,purchase,2026-05-23 13:10:49.186925
2083,827.0,645,sess_4226,add_to_cart,2025-07-08 05:18:05.186925
2084,241.0,957,sess_1718,purchase,2025-10-02 20:56:08.186925
2085,636.0,1020,sess_2001,add_to_cart,2025-09-23 02:28:24.186925
2086,267.0,215,sess_4442,view,2025-11-05 15:19:43.186925
2087,198.0,602,sess_1114,view,2026-01-01 04:04:42.186925
2088,106.0,492,sess_1422,view,2025-12-31 01:35:06.186925
2089,955.0,772,sess_1784,view,2026-03-10 01:30:31.186925
2090,1153.0,793,sess_4083,add_to_cart,2026-04-01 11:58:30.186925
2091,555.0,274,sess_2695,add_to_cart,2026-01-17 13:35:42.186925
2092,1045.0,557,sess_3637,purchase,2026-02-08 15:08:09.186925
2093,215.0,1138,sess_2473,view,2025-09-25 07:55:12.186925
2094,1093.0,31,sess_3583,view,invalid_timestamp
2095,41.0,460,sess_826,view,2025-10-07 04:16:08.186925
2096,1031.0,937,sess_3512,view,2025-12-01 15:40:39.186925
2097,1102.0,805,sess_429,purchase,2025-11-20 02:36:14.186925
122,960.0,650,sess_3201,add_to_cart,2025-12-26 09:37:30.186925
2099,222.0,387,sess_4561,add_to_cart,2025-07-21 08:29:30.186925
2100,442.0,325,sess_1501,purchase,2026-01-28 11:04:36.186925
2101,289.0,255,sess_4919,purchase,2026-05-31 12:34:02.186925
2102,515.0,50,sess_4843,add_to_cart,2025-07-17 23:16:24.186925
79,1149.0,366,sess_4550,view,2026-06-07 05:26:35.186925
2104,289.0,1106,sess_1149,add_to_cart,2025-12-29 07:55:25.186925
78,734.0,1000,sess_4395,purchase,2025-08-05 19:34:52.186925
2106,232.0,1148,sess_3396,purchase,2025-10-20 13:15:08.186925
2107,373.0,689,sess_2465,purchase,2026-03-17 11:34:51.186925
2108,1025.0,1155,sess_2972,purchase,2025-11-13 07:36:04.186925
2109,383.0,1170,sess_3306,add_to_cart,2026-03-20 10:05:54.186925
2110,248.0,368,sess_660,purchase,2025-08-08 14:09:07.186925
2111,148.0,763,sess_1358,view,invalid_timestamp
2112,1016.0,918,sess_3020,purchase,2025-11-05 08:26:05.186925
2113,592.0,156,sess_2545,add_to_cart,2025-10-15 20:54:14.186925
2114,335.0,1095,sess_1161,view,2025-12-02 02:41:30.186925
2115,121.0,1024,sess_4106,view,2026-01-14 20:14:43.186925
2116,101.0,466,sess_3079,add_to_cart,2025-12-05 14:06:20.186925
2117,1195.0,1178,sess_1240,purchase,2026-03-21 21:34:48.186925
2118,1029.0,1149,sess_4053,view,2025-09-26 09:59:28.186925
2119,178.0,599,sess_105,add_to_cart,2026-04-10 00:41:52.186925
2120,913.0,1107,sess_756,view,2025-08-07 20:01:53.186925
2121,29.0,789,sess_1326,view,2026-02-23 16:00:18.186925
2122,579.0,909,sess_3096,add_to_cart,2025-10-18 19:32:07.186925
2123,778.0,596,sess_1258,view,2025-09-04 23:58:42.186925
2124,742.0,160,sess_2239,view,2026-06-03 15:41:32.186925
2125,1042.0,793,sess_4180,add_to_cart,2026-02-19 00:46:29.186925
2126,801.0,1014,sess_4439,view,2025-08-10 10:10:40.186925
2127,286.0,1128,sess_3051,view,2026-03-29 02:36:44.186925
2128,153.0,812,sess_4947,add_to_cart,2025-08-09 15:46:25.186925
2129,688.0,886,sess_3926,add_to_cart,2026-01-17 16:22:50.186925
2130,953.0,663,sess_3153,view,2025-09-15 10:45:06.186925
2131,256.0,493,sess_1532,add_to_cart,2025-09-17 18:40:52.186925
2132,1063.0,812,,add_to_cart,2026-03-22 14:12:13.186925
2133,396.0,298,sess_2217,add_to_cart,2026-05-17 08:21:26.186925
2134,416.0,1004,sess_720,purchase,invalid_timestamp
2135,227.0,560,sess_3906,purchase,2026-05-17 16:50:16.186925
2136,1098.0,713,sess_110,add_to_cart,2026-05-14 20:16:52.186925
2137,832.0,676,sess_570,view,2025-10-07 12:40:54.186925
2138,773.0,42,sess_2643,purchase,2026-06-02 22:11:58.186925
2139,241.0,21,sess_3293,view,2025-10-18 22:27:03.186925
2140,821.0,955,sess_2371,view,2026-03-19 00:25:05.186925
2141,592.0,963,sess_3162,purchase,2026-02-28 18:10:49.186925
2142,843.0,541,sess_868,add_to_cart,2026-03-16 15:48:54.186925
2143,929.0,827,sess_828,add_to_cart,2026-02-01 13:49:48.186925
2144,,1124,sess_318,purchase,invalid_timestamp
2145,158.0,873,sess_3541,purchase,2026-05-09 16:27:12.186925
2146,99.0,124,sess_5000,add_to_cart,2025-08-28 01:43:32.186925
2147,216.0,897,sess_1116,add_to_cart,2025-10-15 23:53:39.186925
2148,753.0,1046,sess_2399,view,2025-10-17 19:13:23.186925
2149,405.0,480,sess_3391,view,2026-03-30 22:04:50.186925
2150,1194.0,1115,sess_4380,view,2026-05-20 23:10:05.186925
2151,213.0,273,sess_4277,view,2025-10-16 00:52:04.186925
2152,758.0,262,sess_4898,purchase,2025-08-27 00:15:28.186925
2153,681.0,560,sess_2305,view,2026-06-05 22:30:52.186925
2154,776.0,1166,sess_528,purchase,2026-04-08 13:04:46.186925
2155,562.0,368,sess_2306,add_to_cart,2026-04-15 08:25:44.186925
2156,307.0,837,sess_2525,add_to_cart,2026-06-02 14:02:30.186925
2157,990.0,113,sess_2987,view,2026-01-10 21:11:20.186925
119,260.0,59,sess_4047,view,2025-09-10 15:04:37.186925
2159,580.0,196,sess_895,view,2025-07-23 21:27:27.186925
2160,598.0,44,sess_2152,purchase,2025-09-16 02:09:05.186925
2161,965.0,378,sess_1596,purchase,2025-10-12 05:44:30.186925
2162,943.0,219,sess_3108,add_to_cart,2026-01-11 14:16:59.186925
2163,283.0,654,sess_2171,view,2026-02-08 04:50:57.186925
2164,825.0,1160,sess_4158,add_to_cart,2025-09-14 10:24:08.186925
2165,,162,sess_2657,add_to_cart,2026-03-03 12:21:02.186925
2166,1007.0,1115,,view,2026-04-05 23:18:38.186925
2167,810.0,786,sess_3381,view,2025-07-18 10:18:10.186925
2168,165.0,1082,sess_268,add_to_cart,2025-08-12 20:30:01.186925
2169,822.0,244,sess_216,add_to_cart,2026-03-10 01:48:36.186925
2170,343.0,643,sess_1063,purchase,2026-01-31 21:05:35.186925
2171,931.0,187,sess_434,add_to_cart,2025-11-18 23:30:26.186925
2172,1117.0,1118,sess_299,view,2025-08-01 05:39:03.186925
2173,1155.0,1166,sess_4927,add_to_cart,2025-08-13 22:06:37.186925
2174,498.0,899,sess_2786,view,2026-01-30 05:03:07.186925
2175,507.0,1188,sess_3371,add_to_cart,2026-06-11 15:52:07.186925
2176,924.0,213,sess_3432,add_to_cart,2025-07-02 08:36:09.186925
2177,454.0,517,sess_188,view,2025-08-25 02:52:41.186925
2178,912.0,50,sess_2551,view,2026-01-14 21:49:50.186925
2179,452.0,16,sess_2514,view,2025-07-18 23:58:13.186925
2180,750.0,324,sess_3432,add_to_cart,2025-09-04 16:06:33.186925
2181,1004.0,760,sess_2884,view,2026-05-23 01:05:18.186925
2182,502.0,422,sess_4140,view,2026-05-11 04:58:27.186925
2183,199.0,1010,sess_2153,add_to_cart,2026-03-05 05:30:23.186925
2184,365.0,14,sess_2841,add_to_cart,2025-12-14 19:22:46.186925
2185,646.0,1157,sess_2125,view,2025-08-05 12:37:13.186925
2186,384.0,1039,sess_2260,view,2026-05-18 07:54:40.186925
2187,989.0,691,sess_1308,view,2026-02-15 13:45:21.186925
2188,645.0,226,sess_1244,add_to_cart,2025-11-19 14:00:14.186925
2189,57.0,7,sess_951,purchase,2026-02-07 21:11:26.186925
2190,1002.0,289,sess_4656,view,2025-07-10 20:56:30.186925
2191,498.0,489,sess_4898,add_to_cart,2026-03-22 15:50:05.186925
2192,837.0,690,sess_1310,view,2025-11-22 19:32:07.186925
2193,360.0,1165,sess_238,purchase,2025-12-30 05:03:06.186925
2194,149.0,1190,,view,2025-06-16 16:08:14.186925
2195,610.0,679,sess_3786,view,2025-06-11 16:02:58.186925
2196,1198.0,988,sess_1447,add_to_cart,2025-12-31 13:37:08.186925
2197,320.0,449,sess_1387,view,2026-03-08 14:21:55.186925
2198,497.0,647,sess_3287,add_to_cart,2025-06-13 06:21:36.186925
2199,604.0,1200,sess_2798,purchase,invalid_timestamp
2200,241.0,673,sess_1358,add_to_cart,2026-05-16 14:37:39.186925
2201,733.0,962,sess_2085,purchase,2025-12-12 03:16:46.186925
2202,795.0,113,sess_2082,view,2025-12-12 06:40:18.186925
2203,760.0,133,sess_2454,view,2025-07-01 10:58:27.186925
2204,841.0,920,sess_3656,add_to_cart,2026-05-05 00:36:54.186925
2205,219.0,1134,sess_4548,add_to_cart,2026-05-14 01:29:13.186925
2206,249.0,1182,sess_3133,add_to_cart,2025-12-02 20:49:50.186925
2207,492.0,1138,sess_1224,add_to_cart,invalid_timestamp
2208,391.0,120,sess_3609,add_to_cart,2025-12-31 16:11:18.186925
2209,898.0,1028,,purchase,2025-12-01 03:35:07.186925
2210,888.0,769,sess_4339,view,2025-07-22 08:36:15.186925
2211,340.0,80,sess_4381,purchase,2026-01-07 01:50:00.186925
2212,726.0,700,sess_3158,view,2025-11-06 03:05:40.186925
2213,302.0,919,sess_4654,add_to_cart,2026-03-22 06:06:03.186925
2214,,243,sess_2531,purchase,2025-06-11 18:49:37.186925
2215,305.0,729,sess_4288,view,2025-08-05 09:46:06.186925
2216,80.0,969,sess_4722,view,2026-02-19 13:40:08.186925
2217,775.0,885,sess_1242,purchase,2025-10-29 10:10:33.186925
2218,1115.0,199,sess_4813,purchase,2025-08-31 10:47:44.186925
2219,810.0,1058,sess_2291,purchase,2026-04-05 16:49:46.186925
2220,1160.0,119,sess_2103,view,2025-11-20 23:09:46.186925
2221,1170.0,603,sess_1466,add_to_cart,2025-08-19 16:17:45.186925
27,847.0,1101,sess_1467,add_to_cart,2025-10-08 23:44:04.186925
2223,287.0,373,sess_3437,purchase,2026-02-03 23:46:07.186925
2224,1163.0,971,sess_1577,add_to_cart,2025-08-22 01:09:55.186925
2225,377.0,985,sess_2182,purchase,2025-09-12 10:47:26.186925
2226,671.0,1044,sess_3578,purchase,2026-03-16 17:35:42.186925
2227,729.0,292,sess_2718,add_to_cart,2026-03-16 22:37:07.186925
2228,931.0,789,sess_1977,purchase,2025-07-23 17:18:56.186925
2229,357.0,104,sess_1031,view,2025-07-16 08:28:51.186925
2230,372.0,1041,sess_668,purchase,2025-10-20 23:33:10.186925
2231,528.0,28,sess_1503,add_to_cart,2025-10-02 09:33:03.186925
2232,159.0,1073,sess_2602,view,2025-12-31 01:46:44.186925
2233,1093.0,177,sess_1252,add_to_cart,2026-05-02 01:59:07.186925
2234,283.0,689,sess_2665,add_to_cart,2025-09-02 02:22:01.186925
2235,19.0,128,sess_4351,add_to_cart,2025-11-01 04:17:49.186925
2236,,520,sess_4233,view,2025-12-17 19:52:04.186925
2237,510.0,488,sess_2237,add_to_cart,2026-05-06 00:07:13.186925
2238,397.0,945,sess_1602,add_to_cart,2025-09-19 01:25:00.186925
2239,346.0,370,sess_4053,view,2026-04-16 23:59:53.186925
2240,806.0,826,sess_2981,add_to_cart,2025-11-30 01:38:14.186925
2241,1076.0,730,sess_2538,view,2025-12-26 18:15:23.186925
2242,361.0,729,sess_700,view,2025-08-15 14:08:00.186925
2243,481.0,1151,sess_4926,add_to_cart,2025-11-03 04:55:58.186925
2244,231.0,882,sess_2680,add_to_cart,2025-07-23 12:58:50.186925
2245,982.0,340,sess_1303,add_to_cart,2026-01-05 10:24:07.186925
88,898.0,1077,,add_to_cart,2025-10-26 20:00:43.186925
2247,64.0,384,sess_3174,add_to_cart,2026-05-05 11:34:51.186925
2248,595.0,1188,sess_390,purchase,2025-08-21 12:34:12.186925
2249,132.0,232,sess_2795,view,2025-12-20 10:47:14.186925
2250,34.0,952,sess_201,add_to_cart,2025-09-28 23:28:46.186925
2251,1025.0,670,sess_2938,add_to_cart,2025-09-11 02:11:00.186925
2252,1165.0,1086,sess_1268,view,2026-04-06 01:46:08.186925
2253,,266,sess_1998,view,2025-12-09 15:02:49.186925
2254,1124.0,1150,sess_1496,purchase,2025-07-02 00:50:11.186925
2255,614.0,365,sess_4298,add_to_cart,2025-09-29 17:24:05.186925
2256,601.0,772,sess_2453,add_to_cart,2026-01-15 04:07:44.186925
2257,,435,sess_1370,view,2025-09-08 01:39:01.186925
2258,70.0,1169,sess_2659,purchase,2026-04-27 08:51:34.186925
2259,1146.0,655,sess_4365,view,2026-04-06 06:05:47.186925
2260,1150.0,614,sess_344,view,2025-10-11 06:31:40.186925
2261,25.0,920,sess_1540,purchase,2025-06-13 07:03:58.186925
2262,742.0,35,sess_3041,add_to_cart,2025-09-06 14:27:48.186925
2263,,737,sess_1848,add_to_cart,2025-09-21 16:39:35.186925
2264,762.0,696,sess_4279,add_to_cart,2025-11-18 06:15:24.186925
2265,803.0,70,sess_3884,add_to_cart,2025-11-07 14:48:30.186925
2266,133.0,448,sess_4233,add_to_cart,2026-02-06 01:54:12.186925
2267,39.0,967,sess_620,add_to_cart,2025-12-24 05:24:42.186925
199,733.0,1005,sess_981,add_to_cart,2025-06-27 18:32:46.186925
2269,534.0,543,sess_2228,purchase,2026-05-28 01:07:14.186925
2270,940.0,770,sess_3871,add_to_cart,2025-11-01 01:09:36.186925
2271,41.0,284,sess_2636,add_to_cart,2025-12-31 09:54:19.186925
2272,1026.0,974,sess_3709,view,2026-05-29 03:21:07.186925
2273,,466,sess_876,add_to_cart,2026-02-09 04:57:43.186925
2274,1.0,1159,sess_3040,add_to_cart,2025-11-05 09:15:24.186925
2275,,156,sess_3285,view,2025-11-04 08:00:32.186925
2276,66.0,783,sess_14,view,2025-12-31 02:31:46.186925
2277,822.0,333,sess_2249,add_to_cart,2025-10-09 13:13:49.186925
2278,962.0,137,sess_4612,view,2025-06-28 03:55:19.186925
2279,632.0,487,sess_659,view,2026-02-26 22:42:50.186925
2280,764.0,886,sess_2456,purchase,2026-05-22 05:01:04.186925
135,569.0,909,sess_292,add_to_cart,2026-04-21 10:49:32.186925
2282,239.0,697,sess_152,purchase,2025-10-17 08:04:48.186925
2283,196.0,47,sess_613,purchase,invalid_timestamp
2284,222.0,849,sess_2393,view,2025-08-19 06:15:51.186925
2285,260.0,253,sess_188,view,2026-04-05 02:56:06.186925
2286,149.0,687,sess_2052,add_to_cart,2025-08-01 04:15:29.186925
2287,34.0,735,sess_4660,view,2026-06-09 06:06:36.186925
2288,849.0,621,sess_4024,view,2026-02-14 05:47:23.186925
2289,738.0,82,sess_2891,purchase,2026-03-31 05:42:20.186925
2290,998.0,958,sess_4724,add_to_cart,2025-12-26 21:39:29.186925
2291,295.0,993,sess_616,purchase,2025-08-12 23:31:49.186925
2292,680.0,187,sess_3082,purchase,2026-04-27 23:14:06.186925
2293,683.0,1127,sess_4742,add_to_cart,2025-07-06 18:34:22.186925
2294,1165.0,794,sess_3090,view,2025-12-20 12:09:42.186925
2295,20.0,278,sess_4634,add_to_cart,2026-04-25 11:00:32.186925
2296,,835,sess_4789,purchase,2025-10-02 01:07:37.186925
2297,1038.0,704,sess_3425,add_to_cart,2026-04-29 06:09:35.186925
2298,517.0,328,sess_114,purchase,2025-07-09 17:49:13.186925
2299,1060.0,728,sess_3593,purchase,2025-09-02 02:18:11.186925
2300,408.0,850,sess_1839,purchase,2025-07-23 00:29:20.186925
2301,707.0,453,sess_4947,view,2026-05-08 21:07:28.186925
2302,88.0,439,sess_1147,purchase,2026-04-14 07:29:51.186925
2303,715.0,47,sess_1694,view,2026-02-27 11:41:39.186925
2304,573.0,1018,sess_2807,purchase,2026-02-13 12:52:56.186925
2305,362.0,738,sess_52,purchase,2025-09-10 11:34:13.186925
2306,488.0,488,sess_3580,add_to_cart,2026-01-16 14:36:34.186925
2307,439.0,440,sess_3139,add_to_cart,2025-06-20 12:30:53.186925
2308,465.0,410,sess_3562,view,2026-02-23 11:45:32.186925
2309,1159.0,942,sess_62,view,2025-11-20 09:41:04.186925
2310,738.0,20,sess_2818,add_to_cart,2025-10-25 10:25:09.186925
2311,1163.0,128,sess_3127,purchase,2025-10-08 00:47:36.186925
2312,73.0,440,sess_4314,purchase,2025-08-14 03:52:25.186925
2313,716.0,417,,purchase,2026-05-29 11:45:45.186925
2314,695.0,148,sess_1540,add_to_cart,2026-04-01 10:35:49.186925
2315,1136.0,729,sess_1174,view,2025-08-25 11:59:21.186925
2316,189.0,357,sess_3768,purchase,2025-11-18 12:09:46.186925
2317,1091.0,713,sess_2815,view,2026-05-10 11:23:49.186925
2318,927.0,274,sess_854,view,2025-12-29 15:11:44.186925
2319,167.0,486,sess_3435,purchase,2026-06-07 05:50:49.186925
2320,771.0,319,sess_3130,view,2025-10-14 17:06:52.186925
2321,345.0,705,sess_2602,view,2025-10-16 10:30:54.186925
2322,36.0,588,sess_2210,purchase,2025-08-20 18:21:22.186925
2323,360.0,11,sess_3379,add_to_cart,2025-12-02 15:52:12.186925
2324,1033.0,465,sess_712,add_to_cart,2025-11-27 00:11:43.186925
2325,42.0,322,sess_2116,purchase,2025-08-20 17:23:41.186925
2326,498.0,936,sess_328,add_to_cart,2025-11-05 16:55:51.186925
2327,461.0,523,sess_2296,purchase,2026-03-31 01:00:00.186925
2328,550.0,317,sess_4600,add_to_cart,2025-10-30 11:59:47.186925
2329,,646,sess_567,view,2025-07-16 01:40:38.186925
2330,743.0,924,sess_3959,add_to_cart,2026-02-26 06:40:25.186925
2331,971.0,798,sess_2811,purchase,2025-10-09 06:32:59.186925
2332,199.0,269,sess_4749,view,2025-09-25 10:30:02.186925
161,626.0,534,sess_3626,add_to_cart,2025-07-21 09:58:54.186925
2334,1110.0,622,sess_2041,add_to_cart,2026-02-18 12:06:42.186925
2335,946.0,702,,view,2025-10-13 22:18:32.186925
2336,,434,sess_4110,purchase,2026-03-18 01:18:37.186925
2337,,960,sess_2339,view,2026-04-18 06:46:53.186925
2338,1145.0,850,sess_3695,purchase,2026-05-31 19:16:18.186925
2339,292.0,575,sess_4087,view,2025-09-01 11:34:28.186925
2340,1127.0,1083,sess_1272,view,2025-07-07 12:26:11.186925
2341,286.0,994,,purchase,2025-12-15 17:43:14.186925
2342,201.0,111,sess_1564,add_to_cart,2026-04-27 12:35:34.186925
2343,178.0,164,sess_3715,view,2026-05-06 07:45:13.186925
2344,340.0,777,sess_3561,view,2025-10-12 17:00:25.186925
2345,147.0,968,sess_3395,view,2025-06-17 20:46:12.186925
2346,159.0,144,sess_3635,add_to_cart,2025-06-19 23:44:57.186925
2347,854.0,597,sess_1567,view,2025-08-05 23:04:12.186925
2348,1098.0,152,sess_819,purchase,2026-02-11 12:15:20.186925
2349,1115.0,80,sess_1866,purchase,2025-11-30 09:35:53.186925
2350,288.0,1179,sess_3986,add_to_cart,2025-11-10 18:02:46.186925
2351,282.0,399,sess_3002,purchase,2025-07-07 10:30:44.186925
2352,1174.0,420,sess_4286,view,2026-06-03 21:56:13.186925
2353,4.0,834,sess_1967,view,2025-06-14 14:40:20.186925
2354,996.0,143,,purchase,2026-05-13 21:23:27.186925
2355,688.0,101,sess_3471,view,2026-02-20 19:40:19.186925
2356,1043.0,352,,purchase,2025-10-09 03:44:08.186925
2357,934.0,492,sess_1754,view,2026-05-27 22:50:10.186925
2358,974.0,381,sess_2267,add_to_cart,2025-09-19 06:57:53.186925
2359,400.0,950,,purchase,2025-08-16 21:23:53.186925
2360,371.0,146,sess_2821,add_to_cart,2025-11-21 18:03:19.186925
2361,867.0,468,sess_1602,purchase,2025-09-26 01:55:32.186925
2362,336.0,1195,sess_894,view,2026-05-24 10:34:24.186925
2363,335.0,488,sess_339,add_to_cart,2026-02-07 10:27:32.186925
2364,531.0,341,sess_2333,add_to_cart,invalid_timestamp
2365,464.0,252,sess_3603,view,2025-08-11 07:10:50.186925
68,430.0,228,,purchase,2026-04-18 21:13:01.186925
2367,1091.0,642,sess_676,view,2026-03-27 02:05:16.186925
2368,258.0,175,sess_3004,view,2025-10-22 19:50:25.186925
2369,610.0,271,sess_1750,add_to_cart,2025-08-30 08:32:28.186925
2370,806.0,669,sess_2538,add_to_cart,2026-05-24 06:50:51.186925
2371,240.0,775,sess_1063,view,2026-06-08 06:40:27.186925
7,690.0,1166,sess_3109,purchase,2025-12-15 05:24:03.186925
2373,232.0,513,sess_3352,add_to_cart,2026-04-10 06:12:40.186925
2374,245.0,781,sess_3748,add_to_cart,2025-10-20 09:51:05.186925
2375,403.0,299,sess_2935,view,2025-10-16 13:41:41.186925
2376,625.0,987,sess_448,purchase,2025-09-04 18:34:42.186925
2377,1110.0,311,sess_2394,purchase,2025-08-31 03:26:14.186925
2378,326.0,1070,sess_2825,purchase,2025-11-12 11:50:20.186925
2379,613.0,1042,sess_2050,purchase,2025-12-06 12:51:46.186925
2380,32.0,142,sess_4557,purchase,2026-04-26 09:26:42.186925
2381,251.0,658,sess_1387,view,2026-05-11 12:37:09.186925
2382,409.0,571,sess_3030,purchase,2025-08-18 12:05:52.186925
2383,943.0,671,sess_484,view,2026-04-26 20:32:10.186925
2384,870.0,560,sess_1705,add_to_cart,2026-01-19 16:22:22.186925
2385,121.0,1137,sess_1881,purchase,2025-07-19 06:14:00.186925
2386,1004.0,537,sess_1615,purchase,2025-10-13 10:46:04.186925
2387,1131.0,962,sess_2962,purchase,2026-03-11 10:34:56.186925
2388,1117.0,1046,sess_2366,purchase,2025-10-20 05:34:36.186925
2389,769.0,578,sess_4656,view,invalid_timestamp
2390,1038.0,642,sess_866,view,2025-11-25 00:25:36.186925
2391,122.0,654,sess_3412,purchase,2025-11-13 10:49:38.186925
2392,580.0,365,sess_1422,view,2025-07-14 17:33:28.186925
2393,307.0,902,sess_295,purchase,2025-10-01 05:10:39.186925
2394,595.0,1049,sess_1540,purchase,2025-06-11 17:57:23.186925
2395,459.0,105,sess_1713,purchase,2025-12-19 08:36:56.186925
2396,1154.0,340,sess_400,view,2026-01-14 15:03:12.186925
2397,,1132,,add_to_cart,2025-07-20 02:33:46.186925
2398,952.0,309,sess_842,purchase,2026-05-15 02:47:28.186925
2399,253.0,941,sess_1486,view,2025-09-07 14:23:14.186925
2400,530.0,50,sess_2141,add_to_cart,2026-01-31 06:21:42.186925
2401,533.0,735,sess_1929,view,2025-09-03 13:44:10.186925
2402,330.0,717,sess_1246,add_to_cart,2025-11-24 12:07:29.186925
2403,543.0,322,sess_2802,purchase,2026-03-11 12:19:21.186925
2404,671.0,729,sess_467,add_to_cart,invalid_timestamp
2405,350.0,809,sess_3344,purchase,2026-04-19 15:43:48.186925
2406,1198.0,366,sess_836,add_to_cart,2025-11-30 09:31:19.186925
2407,1112.0,1099,sess_1964,add_to_cart,2025-10-01 00:42:48.186925
2408,563.0,859,sess_897,purchase,2025-07-07 06:56:48.186925
2409,298.0,719,sess_2207,add_to_cart,2026-01-16 05:48:57.186925
2410,683.0,1164,sess_2706,add_to_cart,2026-05-26 18:32:54.186925
2411,916.0,757,sess_1889,add_to_cart,invalid_timestamp
2412,559.0,1150,sess_4749,purchase,2025-07-14 19:22:13.186925
2413,1027.0,194,sess_267,view,invalid_timestamp
2414,1090.0,145,sess_2000,view,2025-07-25 06:16:46.186925
2415,654.0,211,sess_1614,add_to_cart,2026-02-14 12:00:24.186925
2416,964.0,252,,add_to_cart,2026-02-20 06:42:21.186925
2417,258.0,277,sess_1352,view,2025-09-03 09:49:00.186925
2418,1073.0,125,sess_2157,purchase,2026-03-28 23:27:09.186925
2419,1104.0,612,sess_939,add_to_cart,2026-02-21 02:27:13.186925
2420,,430,sess_2876,view,2026-04-08 11:38:19.186925
2421,1136.0,904,sess_1322,purchase,2025-11-04 20:31:15.186925
2422,1095.0,1102,sess_2716,view,2026-03-01 13:24:13.186925
2423,847.0,396,sess_2265,view,2025-12-06 19:30:00.186925
2424,,1097,sess_4615,add_to_cart,2025-08-18 12:20:16.186925
2425,1015.0,993,sess_3206,purchase,2026-05-18 02:45:05.186925
2426,326.0,187,sess_839,add_to_cart,2025-08-22 22:22:29.186925
2427,624.0,952,sess_3154,add_to_cart,2026-04-29 02:12:12.186925
2428,489.0,797,sess_2917,view,2025-12-06 02:07:42.186925
2429,,280,sess_1217,view,2026-01-06 06:45:07.186925
2430,456.0,1028,sess_2312,view,2026-03-01 11:16:30.186925
2431,618.0,611,sess_92,purchase,2026-05-15 18:55:24.186925
2432,305.0,167,sess_2079,add_to_cart,2026-04-23 00:24:16.186925
2433,235.0,972,sess_1140,purchase,2025-09-19 17:49:53.186925
2434,1057.0,996,sess_3803,add_to_cart,2026-01-12 15:36:26.186925
2435,241.0,323,sess_148,add_to_cart,2025-10-24 00:12:35.186925
2436,275.0,579,sess_465,purchase,2025-10-03 19:40:03.186925
2437,709.0,237,sess_208,add_to_cart,2026-01-23 14:28:32.186925
2438,53.0,1095,sess_2740,view,2025-10-08 16:31:04.186925
2439,938.0,879,sess_633,purchase,2025-07-03 17:48:00.186925
2440,1102.0,683,sess_1524,view,2025-07-20 19:22:13.186925
2441,421.0,839,sess_654,purchase,2026-06-10 03:48:38.186925
2442,644.0,554,sess_2240,purchase,2025-10-20 08:04:30.186925
2443,603.0,339,sess_776,purchase,2026-05-11 12:05:23.186925
2444,1009.0,691,sess_2389,purchase,2026-04-24 15:26:00.186925
2445,873.0,1076,,purchase,2025-12-25 00:42:08.186925
2446,352.0,320,sess_2972,view,2025-07-03 14:08:01.186925
2447,1055.0,810,sess_2983,view,2026-02-21 09:17:25.186925
2448,52.0,59,sess_2937,add_to_cart,2025-11-27 05:41:52.186925
2449,955.0,76,sess_84,purchase,2025-07-05 12:06:18.186925
2450,46.0,177,sess_3834,view,2025-10-07 16:53:39.186925
2451,114.0,212,sess_1140,purchase,2026-03-18 11:12:09.186925
2452,558.0,980,sess_1819,purchase,2025-12-22 21:02:40.186925
2453,242.0,712,sess_2313,add_to_cart,2025-07-30 22:55:03.186925
2454,542.0,610,sess_3392,add_to_cart,2026-01-30 20:34:07.186925
2455,1126.0,334,sess_3813,view,2025-10-16 08:00:07.186925
2456,388.0,612,,view,2025-06-13 23:40:25.186925
2457,938.0,936,sess_3444,add_to_cart,2025-11-06 21:18:04.186925
2458,,169,sess_4709,add_to_cart,2025-11-21 08:21:05.186925
2459,82.0,897,,view,2026-04-16 19:37:09.186925
2460,19.0,927,sess_4053,view,2025-09-27 22:39:25.186925
2461,549.0,740,sess_4106,view,2025-09-07 12:51:58.186925
2462,23.0,69,sess_4224,purchase,2025-06-18 13:45:54.186925
2463,902.0,534,sess_1174,view,2026-02-02 17:59:58.186925
2464,531.0,320,sess_4325,add_to_cart,2026-05-12 10:57:51.186925
2465,300.0,470,sess_3295,add_to_cart,2026-03-16 18:47:24.186925
2466,157.0,195,sess_3715,add_to_cart,2025-08-17 22:26:46.186925
2467,978.0,324,sess_2493,purchase,2025-07-05 06:02:32.186925
2468,540.0,658,sess_4840,purchase,2025-12-29 18:33:58.186925
2469,12.0,1057,sess_2775,purchase,2026-02-04 20:33:56.186925
2470,718.0,1127,sess_4972,add_to_cart,2025-06-23 20:36:52.186925
2471,221.0,59,sess_4940,view,2025-10-03 05:19:45.186925
2472,292.0,1021,sess_561,view,2025-08-16 03:40:25.186925
2473,879.0,179,sess_300,view,2025-10-16 19:22:18.186925
2474,258.0,853,sess_2328,view,2026-04-01 11:35:27.186925
2475,,390,sess_1450,view,2025-06-30 10:05:54.186925
2476,476.0,1184,sess_2746,add_to_cart,2025-12-06 08:47:25.186925
2477,1142.0,759,sess_1901,add_to_cart,2026-06-02 14:30:25.186925
2478,677.0,566,sess_3980,view,2026-05-13 15:46:58.186925
2479,890.0,191,sess_4984,view,2026-05-23 16:43:18.186925
2480,338.0,1034,sess_4117,add_to_cart,2025-08-09 03:59:53.186925
2481,721.0,737,sess_3703,add_to_cart,2025-12-09 10:02:43.186925
2482,1086.0,1000,,add_to_cart,2026-03-13 09:14:54.186925
2483,447.0,1022,sess_2230,add_to_cart,2026-03-15 03:55:20.186925
2484,170.0,403,sess_2191,view,2025-07-23 14:24:00.186925
2485,1054.0,433,sess_930,purchase,2026-06-09 18:40:53.186925
2486,1014.0,470,sess_4310,view,2025-07-28 11:00:22.186925
2487,200.0,1164,sess_2885,view,2026-03-06 09:28:02.186925
2488,926.0,1195,sess_2270,add_to_cart,2025-11-20 19:00:21.186925
2489,1036.0,504,sess_4760,add_to_cart,2026-03-06 12:56:30.186925
2490,897.0,2,sess_2197,purchase,2026-04-22 14:20:00.186925
2491,252.0,848,sess_3438,purchase,2025-07-26 20:38:04.186925
2492,901.0,380,sess_3685,purchase,2026-05-07 20:21:17.186925
2493,597.0,570,sess_3957,purchase,2026-01-19 17:41:47.186925
2494,437.0,1038,,view,2025-10-18 10:09:17.186925
2495,596.0,601,sess_4333,purchase,2025-06-24 10:46:09.186925
2496,469.0,5,sess_951,purchase,2025-08-11 11:41:26.186925
2497,953.0,1160,sess_1076,add_to_cart,2025-12-30 02:01:37.186925
2498,868.0,210,sess_2506,view,2026-04-01 02:09:44.186925
2499,1003.0,767,sess_2214,add_to_cart,2026-05-01 17:23:06.186925
2500,241.0,112,sess_63,purchase,2025-11-01 15:22:11.186925
2501,692.0,290,sess_1325,add_to_cart,2026-02-11 14:29:39.186925
2502,2.0,1047,sess_2831,purchase,2026-04-21 19:28:28.186925
2503,549.0,644,sess_2580,purchase,2026-05-17 05:55:21.186925
2504,474.0,509,sess_4611,view,2026-05-29 07:03:34.186925
2505,480.0,1049,sess_1381,purchase,2025-11-02 14:23:19.186925
2506,129.0,95,sess_770,add_to_cart,2026-04-29 02:23:24.186925
2507,276.0,122,sess_1419,view,2026-05-13 20:13:52.186925
2508,175.0,368,sess_2403,view,2025-08-08 12:40:42.186925
2509,96.0,443,,purchase,2025-09-19 23:20:04.186925
2510,754.0,589,sess_1844,add_to_cart,2026-02-01 10:11:21.186925
2511,561.0,1162,sess_318,view,2025-12-16 19:19:53.186925
2512,386.0,385,sess_4816,add_to_cart,2025-12-21 09:13:39.186925
2513,966.0,59,sess_1917,purchase,2026-04-04 16:35:22.186925
2514,,888,sess_1186,view,2025-07-26 11:04:40.186925
2515,14.0,360,sess_4597,view,2025-11-25 04:34:27.186925
2516,246.0,592,sess_1304,view,2025-11-28 06:21:47.186925
2517,897.0,168,sess_266,add_to_cart,2026-02-20 15:21:19.186925
2518,803.0,360,sess_4838,view,2025-06-15 08:41:57.186925
2519,167.0,411,sess_2522,add_to_cart,2026-01-29 12:54:01.186925
2520,488.0,67,sess_3664,add_to_cart,invalid_timestamp
2521,357.0,925,sess_3794,add_to_cart,2025-09-16 11:09:25.186925
2522,379.0,205,sess_1679,add_to_cart,2026-02-06 16:57:58.186925
2523,37.0,959,sess_1921,purchase,2025-08-13 10:13:29.186925
2524,241.0,180,sess_4608,purchase,2025-10-09 21:17:08.186925
2525,259.0,235,sess_4489,add_to_cart,2025-10-21 19:37:21.186925
2526,889.0,1038,sess_2186,view,2025-08-20 22:59:51.186925
2527,666.0,507,sess_1972,view,2025-06-14 03:06:28.186925
2528,443.0,507,sess_1868,add_to_cart,2026-02-06 09:36:32.186925
2529,894.0,911,sess_2042,view,2025-07-13 11:10:38.186925
2530,945.0,618,sess_3106,add_to_cart,2026-05-28 04:58:42.186925
2531,226.0,794,sess_3919,add_to_cart,2026-05-24 20:43:10.186925
2532,772.0,969,sess_1483,add_to_cart,2026-03-14 09:52:38.186925
2533,753.0,380,sess_201,purchase,2025-08-04 08:50:26.186925
2534,536.0,660,sess_5000,purchase,2025-07-25 23:27:57.186925
2535,1161.0,128,sess_4951,purchase,2025-11-10 11:45:23.186925
2536,918.0,806,sess_57,add_to_cart,invalid_timestamp
2537,798.0,874,sess_153,add_to_cart,2026-03-07 00:59:49.186925
2538,334.0,362,sess_4915,add_to_cart,2025-06-11 21:25:25.186925
2539,79.0,675,sess_4586,purchase,2026-03-02 22:08:17.186925
2540,,917,sess_1265,purchase,2025-12-27 13:40:56.186925
2541,117.0,348,sess_4117,view,2025-08-11 20:16:07.186925
2542,1200.0,70,sess_4950,view,2026-03-09 09:57:49.186925
2543,554.0,1196,sess_2924,add_to_cart,2025-09-19 16:17:43.186925
2544,470.0,146,sess_12,view,2025-10-16 08:57:29.186925
2545,32.0,394,sess_1569,add_to_cart,2025-09-09 16:50:27.186925
2546,778.0,681,sess_2963,purchase,2026-06-08 19:12:50.186925
2547,952.0,117,sess_1363,view,2025-08-24 01:56:56.186925
2548,352.0,356,sess_4740,purchase,2025-10-28 01:24:01.186925
2549,436.0,362,sess_1347,view,2025-06-30 03:08:35.186925
2550,691.0,822,sess_2184,purchase,2025-12-06 16:56:55.186925
2551,524.0,892,sess_4149,view,2025-08-04 15:56:33.186925
2552,833.0,178,sess_1050,view,2026-01-26 08:45:48.186925
2553,,1192,sess_3101,view,2025-08-11 12:47:50.186925
2554,186.0,71,sess_2313,view,2025-10-11 03:50:58.186925
200,299.0,418,sess_2692,add_to_cart,2026-04-22 04:46:59.186925
2556,1062.0,485,sess_4855,view,2025-06-30 03:52:37.186925
2557,881.0,990,sess_804,add_to_cart,2025-08-23 12:09:06.186925
2558,472.0,55,sess_786,purchase,2025-11-16 05:32:24.186925
2559,94.0,907,sess_1263,purchase,2025-10-29 13:52:11.186925
2560,543.0,727,sess_1434,add_to_cart,2025-10-16 23:51:02.186925
2561,1034.0,719,sess_816,purchase,2025-11-18 08:28:58.186925
2562,803.0,350,,view,2026-01-06 22:01:01.186925
2563,634.0,166,sess_3157,purchase,2025-10-06 20:53:15.186925
2564,777.0,47,,add_to_cart,2025-09-11 04:25:01.186925
18,527.0,42,sess_343,view,2025-09-12 22:20:40.186925
2566,99.0,635,sess_1111,view,2026-01-08 17:15:59.186925
2567,679.0,650,sess_2115,view,2026-04-01 15:57:00.186925
2568,428.0,79,sess_310,view,2025-07-17 03:57:52.186925
2569,987.0,132,sess_634,view,2025-09-19 21:31:41.186925
2570,702.0,992,sess_2312,add_to_cart,2025-06-20 02:58:01.186925
2571,1092.0,933,sess_1613,view,2026-04-23 07:48:44.186925
2572,47.0,336,sess_2658,purchase,2025-06-24 14:26:30.186925
2573,523.0,733,sess_2580,view,2026-05-06 17:29:10.186925
2574,563.0,516,sess_3986,add_to_cart,2025-06-15 01:04:04.186925
2575,579.0,810,sess_4182,view,2026-06-02 09:07:46.186925
2576,542.0,587,sess_1854,view,2025-12-10 05:41:21.186925
2577,827.0,532,sess_2219,purchase,2025-10-03 16:31:43.186925
2578,438.0,985,sess_2281,add_to_cart,2025-06-29 19:01:01.186925
2579,,724,sess_736,view,2025-09-25 00:18:05.186925
2580,375.0,818,sess_3115,purchase,2026-03-07 05:18:00.186925
2581,486.0,621,sess_1451,view,2025-08-18 22:01:43.186925
2582,338.0,874,sess_571,add_to_cart,2025-10-20 08:47:20.186925
2583,242.0,968,sess_4253,view,2025-10-03 16:30:59.186925
2584,1069.0,201,sess_3833,add_to_cart,2025-10-30 20:25:46.186925
2585,400.0,576,sess_2271,view,2026-03-13 05:19:29.186925
2586,848.0,1111,sess_3872,view,2025-07-28 00:26:25.186925
2587,1078.0,184,sess_2721,purchase,2026-02-02 09:31:45.186925
2588,414.0,499,sess_723,view,2025-10-04 01:08:14.186925
2589,12.0,385,sess_571,add_to_cart,2026-06-02 04:37:24.186925
2590,686.0,533,sess_4751,add_to_cart,2026-02-01 07:19:28.186925
2591,594.0,931,,view,2025-08-19 01:32:53.186925
2592,601.0,586,,purchase,2026-05-10 15:19:40.186925
2593,738.0,367,sess_1153,view,2025-08-07 17:28:41.186925
2594,275.0,759,sess_4095,purchase,2025-10-18 09:08:04.186925
2595,1046.0,239,sess_4229,purchase,2025-10-30 20:47:19.186925
2596,1154.0,424,sess_1348,add_to_cart,2026-02-12 10:34:21.186925
2597,410.0,211,,view,2026-01-03 10:46:09.186925
2598,460.0,467,sess_2606,purchase,2025-08-22 14:48:25.186925
2599,662.0,259,sess_1588,add_to_cart,2026-02-05 04:13:19.186925
2600,795.0,805,sess_638,add_to_cart,2025-10-03 23:37:01.186925
2601,639.0,70,sess_2511,add_to_cart,2026-02-12 10:09:29.186925
2602,643.0,869,sess_4975,add_to_cart,2026-05-05 07:36:40.186925
2603,138.0,599,sess_3198,add_to_cart,2026-01-18 15:11:57.186925
2604,445.0,321,,view,2026-04-29 15:30:32.186925
2605,1103.0,10,sess_4934,purchase,2025-08-15 06:06:28.186925
2606,1185.0,734,sess_1525,purchase,2025-12-19 05:59:33.186925
2607,531.0,1131,sess_4927,add_to_cart,2025-06-24 15:12:03.186925
2608,1106.0,865,sess_3850,add_to_cart,2025-10-31 18:53:13.186925
2609,838.0,355,sess_1287,view,2025-11-27 03:16:51.186925
2610,249.0,700,sess_947,add_to_cart,2026-03-08 10:07:31.186925
2611,228.0,1036,sess_590,add_to_cart,2025-07-10 04:33:04.186925
2612,1033.0,607,sess_1252,add_to_cart,2026-05-13 03:14:29.186925
2613,806.0,439,sess_3921,purchase,2026-02-14 14:05:57.186925
2614,304.0,64,sess_104,purchase,invalid_timestamp
56,696.0,462,,add_to_cart,2025-10-20 14:12:04.186925
2616,408.0,709,sess_3834,view,2026-01-06 17:59:25.186925
2617,440.0,1200,sess_3631,add_to_cart,2026-03-20 13:58:43.186925
2618,931.0,790,sess_406,view,2026-01-31 17:15:09.186925
2619,944.0,414,,view,2026-02-03 03:24:01.186925
68,341.0,975,sess_393,purchase,2025-07-25 01:32:30.186925
2621,227.0,966,sess_4335,add_to_cart,2026-03-08 10:07:33.186925
2622,171.0,40,sess_1697,view,2025-07-31 15:37:22.186925
2623,584.0,166,sess_1445,purchase,2026-04-26 14:14:04.186925
2624,514.0,694,sess_4208,view,2026-03-15 17:50:52.186925
2625,1138.0,971,sess_2450,add_to_cart,2025-12-04 21:49:50.186925
2626,942.0,1136,sess_1355,view,2026-05-20 06:33:58.186925
2627,493.0,1146,sess_3425,purchase,2026-03-08 11:50:43.186925
124,954.0,151,sess_3504,view,2026-02-23 14:39:48.186925
2629,470.0,37,sess_1452,purchase,2025-09-16 16:42:43.186925
2630,990.0,856,sess_4934,add_to_cart,2025-12-20 20:45:11.186925
2631,250.0,489,sess_3501,add_to_cart,2025-10-09 01:22:21.186925
2632,591.0,63,,purchase,2025-12-25 20:48:39.186925
2633,678.0,778,sess_249,view,2025-07-15 23:21:13.186925
2634,1150.0,69,sess_2255,purchase,2025-08-04 03:32:27.186925
2635,775.0,589,sess_1231,add_to_cart,2026-01-04 20:44:32.186925
2636,946.0,817,sess_4771,add_to_cart,2026-05-28 17:31:22.186925
2637,632.0,878,sess_2701,view,2026-03-17 18:05:49.186925
2638,289.0,680,sess_696,view,2026-04-02 18:32:31.186925
2639,211.0,591,sess_4934,view,2025-08-03 18:40:46.186925
2640,866.0,593,sess_566,add_to_cart,2026-03-12 09:09:59.186925
2641,691.0,143,sess_1795,add_to_cart,2026-03-25 13:30:46.186925
2642,650.0,261,sess_187,purchase,2025-12-07 04:49:50.186925
2643,466.0,329,,view,2026-06-02 11:08:18.186925
2644,768.0,32,sess_3352,add_to_cart,2025-10-23 08:25:57.186925
2645,78.0,486,sess_4828,view,2026-01-24 21:28:10.186925
2646,1133.0,1105,sess_4870,purchase,2025-12-23 07:51:20.186925
2647,1187.0,1161,sess_1027,view,2025-07-18 04:59:36.186925
2648,399.0,834,,view,2026-04-29 05:24:19.186925
2649,938.0,829,sess_4493,add_to_cart,invalid_timestamp
2650,99.0,369,sess_3042,view,2025-12-05 11:26:18.186925
2651,313.0,386,,add_to_cart,2026-05-16 12:20:14.186925
2652,1095.0,1172,sess_2215,view,2025-11-17 00:37:58.186925
2653,11.0,471,sess_778,purchase,2026-03-14 11:09:24.186925
2654,222.0,791,sess_4304,view,2025-10-17 12:20:09.186925
2655,360.0,318,sess_2465,view,2026-03-14 21:48:38.186925
2656,127.0,773,sess_384,purchase,2026-02-01 16:35:22.186925
2657,91.0,1077,sess_2328,purchase,2026-03-09 23:15:28.186925
2658,449.0,638,sess_1440,add_to_cart,2025-12-25 10:16:27.186925
2659,808.0,634,sess_600,view,2026-02-25 16:35:45.186925
2660,927.0,134,sess_4104,view,2025-12-11 15:52:32.186925
2661,882.0,1132,sess_2626,add_to_cart,2026-04-05 03:06:40.186925
2662,1168.0,1047,sess_3219,add_to_cart,2025-08-26 10:43:58.186925
2663,1040.0,617,sess_2514,view,2025-08-06 21:46:56.186925
2664,236.0,787,sess_544,view,2025-08-13 01:58:52.186925
2665,848.0,384,sess_1293,add_to_cart,2026-01-04 16:53:21.186925
2666,160.0,537,sess_4068,view,2026-04-22 23:54:40.186925
2667,115.0,606,sess_4199,purchase,2025-07-09 19:06:12.186925
2668,178.0,337,sess_4139,purchase,2026-02-14 07:35:20.186925
2669,288.0,890,sess_4526,add_to_cart,2025-10-27 15:18:53.186925
2670,598.0,945,sess_1493,add_to_cart,2025-11-06 16:48:00.186925
2671,918.0,1123,sess_2350,add_to_cart,2026-04-04 00:19:50.186925
2672,162.0,558,sess_1738,add_to_cart,2025-06-16 18:59:18.186925
2673,119.0,1188,sess_2914,add_to_cart,2026-01-26 19:08:49.186925
2674,152.0,349,sess_3600,purchase,2025-09-28 08:16:43.186925
115,928.0,313,sess_3127,view,2025-07-14 17:43:55.186925
2676,715.0,201,sess_1268,view,2026-03-24 05:47:27.186925
2677,989.0,556,sess_4427,purchase,2026-03-27 19:19:52.186925
2678,441.0,1035,sess_2333,add_to_cart,2025-08-31 21:20:40.186925
2679,1088.0,796,sess_4627,add_to_cart,2025-07-13 03:33:12.186925
2680,13.0,777,sess_2383,purchase,2026-01-22 13:11:57.186925
2681,784.0,303,sess_925,purchase,2025-09-08 19:13:42.186925
2682,360.0,927,sess_3180,add_to_cart,2025-09-10 01:34:19.186925
2683,1000.0,938,sess_3442,purchase,2025-06-25 23:29:06.186925
2684,1101.0,77,sess_1417,view,2026-02-01 22:54:58.186925
2685,62.0,547,sess_3938,purchase,2026-01-20 15:56:29.186925
2686,1197.0,428,sess_2000,add_to_cart,2025-07-23 18:13:19.186925
2687,821.0,390,sess_1847,purchase,2025-08-24 13:28:52.186925
2688,907.0,744,sess_2000,add_to_cart,2026-01-08 13:12:52.186925
2689,,989,sess_4821,view,2025-09-18 01:30:18.186925
2690,159.0,223,sess_1971,add_to_cart,2025-12-20 02:30:17.186925
2691,580.0,964,sess_1914,add_to_cart,2025-07-17 00:57:30.186925
2692,865.0,604,sess_602,purchase,2025-12-24 12:45:18.186925
2693,192.0,689,sess_3587,add_to_cart,2026-05-07 09:48:49.186925
2694,120.0,555,sess_2574,view,2025-12-07 02:17:39.186925
2695,547.0,866,sess_3919,add_to_cart,2026-04-02 03:24:36.186925
2696,598.0,952,sess_2270,add_to_cart,2025-08-10 22:23:58.186925
2697,694.0,471,sess_2054,add_to_cart,2026-03-23 15:16:29.186925
2698,759.0,202,sess_3616,add_to_cart,2025-06-20 02:24:16.186925
2699,194.0,736,sess_568,purchase,2026-01-09 22:11:59.186925
2700,283.0,412,sess_2451,add_to_cart,2025-11-14 22:33:22.186925
2701,643.0,715,sess_2473,purchase,2026-05-19 22:29:14.186925
2702,1089.0,981,sess_2953,purchase,2026-05-23 22:13:11.186925
2703,1124.0,1124,sess_3140,purchase,2025-11-05 16:21:01.186925
2704,130.0,563,sess_3419,purchase,2026-03-16 05:22:29.186925
2705,837.0,333,sess_1530,view,2026-02-06 04:14:10.186925
2706,280.0,88,sess_2456,purchase,2026-04-18 04:37:15.186925
2707,179.0,1197,sess_4172,add_to_cart,2026-04-18 13:59:07.186925
2708,1002.0,424,sess_1940,add_to_cart,2026-01-28 11:51:50.186925
2709,771.0,1058,sess_1956,view,2025-11-02 03:43:59.186925
2710,208.0,700,sess_3576,view,2026-02-01 05:30:44.186925
2711,860.0,562,sess_1205,add_to_cart,2026-02-22 15:58:58.186925
2712,980.0,1069,sess_2748,view,2025-09-09 18:13:49.186925
2713,614.0,428,sess_2154,purchase,2025-07-03 16:39:13.186925
2714,463.0,910,sess_3093,view,2025-06-11 23:37:35.186925
2715,775.0,167,sess_2917,view,2025-12-29 06:37:13.186925
2716,196.0,1189,sess_4704,add_to_cart,2025-07-04 06:42:32.186925
2717,820.0,689,sess_2746,add_to_cart,2025-08-26 05:22:17.186925
115,414.0,681,sess_4369,view,2026-03-22 09:43:21.186925
2719,717.0,1088,sess_815,add_to_cart,2025-11-05 18:43:42.186925
2720,688.0,360,sess_2932,view,2025-10-27 19:58:43.186925
2721,,617,sess_703,view,2025-12-25 06:46:35.186925
2722,541.0,825,sess_4551,view,2025-10-18 06:18:16.186925
2723,468.0,506,sess_3465,purchase,2025-11-08 08:46:27.186925
2724,447.0,1049,sess_2156,view,2025-08-12 06:39:41.186925
2725,450.0,425,sess_594,add_to_cart,2025-10-31 16:25:33.186925
2726,309.0,1144,sess_357,purchase,invalid_timestamp
2727,,456,sess_143,view,2025-06-16 19:24:31.186925
2728,1166.0,1032,sess_2034,view,2026-02-14 16:51:40.186925
2729,87.0,764,sess_3390,purchase,2026-03-10 15:03:18.186925
2730,498.0,526,sess_1280,view,2025-07-26 18:41:21.186925
2731,409.0,1005,sess_669,add_to_cart,2026-06-02 04:15:13.186925
2732,683.0,131,sess_4942,purchase,2026-03-20 20:05:38.186925
2733,374.0,602,sess_3667,purchase,2025-09-03 20:43:56.186925
2734,1071.0,1063,sess_3515,add_to_cart,2026-02-24 07:20:34.186925
2735,155.0,752,sess_1277,purchase,2026-05-01 14:34:04.186925
2736,363.0,1132,sess_2216,purchase,2025-07-27 14:14:18.186925
2737,558.0,407,sess_703,purchase,2026-02-26 22:59:29.186925
2738,829.0,824,sess_916,view,2025-09-13 18:15:29.186925
2739,461.0,1112,sess_1821,view,2025-12-20 15:39:36.186925
2740,1200.0,845,sess_604,purchase,2025-07-14 23:18:42.186925
2741,1020.0,854,sess_1127,purchase,2025-06-25 09:08:28.186925
2742,266.0,776,sess_630,add_to_cart,2026-01-07 00:27:02.186925
2743,1187.0,219,sess_1015,view,2026-01-01 07:40:17.186925
2744,965.0,608,sess_4543,purchase,2025-08-09 22:32:44.186925
2745,927.0,1119,sess_2152,add_to_cart,2026-04-15 01:51:01.186925
2746,366.0,746,sess_3094,add_to_cart,2025-07-18 03:56:31.186925
2747,281.0,496,sess_485,purchase,2025-09-14 21:48:49.186925
2748,898.0,1154,sess_196,add_to_cart,2026-01-20 05:14:20.186925
2749,631.0,596,sess_3406,view,2025-06-15 12:19:59.186925
124,105.0,376,sess_267,view,2026-04-30 12:07:48.186925
2751,230.0,612,,purchase,2026-04-23 15:39:06.186925
2752,,21,sess_604,view,2026-04-25 19:33:06.186925
2753,1029.0,273,sess_2294,add_to_cart,2026-04-08 21:45:16.186925
2754,889.0,1150,sess_3087,add_to_cart,2025-08-02 12:04:53.186925
2755,860.0,1116,,purchase,2025-07-10 20:24:49.186925
2756,696.0,179,sess_3945,purchase,2025-07-08 22:37:19.186925
2757,,215,sess_2942,view,2025-09-06 11:28:51.186925
2758,821.0,45,sess_1684,view,2025-07-09 12:44:31.186925
2759,225.0,899,sess_2980,view,2026-06-10 18:44:33.186925
2760,1029.0,675,sess_2871,purchase,2026-04-11 11:03:03.186925
2761,1180.0,867,sess_1612,add_to_cart,2026-02-23 23:16:48.186925
2762,508.0,112,sess_434,purchase,2025-11-02 06:44:45.186925
2763,1005.0,416,sess_10,add_to_cart,2025-08-16 16:36:22.186925
2764,275.0,196,sess_2976,add_to_cart,2025-08-05 22:26:49.186925
2765,671.0,1178,sess_3285,add_to_cart,2026-05-22 01:46:30.186925
2766,76.0,667,sess_3685,add_to_cart,2026-01-06 23:54:06.186925
2767,778.0,738,sess_3433,add_to_cart,2026-04-06 10:30:14.186925
2768,249.0,961,sess_125,view,invalid_timestamp
2769,331.0,865,sess_2432,view,2026-01-01 19:12:44.186925
2770,576.0,647,sess_3919,view,2025-12-10 02:12:45.186925
2771,492.0,1133,sess_2542,purchase,2026-02-16 09:43:46.186925
2772,1027.0,212,sess_1087,view,2025-11-26 05:03:28.186925
2773,295.0,178,sess_3882,purchase,2025-11-22 00:42:16.186925
2774,403.0,169,sess_2263,view,2026-03-22 05:29:12.186925
2775,795.0,908,sess_3196,add_to_cart,2025-08-14 12:32:56.186925
2776,1158.0,82,sess_2860,view,2026-02-08 03:58:46.186925
2777,617.0,1084,sess_1977,add_to_cart,2025-12-22 12:22:52.186925
2778,,496,sess_1119,purchase,invalid_timestamp
2779,385.0,987,sess_3598,add_to_cart,2026-05-29 11:13:54.186925
2780,436.0,634,sess_4609,view,2025-09-12 11:19:44.186925
2781,1181.0,774,sess_3987,view,2026-01-09 23:25:09.186925
2782,849.0,808,sess_4406,view,2025-07-25 10:03:52.186925
2783,108.0,1078,sess_989,view,2025-12-28 14:29:53.186925
2784,214.0,28,,view,2026-04-27 14:17:56.186925
2785,835.0,858,sess_3893,purchase,2026-02-19 01:16:41.186925
2786,694.0,193,sess_308,purchase,2025-08-05 05:32:49.186925
2787,4.0,338,sess_1619,add_to_cart,2026-01-18 11:13:27.186925
75,422.0,30,sess_2705,view,2026-04-25 10:42:15.186925
2789,313.0,202,sess_1326,view,2025-10-26 05:51:28.186925
2790,2.0,172,sess_1184,add_to_cart,2026-03-06 14:42:13.186925
2791,535.0,887,sess_965,purchase,2025-08-05 05:40:15.186925
2792,1166.0,637,sess_394,purchase,2026-03-10 14:42:51.186925
2793,946.0,293,sess_3272,view,2025-12-18 15:29:59.186925
2794,669.0,203,sess_4970,add_to_cart,2025-07-29 12:43:32.186925
2795,805.0,920,sess_3428,add_to_cart,2025-10-15 22:30:54.186925
2796,441.0,908,sess_4282,view,2026-03-02 21:47:20.186925
2797,970.0,982,sess_1985,add_to_cart,2026-04-14 09:33:49.186925
2798,214.0,274,sess_552,purchase,2026-04-09 08:30:34.186925
2799,369.0,1052,sess_1493,add_to_cart,2026-02-14 18:08:22.186925
2800,631.0,664,sess_821,view,2025-07-23 11:03:35.186925
2801,,368,sess_2580,view,2025-12-26 12:15:31.186925
2802,1073.0,764,sess_2177,view,2026-05-02 03:09:50.186925
2803,501.0,917,sess_4331,add_to_cart,2026-04-04 11:18:58.186925
2804,1119.0,364,sess_3972,view,2025-11-22 07:47:02.186925
2805,1055.0,819,sess_4087,view,2026-05-23 22:07:02.186925
2806,23.0,377,sess_4041,add_to_cart,2025-09-11 14:14:57.186925
2807,134.0,529,sess_725,add_to_cart,2025-07-27 14:59:00.186925
2808,,1111,,add_to_cart,2026-05-20 02:30:51.186925
2809,963.0,582,sess_1913,add_to_cart,2025-09-08 14:33:25.186925
2810,1188.0,680,sess_2591,add_to_cart,2025-12-17 12:55:42.186925
2811,376.0,786,sess_1092,purchase,2026-03-13 13:40:54.186925
2812,254.0,38,sess_4951,add_to_cart,2026-05-03 18:18:09.186925
2813,46.0,1174,sess_1675,add_to_cart,2026-03-31 07:24:05.186925
2814,427.0,474,,view,2025-11-21 22:44:39.186925
2815,292.0,1188,sess_3663,view,2025-07-15 22:01:51.186925
2816,864.0,1138,sess_2704,purchase,2025-12-08 22:52:59.186925
2817,72.0,239,sess_1545,view,2025-08-29 23:56:22.186925
2818,1187.0,857,sess_1416,add_to_cart,2026-06-10 20:46:07.186925
2819,724.0,56,sess_1440,add_to_cart,2025-09-20 23:38:03.186925
2820,682.0,845,sess_4048,purchase,2025-11-10 18:45:06.186925
2821,1032.0,181,sess_3042,view,2026-02-14 20:53:16.186925
2822,,824,sess_2579,purchase,2025-06-20 03:27:37.186925
2823,885.0,137,sess_4956,view,2025-08-02 23:57:30.186925
2824,,995,sess_684,view,2025-09-10 05:30:32.186925
2825,893.0,651,sess_328,add_to_cart,2025-09-04 22:36:52.186925
2826,921.0,869,,add_to_cart,2026-05-05 13:01:11.186925
2827,36.0,1200,sess_2903,purchase,2025-10-19 10:51:00.186925
2828,1166.0,1166,sess_2027,view,2026-05-07 12:02:22.186925
2829,565.0,227,sess_2208,add_to_cart,2026-03-25 11:02:32.186925
2830,851.0,892,sess_4029,purchase,2026-04-08 22:50:46.186925
2831,364.0,167,sess_4147,add_to_cart,2025-07-30 11:56:36.186925
2832,5.0,825,sess_2583,purchase,2026-01-03 20:05:41.186925
2833,569.0,126,sess_787,view,2026-01-08 09:26:43.186925
2834,167.0,1087,,view,2025-07-08 04:57:23.186925
2835,875.0,256,sess_4615,add_to_cart,2026-04-05 21:34:40.186925
2836,,1024,sess_1109,add_to_cart,2025-09-06 08:20:21.186925
2837,774.0,1105,sess_2291,purchase,2025-12-15 17:39:23.186925
2838,1138.0,953,sess_1586,add_to_cart,2026-05-06 04:08:10.186925
2839,919.0,537,sess_2006,purchase,2026-02-11 01:31:24.186925
2840,,445,sess_2672,view,2026-05-13 01:29:18.186925
2841,856.0,537,sess_3456,purchase,2025-06-17 20:28:28.186925
2842,365.0,969,sess_788,add_to_cart,2025-07-22 10:55:13.186925
2843,1008.0,565,sess_4006,add_to_cart,2025-06-18 02:05:11.186925
2844,505.0,1188,sess_719,view,invalid_timestamp
2845,711.0,68,sess_4387,purchase,2025-11-28 20:45:58.186925
2846,467.0,1109,sess_4974,view,2025-09-10 22:07:44.186925
2847,706.0,884,sess_700,view,2026-05-24 21:32:00.186925
2848,973.0,196,sess_338,purchase,2025-11-16 16:49:50.186925
2849,1177.0,395,sess_3996,purchase,2025-07-04 06:20:01.186925
2850,,446,sess_2066,purchase,2026-05-21 10:49:27.186925
2851,378.0,308,sess_384,add_to_cart,2025-12-22 15:55:40.186925
2852,842.0,527,sess_2839,add_to_cart,2025-10-09 20:52:28.186925
2853,614.0,31,sess_1286,view,2025-12-06 23:08:41.186925
2854,,1149,sess_4935,view,2026-04-22 04:51:07.186925
2855,243.0,841,sess_1382,add_to_cart,2026-02-13 00:17:36.186925
2856,1141.0,988,sess_3524,view,2025-07-06 04:04:09.186925
2857,417.0,793,sess_1293,view,2025-12-27 01:54:43.186925
2858,989.0,964,sess_1174,view,2026-04-07 14:30:08.186925
2859,311.0,669,sess_194,purchase,2026-06-07 23:28:59.186925
2860,732.0,157,sess_4571,view,2025-12-17 13:46:51.186925
2861,755.0,1069,sess_3817,view,2026-04-20 23:21:55.186925
2862,915.0,1011,sess_3295,view,2025-07-26 08:45:53.186925
2863,736.0,809,sess_3775,add_to_cart,2025-12-24 17:17:12.186925
2864,667.0,404,sess_4539,add_to_cart,2026-01-26 17:10:19.186925
2865,360.0,749,sess_2782,view,2026-02-20 12:11:03.186925
2866,1000.0,580,sess_4904,view,2025-12-19 01:43:48.186925
2867,96.0,1124,sess_2071,purchase,2026-03-04 21:36:20.186925
2868,927.0,87,sess_4483,view,2025-11-20 19:30:42.186925
2869,1109.0,645,sess_4669,view,2025-11-02 21:17:40.186925
2870,466.0,937,sess_1258,view,2026-03-17 23:37:45.186925
2871,1150.0,885,sess_625,add_to_cart,2025-12-08 13:33:37.186925
2872,208.0,175,sess_4249,add_to_cart,2025-09-07 14:13:08.186925
2873,752.0,936,sess_3087,purchase,2025-12-25 02:54:51.186925
2874,336.0,939,sess_91,purchase,2026-03-11 13:28:20.186925
2875,237.0,185,sess_147,view,2026-01-27 05:27:23.186925
2876,792.0,190,sess_4512,add_to_cart,2025-08-13 19:56:25.186925
2877,202.0,1182,sess_4057,add_to_cart,2025-09-30 06:23:32.186925
2878,141.0,573,sess_995,view,invalid_timestamp
2879,828.0,466,sess_2920,purchase,2026-03-08 13:37:51.186925
2880,207.0,517,sess_2089,view,2026-05-14 12:54:38.186925
2881,195.0,750,sess_3202,add_to_cart,2025-07-11 20:23:51.186925
2882,682.0,364,sess_1979,add_to_cart,2026-03-19 13:44:40.186925
2883,75.0,392,sess_3976,add_to_cart,2025-07-31 02:27:01.186925
157,353.0,1145,sess_3679,add_to_cart,2025-12-25 11:54:33.186925
2885,209.0,922,sess_162,view,2026-06-04 20:07:39.186925
2886,680.0,819,sess_761,add_to_cart,2025-07-21 15:03:56.186925
2887,504.0,465,sess_1569,view,2026-01-30 22:30:42.186925
2888,1143.0,604,sess_4205,purchase,2025-07-14 02:00:23.186925
2889,221.0,834,sess_2415,view,2025-11-22 23:49:57.186925
2890,328.0,931,sess_1633,purchase,2025-06-15 13:52:25.186925
2891,508.0,396,sess_429,purchase,2026-05-26 06:45:42.186925
2892,432.0,496,sess_809,purchase,2025-09-30 20:09:42.186925
2893,1165.0,887,sess_1720,purchase,2026-02-16 06:07:51.186925
2894,997.0,406,sess_3592,add_to_cart,2025-07-03 03:37:42.186925
2895,99.0,703,sess_2479,add_to_cart,2026-05-07 08:03:41.186925
2896,307.0,1153,sess_1382,view,2026-02-21 02:52:29.186925
2897,483.0,656,sess_3238,view,2026-02-19 22:32:12.186925
2898,,172,sess_2554,add_to_cart,2025-10-08 01:51:44.186925
2899,627.0,1082,sess_1485,purchase,2025-07-12 03:45:02.186925
2900,388.0,1077,sess_2613,purchase,2025-07-06 08:13:32.186925
2901,48.0,58,sess_2712,add_to_cart,2025-12-02 05:36:40.186925
2902,1167.0,99,sess_2181,add_to_cart,2026-04-28 18:48:22.186925
2903,614.0,58,sess_3689,view,2025-08-25 18:41:43.186925
2904,1117.0,808,sess_610,view,2026-04-24 23:31:37.186925
2905,798.0,1123,sess_1885,view,2026-05-23 13:51:42.186925
2906,709.0,543,sess_2971,view,2025-10-01 10:48:16.186925
2907,,48,sess_3660,add_to_cart,2025-07-05 19:16:49.186925
2908,301.0,992,sess_1933,view,2025-07-02 13:03:28.186925
2909,1013.0,526,,purchase,2025-09-08 21:58:16.186925
2910,881.0,1008,,add_to_cart,2026-01-02 22:56:18.186925
2911,635.0,786,sess_1716,view,2025-06-19 05:26:38.186925
2912,359.0,291,sess_1347,purchase,2025-10-19 10:40:55.186925
2913,131.0,625,sess_2996,view,invalid_timestamp
2914,844.0,792,sess_1462,view,2026-02-02 11:20:39.186925
2915,64.0,1092,sess_4327,view,2026-02-22 23:03:55.186925
2916,934.0,241,sess_3149,add_to_cart,2025-12-04 09:40:24.186925
2917,252.0,977,sess_3547,add_to_cart,2025-06-28 15:10:59.186925
76,934.0,18,sess_3998,purchase,2025-11-01 20:53:51.186925
2919,837.0,708,sess_1080,view,2026-01-16 05:58:17.186925
2920,146.0,1070,sess_1644,add_to_cart,2026-03-06 03:06:44.186925
2921,259.0,108,,add_to_cart,2025-10-15 15:53:22.186925
2922,568.0,835,sess_3296,purchase,2025-07-21 18:51:39.186925
2923,995.0,610,sess_3445,purchase,2025-12-29 21:28:31.186925
2924,131.0,380,sess_1292,view,2025-08-04 16:37:26.186925
2925,426.0,515,sess_4836,purchase,2025-11-04 23:07:01.186925
2926,889.0,772,sess_3860,purchase,2025-10-05 22:14:29.186925
2927,585.0,1098,sess_868,add_to_cart,2026-02-07 06:15:11.186925
2928,363.0,552,sess_3168,view,2025-11-09 09:45:47.186925
2929,82.0,1175,sess_3235,purchase,2025-12-24 15:27:31.186925
2930,235.0,162,sess_4316,view,2025-09-30 02:48:57.186925
2931,255.0,1088,sess_3608,add_to_cart,2026-03-05 14:14:27.186925
2932,688.0,858,sess_610,purchase,2025-12-12 05:23:50.186925
2933,327.0,796,sess_1966,add_to_cart,2026-03-28 03:11:14.186925
2934,433.0,1045,sess_3255,purchase,2025-12-31 08:48:17.186925
2935,333.0,102,sess_191,view,2025-10-20 21:57:03.186925
2936,646.0,150,sess_1530,view,2025-06-26 02:45:46.186925
2937,888.0,1045,sess_3024,view,invalid_timestamp
2938,1171.0,69,sess_3994,view,2025-06-17 10:19:46.186925
2939,97.0,1084,sess_3326,view,2025-09-08 23:45:46.186925
2940,445.0,781,sess_4355,view,2025-08-12 15:31:52.186925
2941,212.0,623,sess_3289,add_to_cart,2025-10-15 18:15:43.186925
2942,198.0,1082,,view,2026-04-30 06:55:33.186925
2943,648.0,37,,purchase,2025-10-10 23:41:45.186925
2944,97.0,82,sess_2849,add_to_cart,2026-04-25 18:11:12.186925
2945,527.0,345,sess_2216,purchase,2026-04-29 12:23:43.186925
2946,4.0,57,sess_1955,purchase,2025-09-15 15:18:15.186925
2947,483.0,911,sess_1587,add_to_cart,2026-04-07 06:13:56.186925
2948,1098.0,491,sess_1049,add_to_cart,2025-09-20 23:37:38.186925
2949,164.0,273,sess_3378,view,2025-09-23 23:33:10.186925
2950,565.0,542,sess_473,purchase,2026-01-15 12:51:43.186925
2951,240.0,691,sess_2717,purchase,2026-01-12 21:09:27.186925
191,998.0,871,sess_4374,purchase,invalid_timestamp
2953,975.0,820,sess_662,purchase,2025-07-24 18:40:05.186925
2954,865.0,1024,sess_3394,add_to_cart,2025-08-08 20:45:59.186925
2955,1027.0,731,sess_493,view,2026-02-10 05:57:08.186925
2956,596.0,322,sess_2679,view,2026-04-26 07:21:12.186925
2957,688.0,556,sess_4566,purchase,2025-06-16 18:29:06.186925
23,985.0,537,sess_4541,view,2026-04-21 02:47:54.186925
2959,955.0,966,sess_1608,purchase,2026-05-03 00:33:21.186925
2960,6.0,750,sess_3230,add_to_cart,2025-10-24 01:47:22.186925
2961,559.0,716,sess_2516,add_to_cart,2026-01-31 09:41:30.186925
2962,685.0,832,,add_to_cart,2026-06-05 19:31:13.186925
2963,59.0,727,sess_1234,view,2025-09-24 07:11:23.186925
2964,222.0,906,sess_4620,view,2025-10-16 02:58:04.186925
2965,422.0,869,sess_3403,purchase,2025-06-23 18:56:13.186925
2966,1081.0,961,sess_2922,view,2025-11-22 03:08:35.186925
2967,18.0,1173,sess_4847,view,2025-11-15 05:18:21.186925
2968,380.0,988,sess_4028,view,2025-07-06 21:50:52.186925
2969,162.0,704,sess_419,purchase,2025-06-23 10:05:31.186925
2970,333.0,323,,view,2026-03-25 04:26:18.186925
2971,166.0,219,sess_3698,add_to_cart,2026-02-03 01:55:49.186925
2972,532.0,690,sess_3489,purchase,invalid_timestamp
2973,761.0,392,sess_2156,add_to_cart,2026-03-13 15:03:34.186925
2974,,439,sess_858,view,2026-04-13 10:25:44.186925
2975,525.0,382,sess_1999,purchase,2025-08-31 04:41:58.186925
2976,117.0,204,sess_3432,add_to_cart,2025-07-27 17:09:54.186925
2977,148.0,926,sess_3620,purchase,2026-02-02 10:25:58.186925
2978,991.0,1076,sess_4426,view,2026-01-20 23:44:25.186925
2979,1164.0,571,sess_1107,purchase,2025-06-18 20:23:40.186925
2980,1120.0,154,sess_1515,purchase,2025-12-29 01:00:32.186925
2981,715.0,403,sess_4363,view,2025-08-16 03:57:04.186925
2982,1024.0,404,sess_556,view,2025-10-14 20:16:35.186925
2983,72.0,1055,sess_2755,purchase,2025-10-21 06:03:17.186925
2984,169.0,888,sess_2959,add_to_cart,2025-09-09 00:10:56.186925
2985,338.0,689,sess_267,view,2025-06-24 05:39:58.186925
2986,938.0,98,sess_3461,view,2025-09-05 08:06:48.186925
2987,295.0,837,sess_2484,view,2025-09-23 19:00:50.186925
2988,174.0,1015,sess_3232,add_to_cart,2026-06-10 12:09:46.186925
2989,1127.0,445,sess_620,view,2025-10-30 13:40:15.186925
2990,955.0,792,sess_1537,view,2026-05-10 02:04:13.186925
2991,907.0,793,sess_1697,view,2026-04-21 05:30:41.186925
2992,221.0,745,sess_1576,add_to_cart,2026-05-18 23:08:53.186925
2993,503.0,619,sess_4740,add_to_cart,2026-05-22 20:36:30.186925
2994,654.0,1093,sess_3136,purchase,2026-04-12 10:12:07.186925
2995,45.0,274,,purchase,2026-03-02 01:39:10.186925
2996,725.0,859,sess_1752,add_to_cart,2025-11-19 09:52:53.186925
2997,882.0,733,sess_3369,purchase,invalid_timestamp
2998,435.0,244,sess_4789,add_to_cart,2025-11-21 20:29:30.186925
2999,222.0,412,sess_2157,add_to_cart,2025-07-30 01:40:19.186925
3000,614.0,341,sess_2866,purchase,2025-10-13 23:54:47.186925
3001,64.0,546,sess_1097,purchase,2026-01-22 23:56:21.186925
3002,502.0,425,sess_3840,purchase,2025-10-19 09:46:11.186925
3003,728.0,999,sess_2964,purchase,2025-07-01 13:41:46.186925
3004,198.0,701,sess_4777,purchase,2025-09-26 21:29:39.186925
3005,811.0,74,sess_1559,view,2025-07-31 19:50:54.186925
3006,345.0,1084,sess_4819,add_to_cart,2026-02-27 05:50:02.186925
3007,1165.0,1194,sess_1386,purchase,2025-09-22 03:52:56.186925
3008,445.0,414,sess_4155,purchase,2025-12-14 05:22:22.186925
3009,990.0,127,sess_705,add_to_cart,2025-07-13 18:56:44.186925
3010,431.0,720,sess_1235,purchase,2025-10-02 21:45:24.186925
3011,349.0,353,sess_589,view,2026-04-09 10:15:46.186925
3012,34.0,536,sess_3008,add_to_cart,invalid_timestamp
3013,,379,sess_2434,add_to_cart,2025-12-09 13:44:18.186925
3014,117.0,1194,sess_4045,view,2025-06-16 18:35:49.186925
3015,1127.0,653,sess_80,purchase,2026-04-04 07:25:47.186925
3016,957.0,981,sess_1492,add_to_cart,2026-03-30 06:08:37.186925
3017,537.0,193,sess_822,purchase,2025-09-07 19:04:26.186925
3018,377.0,650,,view,2025-12-06 08:24:21.186925
3019,18.0,145,sess_2961,purchase,2025-11-18 15:59:49.186925
3020,511.0,1137,sess_2323,purchase,2026-01-23 16:35:50.186925
3021,601.0,748,,purchase,2025-11-08 11:26:04.186925
3022,169.0,1117,sess_404,view,2025-12-10 09:11:38.186925
3023,486.0,859,sess_230,add_to_cart,2025-12-20 19:48:50.186925
3024,,647,sess_2914,add_to_cart,2026-06-11 08:06:12.186925
3025,84.0,1145,sess_1329,add_to_cart,2026-05-29 00:47:55.186925
3026,19.0,931,sess_2712,view,2025-09-14 12:18:58.186925
3027,1120.0,358,sess_3533,view,2026-01-29 22:14:54.186925
3028,535.0,725,sess_2133,add_to_cart,2025-10-23 18:50:57.186925
3029,602.0,887,sess_1031,add_to_cart,2026-01-07 06:53:42.186925
3030,1042.0,832,sess_903,purchase,invalid_timestamp
3031,712.0,126,sess_750,purchase,2025-06-16 10:18:39.186925
3032,1193.0,1179,sess_190,purchase,2026-03-21 00:14:34.186925
3033,735.0,272,sess_756,view,2026-01-27 12:27:10.186925
3034,1045.0,623,sess_519,purchase,2025-06-13 05:20:35.186925
3035,763.0,1152,sess_2840,view,2025-06-19 06:14:23.186925
3036,485.0,637,,purchase,2025-07-01 14:56:53.186925
3037,,693,sess_2586,view,2025-06-26 11:44:16.186925
3038,1168.0,54,sess_1924,add_to_cart,2026-02-10 10:18:02.186925
3039,19.0,1078,sess_4274,purchase,2025-12-01 18:46:56.186925
3040,736.0,498,sess_1150,view,2025-12-27 22:47:56.186925
3041,105.0,833,sess_3475,view,2025-12-29 09:06:11.186925
3042,655.0,922,sess_3234,purchase,2025-09-21 15:45:22.186925
3043,1038.0,612,sess_3566,add_to_cart,2025-12-27 03:55:41.186925
3044,733.0,656,sess_4752,view,2025-10-10 10:28:23.186925
3045,95.0,231,sess_1430,add_to_cart,2026-01-19 21:10:00.186925
3046,426.0,1095,sess_1202,add_to_cart,2025-12-05 10:43:59.186925
3047,,30,sess_1482,add_to_cart,2026-05-02 01:42:10.186925
3048,229.0,325,sess_1726,view,2026-02-08 11:30:36.186925
3049,938.0,1016,sess_1876,view,2025-09-28 10:57:07.186925
3050,761.0,753,sess_1928,add_to_cart,2026-04-26 06:15:49.186925
3051,275.0,422,sess_2148,view,2025-07-20 12:38:28.186925
3052,359.0,791,sess_1067,view,2025-06-22 22:43:56.186925
3053,689.0,412,sess_3962,add_to_cart,2025-09-24 15:08:48.186925
3054,1097.0,847,sess_2068,add_to_cart,2026-05-25 14:00:16.186925
3055,164.0,778,sess_3971,add_to_cart,2025-07-12 20:53:56.186925
3056,1182.0,1044,sess_3973,view,2025-12-24 08:06:34.186925
3057,1107.0,809,sess_1109,purchase,2025-11-24 10:55:11.186925
3058,780.0,1050,sess_750,purchase,2026-05-23 13:12:09.186925
3059,445.0,603,sess_131,add_to_cart,2025-07-20 11:12:15.186925
3060,863.0,1088,sess_4089,add_to_cart,2026-01-22 08:32:00.186925
3061,1189.0,690,sess_1913,view,2025-08-30 00:54:45.186925
3062,1045.0,1192,sess_1788,purchase,2025-11-18 02:47:05.186925
3063,142.0,597,sess_3687,add_to_cart,2025-11-08 03:16:37.186925
3064,846.0,601,sess_433,add_to_cart,2025-08-05 15:45:18.186925
3065,438.0,1169,,purchase,2026-02-12 08:34:00.186925
3066,60.0,364,sess_4466,view,2025-07-15 19:39:05.186925
3067,1098.0,840,sess_1895,purchase,2025-11-11 16:26:04.186925
3068,327.0,1101,sess_1368,view,2026-06-02 12:50:49.186925
3069,14.0,373,sess_1737,add_to_cart,2026-03-18 21:03:21.186925
3070,1149.0,1157,sess_2738,add_to_cart,2025-12-14 07:20:12.186925
3071,716.0,1148,sess_3941,purchase,2026-01-15 07:28:46.186925
18,41.0,1181,sess_2381,view,2026-05-20 12:20:03.186925
3073,189.0,1142,sess_4603,add_to_cart,2026-02-27 00:06:25.186925
3074,568.0,838,sess_4364,view,2025-07-27 14:14:16.186925
3075,1065.0,99,sess_4836,purchase,2025-11-25 15:32:49.186925
3076,1125.0,529,sess_280,purchase,2025-11-06 22:04:49.186925
3077,995.0,127,sess_611,add_to_cart,2026-04-12 23:10:06.186925
3078,273.0,570,sess_2476,view,2026-02-09 23:11:47.186925
3079,1153.0,621,sess_3923,purchase,2025-11-30 19:06:14.186925
3080,806.0,412,sess_4673,add_to_cart,2026-05-20 12:51:30.186925
3081,508.0,846,sess_1205,view,2025-08-18 08:16:34.186925
3082,868.0,3,sess_2809,add_to_cart,2026-01-09 23:32:05.186925
3083,622.0,449,sess_1735,view,2025-08-22 01:24:19.186925
50,1045.0,744,sess_1544,add_to_cart,2026-03-08 17:52:10.186925
3085,615.0,1003,sess_2024,add_to_cart,2026-01-06 23:18:54.186925
3086,622.0,772,sess_1289,add_to_cart,2025-09-24 04:18:19.186925
3087,908.0,138,sess_4140,view,2026-03-13 12:47:32.186925
3088,31.0,326,sess_2291,add_to_cart,2026-01-18 22:04:03.186925
3089,139.0,920,sess_4648,view,2025-12-02 06:30:43.186925
3090,1038.0,702,sess_3568,view,2025-12-24 17:16:14.186925
3091,160.0,480,sess_880,purchase,2026-05-27 16:54:27.186925
3092,928.0,373,sess_2526,purchase,2026-05-24 15:00:28.186925
3093,82.0,52,sess_4551,add_to_cart,2026-01-13 21:22:23.186925
3094,840.0,301,sess_526,purchase,2026-02-15 22:47:56.186925
3095,884.0,671,sess_1796,add_to_cart,2026-01-02 18:38:58.186925
3096,1152.0,893,sess_2773,add_to_cart,2025-06-16 23:33:18.186925
3097,221.0,814,sess_2558,view,2026-03-29 14:54:16.186925
3098,6.0,513,sess_1599,purchase,2025-12-19 03:17:14.186925
3099,136.0,136,,view,2026-01-04 07:10:25.186925
3100,723.0,134,sess_1157,add_to_cart,2025-08-08 02:43:06.186925
3101,910.0,940,sess_251,purchase,2025-07-31 12:42:02.186925
3102,135.0,877,sess_3309,purchase,2025-12-04 07:12:06.186925
3103,1074.0,333,sess_2097,view,2026-05-20 02:35:08.186925
3104,839.0,344,sess_1468,add_to_cart,2026-03-03 19:52:00.186925
3105,929.0,599,sess_460,add_to_cart,2026-01-25 20:33:45.186925
3106,10.0,689,sess_3154,add_to_cart,2026-02-23 21:18:33.186925
3107,1180.0,840,sess_492,add_to_cart,invalid_timestamp
3108,428.0,999,sess_4942,view,2026-03-22 21:58:09.186925
3109,1182.0,82,sess_1610,purchase,2025-09-04 23:21:18.186925
3110,1058.0,404,sess_2942,view,invalid_timestamp
3111,102.0,1120,sess_2691,add_to_cart,2025-06-24 23:39:51.186925
3112,682.0,1157,sess_4738,view,2025-10-16 19:53:30.186925
3113,1110.0,782,sess_846,add_to_cart,2026-01-17 02:30:49.186925
3114,541.0,150,sess_4141,view,2025-08-02 21:32:51.186925
3115,556.0,1061,sess_4024,add_to_cart,2026-03-15 07:48:05.186925
3116,235.0,934,sess_375,view,2025-12-03 10:19:55.186925
3117,863.0,1120,sess_2522,add_to_cart,2025-09-02 23:18:46.186925
3118,1145.0,378,sess_2048,add_to_cart,2025-07-25 15:04:09.186925
3119,611.0,742,sess_2434,add_to_cart,2025-06-15 17:25:34.186925
3120,752.0,369,sess_1607,view,2026-01-30 04:31:33.186925
3121,836.0,411,sess_4597,purchase,2025-08-10 22:56:01.186925
3122,1163.0,982,sess_806,view,2025-08-04 20:16:22.186925
3123,659.0,852,sess_825,purchase,2026-01-19 07:10:30.186925
3124,672.0,533,sess_4567,purchase,2026-03-29 22:46:18.186925
3125,339.0,1039,sess_1029,view,2025-12-11 01:03:23.186925
3126,1172.0,1046,,add_to_cart,2025-07-08 08:04:10.186925
3127,19.0,573,sess_2283,purchase,2025-10-02 19:55:19.186925
3128,464.0,686,sess_4534,view,2026-01-08 11:30:54.186925
3129,657.0,620,sess_4747,view,2026-05-08 15:37:58.186925
3130,117.0,383,sess_4149,view,2025-11-30 18:18:19.186925
3131,821.0,271,sess_4081,purchase,2025-06-27 15:24:31.186925
3132,,1124,,purchase,2025-11-08 17:50:56.186925
3133,,453,sess_185,purchase,2025-07-02 11:13:03.186925
3134,391.0,330,sess_3854,add_to_cart,2026-02-20 06:52:35.186925
3135,,387,sess_2800,add_to_cart,2026-06-07 21:25:34.186925
3136,531.0,479,sess_2007,view,invalid_timestamp
3137,1001.0,1106,sess_3790,add_to_cart,2025-10-05 16:31:31.186925
3138,423.0,297,sess_3816,purchase,2025-11-07 02:29:42.186925
3139,470.0,29,sess_3635,purchase,2026-04-07 06:06:35.186925
3140,925.0,1129,sess_2648,purchase,2026-02-27 22:07:06.186925
3141,1043.0,1118,sess_4632,view,2025-10-09 01:42:04.186925
3142,779.0,992,sess_1082,view,2025-09-20 08:48:55.186925
3143,987.0,977,sess_86,purchase,2026-05-25 01:32:55.186925
3144,442.0,78,sess_2386,purchase,2025-10-09 18:40:08.186925
3145,149.0,881,sess_2174,purchase,2026-04-28 16:27:33.186925
94,132.0,355,sess_516,purchase,2025-12-01 22:07:46.186925
3147,489.0,1137,sess_3417,add_to_cart,2025-06-19 21:49:56.186925
3148,837.0,110,sess_1068,purchase,2025-12-23 10:00:00.186925
3149,420.0,1169,sess_4742,add_to_cart,invalid_timestamp
3150,735.0,869,sess_4610,view,2026-06-10 05:19:02.186925
3151,39.0,916,sess_4280,add_to_cart,2026-02-19 06:53:37.186925
3152,919.0,426,sess_30,add_to_cart,2026-05-03 08:49:20.186925
3153,938.0,1097,sess_2907,view,2025-11-16 21:08:27.186925
3154,876.0,1145,,view,2025-08-07 14:39:38.186925
3155,889.0,707,sess_1273,add_to_cart,2025-11-21 22:28:19.186925
3156,258.0,839,sess_4496,view,2026-01-15 02:22:19.186925
3157,1115.0,793,sess_1755,view,2025-11-15 02:56:31.186925
3158,608.0,149,sess_4079,add_to_cart,invalid_timestamp
3159,1170.0,880,sess_856,view,2025-10-17 12:36:46.186925
3160,,990,,view,2026-04-11 14:46:50.186925
3161,812.0,208,sess_3961,view,2025-09-08 18:25:42.186925
3162,596.0,614,sess_151,add_to_cart,2025-11-15 01:32:29.186925
3163,861.0,533,sess_3321,view,2025-11-24 02:48:29.186925
3164,577.0,272,sess_2089,purchase,2026-02-18 19:41:47.186925
3165,1163.0,1106,sess_870,purchase,2025-12-09 17:04:34.186925
3166,191.0,384,sess_3629,add_to_cart,2026-04-28 19:50:39.186925
3167,6.0,807,sess_2574,view,2025-10-20 04:24:20.186925
3168,,328,sess_1351,purchase,2025-06-26 07:00:42.186925
3169,1125.0,585,sess_2381,view,2026-04-09 04:05:28.186925
3170,275.0,831,sess_3529,add_to_cart,2025-10-12 17:35:17.186925
3171,1198.0,145,sess_3653,view,2026-01-27 19:37:49.186925
3172,736.0,579,sess_154,view,2025-12-05 06:00:21.186925
3173,454.0,35,sess_3542,add_to_cart,2026-03-11 20:08:00.186925
3174,221.0,694,sess_1012,view,2025-09-02 22:54:05.186925
3175,258.0,266,sess_1262,add_to_cart,2025-11-15 21:27:37.186925
3176,834.0,89,sess_999,view,2026-01-29 11:11:50.186925
3177,92.0,258,sess_948,purchase,2026-03-31 15:25:03.186925
3178,663.0,35,sess_3711,view,2025-11-01 21:56:36.186925
3179,248.0,847,sess_3597,add_to_cart,2026-04-20 15:13:36.186925
3180,1115.0,296,sess_3567,add_to_cart,2026-02-15 20:06:08.186925
3181,1021.0,1065,sess_1726,add_to_cart,2025-06-28 04:01:50.186925
3182,1129.0,981,sess_878,purchase,2025-06-16 23:12:08.186925
3183,479.0,262,sess_3538,view,2026-04-07 16:13:57.186925
3184,196.0,1120,sess_3686,view,2026-05-08 11:22:26.186925
3185,291.0,708,sess_1046,add_to_cart,2025-07-11 19:32:54.186925
3186,496.0,134,sess_2080,view,2025-06-22 19:04:19.186925
3187,1142.0,411,sess_2726,add_to_cart,2026-02-12 05:57:48.186925
3188,228.0,358,sess_3155,purchase,2026-01-08 22:20:56.186925
3189,609.0,293,sess_4280,purchase,2026-03-12 23:06:33.186925
3190,1167.0,729,,add_to_cart,2026-06-07 20:22:00.186925
3191,29.0,795,sess_1881,purchase,2025-07-07 19:33:40.186925
3192,810.0,959,sess_3240,purchase,2025-06-14 01:54:59.186925
3193,852.0,515,sess_4314,add_to_cart,2025-10-31 20:44:41.186925
3194,594.0,774,sess_3908,purchase,invalid_timestamp
3195,1046.0,994,sess_2357,purchase,2025-07-02 10:09:45.186925
3196,379.0,375,sess_703,view,2025-08-23 10:18:28.186925
3197,,248,,purchase,2025-11-16 18:44:10.186925
3198,224.0,439,sess_2100,purchase,2026-04-29 17:46:37.186925
3199,63.0,593,sess_978,purchase,2025-07-28 16:58:31.186925
3200,800.0,202,sess_3185,add_to_cart,2025-07-28 19:04:34.186925
3201,1088.0,239,sess_4031,purchase,2025-07-11 20:38:05.186925
3202,371.0,998,sess_4932,add_to_cart,2026-05-24 13:37:31.186925
3203,349.0,408,sess_181,purchase,2025-11-09 08:50:59.186925
3204,557.0,988,,add_to_cart,2026-04-29 09:49:42.186925
3205,1084.0,422,sess_2150,add_to_cart,2025-08-13 08:20:19.186925
3206,561.0,842,sess_417,purchase,2026-03-23 00:56:44.186925
3207,,876,sess_4386,purchase,2025-09-23 08:47:59.186925
3208,342.0,6,sess_3600,purchase,2025-07-09 10:58:17.186925
3209,810.0,1149,sess_4116,view,2025-08-04 05:25:09.186925
3210,441.0,862,sess_978,add_to_cart,2026-05-06 19:15:05.186925
3211,235.0,169,sess_3597,purchase,2026-02-16 03:46:08.186925
3212,870.0,471,sess_2350,add_to_cart,2026-05-12 21:40:06.186925
3213,636.0,393,sess_4084,add_to_cart,2026-01-14 20:41:00.186925
3214,648.0,514,sess_1490,add_to_cart,2026-02-05 08:27:11.186925
3215,1044.0,958,sess_3126,purchase,2026-04-20 17:08:02.186925
3216,171.0,577,sess_4721,add_to_cart,invalid_timestamp
3217,285.0,210,sess_4705,add_to_cart,invalid_timestamp
3218,609.0,732,sess_4905,add_to_cart,2026-01-11 16:45:51.186925
3219,552.0,167,sess_4571,add_to_cart,2025-09-26 14:31:53.186925
3220,281.0,442,sess_146,add_to_cart,2025-08-21 15:56:53.186925
3221,760.0,920,,add_to_cart,2025-11-24 18:17:26.186925
3222,867.0,954,,add_to_cart,invalid_timestamp
3223,1154.0,220,,view,2025-11-27 09:39:05.186925
3224,68.0,1152,sess_4830,purchase,2026-04-17 03:16:18.186925
3225,1166.0,1007,sess_4682,add_to_cart,2025-10-05 06:19:26.186925
173,309.0,465,sess_3518,purchase,2025-06-18 11:08:06.186925
3227,354.0,802,sess_3730,add_to_cart,2025-09-03 01:43:53.186925
3228,552.0,1074,sess_3950,purchase,2025-07-02 04:43:25.186925
3229,691.0,1032,sess_4300,view,2025-06-19 00:26:34.186925
3230,,119,sess_1149,purchase,invalid_timestamp
3231,1144.0,646,sess_2009,purchase,2025-12-12 03:59:00.186925
3232,448.0,574,sess_1239,purchase,2025-12-26 16:20:16.186925
3233,1148.0,445,sess_1374,add_to_cart,2026-02-22 05:29:21.186925
3234,434.0,662,sess_3793,purchase,2025-11-16 23:37:43.186925
3235,930.0,425,sess_220,add_to_cart,2025-12-12 14:11:01.186925
3236,90.0,261,sess_879,add_to_cart,2026-05-03 15:57:25.186925
3237,1129.0,878,sess_2332,add_to_cart,2026-05-21 18:32:11.186925
3238,180.0,940,sess_2830,purchase,2026-02-16 22:19:34.186925
3239,364.0,484,sess_3167,purchase,2025-08-26 21:30:36.186925
3240,935.0,403,sess_937,purchase,2025-08-22 16:52:06.186925
3241,243.0,39,sess_3141,purchase,2025-06-20 20:47:04.186925
3242,733.0,152,sess_72,add_to_cart,2025-07-21 09:49:22.186925
3243,395.0,1178,sess_747,purchase,2025-12-14 05:52:35.186925
3244,87.0,235,sess_3947,view,2025-10-07 02:56:58.186925
3245,570.0,215,sess_2868,purchase,2025-07-27 15:32:12.186925
3246,836.0,1092,sess_1636,add_to_cart,2025-06-21 09:46:32.186925
3247,337.0,1001,sess_3114,purchase,invalid_timestamp
116,894.0,738,sess_1797,view,2025-09-11 05:42:45.186925
3249,,640,sess_2016,view,2025-07-11 04:17:01.186925
3250,,816,sess_3576,purchase,2026-04-26 20:08:27.186925
3251,1041.0,189,sess_3591,add_to_cart,invalid_timestamp
3252,202.0,882,sess_1861,view,2026-04-08 03:31:00.186925
3253,286.0,994,sess_2593,purchase,2025-10-26 07:40:59.186925
3254,127.0,1197,sess_694,purchase,2025-11-29 16:51:13.186925
3255,696.0,1172,sess_3894,add_to_cart,2025-09-16 21:38:15.186925
3256,70.0,478,sess_4569,add_to_cart,2025-11-29 07:27:40.186925
3257,683.0,839,sess_4934,view,2025-11-27 18:53:51.186925
3258,753.0,409,sess_395,view,2025-08-25 18:19:10.186925
3259,830.0,634,sess_3736,purchase,2025-07-19 04:09:29.186925
3260,85.0,335,sess_3951,view,2025-07-06 22:28:46.186925
3261,535.0,552,sess_3134,view,2026-04-24 20:18:32.186925
3262,603.0,782,sess_4894,view,2025-10-09 08:05:16.186925
3263,441.0,943,sess_4155,view,2025-12-19 04:51:15.186925
3264,537.0,1158,sess_1960,purchase,2026-04-18 17:47:16.186925
3265,1023.0,267,sess_3330,view,2026-04-28 03:16:13.186925
3266,1191.0,60,sess_2660,purchase,2025-06-30 14:16:18.186925
3267,279.0,1016,sess_2494,purchase,2025-12-24 22:27:53.186925
3268,1130.0,497,sess_3171,add_to_cart,2026-01-24 15:17:11.186925
3269,1023.0,712,,purchase,2025-11-15 00:23:37.186925
3270,,362,sess_4090,add_to_cart,2026-06-09 21:39:00.186925
3271,179.0,663,sess_4619,view,2026-04-04 02:01:11.186925
3272,638.0,609,sess_136,purchase,2026-04-10 21:50:49.186925
3273,174.0,1022,sess_3259,view,2026-02-28 05:21:51.186925
3274,486.0,146,sess_4923,view,2025-11-07 02:45:40.186925
3275,294.0,656,,view,2026-05-19 10:03:12.186925
3276,386.0,164,sess_4250,purchase,2025-09-22 16:17:36.186925
3277,,1029,sess_2167,purchase,2025-06-22 23:51:20.186925
3278,786.0,3,sess_3124,add_to_cart,2026-01-02 05:18:55.186925
3279,1053.0,1023,sess_579,view,2025-10-06 03:58:05.186925
3280,1171.0,52,sess_3034,purchase,2025-06-26 22:22:43.186925
3281,662.0,365,,add_to_cart,2025-06-27 01:43:48.186925
3282,276.0,588,sess_3089,purchase,2025-10-21 06:38:48.186925
3283,451.0,441,sess_257,purchase,2025-12-19 12:43:53.186925
3284,812.0,745,sess_187,view,2026-03-06 03:06:15.186925
3285,882.0,922,sess_4168,view,2026-03-06 03:11:29.186925
3286,763.0,600,sess_2601,view,2025-07-02 15:14:26.186925
3287,375.0,726,sess_2328,add_to_cart,2025-11-02 14:14:20.186925
3288,62.0,968,sess_1597,purchase,2025-07-07 20:03:32.186925
3289,859.0,1018,sess_4977,add_to_cart,2026-04-27 14:30:57.186925
3290,59.0,888,sess_525,view,2025-08-31 11:36:43.186925
3291,509.0,681,sess_4602,purchase,2026-04-14 10:32:26.186925
3292,344.0,1170,sess_650,add_to_cart,2026-03-05 22:20:02.186925
3293,144.0,1065,sess_4405,add_to_cart,2026-06-09 17:08:33.186925
3294,63.0,97,sess_3175,add_to_cart,2026-04-12 14:05:41.186925
3295,1035.0,275,sess_625,purchase,invalid_timestamp
3296,687.0,196,sess_3187,view,2026-04-25 05:37:55.186925
3297,170.0,776,sess_1187,view,invalid_timestamp
3298,1076.0,984,sess_3522,add_to_cart,2025-11-09 16:04:10.186925
3299,552.0,981,sess_2651,purchase,2026-04-06 17:36:48.186925
3300,825.0,940,sess_4016,purchase,2026-03-16 02:26:00.186925
3301,63.0,65,sess_1831,add_to_cart,2025-09-08 11:01:59.186925
3302,69.0,821,sess_1911,view,2026-03-27 23:52:35.186925
3303,628.0,1157,sess_4832,add_to_cart,2025-10-25 06:11:39.186925
3304,449.0,377,sess_1341,view,2025-07-03 00:53:17.186925
3305,4.0,803,,purchase,2026-02-25 08:20:23.186925
3306,921.0,626,sess_2773,add_to_cart,2025-12-12 08:14:24.186925
3307,535.0,829,sess_4676,view,2025-09-06 14:36:06.186925
3308,654.0,130,sess_2471,view,2025-10-04 16:54:13.186925
3309,231.0,197,sess_2892,purchase,2026-04-17 06:53:17.186925
3310,987.0,265,sess_4389,add_to_cart,2025-12-26 12:59:12.186925
3311,155.0,136,sess_3580,add_to_cart,2025-11-30 10:58:18.186925
3312,237.0,770,sess_586,view,2025-08-02 00:36:36.186925
3313,1106.0,945,sess_1476,view,2025-12-28 10:43:05.186925
3314,141.0,564,sess_2861,add_to_cart,2025-11-17 12:44:57.186925
3315,574.0,243,sess_2789,add_to_cart,2026-01-07 03:15:20.186925
3316,126.0,610,sess_4369,view,2026-04-08 05:55:12.186925
3317,391.0,226,sess_574,purchase,2025-11-14 04:09:33.186925
3318,846.0,139,sess_3467,view,2026-01-13 20:00:09.186925
3319,90.0,367,sess_957,add_to_cart,2025-06-20 22:09:56.186925
3320,1180.0,1131,sess_2581,add_to_cart,2025-12-25 12:02:21.186925
3321,768.0,1042,sess_76,purchase,2026-01-01 21:28:31.186925
3322,160.0,835,sess_502,purchase,2025-10-09 10:48:01.186925
3323,357.0,975,sess_1959,add_to_cart,2025-12-25 00:05:39.186925
3324,221.0,370,sess_1234,add_to_cart,invalid_timestamp
3325,,269,sess_820,purchase,2026-04-01 14:05:34.186925
3326,498.0,792,sess_422,purchase,2025-08-29 18:57:52.186925
3327,1033.0,445,sess_1785,purchase,2025-09-10 16:41:55.186925
3328,17.0,418,,add_to_cart,2025-07-31 18:37:26.186925
3329,7.0,161,sess_567,view,2026-03-26 23:32:50.186925
3330,1002.0,461,sess_3263,view,2026-01-01 08:23:09.186925
3331,647.0,127,sess_3125,purchase,2025-07-24 17:29:26.186925
3332,140.0,316,sess_1897,purchase,2026-02-22 09:51:26.186925
3333,1117.0,1034,sess_947,view,2026-02-22 19:28:34.186925
3334,922.0,228,sess_4705,add_to_cart,2026-02-11 11:14:07.186925
19,1110.0,254,sess_3295,view,2025-10-29 23:23:29.186925
3336,95.0,663,sess_3994,add_to_cart,2025-09-30 04:35:58.186925
3337,163.0,688,sess_358,view,2025-06-14 20:01:35.186925
3338,697.0,877,sess_3278,view,2026-01-23 22:10:09.186925
3339,,670,sess_3627,view,2026-05-07 14:13:02.186925
3340,790.0,584,sess_1612,add_to_cart,2025-12-26 06:49:25.186925
3341,423.0,373,sess_3923,add_to_cart,2026-01-21 19:14:47.186925
94,538.0,30,sess_2254,view,2026-03-09 14:58:50.186925
3343,139.0,1036,sess_4761,view,2026-05-02 15:13:45.186925
3344,629.0,192,sess_1807,purchase,2025-09-11 23:24:20.186925
3345,1181.0,1179,sess_2416,add_to_cart,2026-01-10 17:52:23.186925
3346,173.0,26,sess_1875,add_to_cart,2025-10-16 19:10:23.186925
3347,164.0,469,sess_1856,purchase,2026-03-20 19:18:01.186925
3348,919.0,849,sess_4411,purchase,2025-06-11 14:12:42.186925
3349,,861,,view,2025-09-20 19:59:47.186925
3350,926.0,355,sess_3443,purchase,2026-02-18 23:44:58.186925
3351,338.0,402,sess_1580,purchase,2026-02-01 13:42:29.186925
3352,320.0,967,sess_1034,add_to_cart,2025-09-27 04:28:42.186925
3353,,357,sess_3336,add_to_cart,2025-07-24 09:09:27.186925
3354,829.0,599,sess_3156,view,2025-10-11 04:07:18.186925
3355,864.0,73,sess_250,purchase,2026-03-20 03:24:51.186925
3356,925.0,150,sess_4849,purchase,2026-03-05 02:21:55.186925
3357,723.0,805,sess_4716,purchase,2026-04-30 19:35:47.186925
3358,,530,sess_158,add_to_cart,2026-05-08 00:49:42.186925
18,1111.0,357,sess_1145,purchase,2026-04-10 06:50:29.186925
3360,308.0,743,sess_985,purchase,invalid_timestamp
3361,1040.0,167,sess_4267,view,2026-05-31 19:02:08.186925
3362,679.0,1169,sess_3788,view,2026-04-20 01:07:34.186925
3363,281.0,247,sess_3244,view,2026-05-21 05:27:06.186925
3364,710.0,720,sess_504,add_to_cart,2026-04-30 08:46:46.186925
3365,235.0,556,sess_2796,add_to_cart,2025-09-09 00:33:36.186925
3366,1019.0,384,sess_3418,add_to_cart,2025-06-27 22:44:01.186925
3367,832.0,303,sess_3914,view,2025-11-15 15:22:00.186925
3368,1070.0,695,sess_767,add_to_cart,2026-05-21 04:43:09.186925
3369,566.0,706,sess_4798,view,2026-03-08 21:52:41.186925
3370,116.0,17,sess_3217,purchase,2025-09-10 19:57:37.186925
3371,50.0,310,sess_4202,view,2025-09-04 15:48:21.186925
3372,471.0,854,,view,2025-06-25 18:24:06.186925
3373,1147.0,109,sess_2123,purchase,invalid_timestamp
3374,753.0,577,sess_424,add_to_cart,2026-03-12 18:54:28.186925
3375,131.0,1137,sess_2332,purchase,2025-12-09 20:31:53.186925
3376,669.0,1062,sess_3437,add_to_cart,2026-03-18 01:53:22.186925
3377,,955,sess_1318,add_to_cart,2025-10-05 10:00:56.186925
3378,1132.0,140,sess_3129,add_to_cart,2025-11-10 07:46:42.186925
3379,215.0,190,sess_76,purchase,2025-10-25 20:22:15.186925
127,191.0,1108,sess_439,add_to_cart,2026-01-18 03:35:10.186925
3381,734.0,623,sess_835,purchase,2025-10-06 03:21:07.186925
3382,640.0,602,sess_980,purchase,invalid_timestamp
3383,,689,sess_1683,add_to_cart,2025-06-11 01:01:50.186925
3384,307.0,1071,sess_2182,view,2025-08-31 00:55:13.186925
3385,1042.0,284,sess_1627,purchase,invalid_timestamp
3386,587.0,524,sess_145,purchase,2025-07-26 11:09:59.186925
3387,113.0,750,sess_3337,purchase,2025-07-11 16:07:47.186925
30,980.0,502,sess_4301,add_to_cart,2026-06-03 08:34:54.186925
3389,512.0,386,sess_4383,view,2025-12-17 00:08:02.186925
3390,274.0,1074,sess_3306,view,2025-10-21 15:40:02.186925
3391,533.0,828,sess_1894,purchase,2025-08-28 05:26:24.186925
3392,280.0,112,sess_2053,add_to_cart,2025-10-31 13:44:35.186925
3393,135.0,684,sess_1039,view,2026-05-03 16:49:02.186925
3394,327.0,225,sess_3601,purchase,2025-08-16 17:03:03.186925
3395,1171.0,380,sess_1186,view,2026-04-10 08:30:37.186925
3396,976.0,811,sess_4212,view,2026-02-28 15:09:14.186925
3397,1029.0,652,sess_1338,view,2025-06-28 11:44:33.186925
3398,337.0,704,sess_954,purchase,2025-06-11 18:28:07.186925
3399,37.0,365,,view,2026-05-20 17:31:20.186925
3400,1184.0,507,sess_3056,purchase,2025-10-10 01:21:09.186925
3401,237.0,18,sess_1324,add_to_cart,2025-09-26 08:19:01.186925
3402,657.0,512,sess_2423,purchase,2025-08-19 13:26:05.186925
3403,75.0,200,sess_618,add_to_cart,2026-01-09 20:07:03.186925
3404,235.0,596,sess_2188,view,2026-04-27 19:33:12.186925
3405,442.0,1187,sess_4685,purchase,2025-08-24 23:30:54.186925
3406,95.0,249,sess_825,add_to_cart,2025-09-06 14:25:19.186925
3407,,640,sess_3397,view,2026-01-20 14:47:18.186925
3408,,739,sess_1702,purchase,2026-06-03 16:10:58.186925
3409,1116.0,71,sess_2616,view,2025-08-02 20:17:00.186925
3410,867.0,843,sess_1933,purchase,2026-06-05 08:31:16.186925
3411,8.0,638,sess_4733,purchase,2026-05-25 04:28:37.186925
3412,1047.0,887,sess_1770,add_to_cart,2025-11-27 04:32:01.186925
3413,,212,sess_3279,view,2025-09-11 18:30:00.186925
3414,1181.0,785,sess_3781,view,2025-09-30 09:20:05.186925
3415,878.0,1090,sess_1796,add_to_cart,2026-03-02 20:06:13.186925
3416,935.0,204,,purchase,2026-03-30 05:19:42.186925
3417,108.0,891,sess_2257,view,2025-10-04 01:38:48.186925
3418,757.0,72,sess_3885,purchase,2025-10-05 11:06:08.186925
3419,463.0,797,sess_1704,add_to_cart,2026-01-29 08:21:57.186925
3420,1014.0,58,sess_2045,add_to_cart,2026-05-19 04:29:56.186925
3421,,222,sess_1709,purchase,2026-01-19 19:47:43.186925
3422,798.0,117,sess_2328,purchase,2025-10-04 12:52:07.186925
3423,622.0,828,sess_4121,add_to_cart,2026-04-19 15:14:06.186925
3424,194.0,889,sess_710,view,2025-10-20 17:55:30.186925
3425,667.0,1194,sess_2917,purchase,2026-04-11 17:20:39.186925
3426,1061.0,388,sess_8,purchase,2025-08-14 01:37:59.186925
3427,189.0,752,sess_4636,view,2026-04-26 18:26:03.186925
3428,,1009,,add_to_cart,2025-08-02 15:25:19.186925
3429,118.0,958,sess_2088,add_to_cart,2026-06-03 01:50:36.186925
3430,513.0,920,sess_2758,view,2026-06-10 16:23:30.186925
3431,1038.0,549,sess_4071,add_to_cart,2026-05-15 13:58:30.186925
3432,655.0,1108,,view,2025-07-04 11:57:37.186925
3433,141.0,295,sess_355,view,invalid_timestamp
3434,458.0,261,sess_4920,view,2026-02-05 19:21:24.186925
3435,784.0,361,,purchase,2026-06-08 16:47:44.186925
3436,890.0,696,sess_4738,view,2026-02-14 18:08:59.186925
3437,291.0,1111,sess_1898,purchase,2025-10-16 22:17:30.186925
3438,358.0,645,sess_2644,add_to_cart,2026-01-21 04:48:43.186925
3439,690.0,150,sess_4139,add_to_cart,2026-03-07 19:45:26.186925
3440,358.0,734,sess_4555,purchase,2025-07-31 10:16:04.186925
3441,562.0,623,sess_4095,view,2025-08-18 16:27:58.186925
3442,,663,sess_3790,view,2025-12-16 19:16:59.186925
3443,1123.0,855,sess_2776,add_to_cart,2026-02-07 10:59:01.186925
3444,611.0,161,sess_2975,purchase,2026-05-25 06:57:52.186925
3445,1099.0,138,sess_752,purchase,invalid_timestamp
3446,895.0,321,sess_4560,view,2025-08-04 05:00:45.186925
3447,,1005,sess_689,purchase,2025-09-25 05:20:41.186925
3448,951.0,764,sess_1712,add_to_cart,2025-09-11 20:44:12.186925
3449,431.0,868,,add_to_cart,2025-12-26 19:17:51.186925
3450,291.0,298,sess_492,purchase,2025-07-10 19:49:10.186925
3451,947.0,253,,purchase,2026-05-08 03:57:31.186925
3452,18.0,663,sess_4700,purchase,2025-10-10 11:24:11.186925
3453,803.0,776,sess_1275,purchase,2026-02-27 15:39:38.186925
3454,593.0,152,sess_4623,add_to_cart,invalid_timestamp
3455,594.0,296,sess_336,view,2025-07-01 14:21:15.186925
3456,845.0,220,sess_3939,purchase,2026-01-01 11:04:57.186925
3457,295.0,509,sess_3290,view,2025-11-10 14:12:06.186925
3458,460.0,649,sess_1590,add_to_cart,2025-07-17 05:40:02.186925
3459,906.0,1084,sess_3279,purchase,2025-08-01 12:16:21.186925
3460,1149.0,1102,sess_2133,purchase,2025-09-07 02:02:10.186925
3461,915.0,408,sess_2287,purchase,2026-03-20 17:11:55.186925
3462,415.0,993,sess_748,view,2025-06-20 09:19:55.186925
3463,1181.0,607,sess_3705,view,2025-09-12 02:14:37.186925
127,110.0,295,sess_2875,view,2026-05-14 01:37:21.186925
3465,413.0,544,sess_388,purchase,2026-04-02 17:04:09.186925
3466,550.0,139,sess_3341,add_to_cart,2026-02-11 04:25:12.186925
3467,539.0,630,sess_1242,add_to_cart,2025-11-09 11:26:57.186925
3468,1153.0,594,sess_4837,add_to_cart,2026-05-04 21:08:41.186925
3469,369.0,631,sess_1640,view,2026-06-08 07:50:49.186925
3470,315.0,189,sess_2660,add_to_cart,2026-05-10 15:44:29.186925
3471,456.0,76,sess_4449,view,2025-08-12 04:35:57.186925
3472,,1085,sess_1069,add_to_cart,2025-06-13 16:33:57.186925
3473,1044.0,254,sess_3031,purchase,2025-09-01 15:29:31.186925
3474,598.0,606,sess_1384,add_to_cart,2025-06-25 21:35:56.186925
3475,534.0,250,sess_2198,view,2025-09-29 20:04:44.186925
3476,18.0,615,sess_3458,add_to_cart,2026-01-04 06:58:56.186925
3477,889.0,362,sess_1257,view,2026-04-07 14:24:58.186925
3478,315.0,791,sess_3947,view,2025-09-12 12:14:53.186925
3479,776.0,437,sess_987,view,2026-06-07 08:51:38.186925
3480,704.0,744,,purchase,2025-06-16 22:45:39.186925
3481,471.0,1032,sess_1236,purchase,2026-04-26 06:01:56.186925
3482,903.0,362,sess_1783,purchase,2025-07-03 19:51:01.186925
3483,98.0,901,sess_4576,view,2025-08-14 04:20:57.186925
3484,128.0,464,sess_2450,add_to_cart,2026-04-27 19:49:47.186925
3485,474.0,118,sess_3264,add_to_cart,2026-04-22 10:07:56.186925
3486,663.0,848,sess_2757,add_to_cart,2025-09-21 11:41:44.186925
3487,636.0,884,sess_2663,view,2025-10-15 02:15:56.186925
3488,14.0,223,sess_2551,purchase,2026-05-11 04:29:45.186925
3489,461.0,1158,sess_399,add_to_cart,2026-04-20 10:28:56.186925
3490,1168.0,625,sess_1604,add_to_cart,2025-09-13 03:38:36.186925
3491,635.0,991,sess_1871,add_to_cart,2025-12-29 23:18:07.186925
3492,647.0,838,sess_4302,purchase,invalid_timestamp
3493,361.0,28,sess_1072,add_to_cart,2025-12-08 21:13:05.186925
3494,318.0,559,sess_4859,add_to_cart,2026-01-14 05:20:02.186925
3495,1078.0,808,sess_3144,purchase,2025-10-28 17:50:52.186925
3496,1116.0,286,sess_3628,add_to_cart,2025-09-05 16:34:40.186925
3497,597.0,808,sess_2046,purchase,2025-12-09 17:57:41.186925
3498,,988,sess_1092,add_to_cart,2025-06-29 03:32:52.186925
3499,323.0,162,sess_3859,purchase,2025-10-31 14:30:01.186925
3500,23.0,27,,view,2025-10-21 10:16:34.186925
3501,1000.0,978,sess_2439,add_to_cart,2025-09-04 09:44:27.186925
3502,573.0,836,sess_550,purchase,2025-06-12 11:01:55.186925
3503,309.0,529,sess_3935,add_to_cart,2025-10-26 14:12:06.186925
3504,905.0,808,sess_2736,view,2026-02-21 13:05:49.186925
3505,422.0,23,sess_4930,purchase,2026-03-23 00:10:12.186925
3506,1078.0,827,sess_4879,add_to_cart,2025-07-30 11:10:26.186925
3507,210.0,530,sess_247,view,2025-10-28 17:48:01.186925
3508,627.0,89,sess_2346,view,2025-10-09 08:04:45.186925
3509,634.0,233,sess_2971,view,2026-01-25 14:25:26.186925
3510,744.0,648,sess_4776,purchase,2025-10-21 09:23:54.186925
3511,432.0,873,sess_2106,view,2026-04-19 20:47:05.186925
3512,729.0,247,sess_197,purchase,2026-03-03 22:54:54.186925
3513,954.0,473,sess_3369,purchase,2025-08-05 02:28:16.186925
3514,342.0,447,sess_3002,purchase,2025-12-27 12:21:47.186925
3515,540.0,228,sess_490,view,2026-06-04 00:06:48.186925
3516,628.0,762,sess_1482,purchase,2025-08-06 17:00:46.186925
3517,1169.0,78,sess_4611,add_to_cart,2026-01-01 12:29:18.186925
3518,903.0,550,sess_2761,view,2025-06-15 10:01:03.186925
3519,410.0,741,sess_2047,purchase,2026-01-24 20:29:06.186925
3520,961.0,923,sess_1661,add_to_cart,2025-08-24 21:03:47.186925
3521,202.0,467,sess_1054,view,2025-09-02 16:33:05.186925
3522,55.0,1053,sess_1041,view,2025-10-17 20:19:27.186925
3523,265.0,465,sess_901,view,2025-12-22 23:08:01.186925
3524,649.0,450,sess_266,purchase,2026-01-10 18:56:47.186925
3525,1053.0,12,sess_1416,purchase,2026-04-24 23:21:19.186925
3526,157.0,891,sess_2371,purchase,2026-06-09 20:57:32.186925
3527,444.0,574,,view,2026-03-16 21:31:18.186925
3528,461.0,903,sess_2027,add_to_cart,2026-06-11 02:17:29.186925
3529,373.0,85,sess_3453,view,2025-12-03 20:59:23.186925
3530,1143.0,99,sess_3203,add_to_cart,2026-01-19 19:33:16.186925
3531,574.0,155,sess_4607,add_to_cart,2025-09-23 01:35:03.186925
3532,606.0,889,,add_to_cart,2026-04-03 22:28:33.186925
3533,888.0,755,sess_4344,purchase,2025-08-25 16:19:47.186925
3534,1125.0,375,sess_1116,add_to_cart,2026-02-06 14:10:00.186925
3535,,1089,sess_2626,add_to_cart,2025-06-28 05:02:04.186925
3536,1171.0,210,,view,2026-02-19 15:49:29.186925
3537,247.0,1059,sess_4367,purchase,2026-02-12 10:20:01.186925
3538,870.0,1083,sess_4202,view,2025-08-19 17:44:35.186925
3539,994.0,807,sess_648,add_to_cart,2025-07-08 06:22:32.186925
3540,566.0,1043,sess_997,view,2025-07-01 13:28:57.186925
3541,595.0,658,sess_2865,add_to_cart,2025-12-31 23:35:37.186925
3542,872.0,502,sess_1564,purchase,2026-04-28 21:56:46.186925
3543,22.0,704,sess_3842,purchase,2026-03-01 22:30:20.186925
3544,429.0,866,,add_to_cart,2025-11-09 19:40:43.186925
3545,28.0,211,sess_3383,purchase,2025-09-04 16:19:32.186925
3546,547.0,246,sess_3361,add_to_cart,2026-03-21 07:57:55.186925
3547,229.0,822,sess_1457,view,2025-09-07 16:18:39.186925
3548,477.0,525,sess_3856,view,2026-03-06 18:19:18.186925
3549,60.0,900,sess_1842,add_to_cart,2025-12-03 23:53:21.186925
3550,206.0,221,sess_735,purchase,2026-01-07 01:34:17.186925
3551,1195.0,519,sess_306,add_to_cart,2025-06-30 07:35:17.186925
3552,46.0,527,sess_3139,add_to_cart,2026-05-10 14:37:53.186925
3553,171.0,1029,sess_693,purchase,2025-07-26 13:05:18.186925
3554,,605,sess_4489,view,2026-03-25 18:03:56.186925
3555,923.0,254,sess_675,add_to_cart,2026-03-25 21:53:39.186925
3556,913.0,300,sess_1487,purchase,2026-05-17 00:04:25.186925
3557,81.0,609,,purchase,2025-06-19 03:57:22.186925
3558,779.0,764,sess_2184,purchase,invalid_timestamp
3559,434.0,1148,sess_1369,view,2026-01-21 07:04:38.186925
8,684.0,814,sess_3156,add_to_cart,2025-07-31 10:07:39.186925
3561,928.0,867,sess_117,purchase,2026-02-03 20:21:27.186925
3562,717.0,1198,sess_3836,add_to_cart,2026-02-05 04:35:16.186925
3563,298.0,871,sess_4043,view,2025-07-15 14:13:41.186925
3564,413.0,73,sess_2073,add_to_cart,2025-06-19 21:57:47.186925
3565,732.0,783,sess_463,add_to_cart,2025-09-27 11:45:01.186925
3566,229.0,538,sess_4880,purchase,2025-08-14 01:40:53.186925
3567,341.0,609,sess_2486,add_to_cart,2026-05-15 00:20:32.186925
3568,404.0,683,sess_4394,view,2025-06-25 19:42:41.186925
3569,1122.0,798,sess_248,purchase,2026-04-27 16:23:47.186925
3570,1098.0,145,sess_1397,view,2026-05-28 00:54:43.186925
3571,,402,sess_2957,add_to_cart,2025-07-19 10:40:01.186925
3572,785.0,807,sess_1842,add_to_cart,2025-10-18 06:02:00.186925
3573,536.0,1149,sess_2764,add_to_cart,2025-07-27 23:21:17.186925
3574,516.0,785,sess_1427,purchase,2026-01-14 21:26:07.186925
3575,1121.0,355,sess_2331,add_to_cart,invalid_timestamp
3576,1197.0,849,sess_3492,add_to_cart,2026-03-19 05:31:16.186925
3577,231.0,170,sess_3821,add_to_cart,2025-11-17 20:12:02.186925
3578,599.0,1105,sess_142,view,2025-11-08 15:01:24.186925
3579,967.0,554,sess_155,purchase,2025-12-21 03:12:08.186925
3580,751.0,136,sess_3097,purchase,2025-06-28 08:38:51.186925
3581,99.0,153,sess_712,add_to_cart,2025-11-12 06:32:03.186925
3582,860.0,185,sess_3518,view,2025-07-27 15:30:34.186925
3583,162.0,1009,sess_2576,view,2025-07-17 16:04:24.186925
3584,222.0,155,sess_343,view,2026-05-26 10:27:25.186925
3585,852.0,1132,sess_2292,add_to_cart,2025-12-31 12:45:13.186925
3586,1030.0,1060,sess_1966,add_to_cart,2025-11-17 06:31:29.186925
3587,622.0,791,sess_1466,view,2025-10-02 05:37:18.186925
3588,516.0,409,sess_1660,view,2025-08-03 17:21:42.186925
3589,663.0,32,sess_4323,view,invalid_timestamp
3590,,273,sess_1931,add_to_cart,2025-12-27 10:14:46.186925
3591,951.0,653,sess_1466,add_to_cart,2026-03-07 02:55:52.186925
3592,103.0,539,sess_1923,add_to_cart,2025-12-30 17:30:22.186925
3593,162.0,156,sess_501,purchase,2025-11-17 02:22:42.186925
3594,527.0,400,sess_916,purchase,2026-06-05 14:54:32.186925
99,601.0,805,sess_1410,add_to_cart,2025-10-08 21:20:28.186925
3596,877.0,746,sess_1387,add_to_cart,invalid_timestamp
3597,705.0,193,sess_4731,purchase,2026-03-26 10:54:47.186925
3598,38.0,1196,sess_4383,purchase,2026-01-09 09:11:11.186925
3599,224.0,699,sess_4994,purchase,2025-08-06 09:08:59.186925
27,249.0,237,sess_1842,add_to_cart,2025-08-02 02:16:22.186925
3601,704.0,8,sess_2163,add_to_cart,2025-09-23 14:32:27.186925
3602,612.0,830,sess_4707,view,2025-10-24 08:27:38.186925
3603,381.0,246,sess_710,add_to_cart,2026-01-02 06:58:14.186925
3604,120.0,575,sess_4469,add_to_cart,2025-12-23 11:50:01.186925
3605,965.0,931,sess_1924,add_to_cart,2025-10-29 04:13:58.186925
3606,644.0,891,sess_1694,add_to_cart,2026-03-03 06:47:51.186925
3607,76.0,1122,sess_3991,view,2025-09-28 06:06:23.186925
3608,4.0,153,sess_3190,view,2025-09-09 18:37:13.186925
3609,1157.0,356,sess_1153,purchase,2025-08-02 00:23:42.186925
3610,207.0,19,sess_1305,purchase,2026-04-04 23:10:07.186925
3611,767.0,231,sess_3395,view,2026-05-12 08:49:18.186925
3612,,1189,sess_4636,purchase,2026-05-19 02:08:15.186925
3613,1191.0,122,sess_162,purchase,2026-03-22 19:52:17.186925
3614,600.0,888,sess_3377,add_to_cart,2026-03-01 18:33:13.186925
3615,1152.0,548,sess_1585,add_to_cart,2026-04-07 06:20:41.186925
3616,98.0,869,sess_2273,purchase,2026-05-24 01:27:41.186925
3617,1094.0,894,sess_4926,purchase,2025-11-01 13:48:48.186925
3618,309.0,147,sess_1682,view,2026-03-11 00:47:32.186925
3619,317.0,760,sess_4081,view,2025-07-01 12:57:28.186925
3620,539.0,442,sess_3084,add_to_cart,2026-06-04 17:30:18.186925
3621,85.0,1049,sess_180,purchase,2025-08-28 22:29:05.186925
3622,942.0,361,sess_2032,add_to_cart,2026-04-29 03:56:35.186925
3623,1086.0,1155,sess_1732,add_to_cart,2026-01-28 17:59:18.186925
3624,229.0,869,sess_2888,purchase,2026-05-16 07:59:46.186925
3625,765.0,173,sess_4017,view,2026-02-22 17:58:26.186925
3626,617.0,259,sess_4642,view,2026-03-03 06:01:25.186925
3627,591.0,239,sess_2699,add_to_cart,2026-02-12 10:50:01.186925
3628,1101.0,1188,sess_1991,purchase,2026-02-11 23:22:18.186925
3629,559.0,1072,sess_3055,add_to_cart,2025-09-27 15:38:09.186925
3630,648.0,431,sess_2500,purchase,2026-06-09 07:10:06.186925
3631,440.0,502,sess_1272,view,2026-01-03 04:14:01.186925
3632,36.0,507,sess_3093,purchase,2026-05-16 15:29:39.186925
3633,245.0,675,sess_1491,view,2026-05-03 02:48:48.186925
3634,,247,sess_2287,purchase,2026-05-02 10:11:09.186925
3635,614.0,281,sess_53,purchase,2026-02-28 11:48:34.186925
3636,146.0,729,sess_199,view,2026-02-16 04:57:13.186925
3637,654.0,558,sess_1196,purchase,2025-12-03 18:29:27.186925
3638,1182.0,653,sess_1379,add_to_cart,2026-05-02 10:43:53.186925
187,914.0,760,sess_3922,add_to_cart,2026-02-11 06:02:27.186925
3640,310.0,226,sess_4400,add_to_cart,2026-02-06 18:32:59.186925
3641,146.0,712,sess_885,purchase,2026-04-23 03:47:19.186925
3642,397.0,341,sess_1245,view,2025-11-12 14:58:11.186925
3643,,16,sess_1878,purchase,invalid_timestamp
3644,566.0,437,sess_3229,add_to_cart,2026-03-28 09:25:15.186925
3645,559.0,199,sess_832,add_to_cart,2026-04-14 03:30:36.186925
3646,247.0,158,sess_3774,purchase,2025-08-08 08:53:58.186925
3647,243.0,19,sess_2833,add_to_cart,2025-10-26 08:34:17.186925
3648,1162.0,651,sess_897,view,2025-07-24 07:32:21.186925
3649,1027.0,971,sess_3094,add_to_cart,2026-04-03 06:15:09.186925
3650,30.0,284,sess_406,add_to_cart,2025-07-14 18:46:10.186925
3651,150.0,1180,sess_2644,view,2025-10-04 04:31:20.186925
3652,701.0,11,sess_3586,purchase,2025-09-16 11:25:21.186925
3653,368.0,772,sess_1750,add_to_cart,2026-01-22 20:53:14.186925
3654,573.0,820,sess_4399,add_to_cart,invalid_timestamp
3655,671.0,415,sess_3106,purchase,2025-11-03 10:42:12.186925
3656,547.0,971,sess_80,purchase,2025-10-04 06:59:13.186925
3657,315.0,280,sess_2062,purchase,2025-10-19 07:29:39.186925
3658,1175.0,424,sess_3230,add_to_cart,2026-02-12 18:53:51.186925
3659,704.0,40,sess_3454,view,2026-05-04 05:09:05.186925
3660,812.0,525,sess_1947,purchase,2025-12-24 01:46:26.186925
3661,244.0,157,sess_3581,view,2026-03-29 14:31:33.186925
3662,900.0,590,sess_240,view,2025-10-28 09:24:00.186925
3663,1195.0,327,sess_867,add_to_cart,2025-12-04 09:19:17.186925
3664,540.0,164,sess_2534,view,2025-12-09 20:26:50.186925
3665,208.0,683,sess_3151,add_to_cart,2026-01-27 01:29:01.186925
3666,187.0,797,sess_1499,add_to_cart,2026-01-19 00:26:42.186925
3667,405.0,623,sess_317,purchase,2025-09-19 20:02:43.186925
3668,1111.0,1046,sess_1090,add_to_cart,2026-02-23 15:45:08.186925
3669,857.0,232,sess_959,add_to_cart,2026-05-29 03:34:50.186925
3670,,966,sess_1311,view,2026-01-06 15:10:45.186925
3671,990.0,1099,sess_2704,purchase,2025-11-19 21:35:36.186925
3672,360.0,634,sess_3341,add_to_cart,2025-07-17 00:27:00.186925
3673,179.0,272,sess_2543,add_to_cart,invalid_timestamp
3674,1037.0,1108,sess_4893,purchase,2026-04-23 08:43:04.186925
3675,780.0,312,sess_2203,view,2025-08-09 14:24:11.186925
3676,,1,,add_to_cart,2025-09-22 22:42:11.186925
3677,,847,sess_1100,view,2026-02-12 00:58:06.186925
3678,1082.0,864,sess_3971,purchase,2025-09-04 23:16:54.186925
3679,371.0,283,sess_464,view,2025-10-05 10:50:06.186925
3680,899.0,636,sess_2893,add_to_cart,2025-07-25 02:38:36.186925
3681,73.0,127,,add_to_cart,2025-07-06 05:15:45.186925
3682,936.0,282,sess_4598,purchase,2026-02-04 13:56:17.186925
3683,881.0,622,sess_695,purchase,2026-01-25 23:13:23.186925
3684,404.0,669,sess_2311,purchase,2026-04-24 16:26:37.186925
3685,619.0,583,sess_1428,purchase,2025-09-27 15:12:43.186925
3686,979.0,669,sess_640,add_to_cart,2025-07-08 20:07:10.186925
3687,590.0,948,sess_2261,purchase,2025-10-20 21:02:12.186925
3688,24.0,410,sess_3948,purchase,2025-08-07 03:34:35.186925
3689,525.0,737,sess_4015,add_to_cart,2026-05-24 03:36:37.186925
3690,186.0,1051,sess_499,purchase,2026-03-12 04:28:07.186925
3691,510.0,225,sess_1284,view,2025-07-24 18:47:14.186925
3692,135.0,656,sess_2606,add_to_cart,2026-01-01 22:48:21.186925
3693,1100.0,681,,add_to_cart,2026-06-07 12:24:51.186925
3694,59.0,191,sess_3233,purchase,2026-03-13 16:04:03.186925
3695,922.0,408,sess_4903,add_to_cart,2026-05-09 21:51:23.186925
3696,944.0,1002,sess_1054,purchase,2025-10-20 20:17:08.186925
3697,374.0,518,sess_3888,add_to_cart,invalid_timestamp
3698,834.0,264,sess_301,view,2026-01-03 15:49:03.186925
3699,40.0,442,sess_489,purchase,2025-07-27 11:20:38.186925
3700,701.0,771,sess_2369,add_to_cart,2025-11-15 06:38:06.186925
3701,916.0,1059,sess_775,purchase,2026-04-03 06:55:03.186925
3702,1163.0,121,sess_1017,view,2025-08-15 04:49:12.186925
3703,189.0,851,sess_2282,view,2025-12-28 01:26:14.186925
3704,1120.0,641,sess_4278,purchase,2026-02-24 08:14:20.186925
3705,639.0,1121,sess_3932,add_to_cart,2025-09-08 18:19:28.186925
3706,133.0,1148,sess_1655,purchase,2025-07-18 06:50:22.186925
3707,602.0,175,sess_2326,view,2025-07-15 06:51:05.186925
3708,1071.0,930,,view,2026-02-10 06:26:02.186925
3709,1004.0,872,sess_1795,add_to_cart,2026-03-26 18:49:46.186925
3710,1136.0,730,sess_6,add_to_cart,2026-03-16 10:06:56.186925
3711,673.0,762,sess_3437,view,2026-04-18 08:00:17.186925
3712,32.0,1033,sess_4324,purchase,2026-01-25 21:54:45.186925
3713,155.0,316,sess_1956,view,2025-07-30 07:35:18.186925
3714,611.0,1037,sess_3031,purchase,2026-01-07 12:39:24.186925
3715,359.0,117,sess_4298,view,2026-02-24 05:25:07.186925
3716,85.0,864,sess_1360,purchase,2025-12-24 09:41:04.186925
3717,845.0,265,sess_969,view,2025-09-11 10:15:10.186925
3718,51.0,145,,purchase,2025-06-19 20:20:16.186925
3719,656.0,212,sess_903,purchase,2025-08-10 21:11:47.186925
3720,440.0,1063,sess_3536,purchase,2025-07-03 17:56:02.195433
3721,153.0,165,sess_2905,add_to_cart,2025-06-13 16:27:50.195433
3722,265.0,1012,sess_3292,purchase,2026-05-01 08:25:32.195433
3723,,581,sess_3256,purchase,invalid_timestamp
3724,9.0,585,sess_1874,purchase,2025-12-11 17:03:28.195433
3725,186.0,528,sess_2898,purchase,invalid_timestamp
3726,593.0,966,sess_2523,purchase,2025-12-14 15:06:20.195433
3727,326.0,118,sess_2100,purchase,2026-05-21 05:21:19.195433
3728,558.0,966,sess_3644,add_to_cart,2025-12-02 07:52:45.195433
3729,196.0,414,sess_1647,view,invalid_timestamp
3730,914.0,532,sess_2345,purchase,2026-05-20 13:42:14.195433
3731,1010.0,222,sess_1573,view,2026-05-13 07:56:12.195433
3732,8.0,919,sess_3907,add_to_cart,2026-01-02 18:19:40.195433
3733,156.0,1047,sess_2916,add_to_cart,2026-03-11 11:35:06.195433
3734,639.0,320,sess_1158,view,2025-11-08 02:12:41.195433
3735,163.0,341,sess_3227,purchase,2025-10-06 08:34:14.195433
3736,221.0,203,sess_3286,purchase,2025-09-28 00:57:58.195433
3737,98.0,126,sess_2486,purchase,2026-02-15 17:18:41.195433
3738,1086.0,232,sess_1822,view,2026-02-14 13:17:23.195433
3739,168.0,582,sess_1954,view,2025-09-25 00:33:56.195433
3740,699.0,380,sess_2961,purchase,2026-01-18 12:25:34.195433
76,289.0,618,sess_241,view,2026-04-26 11:31:31.195433
3742,,1013,,add_to_cart,2026-02-11 11:34:42.195433
3743,321.0,1175,sess_3515,add_to_cart,2025-06-20 00:54:10.195433
3744,983.0,797,,view,2026-03-17 12:31:00.195433
3745,512.0,564,sess_1078,add_to_cart,2025-12-27 18:46:43.195433
3746,487.0,1120,sess_4397,add_to_cart,2026-05-09 06:16:32.195433
3747,850.0,902,sess_772,add_to_cart,2025-08-01 18:08:13.195433
3748,999.0,1126,sess_3067,view,2025-10-06 11:02:18.195433
3749,41.0,872,sess_455,add_to_cart,2026-02-09 14:42:52.195433
3750,930.0,1104,sess_4777,view,2025-11-05 10:04:03.195433
3751,245.0,16,sess_616,view,invalid_timestamp
3752,189.0,961,sess_4370,purchase,2026-05-12 03:47:03.195433
131,558.0,1195,sess_4952,add_to_cart,2025-12-07 02:10:46.195433
3754,1093.0,638,sess_4477,view,invalid_timestamp
3755,187.0,834,sess_1960,add_to_cart,2025-08-22 17:20:33.195433
49,347.0,119,sess_155,purchase,2025-09-17 00:41:27.195433
3757,766.0,67,sess_2072,view,2025-08-28 18:26:09.195433
3758,12.0,797,sess_630,view,2026-04-04 11:58:40.195433
3759,863.0,966,sess_3606,purchase,invalid_timestamp
3760,489.0,1080,sess_22,add_to_cart,2025-07-30 13:26:39.195433
3761,429.0,1016,sess_3062,purchase,2025-11-21 20:56:40.195433
3762,576.0,831,,add_to_cart,2025-10-05 20:09:52.195433
3763,94.0,667,,add_to_cart,2026-04-23 03:34:25.195433
3764,889.0,110,sess_1984,purchase,2025-07-24 17:39:53.195433
3765,792.0,254,sess_938,add_to_cart,2026-02-04 16:28:19.195433
3766,418.0,585,sess_4155,purchase,2026-02-05 04:16:41.195433
3767,1081.0,1153,sess_1030,add_to_cart,2026-04-24 05:24:54.195433
3768,463.0,206,sess_1257,add_to_cart,2025-09-18 11:04:24.195433
3769,725.0,889,sess_899,view,2026-03-10 13:37:57.195433
3770,296.0,637,sess_2455,add_to_cart,2026-03-29 21:45:09.195433
3771,300.0,999,sess_4214,add_to_cart,2025-09-20 22:09:36.195433
3772,366.0,419,sess_1935,add_to_cart,2026-06-09 03:30:58.195433
80,587.0,1171,sess_467,add_to_cart,invalid_timestamp
3774,235.0,713,sess_3949,view,2026-01-22 18:31:50.195433
3775,338.0,802,sess_918,view,2025-06-25 14:46:31.195433
3776,1176.0,711,sess_2767,add_to_cart,invalid_timestamp
3777,,50,sess_3360,add_to_cart,2026-02-17 23:06:36.195433
3778,835.0,1037,sess_1262,add_to_cart,2026-01-08 13:48:37.195433
3779,1019.0,905,sess_3600,purchase,2026-05-09 17:53:29.195433
3780,388.0,103,sess_4489,purchase,2025-08-11 09:55:01.195433
67,148.0,981,sess_1235,add_to_cart,2026-01-04 10:25:22.195433
3782,571.0,654,sess_1307,add_to_cart,2026-05-02 10:59:14.195433
3783,791.0,837,sess_3930,add_to_cart,2026-04-09 06:50:02.195433
3784,10.0,757,sess_2246,add_to_cart,2026-01-25 07:14:20.195433
3785,1129.0,801,sess_4633,add_to_cart,2025-10-17 15:24:37.195433
107,709.0,536,sess_2195,add_to_cart,2025-09-18 11:49:56.195433
3787,375.0,1200,sess_2517,view,2025-07-24 09:41:10.195433
3788,56.0,474,sess_930,view,2025-09-21 06:48:35.195433
3789,485.0,684,sess_4405,view,2026-03-10 21:53:49.195433
3790,945.0,1105,sess_1968,purchase,2026-04-27 21:27:26.195433
3791,1115.0,495,sess_3970,add_to_cart,2026-03-12 13:42:22.195433
3792,182.0,1002,sess_4963,view,2025-12-07 21:17:26.195433
3793,1041.0,1156,sess_3374,purchase,2025-09-17 09:40:14.195433
3794,416.0,692,,purchase,invalid_timestamp
3795,,454,sess_3950,view,2025-08-28 18:56:22.195433
3796,128.0,861,sess_4861,view,2026-05-14 20:04:44.195433
3797,431.0,602,sess_2179,view,2025-09-24 09:43:32.195433
3798,447.0,540,sess_1862,add_to_cart,2026-01-03 14:18:56.195433
3799,66.0,1170,sess_1991,add_to_cart,2026-05-10 17:15:46.195433
3800,746.0,1029,sess_798,view,invalid_timestamp
3801,293.0,668,sess_1060,purchase,2025-06-18 19:08:54.195433
152,280.0,435,sess_14,add_to_cart,2025-12-28 17:54:58.195433
3803,762.0,918,sess_54,purchase,2025-10-24 18:08:30.195433
3804,856.0,724,sess_3764,purchase,2026-03-09 10:20:51.195433
3805,473.0,409,sess_2819,add_to_cart,2025-10-12 14:49:26.195433
3806,844.0,255,sess_2610,add_to_cart,2026-01-09 17:29:55.195433
3807,686.0,443,sess_3732,purchase,2025-11-04 02:10:41.195433
3808,7.0,56,sess_3030,purchase,2025-09-15 13:25:51.195433
3809,1160.0,432,sess_182,purchase,2025-07-15 15:10:19.195433
3810,869.0,850,sess_2273,view,2025-06-29 22:04:08.195433
3811,336.0,673,sess_4211,purchase,2025-11-30 03:54:58.195433
3812,274.0,1073,sess_3398,add_to_cart,2025-07-29 18:43:40.195433
3813,250.0,1017,sess_136,view,2026-01-29 02:48:08.195433
3814,709.0,595,sess_2103,view,2026-01-31 10:28:19.195433
3815,,1128,sess_2390,view,2026-01-05 00:28:10.195433
3816,585.0,945,sess_1864,view,2026-05-02 08:47:27.195433
3817,878.0,1147,sess_3435,add_to_cart,2026-02-19 07:39:26.195433
3818,736.0,538,sess_2495,view,2025-07-23 11:30:47.195433
3819,296.0,38,sess_2825,add_to_cart,2025-08-03 03:34:40.195433
3820,1169.0,174,sess_4630,add_to_cart,2025-10-03 02:09:03.195433
3821,673.0,60,sess_1489,add_to_cart,2026-02-24 11:47:28.195433
3822,146.0,1181,sess_83,add_to_cart,2025-09-18 21:24:23.195433
3823,590.0,113,sess_822,add_to_cart,2025-06-21 18:04:41.195433
3824,1195.0,580,sess_956,view,2026-05-26 00:01:32.195433
3825,1126.0,290,sess_4413,purchase,2026-02-24 02:46:37.195433
3826,792.0,659,sess_4547,view,2025-07-03 19:50:56.195433
3827,336.0,1185,sess_447,view,2025-07-06 00:24:29.195433
3828,7.0,1149,sess_1724,add_to_cart,2025-11-15 05:42:59.195433
3829,171.0,740,sess_1655,purchase,2026-05-01 18:46:09.195433
3830,844.0,690,sess_2198,add_to_cart,2025-10-04 05:13:30.195433
3831,68.0,1166,sess_4489,purchase,2025-12-28 13:26:40.195433
3832,729.0,702,,add_to_cart,2025-06-16 00:45:18.195433
3833,579.0,858,sess_2215,purchase,2026-02-19 03:09:31.195433
3834,930.0,1096,sess_3449,purchase,2025-11-11 12:10:20.195433
3835,773.0,461,sess_2192,view,2026-03-31 13:52:08.195433
3836,659.0,130,sess_1697,view,2026-04-16 21:42:09.195433
3837,473.0,320,,purchase,2026-03-22 20:03:36.195433
3838,435.0,315,,purchase,invalid_timestamp
3839,750.0,37,sess_3265,purchase,2026-06-04 16:15:15.195433
3840,805.0,605,sess_2133,view,2025-11-07 11:28:17.195433
3841,797.0,500,sess_2348,add_to_cart,2025-08-09 04:14:41.195433
3842,646.0,1193,sess_1220,purchase,2026-04-07 05:57:57.195433
3843,892.0,236,sess_1693,view,invalid_timestamp
3844,320.0,951,sess_497,view,invalid_timestamp
3845,176.0,1111,sess_45,purchase,2026-05-04 16:05:24.197951
3846,128.0,815,sess_4547,view,2026-03-12 00:58:51.197951
3847,540.0,89,sess_2644,add_to_cart,2025-09-29 20:01:26.197951
3848,340.0,1075,sess_534,add_to_cart,2025-10-30 14:54:07.197951
3849,1164.0,1069,sess_2269,view,2026-04-16 08:41:50.197951
3850,880.0,619,sess_1946,view,2025-12-17 21:53:43.197951
3851,65.0,996,sess_1588,view,2026-05-28 12:51:15.197951
3852,114.0,480,sess_1683,view,2026-02-11 03:39:24.197951
3853,1093.0,775,sess_2651,view,2025-10-10 19:51:48.197951
3854,244.0,454,sess_2676,purchase,2026-02-17 22:08:47.197951
3855,822.0,379,sess_3010,view,2026-02-11 11:13:16.197951
3856,7.0,538,,view,2025-12-13 08:13:24.197951
3857,785.0,968,sess_1826,add_to_cart,2026-04-28 06:50:31.197951
3858,1089.0,115,sess_4461,purchase,invalid_timestamp
3859,298.0,265,sess_4234,view,2025-06-18 19:04:33.197951
3860,253.0,843,sess_4121,add_to_cart,2025-06-22 09:12:21.197951
3861,56.0,1016,,purchase,2026-06-11 11:41:45.197951
3862,421.0,799,sess_3958,view,2026-02-03 14:00:39.197951
3863,137.0,298,sess_2956,view,2026-06-04 20:34:44.197951
3864,600.0,789,sess_2547,purchase,2026-02-24 06:48:56.197951
3865,682.0,201,sess_1647,view,2025-07-20 19:34:50.197951
3866,748.0,653,sess_624,purchase,2025-07-03 01:36:03.197951
3867,661.0,567,sess_102,view,2025-12-11 00:03:02.197951
3868,271.0,254,sess_2157,purchase,2025-08-06 13:33:17.197951
3869,24.0,987,sess_2958,add_to_cart,2026-04-14 02:21:00.197951
3870,525.0,531,sess_2505,add_to_cart,2026-03-11 10:51:08.197951
3871,484.0,159,sess_530,add_to_cart,2025-10-02 07:49:35.197951
3872,748.0,518,sess_2653,add_to_cart,2025-07-04 05:46:13.197951
3873,524.0,1064,sess_918,add_to_cart,2026-03-16 14:09:20.197951
3874,84.0,687,sess_3412,add_to_cart,2026-06-11 01:29:50.197951
3875,604.0,1007,sess_4574,purchase,2025-07-09 13:04:09.197951
3876,775.0,544,sess_3752,add_to_cart,2026-02-23 16:19:04.197951
3877,908.0,940,sess_1393,purchase,2026-06-04 11:21:56.197951
3878,897.0,110,sess_4327,purchase,2026-04-12 09:50:15.197951
3879,910.0,817,sess_2622,purchase,2025-07-13 22:30:02.197951
3880,371.0,455,sess_3189,purchase,2025-08-15 22:28:08.197951
3881,846.0,1026,sess_3895,add_to_cart,2026-03-10 17:19:05.197951
3882,976.0,201,sess_4029,purchase,2025-09-22 01:44:04.197951
3883,242.0,664,sess_480,add_to_cart,2026-06-02 00:30:22.197951
3884,450.0,247,sess_741,view,2026-05-24 02:54:54.197951
101,779.0,534,sess_2321,view,invalid_timestamp
3886,532.0,690,sess_4623,add_to_cart,2026-03-28 21:10:49.197951
3887,694.0,807,sess_1674,view,2025-07-05 07:58:21.197951
3888,763.0,579,sess_1270,add_to_cart,2025-12-29 07:42:30.197951
3889,610.0,647,sess_1347,add_to_cart,2025-06-30 12:09:33.197951
3890,,460,sess_1713,add_to_cart,2025-07-02 19:07:40.197951
3891,243.0,103,sess_3715,add_to_cart,2026-04-04 14:54:51.197951
3892,1096.0,388,sess_472,purchase,2026-01-20 01:28:27.197951
3893,364.0,730,sess_3118,add_to_cart,2026-03-13 13:42:16.197951
3894,490.0,711,sess_778,add_to_cart,2025-07-27 16:46:41.197951
3895,408.0,856,sess_2048,view,2025-12-07 15:06:09.197951
3896,426.0,500,sess_1063,purchase,2026-01-16 14:35:06.197951
3897,133.0,743,sess_4850,add_to_cart,2026-02-25 09:01:44.197951
3898,395.0,252,sess_4363,purchase,2026-03-21 06:41:26.197951
3899,330.0,868,sess_719,add_to_cart,2026-04-24 15:06:26.197951
3900,492.0,104,sess_207,view,2026-03-30 12:40:47.197951
3901,289.0,1002,sess_1705,view,2026-02-26 03:53:12.197951
3902,490.0,329,sess_2206,add_to_cart,2026-03-13 18:42:24.197951
3903,360.0,636,sess_2443,add_to_cart,2025-10-04 14:12:13.197951
3904,1166.0,834,sess_3239,view,2026-01-08 08:34:12.197951
3905,237.0,1090,sess_154,view,2025-12-20 07:58:08.197951
3906,649.0,879,sess_249,purchase,2026-05-12 00:01:59.197951
3907,56.0,395,sess_1412,view,2025-07-06 01:56:51.197951
3908,33.0,818,sess_4783,add_to_cart,2025-08-25 14:34:44.197951
3909,1133.0,755,sess_316,add_to_cart,2026-03-04 08:17:21.197951
3910,205.0,659,sess_4395,purchase,2026-06-07 06:18:57.197951
3911,906.0,370,sess_4330,view,2025-08-23 20:53:59.197951
3912,473.0,900,sess_55,purchase,2026-01-05 09:08:41.197951
3913,751.0,423,sess_368,view,2026-01-31 22:38:50.197951
3914,154.0,169,sess_3666,purchase,2025-07-13 14:23:26.197951
3915,587.0,662,sess_2569,add_to_cart,2026-02-11 22:48:12.197951
3916,1119.0,852,sess_3262,purchase,2025-07-09 08:41:44.197951
3917,465.0,1150,sess_2354,purchase,2026-05-08 14:06:33.197951
3918,1112.0,849,sess_902,add_to_cart,invalid_timestamp
3919,93.0,1149,sess_4834,purchase,2026-01-24 20:51:25.197951
3920,438.0,267,sess_3470,view,2025-08-04 18:11:14.197951
3921,,896,sess_1683,add_to_cart,2025-11-23 19:18:55.197951
3922,714.0,995,sess_4951,purchase,2025-10-08 16:17:01.197951
3923,300.0,53,sess_1028,purchase,2026-03-25 05:22:23.197951
3924,1144.0,504,sess_812,purchase,2025-06-30 22:00:35.197951
3925,866.0,1125,sess_3427,add_to_cart,2026-01-01 17:11:51.197951
3926,344.0,458,sess_257,add_to_cart,2025-09-12 18:35:03.197951
3927,191.0,987,sess_466,purchase,2025-12-15 07:13:19.197951
3928,279.0,517,sess_1989,view,2025-07-26 13:32:25.197951
3929,1064.0,1048,sess_4171,add_to_cart,2025-08-28 06:26:10.197951
3930,285.0,170,sess_1266,purchase,2025-12-06 12:27:04.197951
3931,635.0,686,sess_3538,view,2025-07-23 18:25:37.197951
3932,410.0,430,sess_3416,add_to_cart,2025-08-30 01:03:38.197951
3933,636.0,640,sess_4607,view,2025-09-08 23:19:25.197951
3934,1196.0,627,sess_466,purchase,2025-07-10 02:24:19.197951
3935,1152.0,923,sess_2242,view,2025-12-05 06:09:37.197951
3936,1070.0,794,sess_4121,view,2025-07-08 22:14:42.197951
3937,692.0,729,sess_3354,purchase,2025-07-06 19:45:30.197951
3938,173.0,968,sess_4091,add_to_cart,2026-05-27 16:42:49.197951
21,30.0,923,sess_3511,add_to_cart,2025-10-02 01:14:15.197951
3940,877.0,35,sess_1161,purchase,2025-09-19 17:36:22.197951
3941,3.0,555,sess_3360,add_to_cart,invalid_timestamp
3942,1133.0,150,sess_1173,add_to_cart,2025-10-03 21:43:17.197951
3943,583.0,638,sess_321,view,2026-03-04 09:57:59.197951
3944,176.0,502,sess_3548,add_to_cart,2025-11-05 05:14:17.197951
3945,126.0,108,,add_to_cart,2025-08-27 01:23:22.197951
3946,268.0,590,sess_3914,add_to_cart,2026-01-19 04:52:26.197951
3947,304.0,1109,sess_1217,view,2025-06-20 15:29:33.197951
3948,863.0,347,sess_4184,add_to_cart,2025-06-25 07:03:47.197951
3949,703.0,996,sess_256,add_to_cart,2026-04-20 02:29:50.197951
3950,412.0,238,sess_1510,add_to_cart,2025-11-04 13:52:56.197951
3951,1164.0,634,sess_4398,purchase,2026-05-03 17:54:34.197951
3952,106.0,657,sess_3405,purchase,2026-02-17 17:54:39.197951
3953,43.0,866,sess_2711,view,2025-07-01 00:51:03.197951
13,613.0,557,sess_1934,view,2025-09-22 17:08:12.197951
3955,,1074,sess_2037,purchase,2025-12-24 10:55:05.197951
3956,1151.0,780,sess_2929,add_to_cart,2025-06-25 00:37:34.197951
3957,872.0,1129,,view,2026-04-20 02:50:12.197951
3958,200.0,1170,sess_4947,add_to_cart,2026-03-21 14:24:27.197951
3959,32.0,251,sess_1740,add_to_cart,2025-07-19 23:42:46.197951
3960,566.0,1004,sess_3023,view,2026-02-18 04:00:40.197951
99,300.0,368,sess_1708,view,2025-07-28 23:34:06.197951
3962,875.0,539,sess_2640,view,2026-03-30 05:43:59.197951
3963,607.0,300,sess_3338,purchase,2026-05-08 15:16:31.197951
3964,488.0,423,sess_4975,purchase,2025-06-27 23:01:23.197951
3965,1049.0,527,sess_3273,purchase,2025-06-11 03:14:15.197951
3966,43.0,87,sess_785,view,2026-04-20 00:47:11.197951
3967,,1091,sess_3064,purchase,2026-01-22 09:23:45.197951
3968,7.0,542,sess_3198,view,2025-07-14 17:30:35.197951
3969,515.0,823,sess_760,purchase,2026-02-13 10:20:39.197951
129,636.0,532,sess_2671,view,2026-01-24 05:17:37.197951
90,386.0,48,sess_4751,add_to_cart,2026-03-31 01:04:04.197951
3972,310.0,192,sess_2917,add_to_cart,2026-04-27 23:29:21.197951
3973,205.0,201,sess_3929,purchase,2026-05-10 13:53:38.197951
3974,312.0,791,sess_1946,add_to_cart,2025-07-19 15:50:57.197951
3975,1107.0,2,sess_429,add_to_cart,2025-10-05 09:46:02.197951
3976,281.0,594,sess_469,purchase,2026-01-18 07:33:28.197951
3977,125.0,574,sess_2544,purchase,2025-09-30 10:49:37.197951
3978,969.0,1191,sess_360,view,2025-09-06 21:24:00.197951
3979,1123.0,661,sess_4233,purchase,2026-04-19 18:01:48.197951
3980,58.0,546,sess_1403,purchase,2026-04-14 03:03:51.197951
3981,,777,sess_3956,add_to_cart,2025-09-26 12:37:43.197951
3982,298.0,647,sess_2271,purchase,2026-04-22 15:10:14.197951
3983,1154.0,375,sess_2241,add_to_cart,2025-09-28 09:42:19.197951
3984,934.0,100,sess_3248,add_to_cart,2025-07-08 22:01:33.197951
3985,327.0,548,sess_2199,view,2026-03-23 01:34:01.197951
3986,831.0,628,sess_1850,add_to_cart,2025-09-27 13:47:34.197951
3987,125.0,966,sess_1151,view,2025-11-14 01:05:07.197951
3988,1049.0,253,sess_3586,add_to_cart,2026-02-13 21:16:30.197951
3989,1013.0,613,sess_1357,add_to_cart,2026-03-14 20:22:27.197951
3990,382.0,631,sess_3973,add_to_cart,2025-09-29 04:22:47.197951
3991,1133.0,219,sess_1847,view,2025-08-26 04:45:24.197951
3992,264.0,211,sess_28,purchase,2026-06-01 03:40:41.197951
3993,411.0,198,sess_2657,add_to_cart,2026-06-11 18:47:56.197951
3994,219.0,833,sess_732,add_to_cart,2025-08-12 23:53:11.197951
3995,733.0,213,sess_3254,purchase,2025-07-02 20:39:24.197951
3996,490.0,15,,purchase,2025-11-14 21:52:27.197951
3997,,242,sess_1381,purchase,2025-09-30 04:30:42.197951
3998,444.0,612,sess_1656,view,2025-08-04 05:16:05.197951
3999,965.0,779,sess_194,purchase,invalid_timestamp
4000,1160.0,1091,sess_3786,view,2025-11-23 11:11:06.197951
4001,,1154,sess_3779,purchase,2025-08-10 02:04:57.197951
4002,600.0,694,sess_2465,purchase,2026-01-22 07:36:26.197951
4003,608.0,432,sess_4059,purchase,2025-11-17 11:49:09.197951
4004,1133.0,875,sess_1928,view,2026-06-05 03:52:16.197951
4005,649.0,1196,sess_4511,add_to_cart,2025-09-05 08:24:42.197951
4006,924.0,568,sess_3005,purchase,2025-09-06 13:26:30.197951
4007,1002.0,806,sess_424,add_to_cart,2025-12-14 00:06:11.197951
4008,29.0,961,sess_3871,view,2025-10-11 19:53:04.197951
4009,672.0,737,sess_558,add_to_cart,2026-01-15 15:29:06.197951
4010,1177.0,440,sess_4196,purchase,2025-10-09 01:15:23.197951
4011,905.0,1089,sess_1515,purchase,2026-05-02 11:25:53.197951
4012,785.0,104,sess_3703,add_to_cart,2025-12-03 01:14:38.197951
115,,366,sess_4756,view,2026-03-09 06:06:39.197951
4014,760.0,60,sess_3797,purchase,2026-06-04 10:26:15.197951
4015,1054.0,77,sess_2556,purchase,2025-10-07 06:02:45.197951
4016,510.0,1130,sess_100,purchase,2026-05-25 03:18:08.197951
4017,724.0,498,,purchase,2026-01-29 08:06:09.197951
4018,1192.0,28,sess_1981,view,2025-08-06 13:48:12.197951
4019,410.0,987,sess_2947,purchase,2025-08-21 13:31:17.197951
4020,1136.0,909,sess_3266,purchase,2025-11-04 17:57:39.197951
4021,327.0,386,sess_2115,view,2026-01-19 04:42:26.197951
4022,910.0,1194,sess_1889,purchase,2026-01-13 13:28:51.197951
4023,816.0,664,sess_1190,view,2026-05-02 14:24:52.197951
4024,46.0,212,sess_3148,view,2026-04-16 03:40:03.197951
4025,835.0,1066,sess_1956,add_to_cart,2025-09-03 11:25:05.197951
4026,564.0,1043,sess_3892,view,2025-11-08 22:12:48.197951
4027,40.0,279,sess_58,add_to_cart,2026-05-12 20:17:29.197951
4028,571.0,1117,sess_2176,add_to_cart,2026-02-03 07:07:08.197951
163,579.0,854,sess_2772,purchase,2025-09-05 14:40:26.197951
4030,1196.0,218,sess_680,add_to_cart,2025-07-16 14:31:09.197951
4031,423.0,662,,purchase,2025-12-22 05:04:27.197951
4032,167.0,657,sess_681,purchase,2025-08-22 00:40:12.197951
4033,511.0,776,sess_4135,add_to_cart,2025-07-30 09:29:26.197951
4034,928.0,214,sess_1543,add_to_cart,2025-12-17 07:29:05.197951
4035,314.0,768,sess_1849,add_to_cart,2025-11-10 01:53:21.197951
4036,1198.0,199,sess_1184,view,2025-11-06 17:36:35.197951
4037,178.0,1064,sess_756,add_to_cart,2026-06-07 02:49:04.197951
4038,641.0,587,sess_2318,add_to_cart,2025-06-13 13:17:48.197951
4039,518.0,921,sess_3812,view,2026-02-06 05:09:57.197951
4040,695.0,338,sess_3950,add_to_cart,2026-04-16 12:33:48.197951
4041,826.0,757,sess_4396,purchase,2025-10-10 19:28:30.197951
4042,755.0,593,sess_1951,view,2026-06-02 02:59:39.197951
4043,59.0,659,sess_2616,purchase,2025-12-19 20:08:07.197951
4044,776.0,813,sess_2678,view,2025-08-18 08:57:05.197951
4045,1150.0,733,sess_1654,view,2026-02-20 21:52:33.197951
4046,534.0,348,sess_1867,add_to_cart,2025-06-11 21:25:03.197951
4047,855.0,855,sess_66,view,2026-04-09 17:43:29.197951
4048,459.0,442,sess_1869,add_to_cart,2026-02-17 22:30:11.197951
4049,,459,sess_1224,view,2025-12-01 00:33:11.197951
4050,482.0,859,sess_3282,purchase,2025-10-30 07:40:06.199974
4051,148.0,141,sess_4406,purchase,2026-03-24 09:58:05.199974
4052,806.0,315,sess_3903,view,2025-11-10 01:49:02.199974
4053,1160.0,362,sess_333,purchase,2025-12-01 09:47:54.199974
4054,1019.0,872,sess_3356,purchase,2025-08-26 09:10:43.199974
4055,605.0,167,,view,2026-05-20 15:10:10.199974
16,863.0,621,sess_2930,add_to_cart,2025-07-04 21:27:29.199974
4057,216.0,728,sess_3943,purchase,2025-11-04 21:15:31.199974
4058,868.0,551,sess_2901,add_to_cart,2026-03-04 12:27:13.199974
4059,886.0,75,sess_3573,view,2025-08-16 02:42:58.199974
4060,,544,sess_3143,add_to_cart,2025-11-21 06:03:44.199974
4061,847.0,660,sess_4388,purchase,2025-09-09 16:08:44.199974
4062,1.0,106,sess_3345,purchase,2026-03-17 15:20:10.199974
4063,1151.0,1117,sess_1543,add_to_cart,2025-12-04 02:45:02.199974
4064,172.0,711,sess_4566,add_to_cart,2026-04-02 19:45:54.199974
4065,,196,sess_3600,add_to_cart,2025-08-12 01:42:49.199974
4066,1034.0,175,sess_1340,view,2025-11-25 15:31:38.199974
4067,153.0,837,sess_802,add_to_cart,2025-12-14 22:29:00.199974
4068,395.0,232,sess_343,view,2026-03-26 12:21:19.199974
4069,1186.0,672,sess_2010,purchase,2026-02-25 23:12:42.199974
4070,157.0,244,sess_4114,purchase,2025-07-22 11:06:45.199974
4071,440.0,1154,sess_2165,view,2026-03-28 20:58:37.199974
4072,440.0,582,,view,2025-09-02 17:44:17.199974
4073,882.0,698,sess_565,purchase,2025-12-18 09:02:49.199974
4074,1166.0,283,sess_2535,purchase,2026-04-17 16:33:08.199974
4075,978.0,530,sess_1446,add_to_cart,2025-09-01 06:52:36.199974
4076,856.0,465,sess_2001,view,2025-08-13 21:37:03.199974
4077,685.0,81,sess_201,view,2026-02-05 17:24:46.199974
4078,778.0,118,sess_472,view,2025-07-09 09:41:03.199974
4079,423.0,1016,sess_1467,purchase,2025-07-29 12:38:11.199974
4080,732.0,996,sess_1508,purchase,2025-11-24 09:51:04.199974
4081,498.0,291,sess_1429,view,2025-10-20 21:28:03.199974
4082,182.0,786,sess_4947,view,2025-11-13 01:34:20.199974
4083,365.0,792,sess_4756,purchase,2026-01-22 09:33:50.199974
45,921.0,772,sess_3721,add_to_cart,2026-03-08 12:52:47.199974
4085,378.0,79,sess_3976,purchase,2026-02-12 02:34:58.199974
4086,418.0,798,sess_2762,view,2026-06-02 19:53:22.199974
4087,649.0,290,sess_16,add_to_cart,2025-08-31 16:57:59.199974
4088,932.0,85,sess_3491,view,2025-09-26 14:22:45.199974
4089,769.0,542,sess_457,purchase,2026-05-02 01:29:04.199974
4090,468.0,361,sess_4503,add_to_cart,2025-06-27 11:34:38.199974
4091,412.0,643,sess_1022,view,2025-11-18 17:24:47.199974
4092,481.0,508,sess_1722,view,2025-12-18 02:38:28.199974
4093,346.0,1091,sess_2291,view,2026-01-20 08:26:05.199974
4094,903.0,646,sess_3458,view,2025-12-31 16:12:15.199974
4095,1109.0,1116,sess_3108,add_to_cart,2025-06-15 12:34:02.199974
4096,622.0,502,sess_864,view,2026-05-26 08:22:36.199974
4097,577.0,283,sess_3280,add_to_cart,2026-05-31 22:56:47.199974
4098,1191.0,392,sess_4840,view,2026-03-25 00:46:21.199974
21,938.0,726,sess_463,purchase,2025-08-25 17:04:16.199974
4100,522.0,1021,sess_4298,purchase,2026-01-10 22:21:58.199974
4101,1088.0,468,sess_2822,purchase,2026-06-03 14:52:36.199974
4102,904.0,1187,sess_3959,view,2025-08-06 10:37:44.199974
4103,1090.0,683,sess_3369,add_to_cart,2025-09-26 01:53:54.199974
4104,209.0,743,sess_4955,view,2025-09-07 10:04:04.199974
4105,38.0,900,sess_407,view,invalid_timestamp
4106,531.0,492,sess_79,add_to_cart,2026-05-08 12:25:32.199974
4107,860.0,242,sess_2720,view,2026-04-30 05:18:44.199974
4108,552.0,1188,sess_3298,view,2025-07-05 22:49:19.199974
4109,64.0,360,sess_1107,view,2026-01-14 11:47:04.199974
4110,18.0,1058,sess_3460,view,2026-03-16 15:43:44.199974
4111,300.0,349,sess_3429,add_to_cart,2026-05-14 10:47:49.199974
4112,1000.0,776,sess_1827,purchase,2025-08-24 18:18:53.199974
4113,281.0,823,sess_3602,purchase,2025-12-04 13:59:47.199974
4114,408.0,839,sess_4765,purchase,2026-04-14 17:58:51.199974
4115,98.0,771,sess_1040,add_to_cart,2026-02-26 10:11:45.199974
4116,602.0,560,sess_293,view,2025-09-20 14:18:46.199974
4117,760.0,987,sess_10,purchase,2025-12-26 06:42:45.199974
4118,373.0,281,sess_3132,purchase,2025-10-26 15:28:10.199974
4119,411.0,153,sess_571,view,2026-01-25 16:28:42.199974
4120,1061.0,243,sess_1732,view,2025-07-26 13:25:39.199974
4121,498.0,994,sess_4111,view,2025-12-06 18:58:44.199974
4122,1003.0,1076,,purchase,2026-05-05 22:57:05.199974
4123,414.0,639,sess_2587,add_to_cart,2025-06-15 09:39:42.199974
4124,795.0,59,sess_2594,purchase,2025-07-06 01:15:11.199974
4125,392.0,827,sess_477,purchase,2025-08-31 09:21:29.199974
4126,895.0,926,sess_784,view,2025-08-12 04:09:47.199974
4127,800.0,383,sess_2830,view,2026-02-21 11:53:01.199974
4128,472.0,468,sess_770,view,2025-11-15 17:20:37.199974
4129,316.0,149,sess_3027,add_to_cart,2025-06-14 06:03:21.199974
4130,325.0,69,sess_2571,view,2026-05-24 18:50:39.199974
4131,98.0,832,sess_2097,add_to_cart,2025-09-21 17:47:46.199974
4132,801.0,401,sess_1815,view,2025-09-14 08:19:27.199974
4133,312.0,344,sess_3034,view,2025-07-18 20:11:24.199974
4134,653.0,1168,sess_504,purchase,2026-03-22 22:06:52.199974
4135,95.0,262,sess_483,purchase,2025-07-26 18:11:24.199974
4136,1191.0,571,sess_2957,view,2026-01-02 13:43:04.199974
4137,482.0,600,sess_1674,add_to_cart,invalid_timestamp
4138,748.0,1031,sess_2265,view,2026-01-01 04:33:33.199974
4139,117.0,132,sess_866,add_to_cart,2025-08-11 23:02:08.199974
4140,1108.0,874,sess_4961,add_to_cart,2025-10-04 04:40:09.199974
4141,979.0,1005,sess_3010,view,2025-08-21 16:16:08.199974
4142,481.0,254,sess_3638,purchase,2025-10-13 04:55:19.199974
4143,1016.0,1000,,purchase,2026-03-21 03:45:27.199974
4144,479.0,336,sess_539,add_to_cart,2025-09-27 04:19:19.199974
4145,222.0,1178,sess_1286,view,2025-06-29 08:29:29.199974
4146,,119,sess_104,view,2025-10-30 04:36:27.199974
4147,1090.0,1046,sess_2616,view,invalid_timestamp
4148,983.0,8,sess_854,add_to_cart,2025-06-13 23:22:42.199974
4149,795.0,1092,sess_221,view,2026-05-29 02:40:50.199974
4150,1028.0,50,sess_4819,view,2025-09-29 20:05:17.199974
4151,24.0,128,sess_2709,purchase,2025-10-21 22:58:15.199974
4152,154.0,951,sess_226,view,2025-09-26 16:11:38.199974
4153,553.0,805,sess_1429,add_to_cart,2026-03-18 16:04:44.199974
4154,847.0,561,sess_1345,view,2025-11-22 11:43:08.199974
4155,526.0,440,sess_3826,view,2026-02-02 15:48:14.199974
4156,744.0,661,sess_750,purchase,2025-11-23 08:24:23.199974
4157,1153.0,459,sess_416,view,2026-02-22 21:45:00.199974
4158,259.0,738,sess_3983,purchase,2025-07-19 17:12:23.199974
4159,457.0,916,sess_3667,add_to_cart,2026-01-31 20:43:41.199974
4160,693.0,563,sess_1474,add_to_cart,2026-04-11 00:02:12.199974
4161,941.0,689,sess_3797,view,2026-03-07 02:47:05.199974
157,,685,sess_1765,view,2026-02-26 11:31:28.199974
4163,399.0,470,sess_3416,add_to_cart,2026-04-09 08:31:30.199974
4164,623.0,43,sess_2352,view,2026-04-26 23:56:48.199974
4165,231.0,1105,sess_830,view,2025-11-17 19:18:19.199974
4166,72.0,847,sess_4749,purchase,2025-11-26 15:02:47.199974
4167,631.0,1159,sess_1154,purchase,2025-07-17 12:14:34.199974
4168,523.0,45,sess_4537,purchase,2025-08-20 05:49:11.199974
21,265.0,1193,sess_1375,purchase,2026-03-04 13:50:36.199974
4170,400.0,1070,sess_2408,view,2025-09-11 01:30:54.199974
4171,930.0,134,sess_3294,purchase,2026-06-03 00:28:23.199974
4172,448.0,618,sess_4891,add_to_cart,2025-09-08 00:43:51.199974
4173,1145.0,140,sess_3782,add_to_cart,2026-02-24 15:24:53.199974
4174,1056.0,9,sess_1111,purchase,2025-06-14 23:56:21.199974
4175,595.0,441,sess_1685,view,2025-11-20 19:59:55.199974
4176,843.0,763,sess_443,purchase,2026-04-28 17:39:31.199974
4177,900.0,540,sess_4459,add_to_cart,2025-09-14 22:25:58.199974
4178,479.0,206,sess_4650,purchase,2026-06-01 20:19:16.199974
4179,824.0,70,sess_1038,view,2026-01-19 22:49:03.199974
4180,978.0,20,sess_2181,view,2025-10-07 12:28:51.199974
4181,,1097,sess_875,view,2025-08-24 01:50:47.199974
4182,700.0,384,sess_680,view,2026-04-01 23:50:21.199974
4183,595.0,314,sess_3275,view,2025-07-04 03:15:14.199974
4184,476.0,1190,sess_4706,add_to_cart,2025-11-15 15:45:06.199974
4185,954.0,1184,sess_135,purchase,2026-03-28 23:49:44.199974
4186,248.0,983,sess_1686,view,2025-07-11 05:53:56.199974
4187,542.0,2,sess_1714,purchase,2025-08-02 14:02:31.199974
4188,1049.0,827,sess_2794,purchase,2025-08-30 06:45:54.199974
4189,799.0,296,,purchase,2025-08-24 15:17:44.199974
4190,850.0,761,sess_1751,purchase,2026-03-22 19:35:22.199974
4191,1.0,563,sess_2715,add_to_cart,2025-08-22 13:35:48.199974
4192,690.0,1088,sess_4212,purchase,2025-10-14 12:37:51.199974
4193,552.0,638,sess_4845,purchase,2025-07-14 09:40:17.199974
4194,1098.0,571,sess_4991,purchase,2026-03-27 11:59:34.199974
4195,629.0,945,sess_2588,purchase,invalid_timestamp
4196,1002.0,242,sess_465,add_to_cart,invalid_timestamp
4197,1051.0,1042,sess_3870,add_to_cart,2026-04-06 06:05:04.199974
4198,932.0,760,sess_3471,view,2026-03-06 20:35:46.199974
4199,18.0,397,sess_1888,purchase,2026-03-13 08:34:06.199974
4200,1035.0,1102,sess_3693,add_to_cart,2026-01-26 07:06:34.199974
4201,966.0,950,,purchase,2025-12-17 00:28:20.199974
4202,530.0,1174,sess_2595,view,2026-05-10 13:53:37.199974
4203,791.0,436,sess_2909,add_to_cart,2026-05-13 06:36:55.199974
30,571.0,916,sess_500,add_to_cart,2025-10-22 17:18:50.199974
4205,1002.0,623,sess_3865,purchase,2025-08-19 20:36:05.199974
4206,544.0,1194,sess_2897,view,2025-08-15 20:46:46.199974
4207,484.0,160,sess_4149,view,2025-08-29 21:29:10.199974
4208,1059.0,250,sess_3910,view,2026-04-17 13:07:08.199974
4209,141.0,976,sess_3287,view,2026-05-23 17:43:28.199974
4210,797.0,1037,sess_4991,purchase,2026-03-20 00:45:00.199974
4211,324.0,1136,sess_34,add_to_cart,2025-07-27 09:44:20.199974
4212,114.0,1139,sess_843,purchase,invalid_timestamp
4213,461.0,614,sess_1953,view,2025-12-05 06:29:24.199974
4214,641.0,15,sess_2185,purchase,2025-12-08 15:47:15.199974
4215,941.0,1193,sess_841,view,2025-06-15 20:48:41.199974
79,161.0,652,sess_3845,view,2025-08-23 22:12:04.199974
4217,627.0,863,sess_2070,add_to_cart,2025-09-05 21:21:09.199974
4218,622.0,1172,sess_2471,purchase,2025-11-20 02:56:44.199974
4219,946.0,782,sess_764,purchase,2026-06-07 00:19:10.199974
4220,20.0,380,sess_1865,view,2026-02-20 03:37:22.199974
4221,442.0,742,sess_3869,purchase,2026-01-26 17:34:38.199974
4222,468.0,863,sess_3278,purchase,2025-11-20 06:43:40.199974
4223,839.0,856,sess_227,purchase,2026-04-15 19:23:54.199974
4224,1123.0,83,sess_2412,view,2025-07-26 10:15:52.199974
4225,190.0,849,sess_599,add_to_cart,2026-04-17 01:26:47.199974
4226,909.0,525,sess_643,view,2025-06-20 07:25:45.199974
4227,245.0,756,sess_2056,purchase,2025-08-25 04:17:11.199974
4228,,752,sess_3445,purchase,2026-03-06 03:30:30.199974
4229,102.0,259,sess_2209,view,2026-04-11 20:18:01.199974
4230,489.0,835,sess_2199,add_to_cart,2025-07-02 06:01:11.199974
4231,279.0,191,sess_3304,view,2025-10-14 22:28:21.199974
4232,585.0,788,sess_4343,view,2025-08-13 14:11:15.199974
4233,,653,sess_4613,purchase,2026-03-16 19:47:01.199974
4234,646.0,834,sess_1955,purchase,2025-07-07 22:26:06.199974
4235,439.0,90,sess_2009,add_to_cart,2025-11-27 12:02:12.199974
4236,1041.0,717,sess_382,view,2026-02-12 17:10:02.199974
4237,228.0,292,sess_822,view,2025-10-13 18:09:03.199974
4238,599.0,534,sess_1786,add_to_cart,invalid_timestamp
4239,,13,sess_1745,view,2025-11-10 18:29:28.199974
4240,,65,,view,2025-10-26 22:15:13.199974
4241,165.0,108,,view,2025-06-28 06:19:14.199974
119,833.0,1103,sess_75,view,2025-06-30 12:07:10.199974
4243,690.0,430,sess_2980,view,2026-04-30 03:41:39.199974
4244,486.0,374,sess_2281,add_to_cart,2025-09-30 02:10:49.199974
4245,122.0,590,sess_694,add_to_cart,2025-12-27 20:39:54.199974
4246,794.0,465,sess_2091,purchase,2026-03-13 19:11:00.199974
4247,233.0,570,sess_3751,view,2025-06-17 03:38:11.199974
4248,70.0,119,sess_1016,add_to_cart,2026-02-14 10:28:10.199974
4249,693.0,1051,sess_2660,view,2026-01-19 17:33:10.199974
4250,607.0,535,sess_1021,add_to_cart,2025-11-24 01:16:44.199974
4251,362.0,379,sess_2421,add_to_cart,2025-09-28 17:20:19.199974
4252,153.0,9,sess_2006,purchase,2025-09-09 03:22:00.199974
4253,438.0,1068,sess_994,view,2025-11-09 19:10:08.199974
4254,1044.0,411,sess_128,add_to_cart,2025-11-29 21:54:38.199974
4255,678.0,556,sess_611,add_to_cart,2026-02-02 20:06:37.199974
4256,1047.0,94,sess_3187,view,2025-10-02 08:11:50.199974
99,551.0,424,sess_2016,add_to_cart,2025-08-15 00:42:31.199974
4258,732.0,461,sess_602,add_to_cart,2026-06-02 09:35:28.199974
44,521.0,974,sess_1546,add_to_cart,2026-01-03 14:58:31.199974
4260,,155,sess_4137,view,2025-09-12 19:21:49.199974
4261,796.0,1141,sess_1893,purchase,2026-04-13 19:43:41.199974
4262,758.0,890,sess_3840,view,2025-10-23 03:14:33.199974
4263,24.0,817,sess_609,view,2025-06-23 06:49:54.199974
4264,503.0,302,sess_4222,view,2026-05-29 00:52:25.199974
4265,91.0,246,sess_2191,purchase,2025-06-12 07:05:18.199974
4266,329.0,317,sess_1658,purchase,2025-11-06 14:54:27.199974
4267,1082.0,296,sess_547,view,2026-04-11 18:53:17.199974
4268,174.0,191,sess_774,view,2025-12-13 20:23:32.199974
4269,76.0,645,sess_1669,add_to_cart,2025-10-15 09:42:11.199974
4270,82.0,761,sess_4419,add_to_cart,2025-08-09 10:55:35.199974
4271,533.0,834,sess_4095,add_to_cart,2025-10-09 01:48:48.199974
4272,982.0,115,sess_4665,purchase,2025-06-30 18:09:38.199974
4273,862.0,26,sess_1806,purchase,2026-06-12 00:08:43.199974
4274,1095.0,27,sess_1478,add_to_cart,2025-11-27 00:46:10.199974
4275,555.0,571,sess_1076,purchase,2026-01-21 20:38:17.201981
4276,937.0,889,sess_4898,add_to_cart,2025-12-15 18:32:13.201981
4277,1054.0,384,sess_4079,purchase,2025-11-23 10:38:25.201981
4278,1119.0,716,sess_3,purchase,2025-12-18 06:21:23.202536
4279,942.0,1071,sess_1564,purchase,2026-03-17 05:28:25.202536
4280,716.0,1168,sess_4057,add_to_cart,2025-10-08 14:22:21.202536
4281,87.0,1169,sess_3588,purchase,2026-05-27 12:08:47.202536
4282,513.0,592,sess_4812,view,2026-04-17 14:27:51.202536
4283,401.0,70,sess_1081,add_to_cart,2026-01-10 05:09:20.202536
4284,1088.0,810,sess_1903,add_to_cart,2026-04-23 17:01:50.202536
4285,1142.0,736,sess_1407,add_to_cart,2026-01-27 08:02:55.202536
4286,839.0,1093,sess_844,add_to_cart,2025-06-20 05:14:58.202536
4287,827.0,913,sess_3799,view,2026-02-21 13:30:34.202536
4288,775.0,598,sess_497,add_to_cart,invalid_timestamp
4289,583.0,667,sess_1106,purchase,2026-02-28 03:13:09.202536
4290,152.0,854,sess_462,view,2025-10-02 03:07:21.202536
4291,1002.0,1071,sess_2897,purchase,2025-10-16 06:17:17.202536
4292,582.0,358,sess_1604,add_to_cart,2025-10-03 01:37:01.202536
4293,84.0,572,sess_1165,add_to_cart,2025-07-02 11:32:28.202536
4294,242.0,150,sess_597,view,2025-11-07 16:27:38.202536
4295,712.0,194,sess_1772,add_to_cart,2025-07-07 07:59:11.202536
4296,,401,sess_491,add_to_cart,2025-10-25 04:20:12.202536
4297,,205,sess_4128,add_to_cart,2025-07-24 08:16:43.202536
4298,629.0,785,sess_1629,add_to_cart,2026-04-15 00:19:39.202536
4299,1189.0,1176,,purchase,2025-11-18 13:29:40.202536
4300,352.0,1021,sess_1730,add_to_cart,invalid_timestamp
4301,891.0,650,sess_396,add_to_cart,2026-01-24 12:43:56.202536
4302,414.0,940,sess_589,view,2026-01-15 07:09:42.202536
4303,449.0,209,sess_2889,purchase,invalid_timestamp
4304,785.0,487,,add_to_cart,2025-07-24 01:22:53.202536
4305,469.0,394,sess_280,view,2026-04-01 18:30:02.202536
4306,941.0,715,sess_534,add_to_cart,2026-04-17 13:06:39.202536
4307,794.0,70,sess_2922,add_to_cart,invalid_timestamp
4308,1102.0,768,sess_1319,purchase,2026-01-19 09:39:38.202536
4309,818.0,14,sess_741,add_to_cart,2025-12-04 01:04:08.202536
4310,9.0,676,sess_4258,purchase,2026-04-15 02:41:31.202536
4311,,616,sess_971,add_to_cart,2025-10-30 22:50:46.202536
4312,894.0,270,sess_2654,view,2025-07-10 17:17:02.202536
4313,210.0,1192,sess_4757,add_to_cart,2025-07-31 03:08:33.202536
4314,1124.0,489,sess_3794,view,2026-04-25 03:04:10.202536
4315,411.0,430,sess_3190,view,2025-06-24 00:57:43.202536
4316,368.0,690,sess_2718,purchase,2026-05-15 00:48:25.202536
4317,428.0,1095,sess_2611,purchase,2025-12-16 07:57:49.202536
4318,909.0,29,sess_1972,add_to_cart,2025-06-30 09:38:32.202536
4319,183.0,702,sess_3045,purchase,2026-04-04 05:52:01.202536
4320,652.0,296,sess_874,purchase,2026-04-12 01:43:20.202536
4321,102.0,24,sess_3803,view,2026-03-22 13:56:06.202536
4322,548.0,950,sess_3431,purchase,2025-12-20 02:57:33.202536
4323,803.0,844,sess_3209,add_to_cart,2026-04-11 21:57:05.202536
4324,161.0,993,sess_1022,purchase,2025-06-21 01:18:09.202536
4325,200.0,885,sess_2048,add_to_cart,2025-08-31 16:51:12.202536
4326,,427,sess_4565,purchase,2026-06-03 20:17:41.202536
4327,550.0,509,sess_965,add_to_cart,2026-04-13 19:08:18.202536
4328,158.0,754,sess_501,view,2026-01-29 13:00:38.202536
4329,538.0,1181,sess_3159,purchase,2025-10-16 13:27:51.202536
4330,1006.0,332,sess_1663,purchase,2025-11-09 00:35:12.202536
4331,581.0,431,sess_2098,add_to_cart,2025-06-16 18:00:42.202536
4332,133.0,357,sess_1369,view,invalid_timestamp
4333,492.0,99,sess_1154,view,2025-11-08 12:13:33.202536
4334,265.0,921,sess_4302,view,2026-01-25 17:58:52.202536
4335,238.0,314,sess_2107,add_to_cart,2025-10-26 23:14:48.202536
4336,680.0,130,sess_794,add_to_cart,2025-11-04 00:06:50.202536
171,989.0,978,sess_184,view,2026-04-14 03:40:44.202536
4338,37.0,1054,sess_2073,purchase,2026-01-03 11:41:49.202536
4339,407.0,797,sess_4751,add_to_cart,2025-10-14 05:08:12.202536
4340,1025.0,73,sess_235,view,2026-05-13 13:10:55.202536
4341,1108.0,725,sess_4029,add_to_cart,2025-09-04 07:33:29.203543
4342,875.0,39,sess_543,view,2026-02-22 17:55:17.203543
175,1188.0,303,sess_3198,add_to_cart,2025-12-01 22:53:28.203543
4344,722.0,1147,sess_2452,purchase,2025-12-04 00:00:04.203543
4345,939.0,952,sess_3078,view,2025-08-26 12:12:02.203543
4346,734.0,315,sess_4342,add_to_cart,2025-09-22 18:44:46.203543
4347,82.0,797,,add_to_cart,2025-07-31 16:31:34.203543
4348,667.0,728,sess_3680,view,2025-07-17 06:27:06.203543
4349,1135.0,1173,sess_3390,view,2025-07-11 21:22:25.203543
4350,37.0,505,sess_381,view,2025-09-22 09:17:25.203543
4351,,702,sess_952,view,2025-10-18 00:43:08.203543
4352,375.0,857,sess_43,purchase,2025-08-05 13:00:43.203543
4353,97.0,1195,sess_2906,view,2026-03-08 06:57:59.203543
4354,785.0,892,sess_2785,purchase,2025-10-29 11:58:28.203543
4355,681.0,971,sess_1094,add_to_cart,2025-08-19 07:42:07.203543
4356,858.0,712,sess_1597,view,2025-11-08 12:24:19.203543
4357,1128.0,843,sess_2746,view,2026-04-17 10:54:15.203543
4358,1057.0,851,sess_317,add_to_cart,invalid_timestamp
4359,957.0,512,sess_4124,view,2026-05-26 09:36:25.203543
4360,864.0,515,sess_4285,purchase,2025-12-24 08:32:22.203543
4361,135.0,674,sess_2744,purchase,2025-09-09 21:25:59.203543
4362,650.0,1093,sess_4784,view,2025-08-17 01:03:35.203543
4363,1197.0,735,sess_4055,view,2025-09-24 02:31:50.203543
4364,817.0,769,sess_1993,add_to_cart,2025-07-14 15:17:36.203543
4365,656.0,742,sess_4712,purchase,2025-11-06 07:02:06.203543
4366,141.0,496,sess_2000,add_to_cart,2025-08-11 08:58:46.203543
4367,596.0,1110,sess_4900,purchase,2026-05-23 16:58:32.203543
4368,265.0,522,sess_3844,view,2025-07-04 08:40:31.203543
4369,324.0,1051,sess_455,purchase,invalid_timestamp
4370,984.0,1113,sess_1869,add_to_cart,2025-06-11 18:36:27.203543
4371,532.0,1000,sess_607,purchase,2025-11-19 20:52:27.203543
4372,620.0,67,sess_2157,purchase,2025-07-01 10:02:09.203543
4373,81.0,239,sess_3840,add_to_cart,2025-10-26 13:24:13.203543
128,1092.0,245,sess_4586,purchase,2025-07-10 23:07:20.203543
4375,779.0,1105,sess_1089,purchase,2026-05-18 15:51:24.203543
4376,699.0,703,sess_141,add_to_cart,invalid_timestamp
4377,1165.0,287,sess_1611,view,2025-09-30 05:15:21.203543
4378,176.0,984,sess_1222,view,2026-03-09 19:29:25.203543
4379,,1060,sess_2855,view,2025-11-26 18:38:39.203543
4380,189.0,599,sess_870,purchase,2026-05-29 12:46:36.203543
4381,,1173,sess_1301,view,2025-07-02 09:01:35.203543
4382,1109.0,773,sess_1259,purchase,2026-04-29 02:26:24.203543
4383,390.0,905,sess_2529,add_to_cart,2026-02-20 10:44:15.203543
4384,622.0,192,sess_4533,view,2025-09-04 00:21:53.203543
4385,1055.0,985,sess_716,add_to_cart,2026-03-26 15:21:50.203543
4386,54.0,70,sess_2374,view,2025-08-26 12:11:35.203543
96,766.0,448,sess_2131,add_to_cart,2026-03-13 04:16:18.203543
4388,418.0,726,sess_4851,purchase,2025-09-06 04:23:16.203543
4389,1085.0,1063,sess_2254,add_to_cart,2026-01-25 06:34:47.203543
4390,1011.0,969,sess_3720,view,2026-05-23 17:19:58.203543
4391,1148.0,751,sess_28,add_to_cart,invalid_timestamp
4392,1092.0,1170,sess_3390,purchase,2025-12-09 01:40:38.203543
4393,1054.0,67,sess_2455,purchase,2025-06-18 20:57:25.203543
4394,13.0,684,sess_3355,purchase,2025-12-29 08:53:47.203543
4395,359.0,527,sess_991,add_to_cart,invalid_timestamp
4396,112.0,402,sess_2446,add_to_cart,2025-08-22 04:25:53.203543
4397,460.0,23,sess_1840,purchase,2025-08-31 22:57:20.203543
4398,550.0,643,sess_1880,add_to_cart,2026-04-07 21:11:15.203543
4399,1128.0,792,sess_2477,purchase,2025-10-18 21:43:20.203543
4400,121.0,621,sess_2503,view,2026-01-10 18:18:32.203543
4401,1083.0,304,sess_4110,purchase,2026-06-06 15:33:05.203543
4402,272.0,55,sess_2183,view,2026-03-10 11:44:07.203543
4403,559.0,895,sess_1851,purchase,2025-12-16 10:56:26.203543
4404,140.0,578,sess_4398,purchase,2026-03-04 09:49:08.203543
4405,1190.0,438,sess_4210,view,2025-09-23 09:09:24.203543
4406,838.0,755,sess_3469,view,2026-04-28 07:44:14.203543
4407,1091.0,864,sess_4364,add_to_cart,2026-01-18 05:28:10.203543
4408,1086.0,853,sess_926,purchase,2025-12-11 00:06:12.203543
4409,974.0,299,sess_3197,add_to_cart,2025-08-14 16:30:36.203543
4410,464.0,753,sess_2786,purchase,2025-06-11 04:36:45.203543
4411,802.0,308,sess_2966,purchase,2026-05-03 12:55:33.203543
4412,646.0,177,sess_1607,purchase,2025-06-22 02:44:51.203543
4413,1157.0,682,sess_3122,view,2025-08-12 17:54:56.203543
4414,267.0,488,sess_2253,view,2026-05-01 11:11:39.203543
4415,1054.0,239,sess_1526,add_to_cart,2025-07-17 18:02:30.203543
4416,394.0,1117,sess_2818,view,2025-11-06 22:27:43.203543
4417,1116.0,898,sess_2275,purchase,2026-01-22 09:36:01.203543
4418,347.0,1001,sess_3232,add_to_cart,2025-11-01 19:43:59.203543
4419,217.0,1187,sess_3683,purchase,2025-06-12 17:18:19.203543
4420,503.0,829,sess_3737,view,2026-04-17 01:39:32.203543
4421,390.0,204,sess_4515,view,2025-11-23 22:22:44.203543
4422,20.0,442,,view,2025-11-22 22:24:45.203543
4423,1153.0,530,sess_3210,view,2026-05-24 20:52:31.203543
4424,429.0,355,sess_1280,purchase,2025-07-01 05:35:14.203543
4425,109.0,488,sess_842,add_to_cart,2025-07-03 12:39:24.203543
4426,257.0,463,sess_71,view,invalid_timestamp
4427,912.0,185,,view,invalid_timestamp
4428,186.0,227,sess_86,purchase,2025-06-27 21:44:23.203543
4429,327.0,65,sess_4106,purchase,invalid_timestamp
4430,917.0,284,,view,2025-09-25 10:39:48.203543
4431,292.0,1122,sess_1040,purchase,2026-01-28 08:45:51.203543
4432,752.0,757,sess_4656,purchase,2025-09-24 09:13:51.203543
4433,687.0,1193,sess_1344,add_to_cart,2025-12-16 04:18:35.203543
4434,463.0,923,sess_3478,add_to_cart,2025-11-24 16:46:05.203543
3,152.0,673,sess_723,purchase,2025-10-20 04:28:27.203543
4436,568.0,786,sess_1743,add_to_cart,2026-03-08 12:14:00.203543
4437,586.0,1051,sess_2083,view,2026-01-28 22:35:04.203543
4438,870.0,938,sess_2548,view,2026-03-31 14:13:39.203543
4439,537.0,358,sess_4769,purchase,2025-06-19 17:39:17.203543
4440,734.0,218,sess_1882,purchase,invalid_timestamp
4441,438.0,313,sess_1772,view,2026-02-26 12:06:05.203543
4442,1084.0,1148,sess_4615,add_to_cart,2026-02-03 21:02:08.203543
4443,79.0,907,sess_4659,view,2026-03-30 10:46:57.203543
4444,831.0,1006,sess_3357,add_to_cart,2025-11-17 15:01:44.203543
4445,362.0,246,sess_962,view,2025-11-05 02:39:42.203543
4446,832.0,1135,sess_108,purchase,2025-09-08 03:54:30.203543
4447,531.0,897,sess_552,view,2025-07-17 02:42:57.203543
4448,,190,,purchase,2026-03-30 11:28:49.203543
4449,863.0,505,sess_2692,purchase,2025-06-24 04:53:35.203543
4450,312.0,1092,sess_1912,view,2025-06-14 10:36:14.203543
4451,760.0,412,sess_1738,view,2025-08-02 23:35:11.203543
65,41.0,383,sess_258,view,2025-07-08 17:52:31.203543
4453,821.0,339,sess_285,add_to_cart,2026-02-23 17:04:09.203543
4454,110.0,951,sess_4627,view,2025-09-23 03:48:01.203543
4455,1033.0,541,sess_811,view,2025-12-26 13:43:16.203543
4456,675.0,785,sess_1892,purchase,2025-07-06 00:16:55.203543
4457,578.0,453,sess_4269,add_to_cart,2026-01-24 05:09:31.203543
4458,202.0,699,sess_4426,view,2025-06-23 18:50:01.203543
4459,334.0,821,sess_1056,view,2026-05-13 07:33:32.203543
4460,895.0,713,sess_1506,add_to_cart,2026-05-31 09:57:52.203543
4461,1069.0,4,sess_2677,purchase,2025-06-24 15:52:23.203543
4462,735.0,1177,sess_2193,add_to_cart,2025-07-15 21:51:31.203543
155,977.0,798,sess_4381,purchase,2025-11-18 06:46:01.203543
4464,253.0,1153,sess_2213,purchase,2025-12-10 09:57:37.203543
4465,147.0,229,sess_1634,view,2025-10-30 23:59:56.203543
4466,553.0,704,sess_3241,view,2025-12-21 20:30:05.203543
4467,,420,sess_2879,purchase,2025-08-12 03:34:42.203543
4468,588.0,528,sess_470,purchase,2026-03-20 17:18:22.203543
4469,400.0,175,sess_480,view,2025-06-12 00:29:11.203543
4470,178.0,320,sess_2224,add_to_cart,2026-03-03 10:29:59.203543
4471,1103.0,509,sess_2384,add_to_cart,2025-08-12 14:46:22.203543
4472,,748,sess_424,purchase,2025-12-23 03:49:58.203543
4473,650.0,1020,sess_2936,purchase,2026-04-09 18:07:39.203543
4474,576.0,312,sess_3340,view,2026-03-03 16:22:41.203543
4475,203.0,706,sess_752,add_to_cart,2026-04-12 01:46:27.203543
4476,1061.0,919,sess_246,add_to_cart,2025-07-10 00:22:42.203543
4477,316.0,355,sess_4790,add_to_cart,invalid_timestamp
4478,402.0,9,sess_3851,purchase,2025-06-24 05:47:12.203543
4479,1183.0,572,sess_2503,purchase,2026-05-13 17:53:06.203543
4480,686.0,488,sess_4893,purchase,2025-12-21 06:32:08.203543
4481,228.0,884,sess_2645,add_to_cart,2026-03-09 10:58:14.203543
4482,119.0,485,sess_4576,purchase,2026-02-25 02:32:55.203543
4483,794.0,1065,sess_360,add_to_cart,2025-10-25 10:18:37.203543
4484,,925,sess_901,purchase,2025-07-13 12:35:52.203543
4485,717.0,1140,sess_4429,add_to_cart,2025-11-29 08:08:01.203543
4486,1051.0,179,sess_1684,view,2025-10-01 09:28:30.203543
4487,443.0,645,sess_1216,add_to_cart,2026-05-05 09:33:29.203543
4488,16.0,759,sess_2389,add_to_cart,2025-10-30 00:17:11.203543
4489,1036.0,901,sess_1155,purchase,2025-10-12 01:04:59.203543
4490,612.0,384,sess_533,view,invalid_timestamp
4491,941.0,958,sess_4564,purchase,2025-12-30 04:42:00.203543
4492,578.0,307,sess_179,purchase,invalid_timestamp
4493,366.0,1155,sess_2226,view,2026-06-08 03:42:45.203543
4494,1073.0,438,sess_678,view,2025-08-13 15:26:52.203543
4495,808.0,14,sess_4846,add_to_cart,invalid_timestamp
4496,597.0,420,sess_2669,add_to_cart,2025-08-19 08:49:14.203543
4497,447.0,1095,sess_706,add_to_cart,2025-09-03 23:46:41.203543
4498,976.0,1168,sess_2530,add_to_cart,2026-05-15 16:09:14.203543
4499,774.0,877,sess_2456,view,2026-04-04 10:45:32.203543
4500,480.0,814,sess_3591,purchase,2026-05-09 23:34:11.203543
4501,904.0,626,sess_1812,purchase,2026-03-14 04:27:39.203543
4502,1015.0,111,sess_4936,purchase,2025-12-02 15:51:17.203543
4503,302.0,178,sess_4016,purchase,2025-11-19 20:09:44.203543
4504,759.0,107,sess_1273,purchase,2026-02-15 16:02:23.203543
4505,571.0,940,sess_1780,purchase,2025-07-02 16:09:23.203543
4506,743.0,539,sess_541,view,invalid_timestamp
4507,1005.0,152,sess_1869,purchase,2026-05-29 10:07:10.203543
4508,125.0,529,sess_29,add_to_cart,2025-10-27 19:36:31.203543
4509,981.0,694,sess_683,view,2025-11-18 17:40:08.203543
4510,478.0,130,sess_1567,purchase,2025-07-25 07:06:34.203543
4511,660.0,806,sess_3635,purchase,2026-05-06 12:44:51.203543
4512,342.0,1129,sess_1467,purchase,2026-03-01 16:44:06.203543
4513,211.0,163,sess_3087,add_to_cart,2026-04-22 17:19:15.203543
4514,1104.0,984,sess_1152,view,2026-03-28 04:29:34.203543
4515,444.0,531,sess_1035,purchase,2026-01-03 14:04:02.203543
147,243.0,895,sess_2488,view,2025-11-06 06:43:13.203543
4517,936.0,906,sess_2560,view,2025-06-30 06:37:24.203543
4518,1050.0,502,sess_4325,purchase,2026-03-22 04:58:38.203543
4519,150.0,538,,purchase,2025-11-11 12:35:15.203543
80,679.0,810,sess_4783,view,2026-05-24 10:05:00.203543
4521,150.0,161,,add_to_cart,2025-12-28 13:00:22.203543
4522,59.0,1042,sess_4564,purchase,2025-11-22 04:23:03.203543
4523,359.0,1184,sess_3553,purchase,2026-01-12 13:18:48.203543
4524,44.0,198,sess_1582,purchase,2025-10-20 22:06:36.203543
4525,833.0,302,sess_1175,view,2026-01-15 17:56:03.203543
4526,1070.0,243,sess_2874,view,2026-01-24 05:31:35.203543
4527,1055.0,153,sess_214,view,2025-07-12 03:19:23.203543
4528,119.0,72,sess_4935,view,2026-04-04 10:32:19.203543
4529,293.0,820,sess_4339,view,2025-12-30 09:39:04.203543
4530,669.0,105,,view,2025-11-16 04:16:21.203543
4531,744.0,912,sess_2741,view,2025-07-26 03:57:47.203543
4532,975.0,460,sess_347,purchase,2026-01-29 00:37:30.203543
4533,265.0,317,sess_1265,add_to_cart,2026-04-25 15:35:31.203543
4534,1088.0,58,sess_896,view,2025-11-20 14:32:23.203543
4535,307.0,1101,sess_2429,add_to_cart,2026-05-27 11:23:38.203543
4536,68.0,238,sess_1842,purchase,2026-04-30 14:54:48.203543
4537,909.0,9,sess_4268,view,2026-05-30 01:09:54.203543
4538,280.0,801,sess_3774,view,2026-03-09 09:48:07.203543
4539,245.0,559,sess_248,add_to_cart,2026-04-27 03:06:43.203543
4540,1081.0,940,sess_2003,add_to_cart,2026-04-04 17:40:58.203543
4541,,196,sess_4505,view,invalid_timestamp
4542,917.0,710,sess_3276,purchase,2025-07-22 17:21:00.203543
4543,934.0,198,sess_4730,purchase,2025-11-27 07:06:47.203543
4544,,1030,sess_132,view,2025-10-29 19:18:35.203543
4545,1134.0,103,sess_4408,view,2026-02-25 03:50:05.203543
4546,1072.0,1061,sess_1499,purchase,2026-06-11 06:33:57.203543
4547,35.0,397,sess_4804,add_to_cart,2026-05-05 23:25:03.203543
4548,944.0,979,sess_788,purchase,2026-05-09 19:01:45.203543
4549,16.0,1041,sess_239,purchase,2025-11-30 01:06:55.203543
4550,476.0,775,sess_3827,view,2026-01-18 03:43:56.203543
4551,362.0,385,sess_3053,add_to_cart,2025-08-07 03:23:34.203543
4552,923.0,43,sess_147,view,2026-06-06 15:28:38.203543
4553,931.0,889,sess_1247,view,2026-02-26 04:34:53.203543
4554,879.0,1149,sess_738,purchase,2025-06-17 07:04:24.203543
4555,801.0,359,sess_719,purchase,2025-11-15 04:36:47.203543
4556,934.0,93,sess_2546,add_to_cart,invalid_timestamp
4557,1.0,571,sess_1745,purchase,2025-12-05 03:17:08.203543
4558,362.0,37,sess_4149,view,2026-01-12 17:41:55.203543
4559,1190.0,292,sess_367,purchase,2025-07-31 12:04:47.203543
4560,1154.0,201,sess_3309,view,2026-04-26 14:02:32.203543
4561,988.0,133,sess_2176,view,2025-08-28 14:01:35.203543
4562,250.0,950,sess_2351,view,2025-07-01 15:52:02.203543
4563,784.0,96,sess_852,purchase,2025-12-31 07:14:11.203543
4564,1029.0,1062,sess_3281,view,2025-06-30 11:18:59.203543
4565,1134.0,701,sess_1028,add_to_cart,2025-06-13 13:01:36.203543
176,894.0,200,sess_2349,add_to_cart,2026-04-02 21:07:56.203543
4567,380.0,1160,sess_3577,view,2025-06-16 15:50:35.203543
4568,592.0,1013,sess_4152,add_to_cart,2025-11-10 07:01:14.203543
4569,120.0,90,sess_2950,purchase,2025-06-14 15:03:38.203543
4570,499.0,580,sess_4070,add_to_cart,2025-09-29 19:12:28.203543
4571,631.0,1166,sess_3785,purchase,2025-09-20 22:02:04.203543
4572,,1124,sess_1023,view,2025-06-20 12:27:24.203543
4573,929.0,725,sess_523,view,2025-12-19 22:49:58.203543
4574,876.0,128,sess_2780,view,2025-11-06 01:47:09.203543
4575,98.0,476,sess_3940,view,2025-12-02 12:33:29.203543
4576,856.0,707,sess_848,add_to_cart,2026-03-13 07:22:05.203543
4577,1110.0,24,sess_3885,view,2026-03-08 16:33:15.203543
4578,1049.0,693,sess_143,purchase,2026-03-10 14:32:30.203543
4579,159.0,2,sess_2707,view,2026-03-01 11:51:02.203543
4580,943.0,872,sess_1997,view,2026-05-20 00:50:53.203543
4581,1133.0,320,sess_194,purchase,2026-03-23 19:47:17.203543
4582,893.0,260,sess_3058,add_to_cart,2026-01-30 10:18:05.203543
4583,602.0,1119,sess_2764,purchase,2026-04-11 16:24:17.203543
4584,1083.0,408,sess_3764,view,2025-06-17 13:20:07.203543
4585,302.0,945,sess_1245,purchase,2025-10-15 15:07:32.203543
4586,995.0,189,sess_3333,add_to_cart,2025-08-01 10:51:31.203543
4587,100.0,419,sess_3315,purchase,2025-08-30 18:33:43.203543
4588,700.0,821,,view,2026-04-21 05:40:10.203543
4589,233.0,123,sess_845,purchase,2025-10-02 00:17:22.203543
4590,750.0,975,sess_334,add_to_cart,2025-07-30 17:59:58.203543
4591,991.0,641,sess_3127,add_to_cart,2026-04-22 13:34:15.207677
4592,226.0,1197,sess_2318,add_to_cart,2026-05-18 13:49:24.207677
4593,428.0,500,sess_27,view,2025-12-01 08:17:18.207677
4594,274.0,913,sess_1675,view,2026-05-25 10:55:35.207677
4595,,533,sess_1758,purchase,2025-06-28 01:12:50.207677
4596,226.0,1057,sess_1455,add_to_cart,2026-02-06 16:10:41.207677
4597,209.0,825,sess_3767,purchase,invalid_timestamp
4598,516.0,520,sess_1137,purchase,2025-08-26 14:12:31.207677
4599,1191.0,130,sess_2496,view,2025-12-07 04:38:12.207677
4600,285.0,559,sess_4092,purchase,2026-05-28 15:37:07.207677
4601,969.0,850,sess_117,purchase,2025-06-23 04:58:41.207677
4602,1115.0,132,,purchase,2026-04-22 12:08:39.207677
4603,1141.0,79,,add_to_cart,2026-02-17 14:02:55.207677
4604,,1048,sess_3932,view,2026-02-02 13:38:09.207677
4605,,429,sess_819,add_to_cart,2025-07-17 18:53:00.207677
4606,781.0,769,sess_4439,add_to_cart,invalid_timestamp
4607,579.0,47,sess_2431,add_to_cart,2025-12-26 11:44:03.207677
4608,387.0,466,sess_3358,view,2026-03-17 09:04:47.207677
4609,594.0,1160,sess_3441,purchase,2025-12-19 08:35:07.207677
4610,695.0,506,sess_112,purchase,2026-01-18 14:42:10.207677
4611,482.0,1077,sess_2356,add_to_cart,2026-03-22 10:34:57.207677
4612,60.0,853,sess_410,add_to_cart,2026-01-23 19:39:18.207677
4613,996.0,178,sess_4530,add_to_cart,2026-06-06 17:43:43.207677
4614,613.0,22,sess_118,view,2025-12-24 11:10:15.207677
4615,685.0,815,sess_4532,purchase,2025-12-04 00:01:00.207677
4616,,437,sess_2685,add_to_cart,2026-04-02 15:39:10.207677
4617,997.0,496,sess_2625,purchase,2026-02-13 16:07:33.207677
4618,938.0,717,sess_4167,add_to_cart,2025-10-02 00:55:52.207677
4619,282.0,247,sess_4174,purchase,2026-05-07 00:43:08.207677
4620,110.0,258,sess_4427,view,2025-06-21 00:18:38.207677
4621,1119.0,161,sess_530,add_to_cart,2026-02-18 08:48:07.207677
4622,1019.0,1081,sess_2748,add_to_cart,2025-08-27 15:18:53.207677
4623,612.0,1039,sess_802,purchase,2025-07-01 18:12:11.207677
4624,727.0,1057,sess_2857,view,2025-11-21 19:19:25.207677
4625,394.0,987,sess_192,purchase,2025-07-06 07:17:13.207677
4626,1158.0,716,sess_2984,add_to_cart,2025-12-05 13:16:35.207677
4627,1166.0,1086,sess_426,view,2025-11-07 03:23:58.207677
4628,304.0,755,sess_2995,purchase,2026-04-18 03:17:12.207677
4629,537.0,1027,,view,2025-11-04 23:28:42.207677
4630,506.0,428,sess_4923,purchase,2025-07-15 21:46:54.207677
4631,159.0,713,sess_1959,add_to_cart,2025-12-24 02:02:59.207677
4632,728.0,324,sess_1987,view,2025-12-21 05:55:09.207677
4633,823.0,1081,sess_1440,add_to_cart,2025-09-16 05:40:35.207677
4634,893.0,540,sess_2046,add_to_cart,invalid_timestamp
4635,229.0,322,sess_1415,add_to_cart,2025-09-01 20:35:03.207677
4636,1041.0,613,sess_1900,purchase,2025-07-27 10:39:16.207677
4637,1029.0,1113,sess_2369,view,2026-03-14 13:34:43.207677
114,227.0,747,sess_1946,purchase,2026-03-16 13:06:13.207677
4639,489.0,397,sess_753,view,invalid_timestamp
4640,1053.0,834,sess_4728,view,2026-04-05 06:27:03.207677
4641,622.0,906,sess_1571,purchase,2025-07-09 06:07:58.207677
4642,26.0,934,sess_53,purchase,2025-08-01 01:14:09.207677
4643,702.0,181,sess_3415,add_to_cart,2025-06-22 00:37:48.207677
4644,654.0,11,sess_4161,view,2025-10-10 09:27:36.207677
4645,99.0,1018,sess_102,view,2025-09-16 07:42:23.207677
4646,1191.0,23,sess_4448,purchase,2026-06-01 07:51:59.207677
171,513.0,22,sess_1170,add_to_cart,2026-01-05 15:37:58.207677
4648,547.0,517,sess_135,view,2025-09-03 11:53:06.207677
4649,506.0,962,sess_1493,add_to_cart,2025-07-12 04:43:34.207677
4650,508.0,680,sess_4684,purchase,2026-04-04 19:07:21.207677
4651,229.0,1139,,purchase,2025-10-12 04:50:01.207677
4652,864.0,1017,sess_3068,add_to_cart,2026-03-14 03:51:23.207677
4653,918.0,1077,sess_2922,purchase,2025-08-28 06:23:07.207677
4654,18.0,1081,sess_1317,add_to_cart,2025-06-14 00:24:45.207677
4655,588.0,397,sess_2798,purchase,2026-05-01 13:16:31.207677
4656,958.0,843,sess_2001,view,2026-02-05 16:02:41.207677
4657,329.0,53,,purchase,2026-02-07 23:36:43.207677
4658,113.0,837,sess_2246,add_to_cart,2025-08-04 08:08:37.207677
4659,968.0,825,sess_36,view,2026-02-07 05:41:38.207677
4660,656.0,661,sess_507,add_to_cart,2025-08-27 10:03:41.207677
4661,782.0,232,sess_741,view,2025-10-02 08:34:38.207677
4662,925.0,881,sess_4359,view,2025-11-22 07:48:55.207677
4663,476.0,907,sess_3740,add_to_cart,2025-11-06 06:27:11.207677
4664,1121.0,542,sess_1119,purchase,2025-12-16 07:30:56.207677
4665,100.0,750,sess_3219,purchase,2026-05-11 12:33:15.207677
4666,10.0,235,sess_2697,purchase,2026-04-04 02:45:48.207677
4667,630.0,1130,sess_3961,add_to_cart,2025-12-18 10:21:08.207677
4668,594.0,841,sess_3297,purchase,2026-01-21 11:12:48.207677
4669,210.0,701,sess_266,purchase,2026-04-04 04:39:10.207677
4670,28.0,833,sess_253,add_to_cart,2025-12-29 17:41:45.207677
4671,987.0,837,sess_3708,add_to_cart,2026-06-08 04:00:51.207677
4672,1049.0,520,sess_653,purchase,2025-10-18 03:17:48.207677
4673,19.0,434,sess_3620,purchase,2026-01-26 09:15:12.207677
4674,215.0,224,sess_443,view,2025-10-10 14:13:04.207677
4675,926.0,232,sess_3766,add_to_cart,2026-05-28 11:09:50.207677
4676,765.0,135,sess_542,view,2025-11-28 11:56:30.207677
4677,238.0,561,sess_378,purchase,invalid_timestamp
4678,775.0,359,sess_3631,add_to_cart,2026-05-30 13:00:41.207677
4679,797.0,1121,sess_2140,add_to_cart,2026-03-09 08:08:54.207677
4680,1087.0,644,sess_4719,purchase,2026-02-11 05:12:27.207677
4681,,212,sess_4502,purchase,2025-12-05 22:28:56.207677
4682,,594,sess_3555,purchase,2025-12-11 02:52:51.207677
4683,307.0,311,sess_1205,purchase,2026-03-07 15:25:00.207677
4684,858.0,490,sess_2185,purchase,invalid_timestamp
4685,79.0,816,sess_2424,add_to_cart,2026-01-01 14:36:11.207677
4686,23.0,418,sess_1163,purchase,2025-11-23 18:15:05.207677
4687,489.0,1047,sess_38,add_to_cart,2025-09-02 23:37:14.207677
4688,847.0,845,sess_3272,add_to_cart,2026-02-10 15:54:28.207677
4689,1057.0,479,sess_4926,purchase,2025-09-15 14:33:33.207677
4690,1196.0,438,sess_2669,view,2025-07-11 06:38:32.207677
4691,22.0,895,sess_2230,add_to_cart,2026-04-15 10:26:45.207677
4692,873.0,767,sess_4618,add_to_cart,2025-12-13 05:00:07.207677
4693,125.0,1095,sess_309,add_to_cart,invalid_timestamp
4694,677.0,786,sess_891,add_to_cart,2025-10-01 02:28:01.207677
4695,575.0,44,sess_1797,purchase,2025-07-31 05:20:09.207677
4696,309.0,99,sess_1971,add_to_cart,2026-02-20 00:28:07.207677
4697,60.0,771,sess_4313,add_to_cart,2025-08-12 20:20:14.207677
4698,1115.0,1175,sess_1299,purchase,2025-08-29 02:57:03.207677
4699,526.0,146,sess_2700,add_to_cart,2025-09-28 20:45:48.207677
4700,354.0,596,sess_2244,view,2026-05-30 05:37:28.207677
4701,801.0,57,sess_4147,purchase,2026-05-06 22:03:57.207677
4702,529.0,733,sess_4662,view,2026-02-28 21:10:34.207677
163,867.0,135,sess_162,view,2026-03-18 09:48:48.207677
4704,475.0,801,sess_2965,view,2025-09-05 08:11:00.207677
4705,999.0,548,sess_215,view,2026-04-15 10:00:12.207677
4706,140.0,884,sess_114,purchase,2025-09-14 07:34:53.207677
4707,310.0,683,sess_4585,purchase,2026-04-03 08:18:17.207677
4708,861.0,517,sess_4458,add_to_cart,2025-06-16 20:29:56.207677
4709,1172.0,157,sess_1776,purchase,2025-09-29 15:53:16.207677
29,319.0,58,sess_1775,add_to_cart,2025-12-10 15:17:34.207677
4711,369.0,605,sess_3275,purchase,2025-09-01 20:50:59.207677
4712,735.0,899,sess_1546,purchase,2026-03-23 06:41:31.207677
4713,147.0,521,sess_3215,purchase,2026-05-29 23:03:01.207677
4714,838.0,980,sess_2822,view,2026-01-01 06:03:28.207677
4715,820.0,585,sess_4843,view,2025-06-23 12:14:37.207677
4716,132.0,798,sess_3523,add_to_cart,2026-04-30 15:00:46.207677
4717,1119.0,351,sess_1956,add_to_cart,2025-08-12 01:14:36.207677
4718,19.0,121,sess_2627,add_to_cart,2025-08-07 08:34:05.207677
4719,955.0,1196,sess_4872,add_to_cart,2025-11-26 10:25:46.207677
4720,605.0,543,sess_2729,view,2026-04-04 10:22:32.207677
4721,1148.0,65,sess_1044,add_to_cart,2025-11-24 00:34:37.207677
4722,988.0,772,sess_992,purchase,2025-12-26 05:44:08.207677
4723,180.0,1044,sess_3373,add_to_cart,2025-11-12 21:01:37.207677
4724,840.0,161,sess_4690,add_to_cart,2025-07-31 23:40:47.207677
4725,37.0,787,sess_4477,purchase,2025-09-14 00:43:37.207677
4726,20.0,30,sess_670,add_to_cart,2026-02-04 18:59:38.207677
4727,985.0,795,sess_438,view,2026-04-16 13:27:41.207677
4728,9.0,1187,sess_272,view,2026-06-01 09:28:04.207677
4729,334.0,599,sess_1080,add_to_cart,2025-11-23 11:23:13.207677
4730,29.0,768,sess_4736,view,2026-06-07 03:58:42.207677
4731,618.0,1078,sess_3617,add_to_cart,2026-04-04 00:00:33.207677
4732,116.0,456,sess_2809,purchase,2025-09-20 19:45:19.207677
4733,961.0,603,sess_2116,add_to_cart,2025-08-07 10:33:45.207677
4734,,1072,sess_2405,purchase,2025-12-14 17:00:41.207677
4735,146.0,328,sess_3724,purchase,2026-03-26 20:00:30.207677
4736,639.0,505,sess_231,purchase,2025-09-22 06:50:07.207677
4737,7.0,218,sess_4737,add_to_cart,2025-09-24 20:27:11.207677
4738,22.0,1055,,purchase,2025-08-21 09:40:10.207677
4739,382.0,104,sess_3155,purchase,invalid_timestamp
4740,943.0,880,sess_813,purchase,2026-03-21 01:50:20.209185
4741,800.0,281,sess_1434,view,2026-01-20 06:05:38.209185
4742,450.0,1118,sess_547,view,2025-09-22 00:41:37.209185
4743,1021.0,423,,purchase,2025-09-25 13:46:52.209185
4744,547.0,218,sess_4887,purchase,2025-06-18 16:13:34.209185
4745,1196.0,1150,sess_4059,view,2026-04-12 01:43:28.209185
4746,422.0,487,sess_4369,add_to_cart,2025-09-05 01:39:22.209185
4747,722.0,841,sess_4698,view,2025-12-21 09:44:44.209185
4748,74.0,462,sess_1560,add_to_cart,2026-02-18 07:39:05.209185
4749,528.0,187,sess_3771,add_to_cart,2026-01-17 19:03:49.209185
4750,532.0,92,sess_4658,purchase,2025-08-19 09:17:55.209185
4751,589.0,1069,sess_1583,view,2025-10-08 15:36:46.209185
4752,695.0,652,sess_2746,purchase,2025-07-05 09:44:55.209185
63,1094.0,236,sess_642,add_to_cart,2025-07-07 02:29:15.209185
4754,571.0,79,,view,invalid_timestamp
4755,794.0,1179,sess_53,add_to_cart,2026-03-08 06:13:12.209185
4756,484.0,734,sess_181,purchase,2026-04-04 03:39:17.209185
4757,900.0,253,sess_4580,add_to_cart,2026-02-15 12:07:47.209185
4758,435.0,760,sess_1083,purchase,2026-01-27 06:38:26.209185
4759,487.0,1117,sess_1985,purchase,invalid_timestamp
4760,950.0,622,sess_3070,purchase,2025-12-24 11:28:44.209185
4761,694.0,806,sess_2092,purchase,2025-12-13 16:14:10.209185
4762,,1008,sess_554,purchase,2025-07-14 04:11:56.209185
4763,,309,sess_2374,view,2025-06-25 07:10:55.209185
4764,337.0,737,sess_3017,add_to_cart,2025-10-30 21:48:28.209185
4765,640.0,179,sess_3060,view,2025-10-24 03:03:09.209185
4766,516.0,964,sess_2540,add_to_cart,2026-01-02 16:01:26.209185
4767,1012.0,1172,sess_4683,purchase,2026-06-08 12:32:48.209185
4768,460.0,187,sess_1552,add_to_cart,2025-07-10 06:53:12.209185
150,791.0,1067,sess_4871,add_to_cart,2025-12-30 22:59:25.209185
4770,221.0,243,sess_902,add_to_cart,2025-12-03 15:33:52.209185
4771,1078.0,142,sess_3591,add_to_cart,2026-03-30 08:58:11.209185
4772,792.0,635,sess_2547,purchase,invalid_timestamp
4773,15.0,48,sess_3312,view,2025-11-23 12:46:00.209185
4774,884.0,445,sess_2182,view,2026-04-22 16:09:33.209185
4775,273.0,534,sess_236,view,2025-11-12 00:30:02.209185
4776,495.0,665,sess_4415,add_to_cart,2026-02-03 17:55:49.209185
4777,311.0,674,sess_483,view,2025-09-07 04:34:35.209185
4778,190.0,123,sess_1253,purchase,2025-07-01 22:33:34.209185
4779,452.0,131,sess_2721,view,2026-02-13 04:09:45.209185
4780,383.0,1004,sess_1779,add_to_cart,2025-09-22 08:59:59.209185
4781,1132.0,755,sess_527,add_to_cart,2026-05-13 03:46:52.209185
4782,806.0,904,sess_3937,view,2025-12-04 12:34:18.209185
4783,396.0,51,sess_2619,purchase,2026-05-23 23:38:47.209185
4784,22.0,391,sess_1903,add_to_cart,2026-05-13 17:51:13.209185
4785,912.0,335,,view,2025-09-30 04:46:43.209185
4786,877.0,5,sess_3770,add_to_cart,2026-01-05 06:30:42.209185
4787,1077.0,379,sess_1205,add_to_cart,2025-12-21 22:55:43.209185
4788,955.0,892,sess_3027,add_to_cart,2025-11-04 15:40:01.209185
4789,116.0,954,sess_1263,add_to_cart,2026-05-31 16:11:06.209185
4790,1153.0,635,sess_1174,add_to_cart,2025-10-28 12:05:32.209185
4791,479.0,438,sess_4311,purchase,2026-04-22 11:56:43.209185
4792,965.0,175,sess_4047,view,2026-04-06 14:22:42.209185
4793,821.0,1057,sess_2038,purchase,2026-04-15 15:10:05.209185
4794,707.0,1118,sess_1337,view,2025-08-05 12:42:53.209185
4795,510.0,126,sess_635,view,2026-01-03 12:36:45.209185
4796,156.0,903,sess_1828,purchase,2026-03-21 02:44:00.209185
4797,879.0,939,sess_837,view,invalid_timestamp
4798,747.0,78,sess_1769,add_to_cart,invalid_timestamp
4799,186.0,1174,sess_2849,view,2026-04-03 05:04:57.209185
4800,974.0,699,sess_2641,view,2026-01-21 12:22:12.209185
4801,168.0,622,,view,2025-07-07 22:19:06.209185
4802,823.0,198,sess_3969,purchase,2026-05-04 17:45:03.209185
4803,1085.0,605,sess_3745,purchase,2025-08-12 23:40:48.209185
4804,656.0,694,sess_4929,purchase,2026-01-21 00:42:00.209185
4805,332.0,16,sess_599,purchase,2026-04-28 22:16:29.209185
126,510.0,998,sess_2919,purchase,2025-09-07 09:39:18.209185
4807,936.0,1197,sess_3656,view,2025-08-18 02:25:52.209185
4808,481.0,608,sess_1633,purchase,2025-08-30 11:53:15.209185
4809,466.0,1188,sess_3370,add_to_cart,2025-08-01 22:11:07.209185
4810,922.0,896,,purchase,2025-10-06 04:20:52.209185
4811,841.0,484,sess_3622,add_to_cart,2026-01-13 08:08:31.209185
4812,1100.0,171,sess_2598,add_to_cart,2025-11-13 15:04:58.209185
4813,229.0,266,sess_1273,add_to_cart,2026-03-25 10:33:22.209185
4814,30.0,1105,sess_1383,view,2026-02-09 06:50:16.209185
4815,55.0,1023,sess_2448,view,2025-08-03 08:36:23.209185
4816,1032.0,481,sess_3908,add_to_cart,2025-08-07 09:07:57.209185
4817,467.0,57,sess_3174,view,2026-02-03 19:29:01.209185
4818,227.0,962,sess_3189,view,2025-12-02 20:25:17.209185
4819,301.0,971,sess_2810,add_to_cart,2026-03-12 23:33:38.209185
4820,868.0,658,sess_3299,add_to_cart,2025-10-26 08:34:05.209185
4821,584.0,33,sess_4108,add_to_cart,2025-06-15 16:34:34.209185
4822,1018.0,608,sess_95,add_to_cart,2025-12-30 20:49:00.209185
184,157.0,957,,purchase,2025-07-02 23:53:16.209185
4824,617.0,425,sess_179,purchase,2026-01-26 17:49:23.209185
4825,523.0,398,sess_3042,add_to_cart,invalid_timestamp
4826,,1009,sess_1986,add_to_cart,2026-05-11 10:05:28.209185
4827,822.0,157,sess_4504,add_to_cart,2026-02-04 01:22:03.209185
4828,270.0,417,sess_1566,view,2026-01-09 06:18:27.209185
4829,120.0,15,sess_2623,view,invalid_timestamp
4830,12.0,440,sess_1554,add_to_cart,2025-07-14 09:43:12.209185
4831,640.0,228,sess_3194,purchase,2025-11-27 01:12:34.209185
4832,802.0,695,sess_4341,view,2025-06-30 20:17:32.209185
4833,257.0,1007,sess_1439,purchase,2025-11-11 17:23:47.209185
4834,1105.0,1042,sess_3648,add_to_cart,2026-04-04 04:06:24.209185
4835,394.0,786,sess_1863,view,2025-06-29 10:18:12.209185
4836,236.0,1049,sess_3094,view,invalid_timestamp
4837,1033.0,296,sess_1700,add_to_cart,2026-05-29 17:42:55.209185
4838,653.0,280,sess_965,purchase,2025-08-20 01:20:01.209185
4839,985.0,3,sess_3223,add_to_cart,2025-10-03 07:38:50.209185
4840,1031.0,653,sess_2751,purchase,2025-12-05 15:44:26.209185
4841,410.0,435,sess_2416,purchase,2026-02-19 22:15:50.209185
4842,651.0,449,sess_1099,add_to_cart,2025-11-21 15:54:56.209185
4843,941.0,333,sess_1813,add_to_cart,2026-02-08 13:57:44.209185
4844,342.0,876,sess_2787,add_to_cart,2026-06-04 17:42:05.209185
4845,,58,sess_2701,purchase,2025-08-16 20:35:14.209185
4846,585.0,697,sess_4488,purchase,2026-01-07 01:36:51.209185
4847,658.0,110,sess_4979,view,2026-02-16 07:05:01.209185
4848,2.0,294,sess_2988,add_to_cart,2025-08-18 08:20:32.209185
4849,674.0,200,sess_2575,purchase,2025-07-26 21:09:22.209185
171,207.0,204,sess_537,purchase,2025-07-28 19:54:42.209185
4851,607.0,67,sess_4205,add_to_cart,2025-08-18 05:21:21.209185
4852,1082.0,893,sess_2029,view,2025-07-01 10:10:50.209185
4853,446.0,139,sess_4271,purchase,2026-01-12 03:41:48.209185
4854,1160.0,231,sess_4764,add_to_cart,2026-05-31 15:33:23.209185
4855,1128.0,719,sess_4437,add_to_cart,2025-09-22 15:51:04.209185
4856,598.0,946,sess_4601,add_to_cart,2025-06-26 03:38:33.209185
4857,8.0,91,sess_409,purchase,2025-12-13 05:41:31.209185
4858,187.0,590,sess_4878,add_to_cart,2025-09-25 10:13:11.209185
4859,246.0,446,sess_2073,view,invalid_timestamp
4860,604.0,295,sess_722,purchase,2026-01-22 15:59:17.209185
4861,414.0,436,sess_1962,add_to_cart,2025-07-11 12:38:02.209185
4862,789.0,539,sess_4942,view,2025-06-28 11:48:23.209185
4863,,607,sess_1482,view,2025-11-05 12:54:04.209185
4864,629.0,709,sess_740,purchase,2025-08-20 03:21:37.209185
4865,640.0,439,sess_2976,add_to_cart,2025-10-17 21:51:39.209185
4866,27.0,687,sess_338,view,2025-10-29 21:04:08.209185
4867,1144.0,896,sess_3870,purchase,2026-02-09 12:05:32.209185
4868,721.0,454,sess_3629,add_to_cart,2026-04-24 03:48:32.209185
4869,561.0,881,sess_2414,view,2025-08-21 06:07:33.209185
4870,569.0,783,sess_2027,add_to_cart,2026-03-27 12:50:02.209185
4871,,1033,sess_4725,purchase,2026-01-19 12:13:53.209185
4872,,229,sess_2065,purchase,2026-04-14 01:27:24.209185
4873,463.0,255,sess_4568,purchase,2025-09-29 14:37:52.209185
4874,162.0,1070,sess_4655,purchase,2025-06-12 18:28:23.209185
4875,1173.0,632,sess_188,view,2025-12-31 12:07:05.209185
4876,114.0,376,sess_2479,add_to_cart,2025-08-30 18:57:14.209185
4877,721.0,377,sess_987,add_to_cart,2025-08-12 18:57:07.209185
4878,1167.0,997,,add_to_cart,2026-02-08 05:06:02.209185
4879,535.0,83,sess_842,view,2025-07-26 00:50:59.209185
4880,344.0,62,sess_3720,view,2025-09-14 17:41:34.209185
4881,935.0,419,sess_2893,purchase,2025-12-19 22:20:12.209185
4882,429.0,980,sess_182,purchase,2026-01-22 14:33:37.209185
4883,64.0,569,sess_1691,view,2025-11-13 20:58:10.209185
4884,616.0,323,sess_1690,add_to_cart,2026-05-29 18:13:52.209185
4885,341.0,686,sess_3259,view,2025-09-27 19:27:24.209185
4886,958.0,277,sess_959,add_to_cart,2025-09-03 09:06:38.209185
4887,252.0,320,sess_4412,purchase,2025-10-19 11:22:58.209185
4888,251.0,306,sess_4788,purchase,2025-07-14 06:42:02.209185
4889,450.0,651,sess_4448,purchase,2026-05-25 13:19:04.209185
4890,250.0,1001,sess_3607,view,2025-07-20 14:20:52.209185
4891,1088.0,472,sess_434,view,2026-02-02 17:29:33.209185
4892,674.0,350,sess_4901,add_to_cart,2025-10-31 18:12:36.209185
4893,1094.0,651,sess_3321,add_to_cart,2025-12-09 16:14:29.209185
4894,626.0,231,sess_261,view,2025-11-21 05:40:32.209185
4895,1055.0,23,sess_537,view,2025-07-08 19:59:37.209185
4896,1200.0,412,,add_to_cart,2025-06-27 13:51:30.209185
4897,399.0,45,,purchase,2025-08-11 10:47:14.209185
4898,372.0,863,sess_732,view,2025-06-24 09:38:58.209185
4899,1031.0,946,sess_942,purchase,2026-01-30 20:34:51.209185
4900,1008.0,407,sess_4143,add_to_cart,2025-10-19 04:42:47.209185
4901,281.0,1047,sess_1632,purchase,2026-04-21 15:27:07.209185
4902,833.0,560,sess_4383,purchase,2026-01-23 19:47:57.209185
4903,119.0,767,sess_2983,view,2025-11-18 09:11:42.209185
4904,604.0,884,sess_4167,view,2025-12-31 05:36:47.209185
4905,385.0,949,sess_2013,add_to_cart,2025-07-30 22:55:44.209185
4906,238.0,754,sess_4976,purchase,2026-02-12 20:01:10.209185
4907,494.0,1084,sess_2194,purchase,2025-07-19 01:36:37.209185
4908,66.0,503,sess_1315,purchase,2025-09-18 08:24:12.209185
4909,266.0,59,sess_1781,purchase,2026-05-02 05:28:37.209185
4910,171.0,285,,add_to_cart,2025-12-04 07:18:17.209185
4911,,1046,sess_2095,view,2025-08-09 19:12:06.209185
4912,,751,sess_3341,add_to_cart,2025-11-03 17:58:59.209185
4913,1040.0,555,sess_3357,view,2026-05-09 16:08:41.209185
4914,1190.0,1083,sess_2243,add_to_cart,2025-07-27 20:46:19.209185
4915,760.0,1037,sess_831,purchase,2025-07-24 20:11:59.209185
4916,514.0,234,sess_1272,view,2025-10-27 20:30:40.209185
4917,143.0,292,sess_517,view,2026-05-20 22:40:15.209185
4918,125.0,547,,purchase,2025-09-01 15:54:09.209185
4919,,408,sess_2959,purchase,2025-07-13 18:00:37.209185
4920,936.0,113,sess_804,view,invalid_timestamp
4,179.0,6,sess_4930,add_to_cart,2025-07-12 16:04:52.209185
4922,111.0,1065,sess_782,add_to_cart,2025-11-23 06:05:40.209185
4923,949.0,647,sess_4482,purchase,invalid_timestamp
1,777.0,939,sess_3202,purchase,2026-05-03 14:26:16.209185
4925,1153.0,400,sess_4469,view,2026-06-04 19:22:16.209185
4926,376.0,696,sess_2298,view,2025-12-12 08:13:26.209185
4927,1018.0,809,sess_556,purchase,2025-12-17 10:49:57.209185
4928,85.0,272,sess_1742,add_to_cart,2026-04-30 01:43:25.209185
4929,816.0,26,sess_1858,add_to_cart,2025-10-31 23:31:33.209185
4930,1009.0,815,sess_3228,add_to_cart,2025-09-13 10:12:35.209185
4931,326.0,814,sess_4361,purchase,2025-07-30 23:58:46.209185
4932,1023.0,750,sess_1321,purchase,2025-12-10 22:23:55.209185
4933,249.0,280,sess_1153,view,2025-09-18 00:15:27.209185
4934,75.0,1150,sess_1816,add_to_cart,2026-02-12 23:27:44.209185
4935,1131.0,180,sess_512,add_to_cart,2026-05-28 14:13:17.209185
4936,656.0,1022,sess_4341,view,2025-08-14 16:14:14.209185
4937,252.0,764,sess_4762,view,2025-09-14 09:41:43.209185
4938,228.0,887,sess_4327,view,2025-10-29 08:27:33.209185
4939,1166.0,112,sess_4354,view,2025-09-12 16:30:32.209185
4940,979.0,41,sess_249,add_to_cart,2025-07-23 08:11:18.209185
4941,854.0,297,sess_3645,purchase,2025-12-15 18:23:47.209185
4942,803.0,1079,sess_2023,add_to_cart,2025-09-01 16:06:20.209185
4943,561.0,1184,sess_124,add_to_cart,2025-09-15 16:15:13.209185
20,530.0,146,sess_1544,view,2026-02-25 12:54:21.209185
4945,785.0,513,sess_3248,purchase,2025-06-30 16:22:37.209185
4946,178.0,1098,sess_3338,add_to_cart,2025-11-20 11:22:29.209185
4947,562.0,1133,sess_2726,purchase,2025-06-22 15:11:11.209185
4948,267.0,150,sess_2476,view,2026-05-21 02:46:04.209185
102,285.0,212,sess_4997,purchase,2026-02-27 02:03:07.209185
4950,542.0,35,sess_958,purchase,2025-10-23 02:23:54.209185
4951,932.0,131,sess_3824,view,2026-02-11 07:25:57.209185
4952,410.0,23,sess_4464,view,2025-08-09 23:02:27.209185
4953,327.0,1107,sess_3825,view,invalid_timestamp
4954,774.0,704,sess_1950,purchase,2025-10-31 05:09:58.209185
4955,152.0,352,sess_3189,view,invalid_timestamp
4956,143.0,976,sess_2346,purchase,2025-06-13 20:29:55.209185
4957,617.0,171,sess_136,add_to_cart,2025-07-10 01:11:10.209185
4958,426.0,392,sess_3620,view,2025-09-04 17:56:14.209185
4959,604.0,412,sess_3267,add_to_cart,2026-04-26 19:21:08.209185
4960,710.0,562,sess_1809,view,2026-01-31 02:40:37.209185
4961,,295,sess_2660,view,2025-11-11 12:30:59.209185
4962,888.0,973,sess_2014,add_to_cart,2025-12-24 18:48:25.209185
4963,165.0,302,sess_4422,view,2026-01-27 17:13:43.209185
4964,436.0,564,sess_3147,add_to_cart,invalid_timestamp
4965,271.0,748,sess_3337,view,2025-10-30 16:50:56.209185
4966,1023.0,510,sess_756,purchase,2025-11-13 15:46:20.209185
4967,74.0,655,sess_4516,add_to_cart,2025-10-16 19:41:32.209185
4968,232.0,475,sess_4386,view,2026-05-04 07:39:45.209185
4969,1084.0,1062,sess_3568,view,2025-11-03 15:52:38.209185
4970,673.0,312,sess_86,purchase,2025-10-02 18:16:02.209185
4971,674.0,94,sess_1683,purchase,2025-08-11 10:18:24.209185
4972,126.0,793,sess_3754,add_to_cart,2025-10-07 16:05:30.209185
4973,1187.0,454,sess_1993,add_to_cart,2025-09-23 19:58:16.209185
4974,210.0,467,sess_3435,add_to_cart,2025-06-12 00:07:55.209185
4975,1196.0,1026,sess_2969,purchase,2025-07-17 02:30:32.209185
4976,386.0,194,sess_1439,purchase,2025-11-06 08:02:39.209185
4977,1012.0,668,sess_1596,view,2026-01-21 23:24:54.209185
4978,659.0,514,sess_495,purchase,2025-10-23 17:46:47.209185
4979,502.0,1133,sess_1904,view,2026-04-12 13:50:16.209185
4980,,265,sess_2232,view,2025-08-28 07:26:04.209185
4981,622.0,157,sess_243,purchase,2026-02-10 19:06:18.209185
4982,1051.0,979,sess_4150,view,2026-01-30 15:30:41.209185
4983,1193.0,777,,purchase,2025-12-15 21:06:20.209185
4984,,632,sess_527,view,2026-02-24 08:42:58.209185
4985,975.0,1198,sess_350,purchase,2025-12-27 10:14:06.209185
4986,704.0,1052,sess_1600,add_to_cart,2026-04-27 08:38:22.209185
4987,159.0,224,sess_2448,view,2025-11-04 14:48:34.209185
4988,250.0,1111,sess_4710,add_to_cart,2025-10-25 05:07:45.209185
4989,157.0,423,sess_3498,add_to_cart,2026-05-08 10:11:19.209185
4990,117.0,900,sess_2699,view,2025-09-01 20:15:30.209185
4991,278.0,574,sess_2076,purchase,2026-06-09 08:59:09.209185
4992,1189.0,1041,sess_2531,add_to_cart,2026-02-12 13:35:54.209185
4993,418.0,813,sess_934,add_to_cart,2026-04-15 16:12:36.209185
4994,160.0,1012,sess_2852,purchase,2026-02-24 02:19:13.209185
4995,1189.0,413,sess_1423,purchase,2026-04-15 02:34:34.209185
4996,778.0,899,sess_4205,purchase,2026-03-30 20:50:56.209185
4997,,425,sess_3247,purchase,2026-04-02 16:35:20.209185
4998,442.0,454,sess_1858,view,2025-10-29 01:22:51.209185
4999,780.0,456,sess_4605,purchase,2026-04-04 21:17:40.209185
5000,150.0,238,sess_3539,view,2025-12-06 12:47:51.209185
5001,404.0,42,sess_3865,add_to_cart,2025-12-04 09:21:12.209185
13,1032.0,1006,sess_3559,purchase,2025-09-30 12:34:17.209185
5003,1135.0,103,sess_4406,purchase,2025-06-30 20:02:54.209185
5004,795.0,31,sess_3026,purchase,2025-09-25 14:45:18.209185
5005,1147.0,1094,sess_3241,purchase,2025-11-28 20:48:59.209185
5006,884.0,1053,sess_172,add_to_cart,2026-03-27 13:07:34.209185
5007,782.0,1029,sess_590,view,2026-04-26 09:43:04.209185
5008,259.0,950,sess_4166,add_to_cart,2025-09-07 10:56:30.209185
5009,917.0,409,sess_2479,view,2026-04-10 18:26:15.209185
5010,204.0,607,sess_4595,purchase,2026-01-19 18:06:35.209185
5011,1191.0,907,sess_1616,view,2026-02-15 14:15:03.209185
5012,610.0,675,,purchase,2026-06-06 19:45:42.209185
5013,1014.0,1155,sess_1816,purchase,2025-07-04 04:26:43.209185
5014,1133.0,474,sess_475,view,2025-12-09 17:05:55.209185
5015,733.0,598,sess_3827,purchase,2026-04-29 03:59:37.209185
5016,1152.0,1189,sess_4647,view,2026-05-26 04:20:18.209185
5017,520.0,852,sess_3327,purchase,2025-09-19 07:45:36.209185
5018,859.0,355,sess_1432,add_to_cart,invalid_timestamp
5019,409.0,866,sess_4077,view,2025-08-05 17:43:14.209185
5020,559.0,728,sess_3550,view,2025-12-28 20:20:31.209185
5021,257.0,551,sess_4656,view,2026-03-18 17:05:21.209185
5022,718.0,31,sess_1800,view,2026-06-06 17:42:50.209185
123,831.0,1144,sess_891,add_to_cart,2025-07-19 06:45:36.209185
5024,893.0,1157,sess_3892,add_to_cart,2025-12-06 17:38:24.209185
5025,458.0,1002,sess_3353,add_to_cart,2025-11-14 23:58:56.209185
5026,692.0,698,sess_1380,add_to_cart,2026-03-21 17:38:30.209185
5027,,346,sess_3761,purchase,2026-06-09 11:03:50.209185
123,530.0,647,sess_774,purchase,2026-01-04 12:53:35.209185
5029,1199.0,975,sess_4470,purchase,2026-03-15 17:50:37.209185
5030,757.0,154,,purchase,2025-08-20 07:31:49.209185
5031,,614,sess_443,add_to_cart,2026-01-25 18:50:20.209185
5032,847.0,843,,view,2025-10-25 05:50:06.209185
5033,1191.0,742,sess_2822,add_to_cart,2025-10-29 11:48:42.209185
5034,465.0,198,sess_4230,purchase,2025-12-31 02:18:56.209185
5035,718.0,143,sess_2828,view,2025-09-17 11:31:46.209185
5036,531.0,689,sess_4339,view,2025-10-26 16:27:21.209185
5037,356.0,162,sess_4882,purchase,2025-09-15 12:44:40.209185
5038,901.0,58,sess_2250,view,2025-12-09 11:48:22.209185
5039,133.0,422,sess_4033,add_to_cart,2025-06-24 07:45:22.209185
5040,751.0,497,sess_3239,purchase,2025-12-22 21:44:06.209185
5041,104.0,32,sess_3811,purchase,2026-02-22 22:53:40.209185
5042,762.0,289,sess_3133,add_to_cart,2026-01-05 10:30:17.209185
5043,583.0,442,sess_1409,view,2025-12-11 04:59:23.209185
76,286.0,491,sess_3059,view,2025-11-30 11:49:06.209185
5045,1021.0,790,sess_629,purchase,2025-10-27 10:57:41.209185
5046,290.0,1015,sess_744,add_to_cart,2026-02-16 15:16:27.209185
5047,1134.0,220,sess_2392,purchase,2026-05-28 18:53:12.209185
5048,778.0,276,,view,2025-12-09 06:46:07.209185
5049,662.0,262,sess_1266,purchase,2026-02-09 20:20:00.209185
5050,1140.0,1051,sess_180,purchase,2026-05-29 01:57:02.209185
5051,171.0,238,sess_4773,purchase,2026-03-31 04:32:35.209185
5052,749.0,830,sess_2244,view,2026-06-11 21:55:19.209185
5053,36.0,1122,sess_1249,purchase,2026-04-04 19:58:41.209185
5054,747.0,691,sess_2916,add_to_cart,2026-03-10 19:57:34.209185
5055,1093.0,983,sess_4495,add_to_cart,2025-12-09 07:08:21.209185
5056,1162.0,948,sess_491,add_to_cart,invalid_timestamp
5057,352.0,744,sess_2936,view,2026-01-21 11:51:43.209185
5058,481.0,524,sess_159,view,2026-05-31 15:00:21.209185
5059,828.0,159,sess_2767,add_to_cart,2025-11-19 02:45:05.209185
5060,,50,sess_2433,purchase,2026-05-14 14:22:22.209185
5061,99.0,1069,sess_3420,purchase,2025-09-22 18:28:18.209185
5062,1174.0,924,sess_954,purchase,2025-12-17 14:11:41.209185
5063,955.0,989,sess_348,purchase,2026-05-16 03:43:40.209185
5064,88.0,1061,sess_4668,view,2026-03-01 04:03:07.209185
5065,189.0,62,sess_1488,add_to_cart,2026-04-20 02:14:39.209185
5066,,1052,sess_4620,purchase,2026-01-12 10:52:20.209185
5067,371.0,740,sess_4074,view,2026-05-03 20:37:10.209185
5068,44.0,312,sess_187,add_to_cart,2025-07-05 01:56:33.209185
5069,234.0,447,sess_4495,add_to_cart,2026-04-15 05:07:15.209185
5070,1061.0,468,sess_124,add_to_cart,2025-10-03 02:48:19.209185
5071,1107.0,379,sess_1572,view,2025-06-20 09:43:08.209185
5072,401.0,284,sess_3782,add_to_cart,2025-11-20 05:26:31.209185
5073,510.0,393,sess_1141,add_to_cart,2025-11-21 07:55:18.209185
5074,513.0,361,sess_2177,view,invalid_timestamp
5075,596.0,648,sess_4412,add_to_cart,2026-01-29 14:17:08.209185
5076,1030.0,207,sess_4442,add_to_cart,2026-03-27 10:53:56.209185
5077,521.0,875,sess_1122,view,2025-10-18 14:07:51.209185
5078,481.0,1104,sess_2913,add_to_cart,2025-07-11 04:33:20.209185
5079,776.0,575,sess_1363,add_to_cart,2025-10-11 07:43:36.209185
5080,49.0,292,,add_to_cart,2026-04-23 06:19:34.209185
5081,237.0,348,sess_4473,view,2026-06-07 18:05:06.209185
5082,623.0,582,,add_to_cart,2026-03-24 00:12:13.209185
5083,1115.0,266,sess_2419,view,2025-10-15 19:41:57.209185
5084,614.0,1178,sess_2590,view,2025-09-11 19:32:43.209185
5085,942.0,436,sess_1543,add_to_cart,2026-03-07 23:14:11.209185
5086,958.0,131,sess_2069,view,2025-06-23 22:34:48.209185
5087,343.0,315,sess_4731,view,2026-04-18 11:59:00.209185
5088,630.0,188,sess_57,add_to_cart,2025-08-06 09:33:45.209185
5089,185.0,860,sess_2911,view,2026-05-06 18:25:47.209185
5090,365.0,62,sess_446,view,2025-12-17 18:27:37.209185
5091,569.0,71,sess_3106,purchase,2025-11-17 16:24:37.209185
5092,468.0,426,sess_596,purchase,2025-08-20 22:04:48.209185
5093,727.0,756,sess_2249,purchase,2026-02-05 01:58:44.209185
5094,1092.0,754,sess_1451,purchase,2025-11-19 21:12:06.209185
5095,728.0,9,sess_3988,add_to_cart,2025-07-10 19:03:44.209185
5096,257.0,505,sess_3925,add_to_cart,2026-01-23 15:30:18.209185
5097,802.0,310,sess_4566,purchase,2025-10-04 09:33:18.209185
5098,239.0,1133,sess_1185,view,2025-07-02 10:35:25.209185
5099,850.0,322,sess_1097,purchase,2026-05-08 16:25:49.209185
5100,1130.0,830,sess_1435,view,2025-10-27 14:49:48.209185
5101,599.0,451,sess_4956,add_to_cart,2025-07-21 23:33:01.209185
5102,1158.0,371,sess_805,view,2025-08-19 20:49:22.209185
5103,994.0,74,sess_1644,view,2026-04-18 22:47:59.209185
5104,214.0,334,sess_599,purchase,2025-09-27 20:49:48.209185
5105,98.0,526,sess_690,purchase,2026-04-04 14:21:52.209185
5106,603.0,986,sess_4115,purchase,2026-05-03 09:57:23.209185
5107,327.0,149,sess_3457,add_to_cart,2025-12-26 10:14:55.209185
5108,208.0,503,sess_1975,purchase,2025-07-19 00:37:18.209185
5109,113.0,264,sess_4291,purchase,2026-03-27 08:57:28.209185
5110,360.0,698,sess_1444,view,2026-01-15 21:45:01.209185
5111,,1139,sess_448,purchase,2026-01-20 13:54:33.209185
5112,423.0,498,sess_3628,purchase,2025-10-12 18:51:28.209185
5113,681.0,1093,sess_4016,add_to_cart,2025-09-01 05:41:40.209185
5114,3.0,1045,,view,2025-11-17 00:02:08.209185
5115,544.0,902,sess_3489,view,2026-03-16 14:00:37.209185
5116,,327,sess_3381,purchase,2025-12-16 13:20:50.209185
5117,944.0,229,sess_4939,add_to_cart,2026-01-29 18:47:18.209185
5118,644.0,359,sess_869,view,2025-12-14 12:25:53.209185
5119,645.0,456,sess_1223,purchase,2026-03-24 09:21:02.209185
5120,849.0,654,,add_to_cart,2025-06-29 15:00:45.209185
5121,97.0,290,sess_3119,purchase,invalid_timestamp
5122,1186.0,912,sess_901,purchase,2025-07-09 07:43:14.209185
5123,55.0,884,sess_4037,view,2025-07-16 17:19:36.209185
5124,479.0,718,sess_4590,purchase,2025-06-21 21:15:59.209185
5125,678.0,1108,sess_606,view,2025-06-29 13:07:17.209185
5126,166.0,514,sess_241,add_to_cart,2025-08-18 05:08:51.209185
5127,,192,sess_2839,add_to_cart,2026-04-24 15:42:49.209185
5128,1031.0,978,sess_3302,view,2026-03-06 17:01:35.209185
5129,62.0,332,sess_3086,purchase,invalid_timestamp
5130,707.0,153,sess_2830,purchase,2026-02-03 23:50:08.209185
5131,816.0,877,sess_2788,purchase,2025-09-22 00:53:57.209185
5132,796.0,206,sess_4809,purchase,2026-04-21 14:31:00.209185
5133,499.0,377,sess_1164,view,2025-12-07 21:26:42.209185
5134,874.0,522,sess_1252,view,2025-07-10 20:20:01.209185
5135,505.0,164,,add_to_cart,2026-03-22 03:42:18.209185
5136,,19,sess_2727,view,2026-04-29 11:42:35.209185
5137,1178.0,359,sess_3470,purchase,2025-08-31 01:02:50.209185
5138,1027.0,13,sess_933,view,2025-09-10 22:38:53.209185
5139,155.0,874,sess_4845,add_to_cart,2025-10-07 23:02:15.209185
5140,,297,sess_4662,purchase,2026-02-28 08:50:21.209185
5141,362.0,696,sess_2134,add_to_cart,2025-08-18 22:59:04.209185
5142,1100.0,905,sess_1498,add_to_cart,2026-01-23 07:46:13.209185
5143,639.0,969,sess_4302,add_to_cart,2026-06-08 23:58:00.209185
5144,908.0,667,,view,2026-03-10 14:50:26.209185
5145,517.0,866,sess_2011,view,2026-06-05 10:38:04.209185
5146,861.0,153,sess_4020,purchase,2025-12-25 17:55:50.209185
5147,518.0,299,sess_3328,add_to_cart,2025-06-29 19:12:21.209185
5148,513.0,347,sess_2452,purchase,2026-02-02 15:58:38.209185
5149,272.0,517,sess_448,add_to_cart,2025-11-20 23:01:48.209185
5150,1170.0,187,sess_717,view,2026-03-16 08:24:08.209185
5151,773.0,787,sess_4224,view,2026-02-27 10:38:36.209185
5152,,944,sess_3687,purchase,2026-04-01 01:41:54.209185
5153,906.0,992,sess_501,view,2025-10-18 23:04:51.209185
5154,77.0,1081,sess_2141,purchase,2025-12-02 14:42:34.209185
5155,975.0,395,sess_1786,view,2026-02-16 00:09:52.209185
5156,527.0,423,,add_to_cart,2026-05-28 07:53:37.209185
5157,76.0,663,sess_4283,add_to_cart,2026-03-06 18:39:22.209185
5158,293.0,53,sess_1102,add_to_cart,2026-01-31 00:17:34.209185
5159,172.0,235,sess_4356,purchase,2026-03-02 03:13:00.209185
5160,572.0,487,sess_3667,add_to_cart,2025-10-23 05:39:22.209185
5161,342.0,1086,sess_2497,view,2025-10-24 13:22:28.209185
5162,1122.0,276,sess_1356,view,2025-08-09 15:18:56.209185
5163,740.0,231,sess_438,add_to_cart,2026-03-27 02:54:07.209185
5164,100.0,794,sess_645,add_to_cart,2025-11-11 07:43:48.209185
5165,443.0,973,sess_2454,add_to_cart,2026-02-19 23:19:11.209185
5166,622.0,462,sess_3300,add_to_cart,2025-06-23 09:19:23.209185
5167,778.0,624,sess_3668,view,2026-04-08 23:27:42.209185
5168,504.0,1199,sess_4109,add_to_cart,2025-06-25 00:47:41.209185
5169,915.0,1131,,view,2025-09-07 07:58:27.209185
5170,612.0,875,sess_3661,add_to_cart,2025-08-12 19:43:33.209185
5171,162.0,1141,sess_2830,view,2026-04-23 14:19:24.209185
5172,1188.0,173,sess_3246,add_to_cart,2026-04-19 09:57:08.209185
5173,957.0,917,sess_3239,add_to_cart,2025-06-15 11:27:29.209185
5174,632.0,811,sess_3520,purchase,invalid_timestamp
5175,526.0,1195,sess_3734,view,2025-11-06 08:26:02.209185
5176,193.0,830,sess_2506,add_to_cart,2025-12-16 08:30:40.209185
5177,1101.0,1067,sess_2564,add_to_cart,2025-09-23 22:30:46.209185
5178,1117.0,1087,sess_2341,view,2025-12-20 16:34:51.209185
5179,833.0,1087,sess_4630,purchase,2025-09-02 09:37:36.209185
5180,1014.0,416,sess_4974,add_to_cart,2026-05-18 05:44:09.209185
5181,70.0,972,sess_3011,add_to_cart,2026-05-30 06:24:32.209185
5182,844.0,836,,add_to_cart,2026-02-23 01:51:49.209185
5183,213.0,371,sess_99,purchase,2025-08-10 09:19:17.209185
5184,490.0,936,sess_1326,view,2025-10-26 11:18:18.209185
5185,409.0,737,sess_2186,view,2025-11-05 04:17:38.209185
5186,454.0,440,sess_797,view,2025-11-02 12:48:59.209185
5187,779.0,1057,sess_3170,view,2025-06-13 05:52:20.209185
5188,881.0,410,,purchase,2026-05-23 04:29:12.209185
5189,,121,sess_4377,add_to_cart,2025-11-21 11:09:59.209185
5190,460.0,962,sess_3929,purchase,2025-07-22 14:02:11.209185
5191,,35,sess_4057,purchase,2025-10-07 15:21:57.209185
5192,1162.0,1088,sess_3095,view,2026-04-04 08:17:22.209185
46,174.0,529,sess_2392,add_to_cart,2026-05-07 00:08:00.209185
5194,326.0,218,sess_1723,add_to_cart,2026-02-08 10:41:21.209185
5195,794.0,50,sess_2325,add_to_cart,2025-09-04 09:08:33.209185
5196,667.0,255,sess_479,add_to_cart,2026-04-19 04:17:20.209185
5197,78.0,198,sess_3541,purchase,2026-01-26 06:29:20.209185
5198,1127.0,538,sess_4355,purchase,2026-05-27 10:56:49.209185
5199,698.0,357,sess_2452,view,2026-05-13 22:20:10.209185
5200,744.0,156,sess_4390,view,2026-03-22 20:58:48.209185
5201,705.0,331,sess_2297,view,2025-08-24 19:37:15.209185
5202,111.0,29,sess_605,add_to_cart,2025-08-22 22:52:13.209185
5203,696.0,442,sess_882,purchase,2025-12-17 00:36:01.209185
5204,657.0,885,sess_3997,purchase,2025-09-18 22:36:46.209185
5205,957.0,203,sess_1294,add_to_cart,2026-01-18 04:00:08.209185
5206,1055.0,407,sess_3560,view,2025-07-08 18:08:10.209185
5207,1042.0,283,sess_2377,view,2026-04-03 02:22:40.209185
5208,802.0,681,sess_1187,add_to_cart,2025-11-28 05:57:30.209185
5209,10.0,832,sess_4771,add_to_cart,2025-12-25 17:34:50.209185
5210,237.0,84,sess_4671,view,2026-01-23 19:17:22.209185
5211,436.0,107,sess_2855,purchase,2026-02-15 15:07:56.209185
5212,81.0,150,sess_1715,purchase,2025-09-05 18:17:43.209185
5213,602.0,751,sess_4053,purchase,invalid_timestamp
5214,464.0,248,sess_1603,add_to_cart,2026-03-15 14:58:23.209185
5215,,4,sess_1717,add_to_cart,2025-09-04 17:32:19.209185
5216,5.0,942,sess_979,purchase,2025-09-21 12:55:55.209185
5217,741.0,739,sess_608,add_to_cart,2025-12-06 11:59:03.209185
5218,322.0,928,sess_4299,purchase,2026-02-26 18:45:31.209185
5219,309.0,201,sess_565,purchase,2026-03-12 12:44:19.209185
5220,420.0,534,sess_1248,view,2025-07-15 22:15:30.209185
5221,1044.0,74,sess_4138,add_to_cart,2026-03-27 01:30:52.209185
5222,783.0,81,sess_685,add_to_cart,2026-01-03 01:34:32.209185
5223,532.0,415,sess_2498,view,2025-12-12 17:44:50.209185
5224,1115.0,1066,sess_1752,view,2026-05-06 10:05:13.209185
5225,745.0,903,sess_2220,add_to_cart,2025-08-18 07:54:07.209185
5226,183.0,732,sess_1897,purchase,2025-12-08 11:08:01.209185
5227,644.0,122,sess_137,view,2026-02-01 19:44:19.209185
5228,26.0,599,,view,2026-05-25 08:41:04.209185
5229,602.0,170,sess_1032,view,2025-09-18 18:13:15.209185
5230,735.0,236,sess_152,purchase,2026-04-11 21:27:07.209185
5231,428.0,614,sess_3465,add_to_cart,invalid_timestamp
5232,952.0,815,sess_4753,view,2025-07-30 18:15:43.209185
5233,1140.0,43,sess_263,add_to_cart,2025-09-02 03:13:18.209185
5234,58.0,525,sess_515,add_to_cart,2025-10-18 05:23:39.209185
5235,752.0,857,sess_3290,purchase,2025-12-17 17:14:29.209185
5236,6.0,292,sess_3488,purchase,2025-09-25 11:52:24.209185
5237,6.0,921,sess_3950,add_to_cart,2025-06-12 10:52:24.209185
5238,899.0,513,sess_802,purchase,2025-09-29 06:14:28.209185
5239,1054.0,72,sess_3435,add_to_cart,2025-10-20 05:16:45.209185
5240,830.0,90,sess_3832,purchase,2026-06-04 02:41:17.211204
5241,118.0,123,sess_3583,view,2026-01-19 22:14:02.211204
5242,873.0,773,sess_1467,purchase,2025-08-21 08:28:02.211204
5243,844.0,1039,sess_1933,add_to_cart,2025-09-04 21:02:07.211204
5244,754.0,1162,sess_3647,add_to_cart,2025-07-13 23:42:03.211204
5245,676.0,257,sess_4195,view,2025-09-11 10:22:14.211204
5246,252.0,379,sess_715,add_to_cart,2026-03-20 21:25:45.211204
16,42.0,257,sess_2272,view,2026-01-29 02:33:43.211204
5248,293.0,796,sess_2130,view,2026-04-11 10:47:50.211204
5249,136.0,611,sess_363,add_to_cart,2025-07-26 08:07:29.211204
5250,1161.0,288,sess_1118,purchase,2025-09-19 12:46:27.211204
5251,1110.0,271,sess_2216,purchase,2026-05-23 23:14:27.211204
5252,408.0,1038,sess_4492,purchase,2025-07-31 02:03:10.211509
5253,631.0,271,sess_2112,add_to_cart,2025-08-15 05:14:33.211509
5254,781.0,341,sess_2538,purchase,2026-03-29 20:16:55.211509
5255,751.0,87,sess_582,purchase,2026-03-31 14:37:55.211509
5256,239.0,795,sess_2662,view,2025-07-07 16:47:19.211509
5257,76.0,1092,sess_2939,purchase,2026-01-17 09:15:32.211509
5258,712.0,8,sess_907,purchase,2025-10-02 18:30:31.211509
5259,874.0,856,sess_4743,add_to_cart,2026-02-06 19:37:53.211509
5260,617.0,1106,sess_3798,add_to_cart,2026-05-29 21:24:05.211509
5261,469.0,244,sess_253,view,2025-09-16 20:39:56.211509
5262,286.0,641,sess_4879,add_to_cart,2025-12-26 02:04:20.211509
5263,,923,sess_2932,view,2026-04-21 01:26:34.211509
5264,899.0,1086,sess_2065,add_to_cart,2025-12-12 20:50:31.211509
5265,516.0,709,sess_3516,add_to_cart,2025-12-04 16:46:06.211509
5266,124.0,453,sess_1719,purchase,2026-01-09 08:23:17.211509
5267,1096.0,1199,sess_3504,purchase,2026-05-23 04:08:01.211509
5268,749.0,948,sess_81,add_to_cart,2026-06-05 09:21:53.211509
5269,942.0,218,sess_2572,view,2025-12-01 09:48:10.211509
5270,473.0,673,sess_1949,view,2026-05-30 04:32:39.211509
5271,271.0,280,sess_870,add_to_cart,2026-01-17 14:45:40.211509
5272,456.0,530,sess_3376,add_to_cart,2025-11-12 06:07:54.211509
5273,481.0,180,sess_1796,view,2026-02-16 01:58:55.211509
5274,735.0,656,sess_1374,view,2026-04-03 10:09:42.211509
5275,538.0,1154,sess_3736,add_to_cart,2025-10-03 23:47:30.211509
5276,455.0,960,sess_4085,view,2025-08-03 16:20:12.211509
5277,1111.0,112,sess_788,add_to_cart,invalid_timestamp
5278,,893,sess_1706,add_to_cart,2026-01-21 11:30:59.211509
5279,586.0,189,sess_4780,add_to_cart,2026-01-16 02:04:52.211509
5280,562.0,515,sess_1073,purchase,2026-01-08 19:42:48.211509
5281,95.0,175,sess_3049,add_to_cart,2025-12-27 15:47:27.211509
5282,736.0,707,sess_2451,add_to_cart,2026-03-16 06:28:00.211509
5283,193.0,368,sess_3059,view,2026-02-21 14:03:54.211509
5284,65.0,580,sess_3640,view,2026-01-08 01:35:01.211509
5285,976.0,702,sess_4290,add_to_cart,2025-10-08 10:49:02.211509
5286,732.0,1074,sess_1031,purchase,2025-07-15 05:24:41.211509
5287,733.0,790,sess_2523,purchase,2025-07-12 12:45:45.211509
5288,947.0,1105,sess_2977,purchase,invalid_timestamp
5289,644.0,50,sess_655,add_to_cart,2025-08-21 01:35:25.211509
5290,18.0,89,sess_2796,view,2025-07-13 13:34:54.211509
5291,917.0,979,sess_4191,add_to_cart,2026-01-27 11:29:09.211509
17,1112.0,436,sess_3595,purchase,2026-06-09 12:10:12.211509
5293,859.0,129,sess_4176,view,invalid_timestamp
5294,1080.0,368,sess_335,add_to_cart,2025-09-17 00:26:27.211509
5295,156.0,794,sess_202,purchase,2025-11-10 09:02:38.211509
5296,1107.0,87,sess_1372,view,2025-07-26 12:33:28.211509
5297,610.0,881,sess_682,view,2025-12-18 01:18:15.211509
5298,48.0,897,sess_3872,purchase,2025-06-26 06:57:31.211509
94,297.0,44,sess_613,add_to_cart,2026-01-05 00:49:07.211509
5300,245.0,1114,sess_4017,purchase,2026-06-01 10:38:39.211509
5301,1153.0,700,sess_3804,purchase,2026-03-31 16:28:31.211509
5302,235.0,546,sess_4231,view,2025-09-05 19:36:25.211509
5303,372.0,1048,sess_2857,view,2026-02-15 15:15:34.211509
5304,847.0,484,sess_1831,view,2025-07-01 17:54:32.211509
5305,359.0,777,sess_1374,add_to_cart,invalid_timestamp
5306,716.0,431,sess_4093,view,invalid_timestamp
5307,1024.0,1096,sess_1352,purchase,2025-11-03 00:23:01.211509
5308,624.0,537,sess_4972,add_to_cart,2026-04-26 12:53:08.211509
5309,334.0,351,sess_4913,purchase,2026-03-24 23:07:16.211509
5310,1045.0,120,sess_4072,view,2026-01-22 04:13:28.211509
5311,757.0,796,sess_1665,view,2025-10-31 16:51:42.211509
5312,646.0,1151,sess_1733,purchase,2025-09-06 01:13:21.211509
5313,905.0,723,sess_4508,add_to_cart,2025-07-15 15:26:18.211509
5314,75.0,1146,sess_2856,purchase,2025-08-16 10:20:45.211509
45,703.0,407,sess_319,purchase,invalid_timestamp
5316,142.0,152,sess_2906,purchase,invalid_timestamp
5317,939.0,196,sess_4653,view,2026-01-22 13:28:48.211509
5318,713.0,22,sess_1962,add_to_cart,2025-08-24 04:33:27.211509
5319,,964,sess_806,view,2026-06-03 12:07:06.211509
5320,201.0,519,sess_2531,purchase,2025-12-03 14:18:15.211509
5321,33.0,960,sess_1383,purchase,2026-06-11 03:20:35.211509
5322,986.0,369,sess_3436,purchase,2025-12-23 16:26:00.211509
5323,1119.0,97,sess_4020,purchase,2025-11-02 16:31:28.211509
5324,463.0,185,sess_2666,add_to_cart,2025-12-02 22:26:38.211509
5325,681.0,779,sess_484,purchase,2026-01-10 06:42:15.211509
5326,453.0,646,sess_1171,purchase,2025-07-13 19:03:35.211509
5327,329.0,1026,sess_2286,add_to_cart,2025-08-06 18:21:43.211509
5328,941.0,695,sess_4319,view,invalid_timestamp
5329,354.0,407,sess_3744,purchase,2026-01-09 21:07:01.211509
5330,198.0,472,sess_2533,purchase,2026-02-09 09:41:40.211509
5331,,378,sess_4628,add_to_cart,2026-04-04 17:30:51.211509
5332,415.0,366,sess_2545,purchase,2025-09-02 10:18:48.211509
5333,138.0,1122,sess_203,view,2026-03-05 21:32:11.211509
5334,840.0,212,sess_1429,view,2025-07-07 03:56:27.211509
5335,1179.0,414,sess_2137,add_to_cart,2025-09-30 04:31:16.212022
5336,338.0,40,sess_945,purchase,2025-07-20 12:33:23.212022
5337,525.0,827,sess_2774,purchase,2026-05-19 03:47:08.212022
5338,4.0,270,sess_2342,purchase,2025-07-02 18:29:00.212022
5339,1113.0,387,sess_1663,purchase,2026-01-22 21:46:23.212022
5340,96.0,986,sess_4590,purchase,2025-09-14 19:03:22.212022
5341,170.0,762,sess_530,add_to_cart,2025-12-31 04:23:10.212022
5342,664.0,1010,sess_962,purchase,2026-06-03 18:26:01.212022
5343,755.0,531,sess_3458,add_to_cart,2026-04-21 18:38:36.212022
5344,1032.0,786,sess_1235,purchase,2025-11-26 17:40:58.212022
5345,66.0,1167,sess_2204,purchase,2025-08-02 08:25:54.212022
5346,34.0,606,sess_1848,purchase,2026-06-01 01:23:25.212022
5347,916.0,1166,sess_2012,view,2025-08-14 05:50:20.212022
5348,612.0,703,sess_360,add_to_cart,2025-09-17 04:04:43.212022
5349,233.0,895,sess_3983,add_to_cart,2026-01-20 06:34:52.212022
5350,420.0,383,sess_3095,view,2026-01-28 22:34:33.212022
5351,739.0,406,sess_3573,purchase,2025-06-30 04:54:32.212022
5352,297.0,470,sess_960,view,2025-09-02 03:28:02.212022
5353,1157.0,472,sess_1053,purchase,2025-08-05 03:43:42.212022
5354,369.0,561,sess_4823,purchase,2026-05-05 12:08:18.212022
5355,1049.0,165,sess_1695,purchase,2025-10-04 06:18:17.212022
5356,760.0,784,sess_4458,add_to_cart,2026-03-26 16:52:40.212022
5357,701.0,811,sess_434,purchase,2026-04-15 02:15:20.212022
5358,153.0,598,sess_495,view,2026-03-27 14:44:01.212022
5359,563.0,691,sess_2016,view,invalid_timestamp
5360,369.0,181,sess_944,purchase,2026-05-15 11:04:42.212022
107,955.0,375,sess_84,purchase,2025-12-15 22:07:21.212022
5362,449.0,417,sess_4083,add_to_cart,2025-08-11 23:09:48.212022
5363,170.0,880,sess_2124,view,2026-04-05 09:32:50.212022
5364,565.0,330,sess_2345,add_to_cart,invalid_timestamp
5365,483.0,375,sess_4444,add_to_cart,2025-11-09 11:05:10.212022
164,1092.0,1113,sess_939,add_to_cart,2025-09-08 15:33:40.212022
5367,126.0,625,sess_1684,add_to_cart,2026-01-15 18:46:25.212022
5368,1175.0,537,sess_1474,view,2025-08-31 20:55:18.212022
5369,,1087,sess_4760,purchase,2025-06-16 14:22:03.212022
5370,289.0,539,sess_3139,view,2026-03-21 08:17:22.212022
5371,1066.0,81,sess_4223,purchase,2025-12-25 23:15:28.212022
5372,65.0,1007,sess_2661,purchase,2026-02-09 02:51:12.212022
5373,510.0,787,sess_1291,add_to_cart,invalid_timestamp
5374,758.0,388,sess_867,add_to_cart,2025-09-08 13:31:14.212022
5375,1120.0,865,sess_3079,purchase,2025-08-31 04:18:39.212022
5376,70.0,247,sess_122,view,2026-03-31 01:30:27.212022
5377,500.0,332,sess_822,purchase,2025-08-22 21:19:24.212022
5378,50.0,386,sess_1208,view,2026-05-07 09:09:50.212022
5379,458.0,1162,sess_552,view,2025-11-22 17:59:03.212022
5380,148.0,776,sess_1261,view,2026-01-19 02:11:05.212022
5381,1028.0,900,sess_1373,add_to_cart,2026-01-27 19:17:51.212022
5382,508.0,651,sess_684,add_to_cart,2025-06-13 20:27:32.212022
5383,610.0,297,sess_3735,purchase,2026-02-23 13:04:27.212022
5384,704.0,417,sess_438,view,2025-07-19 04:13:45.212022
5385,92.0,1089,sess_633,purchase,2025-10-07 18:55:38.212022
5386,1040.0,878,sess_3246,purchase,2026-02-25 20:11:22.212022
5387,417.0,1192,sess_1861,add_to_cart,2026-02-27 05:36:45.212022
5388,860.0,653,sess_1207,view,2025-06-25 11:35:58.212022
5389,978.0,526,sess_2297,add_to_cart,2025-09-03 05:37:06.212022
5390,1156.0,869,sess_2788,view,2025-09-05 04:00:17.212022
5391,1131.0,1197,sess_2846,view,2025-11-29 16:40:44.212022
5392,864.0,945,sess_2922,purchase,2026-04-21 04:49:03.212022
5393,944.0,362,sess_359,view,2025-08-17 16:36:38.212022
5394,197.0,929,sess_3250,purchase,2025-11-23 09:41:57.212022
5395,863.0,745,sess_368,purchase,2025-07-31 11:26:23.212022
5396,61.0,1125,sess_4585,view,2026-06-04 21:25:14.212022
5397,864.0,800,sess_2512,add_to_cart,2026-06-05 08:37:27.212022
5398,,33,sess_1207,purchase,2026-04-09 08:12:59.212022
5399,270.0,730,sess_149,view,2025-08-17 04:55:32.212022
5400,498.0,641,sess_1263,purchase,2025-12-23 17:54:04.212022
5401,938.0,878,sess_4000,view,2025-07-24 15:38:13.212022
5402,710.0,668,sess_1690,view,2025-10-29 20:55:28.212022
5403,370.0,515,sess_3072,view,2026-02-02 00:47:24.212022
5404,1143.0,4,sess_1886,view,2025-07-15 10:32:16.212022
5405,121.0,1077,sess_533,purchase,2025-08-19 03:55:42.212022
5406,723.0,165,sess_3543,view,2026-03-11 13:46:39.212022
5407,1008.0,1056,sess_146,add_to_cart,2026-01-01 11:15:48.212022
5408,323.0,1130,sess_4701,view,invalid_timestamp
5409,375.0,762,sess_4360,view,2026-03-18 05:56:17.212022
5410,639.0,790,sess_1576,view,2026-02-05 18:56:49.212022
5411,1001.0,408,,purchase,2026-01-06 01:15:34.212022
97,415.0,293,,purchase,2026-02-01 11:36:45.212022
5413,482.0,1056,sess_3236,view,2025-12-18 14:22:54.212022
5414,1174.0,1034,sess_568,purchase,2026-02-13 16:36:25.212022
5415,394.0,1097,sess_1273,view,2026-04-14 23:09:45.212022
5416,83.0,456,sess_826,view,2026-01-16 14:11:37.212022
5417,623.0,634,sess_4341,add_to_cart,2025-08-28 18:42:01.212022
5418,541.0,385,sess_2913,purchase,2026-03-09 09:22:31.212022
5419,1029.0,396,sess_1800,add_to_cart,2025-08-11 22:12:03.212022
5420,912.0,848,sess_4891,add_to_cart,2026-01-12 09:23:02.212022
5421,,696,sess_3243,purchase,2025-12-26 17:56:22.212022
5422,299.0,182,sess_739,view,2026-02-19 17:55:51.212022
20,1067.0,878,sess_4618,purchase,2026-06-09 17:04:45.212022
5424,495.0,722,sess_2409,view,2025-06-27 12:52:41.212022
5425,641.0,206,sess_3762,view,2026-03-09 11:53:10.212022
5426,832.0,984,sess_4417,purchase,invalid_timestamp
5427,1111.0,974,sess_331,view,2026-01-22 22:11:03.212022
5428,1129.0,844,,add_to_cart,2026-05-10 03:53:31.212022
5429,961.0,1085,sess_4705,view,2026-04-04 21:58:19.212022
5430,436.0,163,sess_3689,purchase,2025-10-11 03:45:31.212022
5431,990.0,523,sess_3672,add_to_cart,2025-08-13 03:04:53.212022
5432,926.0,77,sess_2057,purchase,2025-07-27 02:29:19.212022
5433,1063.0,763,sess_2815,purchase,2025-11-04 09:18:15.212022
5434,144.0,416,sess_4109,purchase,invalid_timestamp
5435,808.0,632,sess_3966,view,2025-08-10 11:42:34.212022
5436,141.0,65,sess_4165,view,2025-11-12 10:12:45.212022
5437,199.0,486,,view,2026-02-10 05:34:36.212022
5438,989.0,256,sess_910,purchase,2025-07-31 21:24:27.212022
5439,593.0,870,sess_750,purchase,2025-09-06 06:20:23.212022
5440,572.0,724,sess_984,purchase,2025-07-03 11:58:41.212022
5441,75.0,130,sess_3266,add_to_cart,2025-08-19 20:46:25.212022
5442,778.0,1089,sess_2986,add_to_cart,2026-06-01 11:24:06.212022
5443,526.0,621,sess_1031,purchase,2026-03-15 13:39:56.212022
5444,147.0,303,sess_3681,view,2025-06-16 20:41:41.212022
5445,996.0,22,sess_4126,view,2025-11-03 07:15:50.212022
5446,1165.0,234,sess_4710,view,2025-07-07 13:17:37.212022
5447,551.0,32,sess_2540,purchase,2025-12-19 21:22:39.212022
5448,520.0,115,sess_851,add_to_cart,invalid_timestamp
5449,,534,sess_852,add_to_cart,2025-06-14 08:03:51.212022
5450,466.0,675,sess_4120,view,2025-11-15 19:54:00.212022
5451,624.0,492,sess_67,view,2025-07-24 14:50:41.212022
5452,763.0,1199,sess_3350,view,2025-07-27 01:16:44.212022
5453,78.0,166,sess_459,purchase,2025-07-29 00:56:50.212022
5454,1018.0,460,sess_477,purchase,2026-04-15 06:55:27.212022
5455,1161.0,70,sess_910,view,2025-10-16 07:17:15.212022
5456,544.0,1064,sess_351,view,2026-05-30 23:15:00.212022
5457,,377,sess_4341,add_to_cart,2025-11-10 20:01:50.212022
5458,101.0,651,sess_1038,view,2026-05-29 04:12:09.212022
5459,1080.0,958,sess_3939,view,2026-05-21 17:40:00.212022
5460,207.0,660,sess_519,purchase,2025-07-20 16:25:03.212022
5461,546.0,1175,sess_1918,purchase,2025-07-22 22:27:24.212022
5462,998.0,246,sess_1156,view,2026-02-10 00:37:59.212022
5463,589.0,407,sess_879,purchase,invalid_timestamp
5464,1165.0,1073,sess_4472,purchase,2026-04-06 00:29:37.212022
5465,1062.0,807,sess_3337,add_to_cart,2025-12-13 01:57:12.212022
5466,323.0,158,sess_2450,add_to_cart,2026-01-25 15:29:02.212022
5467,622.0,1039,sess_3777,add_to_cart,2025-09-19 18:03:32.212022
5468,1016.0,34,sess_3108,purchase,invalid_timestamp
5469,548.0,784,sess_4485,add_to_cart,invalid_timestamp
5470,46.0,549,sess_4568,purchase,2026-03-19 01:38:15.212022
5471,,1095,sess_3379,view,2026-02-05 09:17:54.212022
5472,932.0,566,sess_2774,view,2026-04-22 09:14:01.212022
5473,831.0,102,sess_3572,add_to_cart,2025-07-16 03:33:08.212022
5474,654.0,1025,sess_4206,purchase,2026-05-08 09:56:14.212022
5475,605.0,1027,sess_3352,add_to_cart,2025-09-01 05:48:47.212022
5476,553.0,507,sess_1104,add_to_cart,2026-05-15 10:11:10.212022
5477,1075.0,596,sess_2248,add_to_cart,2025-08-28 16:39:00.212022
5478,651.0,1015,sess_4410,purchase,2025-06-11 05:57:15.212022
5479,155.0,788,sess_4852,purchase,2025-09-04 22:09:54.212022
181,995.0,609,sess_3664,purchase,2026-03-18 01:31:22.212022
5481,53.0,451,sess_404,view,2025-09-08 01:36:49.212022
5482,240.0,247,sess_1358,purchase,2025-09-28 08:37:12.212022
5483,,726,sess_2703,purchase,2025-09-16 11:17:14.212022
5484,953.0,375,sess_627,add_to_cart,2025-08-11 19:39:44.212022
5485,299.0,731,sess_1316,view,2025-08-20 10:03:02.212022
5486,1192.0,276,sess_4319,add_to_cart,2025-10-30 13:36:59.212022
5487,131.0,504,sess_2340,purchase,2026-04-24 10:36:38.212022
5488,758.0,987,sess_3386,add_to_cart,2026-01-30 04:29:40.212022
5489,1093.0,795,sess_3960,purchase,2025-11-08 09:35:59.212022
5490,880.0,661,,add_to_cart,2025-12-06 16:15:37.212022
5491,134.0,1120,sess_704,add_to_cart,2025-07-31 16:20:27.212022
5492,843.0,1123,sess_1902,add_to_cart,2025-08-02 14:38:38.212022
5493,24.0,455,sess_2852,purchase,2025-08-04 19:32:05.212022
5494,790.0,1163,sess_930,purchase,2026-04-06 03:22:09.212022
5495,770.0,838,sess_4557,view,2025-10-29 12:35:11.212022
5496,65.0,742,sess_1906,add_to_cart,2025-11-22 09:31:20.212022
5497,1107.0,609,sess_1317,purchase,invalid_timestamp
5498,1097.0,561,sess_2221,add_to_cart,2025-08-10 04:04:16.212022
5499,922.0,479,sess_92,purchase,2026-01-03 03:55:13.212022
5500,565.0,302,sess_4220,purchase,2026-05-19 05:09:01.212022
5501,961.0,98,sess_4805,view,2025-09-19 09:30:04.212022
5502,374.0,216,sess_3736,add_to_cart,2025-11-10 22:41:41.212022
5503,1187.0,1198,sess_1178,add_to_cart,2025-08-10 15:02:21.212022
5504,,38,sess_4809,view,2025-07-15 10:54:45.212022
5505,35.0,183,,view,2025-06-19 19:33:42.212022
5506,466.0,1154,sess_1097,purchase,2025-09-13 17:15:56.212022
5507,386.0,1048,sess_1947,view,2026-03-25 17:01:38.212022
5508,368.0,617,sess_4817,purchase,2025-08-17 09:59:33.212022
5509,195.0,1103,,purchase,2026-01-19 09:47:00.212022
5510,975.0,1070,sess_2710,add_to_cart,2026-06-11 01:05:18.212022
5511,285.0,289,sess_361,view,2026-04-08 18:22:54.212022
5512,420.0,154,sess_1198,view,2025-08-11 10:25:47.212022
5513,937.0,138,sess_2477,view,2025-12-20 19:05:39.212022
5514,511.0,359,sess_518,view,2025-10-15 12:45:08.212022
5515,672.0,56,sess_4892,add_to_cart,2025-12-09 22:12:42.212022
5516,295.0,809,sess_1357,view,2025-08-02 03:14:21.212022
5517,290.0,936,sess_3818,add_to_cart,2026-03-13 18:14:06.212022
150,1.0,263,sess_4347,view,2026-05-27 01:22:59.212022
5519,314.0,234,sess_4777,purchase,2026-02-20 22:22:12.212022
5520,127.0,920,sess_2386,view,2026-05-16 23:51:07.212022
5521,211.0,717,sess_4418,add_to_cart,2025-12-11 08:04:03.212022
5522,991.0,383,sess_433,purchase,2026-01-07 11:10:51.212022
5523,150.0,920,sess_4787,purchase,2026-03-27 17:58:26.212022
5524,13.0,185,,add_to_cart,2025-09-26 08:21:27.212022
5525,198.0,178,sess_3596,view,2025-07-03 14:15:02.212022
5526,1074.0,382,sess_3662,view,2025-10-21 23:39:56.212022
5527,679.0,967,sess_2327,add_to_cart,2025-11-12 01:15:06.212022
5528,579.0,388,sess_693,view,2026-04-13 16:01:51.212022
5529,798.0,608,sess_1612,add_to_cart,2026-05-31 00:36:11.212022
5530,609.0,670,sess_1914,view,2026-01-20 00:46:23.212022
5531,44.0,780,sess_3945,view,2025-08-31 15:22:40.212022
5532,1171.0,160,sess_3007,add_to_cart,2025-10-26 06:46:08.212022
5533,838.0,1176,sess_2513,add_to_cart,2025-07-04 20:17:48.212022
5534,125.0,1190,sess_3458,add_to_cart,2025-08-18 19:39:58.212022
5535,87.0,700,sess_240,view,2025-09-05 22:17:08.212022
5536,181.0,119,sess_3423,purchase,2025-09-12 15:47:06.212022
5537,359.0,260,sess_2245,view,2026-01-03 07:57:35.212022
5538,769.0,210,sess_3938,add_to_cart,2026-03-30 13:20:57.212022
5539,31.0,1104,sess_2107,purchase,2025-08-25 06:32:38.212022
5540,1159.0,826,sess_99,view,2025-10-28 16:31:33.212022
5541,222.0,989,sess_4995,add_to_cart,2026-05-09 19:26:55.212022
5542,111.0,1036,sess_440,purchase,2025-12-11 20:05:35.212022
5543,698.0,581,sess_2077,add_to_cart,2025-06-17 10:15:44.212022
5544,182.0,674,sess_1718,add_to_cart,2025-11-23 16:01:56.212022
5545,878.0,1098,sess_2563,add_to_cart,invalid_timestamp
5546,908.0,772,sess_1677,purchase,2025-08-27 02:21:17.212022
5547,805.0,405,sess_3806,purchase,2026-04-26 13:21:33.212022
5548,162.0,280,sess_4091,view,2026-04-02 01:23:43.212022
5549,930.0,473,sess_3838,add_to_cart,2025-09-25 19:26:42.212022
5550,750.0,1091,sess_1452,add_to_cart,2026-05-13 18:35:26.212022
5551,1111.0,348,sess_2001,view,2025-11-03 06:17:44.212022
5552,1177.0,117,sess_2258,purchase,2026-01-21 08:55:26.212022
5553,118.0,632,sess_2126,purchase,2026-06-03 22:15:52.212022
5554,539.0,1029,sess_4941,add_to_cart,2025-08-04 01:19:59.212022
5555,1071.0,1166,sess_2764,purchase,2025-12-28 14:36:22.212022
5556,40.0,256,sess_334,add_to_cart,2026-04-28 09:22:28.212022
5557,887.0,448,sess_1009,purchase,2025-09-14 18:16:47.212022
5558,341.0,532,sess_222,purchase,2026-03-18 16:13:42.212022
5559,389.0,37,sess_3198,add_to_cart,2026-02-03 19:10:33.212022
5560,284.0,270,sess_3623,purchase,invalid_timestamp
5561,46.0,1177,sess_1678,purchase,2026-01-05 23:35:33.212022
5562,453.0,726,sess_3754,add_to_cart,2025-07-01 23:09:51.212022
5563,93.0,643,sess_2558,view,2025-09-01 15:06:25.212022
5564,86.0,360,sess_3688,add_to_cart,2025-12-01 14:51:54.212022
5565,819.0,349,sess_115,purchase,2026-05-01 17:26:52.212022
5566,129.0,1115,sess_2647,view,2026-02-02 08:53:56.212022
5567,1031.0,1066,sess_2912,purchase,2026-04-18 02:00:21.212022
5568,1082.0,46,sess_34,view,2026-04-03 08:10:28.212022
5569,248.0,224,sess_4465,purchase,2026-01-21 06:38:05.212022
5570,219.0,314,sess_419,purchase,2026-03-21 17:19:58.212022
5571,235.0,446,sess_4858,purchase,2025-11-22 10:45:02.212022
5572,1073.0,197,sess_2894,view,2025-09-07 18:10:17.212022
62,172.0,168,sess_3727,view,2025-12-02 19:56:25.212022
5574,819.0,892,sess_792,add_to_cart,2025-10-20 08:11:57.212022
5575,623.0,1106,sess_871,purchase,2025-12-31 01:18:43.212022
5576,947.0,130,sess_3796,purchase,2025-11-10 05:38:22.212022
5577,781.0,573,sess_1205,purchase,2025-10-17 00:54:36.212022
5578,42.0,681,sess_3331,add_to_cart,2025-07-05 22:00:45.212022
5579,62.0,907,sess_2355,add_to_cart,2026-02-20 21:29:32.212022
5580,961.0,766,sess_4862,purchase,2025-08-07 06:04:51.212022
5581,383.0,713,sess_1068,add_to_cart,2025-10-17 14:00:39.212022
5582,1036.0,671,sess_1759,add_to_cart,2025-07-25 07:28:17.212022
5583,464.0,445,sess_3445,add_to_cart,2025-12-22 16:03:16.212022
5584,301.0,165,sess_4750,view,2026-04-05 01:48:57.212022
5585,75.0,7,sess_2397,view,2025-09-10 07:32:30.212022
5586,756.0,601,sess_2736,purchase,2025-09-27 20:28:36.212022
5587,1062.0,130,sess_4071,add_to_cart,2025-08-12 08:18:41.212022
5588,,1173,sess_1770,view,2025-11-23 14:57:36.212022
5589,466.0,1195,sess_4251,purchase,invalid_timestamp
5590,668.0,1133,sess_335,add_to_cart,2025-06-21 23:58:25.212022
5591,92.0,6,sess_1751,purchase,2026-03-24 22:04:44.212022
5592,739.0,168,sess_4185,add_to_cart,2026-04-10 13:37:56.212022
5593,433.0,727,sess_173,view,2026-06-11 05:18:46.212022
5594,701.0,231,sess_4380,add_to_cart,2026-02-06 17:34:43.212022
5595,143.0,41,sess_3041,purchase,2025-06-21 22:57:54.212022
5596,893.0,962,sess_4004,purchase,2025-08-22 09:31:49.212022
5597,200.0,381,sess_3457,add_to_cart,2025-06-17 15:16:39.212022
5598,903.0,135,sess_4902,view,2026-06-01 09:34:36.212022
1,1077.0,931,sess_995,view,2026-01-30 01:34:06.212022
5600,295.0,423,sess_3422,add_to_cart,2026-03-18 03:12:49.212022
5601,204.0,238,sess_1542,view,2026-02-04 15:56:29.212022
5602,1178.0,216,,purchase,2025-10-31 01:21:12.212022
5603,668.0,224,sess_1105,purchase,2026-02-16 09:02:27.212022
5604,1084.0,537,sess_3244,add_to_cart,2026-02-08 07:43:27.212022
5605,1010.0,309,sess_1112,purchase,2025-07-03 03:52:20.212022
5606,771.0,348,sess_2146,purchase,invalid_timestamp
5607,153.0,563,sess_518,view,2026-02-07 09:24:31.212022
5608,226.0,80,sess_2543,add_to_cart,2026-05-05 10:06:15.212022
5609,925.0,330,sess_3588,purchase,2026-04-11 17:04:27.212022
5610,1132.0,839,sess_967,view,2025-06-13 08:24:15.212022
5611,349.0,16,sess_2093,add_to_cart,2026-04-27 19:04:07.212022
5612,479.0,169,sess_3083,purchase,2025-11-05 10:13:24.212022
5613,653.0,449,sess_915,view,2025-09-16 18:28:06.212022
5614,711.0,694,sess_1243,add_to_cart,2025-12-22 22:20:49.212022
5615,836.0,807,sess_3444,purchase,2026-02-18 14:57:36.212022
5616,604.0,798,sess_294,view,2026-01-08 01:22:06.212022
5617,1142.0,119,sess_957,purchase,2025-08-12 08:27:59.212022
5618,71.0,595,,purchase,2026-04-24 14:14:19.212022
5619,673.0,618,sess_3394,view,2026-04-17 02:21:12.212022
5620,546.0,39,sess_2014,view,2025-11-20 13:37:29.212022
5621,289.0,395,sess_496,view,2026-02-01 20:10:29.212022
5622,200.0,851,sess_1733,purchase,2026-05-11 16:50:00.212022
5623,1094.0,95,sess_1329,purchase,2025-06-21 16:01:45.212022
5624,1113.0,516,sess_1195,view,2025-10-08 02:53:55.212022
5625,493.0,514,sess_2355,purchase,2025-12-17 05:58:05.212022
5626,827.0,29,sess_3213,add_to_cart,2025-08-17 06:33:27.212022
5627,1156.0,387,sess_2514,view,2026-02-11 10:02:37.212022
5628,716.0,48,sess_476,add_to_cart,2025-11-16 19:38:13.212022
5629,991.0,868,sess_1018,view,2025-11-09 14:47:25.212022
5630,963.0,966,sess_2639,purchase,2026-03-23 11:12:42.212022
5631,109.0,405,sess_1545,purchase,2025-10-05 06:37:01.212022
5632,660.0,400,sess_4815,add_to_cart,2026-04-06 12:34:46.212022
5633,180.0,157,sess_4744,view,2025-11-19 04:16:18.212022
5634,133.0,1123,sess_3014,purchase,2025-11-08 18:53:24.212022
5635,944.0,1057,sess_4076,purchase,2025-12-08 06:43:24.212022
5636,432.0,955,sess_2852,view,2026-02-28 16:08:49.212022
142,29.0,541,sess_60,add_to_cart,2026-01-19 19:19:17.212022
5638,204.0,338,sess_1339,purchase,2025-08-14 06:11:37.212022
5639,167.0,292,sess_1893,add_to_cart,2026-05-16 23:07:16.212022
5640,88.0,3,sess_940,add_to_cart,2026-01-24 03:46:37.212022
53,226.0,209,sess_3613,add_to_cart,2025-06-16 02:23:59.212022
5642,415.0,980,sess_1510,add_to_cart,2025-10-11 14:45:20.212022
5643,288.0,44,sess_3769,view,2025-10-25 09:15:46.212022
5644,719.0,484,sess_427,add_to_cart,2026-06-07 17:28:22.212022
5645,516.0,192,sess_3409,add_to_cart,2025-12-16 17:24:17.212022
5646,561.0,394,sess_249,add_to_cart,2025-12-09 06:35:14.212022
5647,1097.0,809,sess_233,purchase,2025-11-30 15:38:45.212022
5648,,112,sess_3723,view,2025-06-25 13:56:49.212022
5649,754.0,702,sess_3189,purchase,2025-08-16 16:53:09.212022
5650,1130.0,978,sess_564,purchase,2025-11-06 23:11:34.212022
5651,1186.0,89,sess_1728,add_to_cart,invalid_timestamp
5652,332.0,545,sess_316,add_to_cart,2025-10-12 18:23:48.212022
5653,1006.0,386,sess_4182,view,2025-09-05 08:05:11.212022
5654,132.0,683,sess_1575,purchase,2025-07-08 06:56:46.212022
5655,49.0,530,sess_852,view,2025-08-31 14:29:28.212022
5656,265.0,289,sess_2536,purchase,2026-01-19 04:25:28.212022
5657,157.0,79,sess_2125,purchase,2026-02-05 19:32:17.212022
5658,408.0,712,sess_2827,add_to_cart,2026-03-27 08:22:59.212022
5659,1062.0,62,sess_1933,view,2026-04-08 13:36:52.212022
166,999.0,37,sess_3030,view,2026-05-15 00:03:42.212022
5661,1003.0,1015,sess_3265,view,2026-02-17 16:50:36.212022
5662,727.0,484,sess_2316,add_to_cart,2026-05-12 22:24:51.212022
5663,101.0,1018,sess_368,add_to_cart,2025-06-30 18:27:28.212022
5664,56.0,190,sess_2585,purchase,2026-03-13 03:42:48.212022
5665,248.0,957,sess_971,add_to_cart,2025-12-07 11:11:21.212022
5666,453.0,419,sess_3816,view,2025-09-22 17:26:33.212022
5667,1087.0,742,sess_413,view,2026-02-21 07:04:18.212022
5668,630.0,498,,purchase,2025-08-16 12:09:33.212022
5669,152.0,534,sess_3197,purchase,2025-08-16 01:28:19.212022
5670,,623,,view,2025-07-10 00:54:46.212022
5671,1168.0,947,sess_1834,add_to_cart,2026-02-16 09:24:19.212022
5672,930.0,809,sess_3530,purchase,2025-08-09 20:26:18.212022
5673,817.0,702,sess_1665,purchase,2025-11-27 00:55:30.212022
5674,559.0,1006,sess_418,view,2026-04-03 10:12:14.212022
5675,1149.0,554,sess_4058,add_to_cart,2025-12-26 10:55:19.212022
5676,298.0,836,sess_4036,purchase,2026-04-05 11:25:28.212022
5677,551.0,875,sess_4832,purchase,2025-11-17 03:40:18.212022
5678,31.0,203,sess_3087,purchase,2025-11-30 19:27:12.212022
5679,687.0,1176,sess_1074,add_to_cart,2026-02-28 19:08:47.212022
5680,637.0,1085,sess_1062,add_to_cart,2025-10-20 13:43:13.212022
5681,523.0,231,sess_4081,purchase,2025-09-29 20:32:24.212022
5682,715.0,47,sess_1316,add_to_cart,2025-08-08 13:44:02.212022
5683,368.0,75,sess_3504,view,2025-12-12 18:44:47.212022
5684,459.0,451,sess_3251,add_to_cart,2025-07-25 17:39:54.212022
123,224.0,1101,sess_3001,add_to_cart,2026-05-16 20:52:03.212022
5686,,351,sess_1558,view,2025-07-02 13:07:37.212022
5687,86.0,351,sess_2156,purchase,2025-08-28 10:14:33.212022
5688,169.0,1129,sess_4689,purchase,2026-01-05 05:32:39.212022
5689,1.0,884,sess_2863,view,2025-08-20 23:51:11.212022
5690,290.0,1138,sess_2993,add_to_cart,2025-09-03 19:04:09.212022
5691,539.0,875,sess_3170,purchase,2025-08-09 20:49:00.212022
5692,1151.0,888,sess_844,add_to_cart,2026-03-24 10:48:35.212022
5693,467.0,463,sess_3072,add_to_cart,2026-02-10 17:50:50.212022
5694,1135.0,643,sess_3486,view,2025-07-22 21:59:56.212022
5695,514.0,1068,sess_4495,view,2025-10-21 06:12:02.212022
5696,680.0,315,,view,2026-03-31 21:51:14.212022
5697,181.0,364,sess_1751,add_to_cart,2026-04-16 13:38:29.212022
5698,626.0,320,sess_22,add_to_cart,2026-01-15 08:41:15.212022
5699,398.0,901,sess_1438,view,2026-05-12 16:58:06.212022
5700,,1192,sess_2177,add_to_cart,2025-11-25 03:47:59.212022
5701,176.0,380,sess_2891,add_to_cart,2025-11-06 17:04:42.212022
5702,633.0,648,sess_3201,view,invalid_timestamp
5703,1161.0,1002,sess_3473,purchase,2025-12-08 16:49:38.212022
5704,417.0,982,sess_3833,view,2026-05-18 22:42:08.212022
5705,791.0,1163,sess_2533,purchase,invalid_timestamp
5706,1191.0,583,sess_2596,add_to_cart,2025-12-20 02:08:07.212022
5707,306.0,349,sess_3206,view,2026-02-17 22:50:46.212022
5708,99.0,493,sess_4935,view,2025-12-26 04:30:02.212022
5709,,1115,sess_3017,view,2026-05-21 14:22:01.212022
5710,,304,sess_2208,add_to_cart,2025-07-17 03:01:34.212022
5711,,702,sess_3386,view,2025-11-30 17:10:49.212022
5712,1113.0,943,sess_2125,view,2025-08-25 00:03:21.212022
5713,536.0,380,sess_60,add_to_cart,2025-10-19 06:12:18.212022
43,827.0,147,sess_1795,purchase,2026-01-18 10:34:39.212022
5715,981.0,561,sess_215,add_to_cart,2025-12-06 13:59:03.212022
5716,938.0,1114,sess_2727,add_to_cart,2026-02-09 11:04:22.212022
5717,826.0,187,sess_3621,view,2026-03-29 22:14:44.212022
5718,457.0,605,sess_1413,view,2025-07-07 07:59:25.212022
5719,951.0,132,sess_3117,purchase,2025-12-05 07:21:33.212022
5720,1086.0,556,sess_4037,view,2025-08-11 22:06:50.212022
5721,190.0,677,sess_2758,purchase,2025-10-12 17:44:09.212022
5722,332.0,492,sess_428,view,2025-12-19 11:13:45.212022
5723,149.0,1167,sess_1398,add_to_cart,2026-03-06 00:11:18.212022
5724,623.0,1101,sess_438,purchase,2025-10-24 14:40:09.212022
5725,475.0,1057,sess_3383,view,2025-07-08 14:45:44.212022
5726,158.0,126,sess_777,purchase,2026-02-21 10:07:45.212022
5727,623.0,486,sess_4783,add_to_cart,2026-02-15 19:08:57.212022
5728,190.0,1180,sess_3183,add_to_cart,2026-04-03 19:40:25.212022
5729,940.0,234,sess_190,add_to_cart,2025-11-28 07:12:48.212022
5730,262.0,274,sess_2748,add_to_cart,2026-03-20 04:47:07.212022
5731,615.0,1139,sess_2660,view,2025-09-19 01:22:13.212022
5732,332.0,806,sess_998,purchase,2026-01-24 13:34:58.212022
5733,,1018,sess_566,view,2026-06-04 18:42:06.212022
5734,297.0,308,,view,2026-04-10 11:30:54.212022
5735,851.0,1014,sess_1736,purchase,2025-06-17 18:12:30.212022
5736,805.0,400,sess_3572,view,2025-08-20 05:33:09.212022
5737,787.0,850,sess_3875,add_to_cart,2025-07-26 19:10:03.212022
5738,808.0,408,,purchase,2025-06-11 22:45:40.212022
5739,,581,,view,2026-01-05 08:22:58.212022
5740,1005.0,82,sess_780,view,2026-02-28 09:45:08.212022
5741,965.0,345,sess_2057,purchase,2026-05-16 00:16:02.212022
5742,892.0,84,sess_4648,add_to_cart,2025-08-05 23:05:43.212022
5743,1015.0,1057,sess_189,purchase,2026-02-10 22:31:45.212022
5744,,1006,,purchase,2025-07-08 11:39:17.212022
5745,963.0,731,sess_307,view,invalid_timestamp
5746,1040.0,807,,view,2026-06-09 10:17:21.212022
5747,,465,sess_2174,add_to_cart,2026-05-08 05:51:29.212022
5748,350.0,657,sess_4854,purchase,2026-03-31 23:42:23.212022
5749,986.0,669,,view,2025-12-23 04:47:00.212022
5750,953.0,523,sess_506,add_to_cart,2025-10-02 21:00:35.212022
5751,,200,sess_909,add_to_cart,2026-05-15 02:18:02.212022
5752,277.0,280,sess_601,add_to_cart,2026-02-09 23:31:04.212022
5753,1116.0,873,sess_3762,purchase,2025-07-29 11:56:31.212022
5754,565.0,809,sess_3410,purchase,2025-08-07 07:13:31.212022
5755,568.0,562,sess_3907,purchase,2026-04-23 22:12:14.212022
5756,100.0,32,sess_598,purchase,2025-07-03 08:23:24.212022
5757,556.0,696,sess_1345,purchase,2026-01-14 07:28:40.212022
5758,106.0,999,sess_252,add_to_cart,2025-09-10 22:13:21.212022
5759,117.0,946,sess_1876,view,2026-03-20 18:37:55.212022
5760,863.0,660,sess_4766,add_to_cart,2025-11-25 16:31:56.212022
5761,683.0,593,,view,2025-10-27 20:53:28.212022
5762,1075.0,132,,purchase,2025-09-01 08:45:20.212022
5763,114.0,729,sess_3307,purchase,2025-08-17 02:34:04.212022
5764,,743,sess_1650,view,2025-09-20 12:17:23.212022
5765,264.0,718,sess_2097,view,2026-05-10 08:26:30.212022
5766,746.0,20,sess_630,purchase,2026-03-10 13:59:59.212022
5767,151.0,134,sess_321,add_to_cart,2026-03-09 09:55:54.212022
5768,318.0,493,sess_4751,view,2025-12-31 09:25:43.212022
5769,594.0,274,sess_3648,add_to_cart,2026-05-22 01:06:24.212022
5770,528.0,329,sess_343,view,2025-11-02 18:25:18.212022
5771,1152.0,332,sess_2083,add_to_cart,2025-12-20 02:08:59.212022
5772,601.0,944,sess_577,purchase,2025-12-16 08:20:32.212022
5773,328.0,567,sess_4329,add_to_cart,2026-05-05 04:41:01.212022
5774,371.0,690,sess_1762,add_to_cart,2026-01-09 02:37:05.212022
5775,770.0,407,sess_2280,add_to_cart,2025-07-10 21:41:38.212022
5776,107.0,45,sess_3886,view,2026-02-01 17:59:27.212022
5777,119.0,494,sess_4127,view,2026-06-01 08:18:28.212022
5778,859.0,506,sess_2927,add_to_cart,2025-08-08 10:14:22.212022
5779,528.0,1161,sess_511,add_to_cart,2026-04-26 02:57:17.212022
158,1001.0,837,sess_31,view,2025-10-12 15:06:06.212022
5781,,965,sess_922,purchase,2025-07-14 22:53:55.212022
5782,1135.0,968,sess_4962,view,2025-06-27 22:13:44.212022
5783,759.0,417,sess_97,view,2026-03-22 10:37:02.212022
5784,1118.0,471,sess_2283,add_to_cart,2025-06-11 02:43:00.212022
5785,207.0,864,sess_4118,purchase,2025-06-11 05:03:38.212022
5786,738.0,1100,sess_3265,view,invalid_timestamp
5787,422.0,1098,sess_2114,purchase,2025-09-03 04:53:04.212022
5788,,843,sess_269,view,2026-01-16 15:57:15.212022
5789,,523,sess_2576,purchase,2026-02-26 13:16:02.212022
5790,1179.0,800,sess_3203,view,2026-05-21 04:55:46.212022
5791,532.0,901,sess_198,add_to_cart,2026-03-14 18:41:34.212022
5792,181.0,742,sess_3545,add_to_cart,2026-03-29 12:27:37.212022
5793,1158.0,131,sess_316,purchase,2026-04-05 22:11:02.212022
5794,161.0,562,sess_3364,view,2026-03-16 19:52:19.212022
5795,428.0,913,,add_to_cart,2025-12-10 04:58:53.212022
5796,683.0,982,sess_1127,view,2026-03-04 12:18:20.212022
5797,807.0,620,sess_937,add_to_cart,2026-03-11 23:56:45.212022
5798,1123.0,141,sess_4162,purchase,2026-06-03 18:39:52.212022
5799,85.0,899,sess_4566,add_to_cart,2025-12-09 08:29:10.212022
5800,726.0,245,,purchase,2025-10-21 04:15:37.212022
5801,671.0,686,sess_2545,view,2026-02-02 23:27:05.212022
5802,361.0,678,sess_591,purchase,2026-05-06 20:24:47.212022
5803,,371,sess_4865,add_to_cart,2026-01-09 10:20:39.212022
5804,825.0,490,sess_4980,purchase,2026-03-16 13:36:06.212022
5805,880.0,802,sess_2075,view,2025-07-23 13:02:57.212022
5806,15.0,405,sess_3941,add_to_cart,2025-10-13 01:31:57.212022
5807,594.0,1128,sess_2534,add_to_cart,2026-01-13 09:15:40.212022
5808,54.0,137,sess_4870,view,2026-03-19 17:52:48.212022
5809,75.0,52,sess_1224,purchase,2026-01-05 15:51:40.212022
5810,599.0,106,sess_4878,add_to_cart,2025-07-23 03:45:14.212022
5811,677.0,138,sess_1797,purchase,2025-08-27 09:03:59.212022
5812,336.0,684,sess_3540,purchase,2025-06-12 08:37:20.212022
5813,789.0,397,sess_1138,purchase,2025-10-18 10:08:47.212022
5814,985.0,553,sess_3129,purchase,2025-08-13 11:35:01.212022
5815,604.0,15,sess_1968,view,2025-08-26 02:33:58.212022
5816,66.0,968,sess_1729,add_to_cart,2026-03-12 20:42:24.212022
5817,778.0,87,sess_23,add_to_cart,2026-06-09 10:01:51.212022
5818,39.0,171,sess_1611,add_to_cart,2025-08-25 23:17:07.212022
5819,778.0,850,sess_1457,add_to_cart,2025-10-17 02:48:19.212022
5820,234.0,810,sess_3403,add_to_cart,invalid_timestamp
5821,48.0,1001,sess_651,purchase,2025-11-10 21:37:15.212022
5822,821.0,1048,sess_419,purchase,2026-05-19 06:27:27.212022
5823,434.0,828,sess_4387,add_to_cart,2026-05-15 00:16:31.212022
5824,1032.0,621,sess_2866,view,2025-12-31 02:13:57.212022
5825,1139.0,563,sess_4304,view,2025-09-22 16:20:05.212022
5826,824.0,816,sess_4842,add_to_cart,2026-06-07 18:43:07.212022
5827,246.0,859,sess_797,purchase,invalid_timestamp
5828,533.0,727,sess_4276,purchase,2025-12-01 15:31:47.212022
5829,246.0,1180,sess_937,purchase,2026-03-30 06:49:39.212022
5830,383.0,13,sess_1421,add_to_cart,2025-07-31 04:41:30.212022
5831,55.0,171,,view,2025-08-29 17:14:46.212022
5832,1164.0,341,sess_2114,view,2025-08-18 10:11:51.212022
5833,1053.0,514,sess_3247,purchase,2026-06-10 11:57:19.212022
5834,295.0,356,sess_2398,view,2026-01-09 07:32:56.212022
5835,383.0,1020,sess_1209,add_to_cart,2025-11-05 18:25:51.212022
5836,1030.0,601,sess_2833,view,2026-01-16 12:46:34.212022
5837,1015.0,1172,sess_2115,purchase,2025-10-08 08:13:18.212022
5838,60.0,260,sess_3706,purchase,2025-11-04 23:36:47.212022
5839,486.0,989,sess_3714,view,invalid_timestamp
5840,828.0,846,sess_4594,purchase,2025-08-25 10:39:23.214026
5841,231.0,350,sess_612,add_to_cart,2025-07-09 17:41:01.214026
5842,284.0,147,sess_4469,purchase,2025-08-05 16:02:29.214026
5843,1012.0,419,sess_3384,view,2025-08-09 02:03:17.214026
5844,640.0,21,sess_4766,add_to_cart,invalid_timestamp
5845,615.0,744,sess_35,add_to_cart,invalid_timestamp
5846,465.0,1138,sess_2724,view,2025-09-27 05:17:33.214026
5847,414.0,1192,sess_4465,purchase,invalid_timestamp
5848,569.0,618,sess_1590,view,2025-10-18 09:52:04.214026
5849,307.0,317,sess_2893,add_to_cart,2026-04-12 15:42:59.214026
5850,883.0,243,sess_496,add_to_cart,2025-11-12 05:01:14.214026
5851,542.0,140,sess_2012,purchase,2025-12-24 17:57:26.214026
5852,366.0,645,sess_4766,view,2025-10-25 21:02:59.214026
5853,,1017,sess_4697,purchase,invalid_timestamp
5854,633.0,334,sess_2824,view,2026-01-12 10:40:19.214026
5855,230.0,664,sess_3543,add_to_cart,2026-01-14 03:02:02.214026
5856,576.0,923,sess_864,view,2025-08-06 11:47:13.214026
5857,182.0,841,sess_2070,view,2025-09-07 01:10:04.214026
5858,991.0,526,sess_4940,add_to_cart,2026-05-10 14:59:57.214026
5859,748.0,714,sess_2564,view,2026-06-08 14:58:11.214026
5860,1091.0,4,sess_4894,purchase,2025-08-30 21:18:09.214026
5861,736.0,312,sess_3941,add_to_cart,2026-04-14 22:54:25.214026
5862,688.0,733,sess_2684,view,2025-07-24 10:44:37.214026
5863,552.0,393,sess_4554,view,2025-11-20 19:44:10.214026
5864,618.0,441,sess_521,view,2026-02-06 09:02:11.214026
5865,197.0,4,sess_2017,purchase,2026-05-02 22:07:36.214026
5866,980.0,129,sess_427,purchase,2026-01-01 11:40:35.214026
5867,618.0,1000,sess_3917,purchase,2025-07-31 13:54:46.214026
5868,758.0,534,sess_177,add_to_cart,2025-09-08 16:03:37.214026
5869,358.0,781,sess_1969,purchase,2026-06-05 21:30:56.214026
5870,608.0,669,sess_4466,view,2025-12-21 02:01:50.214026
5871,86.0,174,sess_1157,add_to_cart,2025-08-04 00:20:35.214026
5872,279.0,671,sess_2532,view,2026-01-29 04:54:26.214026
5873,308.0,953,sess_4468,add_to_cart,2025-12-15 11:31:58.214026
5874,688.0,682,sess_3120,purchase,2026-05-07 19:28:41.214026
5875,73.0,60,sess_4829,add_to_cart,2025-08-04 23:50:13.214026
5876,219.0,76,sess_3544,view,2025-11-07 14:57:10.214026
5877,70.0,513,,add_to_cart,2025-12-02 14:31:07.214026
5878,705.0,698,sess_2639,purchase,2026-05-05 14:33:57.214026
5879,453.0,656,sess_1230,view,2026-03-03 18:42:08.214026
5880,369.0,1071,sess_4570,view,2026-04-04 23:44:04.214026
5881,107.0,962,sess_1262,purchase,2025-07-19 05:29:20.214026
5882,1182.0,1027,sess_88,purchase,2026-05-06 15:45:03.214026
5883,235.0,634,sess_3720,purchase,2026-01-18 07:14:46.214026
5884,123.0,641,sess_527,purchase,2026-03-31 01:32:57.214026
5885,270.0,825,sess_2008,purchase,2026-05-29 23:22:23.214026
5886,538.0,227,sess_197,purchase,2025-09-13 00:05:31.214026
5887,358.0,1043,sess_4279,purchase,2026-05-04 15:48:29.214026
5888,725.0,627,sess_4493,purchase,2025-07-18 08:03:27.214026
5889,850.0,977,sess_1545,view,2026-02-14 12:06:03.214026
5890,778.0,656,sess_1593,view,2025-08-27 11:40:25.214026
5891,1005.0,73,sess_3007,add_to_cart,2025-07-26 17:21:30.214026
5892,418.0,672,sess_2837,purchase,2026-01-26 08:26:41.214026
5893,725.0,1174,sess_4715,add_to_cart,2026-04-02 00:03:27.214026
5894,321.0,891,sess_2773,add_to_cart,invalid_timestamp
5895,739.0,620,sess_251,purchase,2026-03-23 02:48:41.214026
5896,116.0,755,sess_3862,add_to_cart,invalid_timestamp
5897,598.0,2,,view,2026-01-07 22:37:52.214026
5898,,981,sess_2781,add_to_cart,2025-08-29 17:36:08.214026
5899,162.0,729,sess_3169,purchase,2025-12-22 00:51:23.214026
5900,1165.0,761,sess_4836,add_to_cart,2025-07-06 21:07:23.214026
5901,959.0,506,sess_527,purchase,invalid_timestamp
5902,402.0,544,sess_3452,purchase,2026-03-17 19:46:27.214026
5903,761.0,808,sess_2389,view,2026-02-17 11:38:01.214026
5904,126.0,1161,sess_2588,purchase,2025-07-02 03:32:46.214026
5905,199.0,605,sess_4066,purchase,2025-10-13 02:06:23.214026
5906,893.0,1040,sess_3523,view,2026-04-17 16:14:08.214026
5907,,629,,add_to_cart,2025-07-05 17:07:40.214026
5908,429.0,1046,sess_1869,add_to_cart,2025-07-30 10:26:10.214026
5909,42.0,1168,sess_998,view,2025-12-30 14:26:09.214026
183,1177.0,686,sess_4328,purchase,2026-04-24 07:07:04.214026
5911,5.0,845,sess_243,purchase,2025-10-15 15:01:39.214026
5912,196.0,1080,sess_2036,purchase,invalid_timestamp
132,70.0,750,sess_4921,purchase,2025-06-14 10:27:53.214026
5914,1037.0,347,sess_1702,add_to_cart,2025-07-20 23:54:31.214026
5915,874.0,672,sess_2553,view,2026-01-01 06:21:28.214026
5916,275.0,609,sess_2961,add_to_cart,2026-01-14 00:37:58.214026
115,765.0,517,sess_372,purchase,2025-07-27 19:54:44.214026
5918,148.0,100,sess_3851,purchase,2025-10-08 06:40:01.214026
5919,910.0,1017,sess_1629,add_to_cart,2025-11-16 01:47:04.214026
5920,1023.0,1160,sess_2237,purchase,2026-02-20 20:59:32.214026
5921,407.0,140,sess_3230,add_to_cart,2026-03-16 14:33:25.214026
5922,772.0,354,sess_3668,purchase,2025-07-12 04:13:14.214026
5923,137.0,1189,sess_4172,purchase,2026-05-25 17:05:25.214026
5924,427.0,161,sess_12,add_to_cart,2026-04-27 13:24:37.214026
5925,59.0,375,sess_1516,add_to_cart,2025-12-30 20:43:36.214026
5926,817.0,1080,sess_2928,purchase,2026-02-19 22:56:10.214026
5927,262.0,534,sess_186,purchase,2025-11-17 02:07:03.214026
5928,135.0,384,sess_24,add_to_cart,2025-12-28 04:20:09.214026
5929,815.0,587,sess_2486,view,invalid_timestamp
5930,847.0,832,,view,2026-04-21 21:07:26.214026
5931,,944,sess_4019,add_to_cart,2026-01-18 00:32:01.214026
5932,235.0,268,sess_3464,add_to_cart,2026-04-06 13:24:19.214026
5933,923.0,458,sess_2350,add_to_cart,2025-11-16 06:03:25.214026
5934,1153.0,1066,sess_2470,purchase,2026-04-08 13:20:19.214026
5935,589.0,722,sess_3009,view,2025-11-07 11:24:06.214026
5936,960.0,901,sess_4091,purchase,2026-04-09 17:38:05.214026
5937,1138.0,125,sess_249,purchase,invalid_timestamp
5938,925.0,983,sess_408,add_to_cart,2025-12-02 10:35:35.214026
5939,1054.0,993,sess_479,purchase,2026-06-02 10:27:39.214026
5940,1092.0,268,sess_1975,view,2026-04-08 17:13:49.214026
5941,978.0,1097,sess_4186,add_to_cart,2025-11-17 10:49:59.214026
5942,702.0,677,sess_963,purchase,2026-03-07 21:02:03.214026
5943,815.0,67,sess_4903,view,2026-03-20 07:39:09.214026
5944,648.0,335,sess_1277,view,2025-10-12 09:06:46.214026
5945,244.0,162,sess_4790,view,2026-03-18 02:48:15.214026
5946,838.0,225,sess_925,view,invalid_timestamp
5947,870.0,67,sess_680,purchase,2025-08-02 01:16:23.214026
5948,473.0,522,sess_185,add_to_cart,2026-03-16 13:07:19.214026
5949,472.0,700,sess_3010,add_to_cart,2025-10-08 04:54:42.214026
5950,261.0,247,sess_3728,purchase,2025-06-13 16:55:47.214026
5951,1063.0,1116,sess_3079,add_to_cart,invalid_timestamp
5952,978.0,802,sess_2896,add_to_cart,2025-06-13 20:23:42.214026
5953,24.0,947,sess_1809,purchase,2026-01-09 18:16:19.214026
5954,,341,sess_1942,purchase,2026-01-25 00:02:59.214026
5955,1159.0,995,sess_281,add_to_cart,2026-04-13 19:24:20.214026
5956,823.0,57,sess_2918,view,2025-11-10 12:58:40.214026
5957,879.0,85,sess_4001,add_to_cart,2025-10-20 08:15:05.214026
5958,811.0,597,sess_2332,view,2025-06-24 19:48:14.214026
5959,262.0,915,sess_848,purchase,2025-12-12 04:45:49.214026
5960,652.0,945,sess_3372,purchase,2026-05-28 08:49:19.214026
5961,1070.0,210,sess_3075,view,invalid_timestamp
5962,1061.0,768,sess_3653,view,2025-11-22 14:50:52.214026
5963,1102.0,554,sess_1686,purchase,2025-11-09 02:33:51.214026
5964,191.0,808,sess_2953,add_to_cart,2025-11-06 06:39:32.214026
5965,204.0,117,sess_44,purchase,2025-10-12 02:09:02.214026
5966,525.0,800,sess_728,purchase,2026-04-25 07:59:33.214026
5967,773.0,12,sess_1319,view,2026-03-09 06:42:47.214026
5968,638.0,605,sess_781,view,2026-01-16 15:35:41.214026
141,749.0,608,sess_2514,purchase,2026-06-11 03:03:36.214026
5970,737.0,391,sess_4152,add_to_cart,2026-03-27 05:52:26.214026
5971,1136.0,841,sess_213,add_to_cart,2025-11-26 00:57:46.214026
5972,452.0,1141,sess_4881,purchase,2026-01-26 15:52:10.214026
5973,,851,sess_4251,add_to_cart,2025-09-22 17:39:10.214026
5974,235.0,1174,sess_2436,purchase,2026-05-24 00:46:27.214026
5975,267.0,484,sess_2460,view,2026-03-29 09:04:14.214026
5976,697.0,414,sess_1745,view,2026-05-03 18:16:11.214026
5977,344.0,637,sess_2708,view,2026-03-14 03:03:36.214026
5978,597.0,437,sess_4553,purchase,2025-11-15 15:20:31.214026
5979,1100.0,271,sess_4426,purchase,2026-04-11 15:47:04.214026
5980,1066.0,806,sess_3860,add_to_cart,2026-05-04 05:54:42.214026
5981,516.0,926,,purchase,invalid_timestamp
5982,1009.0,983,sess_3624,view,2025-07-03 22:08:46.214026
5983,476.0,1036,sess_589,add_to_cart,2025-10-03 01:12:24.214026
5984,165.0,1171,sess_4993,purchase,2025-10-08 04:48:47.214026
5985,886.0,619,sess_2428,view,2026-03-29 10:54:24.214026
5986,134.0,484,sess_3995,purchase,invalid_timestamp
5987,409.0,737,sess_4721,purchase,2025-10-13 03:51:04.214026
5988,379.0,507,sess_1449,purchase,2025-08-21 22:45:14.214026
5989,697.0,968,sess_1039,view,2025-09-08 09:06:22.214026
5990,359.0,33,sess_4645,purchase,2025-07-05 09:16:57.214026
5991,570.0,1079,sess_614,add_to_cart,2026-03-29 04:49:33.214026
5992,1059.0,638,sess_1600,add_to_cart,2025-09-28 20:44:41.214026
5993,585.0,877,sess_4499,view,2026-04-03 18:56:34.214026
5994,99.0,903,sess_2017,add_to_cart,2025-12-27 09:51:58.214026
5995,224.0,423,sess_1300,add_to_cart,invalid_timestamp
5996,324.0,352,sess_3741,purchase,2025-08-28 23:00:58.214026
5997,922.0,447,sess_2058,view,2025-06-13 15:16:05.214026
5998,638.0,243,sess_3585,add_to_cart,2025-08-01 04:21:54.214026
5999,732.0,149,sess_4494,add_to_cart,2026-05-19 09:25:27.214026
6000,887.0,1199,sess_2203,add_to_cart,2025-10-26 01:23:32.214026
6001,877.0,371,sess_1103,purchase,2025-07-24 04:15:24.214026
6002,82.0,85,sess_3530,view,2026-03-20 22:16:45.214026
6003,583.0,974,,view,2025-09-12 23:48:11.214026
6004,677.0,530,sess_821,view,2026-03-09 07:24:47.214026
6005,547.0,480,sess_824,view,2025-08-21 13:34:40.214026
6006,42.0,1130,sess_1726,add_to_cart,2025-10-25 18:49:10.214026
6007,120.0,663,sess_4287,purchase,2025-12-28 00:22:25.214026
6008,271.0,1052,sess_1513,view,2025-09-12 18:45:38.214026
6009,496.0,523,sess_646,add_to_cart,2025-11-09 16:58:59.214026
6010,867.0,201,sess_4412,add_to_cart,2026-01-27 20:40:53.214026
6011,244.0,804,sess_333,view,2025-06-29 10:15:41.214026
6012,332.0,351,sess_113,view,2025-10-12 22:16:24.214026
6013,999.0,463,sess_3275,purchase,2026-03-29 08:31:35.214026
6014,770.0,1101,,view,2025-11-02 20:19:16.214026
6015,672.0,1177,sess_3341,purchase,2026-02-16 11:33:00.214026
6016,994.0,687,sess_4519,purchase,2025-09-25 18:46:34.214026
6017,135.0,1005,sess_765,add_to_cart,2025-06-24 19:50:01.214026
6018,443.0,1087,sess_3379,view,2025-07-04 15:43:23.214026
6019,229.0,390,sess_1475,purchase,2026-04-21 00:07:04.214026
6020,516.0,194,sess_2692,add_to_cart,2026-03-27 10:08:38.214026
6021,1094.0,607,sess_4302,purchase,2026-03-11 12:01:57.214026
6022,218.0,827,sess_1754,add_to_cart,2026-05-24 00:11:14.214026
6023,196.0,24,sess_3305,add_to_cart,2026-04-24 13:28:05.214026
6024,191.0,707,sess_2881,purchase,2026-02-19 06:42:20.214026
6025,,333,sess_45,purchase,2026-03-28 14:53:33.214026
6026,958.0,386,sess_1599,purchase,invalid_timestamp
6027,983.0,925,sess_4802,view,2025-10-09 10:27:51.214026
6028,361.0,29,sess_3151,purchase,2026-03-02 20:27:21.214026
93,761.0,339,sess_1298,view,2026-06-10 08:09:54.214026
6030,552.0,120,sess_2200,add_to_cart,2026-01-28 09:30:23.214026
6031,293.0,932,sess_2958,add_to_cart,2025-10-18 14:13:47.214026
6032,1010.0,566,sess_1173,view,2025-12-06 12:02:18.214026
6033,104.0,711,sess_3061,purchase,2026-06-06 16:09:27.214026
6034,1117.0,81,sess_291,purchase,2026-02-18 09:49:28.214026
6035,872.0,834,sess_3915,purchase,2025-10-02 02:00:03.214026
6036,167.0,713,sess_105,purchase,2026-04-10 11:12:06.214026
6037,231.0,45,sess_3088,view,2025-06-19 02:14:17.214026
6038,821.0,1029,sess_2105,add_to_cart,2026-04-30 01:06:05.214026
6039,1186.0,1111,sess_1810,add_to_cart,2025-12-01 12:16:53.214026
6040,50.0,877,sess_3652,view,2025-08-09 05:08:33.214026
6041,243.0,522,sess_2939,purchase,invalid_timestamp
6042,613.0,343,sess_540,view,2025-07-27 01:44:04.214026
6043,742.0,1101,sess_4763,purchase,2026-05-04 09:30:54.214026
6044,190.0,507,sess_3075,view,2026-06-09 23:00:41.214026
6045,1080.0,482,sess_3947,purchase,2025-06-18 11:05:52.214026
9,1200.0,162,sess_426,purchase,2025-10-04 14:28:39.214026
6047,988.0,282,sess_1107,add_to_cart,2025-08-18 20:45:24.214026
6048,281.0,574,sess_2168,add_to_cart,2025-11-19 04:39:07.214026
6049,64.0,1009,sess_4615,add_to_cart,2025-09-27 02:01:59.214026
6050,239.0,1102,sess_2556,view,2025-11-07 20:37:21.214026
6051,1145.0,1163,sess_218,purchase,2026-03-16 18:52:01.214026
6052,993.0,1154,sess_3983,purchase,2026-01-05 08:13:05.214026
6053,608.0,268,sess_773,purchase,2026-03-20 07:24:59.214026
6054,928.0,388,sess_3524,view,2026-03-11 16:52:48.214026
6055,139.0,1124,sess_1211,purchase,2026-03-12 23:06:07.214026
6056,926.0,933,sess_2716,purchase,2025-12-22 23:22:09.214026
6057,615.0,173,sess_3618,view,2025-09-18 00:41:05.214026
6058,352.0,1051,sess_1061,add_to_cart,2025-09-07 02:05:09.214026
6059,856.0,433,sess_639,view,invalid_timestamp
6060,41.0,60,sess_862,add_to_cart,invalid_timestamp
6061,416.0,656,sess_3170,purchase,2025-07-09 07:40:40.214026
6062,26.0,527,sess_1206,add_to_cart,2026-03-02 09:53:20.214026
6063,149.0,540,,view,2025-11-16 02:10:24.214026
6064,851.0,566,sess_3800,add_to_cart,2026-01-05 19:14:13.214026
6065,548.0,311,sess_3290,purchase,2025-07-02 00:42:02.214026
6066,480.0,958,sess_1193,add_to_cart,2025-12-11 01:42:45.214026
6067,38.0,796,sess_706,view,2025-10-01 16:38:39.214026
6068,617.0,605,sess_2027,view,2026-01-06 07:12:21.214026
6069,661.0,464,sess_2503,purchase,2025-08-31 09:33:33.214026
6070,1119.0,620,sess_1131,purchase,2025-08-16 01:20:19.214026
6071,36.0,875,sess_2812,purchase,2026-02-28 09:33:40.214026
6072,159.0,872,sess_4684,purchase,2025-09-01 00:36:05.214026
6073,696.0,265,sess_4067,add_to_cart,2025-11-10 09:18:04.214026
6074,467.0,300,sess_4954,view,2026-04-29 09:06:13.214026
6075,170.0,227,sess_2732,view,2026-02-02 22:38:56.214026
6076,510.0,826,sess_1291,purchase,2025-07-03 07:03:42.214026
6077,1026.0,880,sess_967,view,2026-04-28 03:23:58.214026
200,887.0,208,sess_570,add_to_cart,2025-09-29 21:12:10.214026
6079,842.0,307,sess_2049,purchase,2026-05-04 12:23:58.214026
6080,1073.0,611,sess_4857,add_to_cart,2025-09-22 19:19:05.214026
6081,396.0,1070,sess_1874,purchase,2025-11-18 03:49:14.214026
6082,244.0,1074,sess_3495,view,2025-08-25 12:30:12.214026
6083,262.0,1042,sess_1416,add_to_cart,2026-05-12 19:16:29.214026
6084,65.0,814,sess_505,add_to_cart,2026-05-06 18:49:55.214026
6085,588.0,987,sess_4589,add_to_cart,2026-01-26 22:31:19.214026
6086,330.0,1011,sess_2987,purchase,2025-09-27 04:40:30.214026
6087,1040.0,1038,sess_2181,add_to_cart,2026-01-27 18:46:37.214026
6088,820.0,306,,add_to_cart,2025-12-28 16:22:13.214026
6089,1103.0,637,sess_471,add_to_cart,2025-06-23 11:37:52.214026
6090,50.0,632,sess_6,purchase,invalid_timestamp
6091,800.0,386,sess_346,add_to_cart,2026-03-29 18:33:20.214026
6092,237.0,174,sess_1327,view,2026-01-23 12:50:00.214026
6093,146.0,209,sess_4409,add_to_cart,2026-05-09 20:37:28.214026
6094,337.0,1064,sess_3532,view,2026-04-13 00:57:39.214026
6095,330.0,33,sess_917,purchase,2025-07-27 11:12:43.214026
6096,105.0,541,sess_1796,view,invalid_timestamp
6097,171.0,848,sess_2459,purchase,2025-12-02 16:14:07.214026
6098,961.0,1098,sess_4850,add_to_cart,2025-09-25 18:38:17.214026
6099,203.0,341,sess_1065,view,2026-04-19 18:49:58.214026
6100,759.0,376,sess_636,purchase,2025-07-27 20:19:24.214026
6101,693.0,481,sess_1594,add_to_cart,2026-01-02 06:37:03.214026
6102,621.0,546,sess_2148,add_to_cart,2026-03-27 14:02:27.214026
6103,,165,sess_4007,view,2025-12-05 11:03:33.214026
6104,840.0,1055,sess_2707,add_to_cart,2026-04-11 12:37:34.214026
6105,751.0,271,sess_158,purchase,2025-12-13 05:12:29.214026
6106,115.0,317,sess_195,add_to_cart,2026-05-26 16:11:46.214026
6107,421.0,295,sess_3054,view,2025-07-26 12:39:26.214026
6108,661.0,280,sess_3022,add_to_cart,2026-05-31 19:59:21.214026
6109,987.0,950,sess_223,purchase,2026-03-15 07:33:37.214026
6110,1036.0,647,sess_3751,view,2026-02-16 13:45:40.214026
6111,583.0,411,sess_4151,add_to_cart,2025-07-27 18:33:18.214026
6112,966.0,485,sess_4247,purchase,2026-04-06 10:51:08.214026
6113,1147.0,601,sess_1438,view,2025-10-24 10:13:00.214026
6114,1039.0,868,sess_1820,add_to_cart,2026-01-04 14:01:28.214026
6115,619.0,196,sess_4623,add_to_cart,2025-10-01 18:24:32.214026
6116,371.0,726,sess_1998,purchase,2026-04-18 19:45:26.214026
6117,1049.0,20,sess_2962,view,2026-01-18 05:47:52.214026
6118,1050.0,277,sess_1798,add_to_cart,invalid_timestamp
6119,328.0,533,sess_59,add_to_cart,2026-01-05 01:44:32.214026
6120,678.0,713,sess_1657,view,2026-03-09 07:16:57.214026
6121,700.0,1148,sess_4059,add_to_cart,invalid_timestamp
6122,1155.0,201,sess_3201,purchase,2026-03-14 20:45:35.214026
6123,642.0,243,sess_2630,add_to_cart,2026-02-07 01:47:28.214026
6124,,416,sess_1448,purchase,2025-11-18 23:09:43.214026
6125,807.0,508,sess_4044,add_to_cart,2025-06-25 03:55:04.214026
6126,837.0,885,sess_4312,view,2025-08-05 12:45:12.214026
6127,1063.0,747,sess_570,purchase,2025-06-24 00:51:34.214026
6128,901.0,129,sess_4872,add_to_cart,2026-04-28 20:47:06.214026
6129,,293,sess_140,view,2026-02-08 06:49:49.214026
6130,1068.0,1154,sess_3545,add_to_cart,2026-02-09 12:26:32.214026
6131,286.0,192,sess_2347,add_to_cart,2026-05-25 05:48:53.214026
6132,1147.0,768,sess_802,view,2025-09-27 22:05:31.214026
6133,522.0,781,sess_3384,add_to_cart,2026-05-26 20:46:03.214026
6134,803.0,692,sess_3877,view,2025-06-23 11:28:22.214026
6135,7.0,61,sess_1767,view,2025-08-14 12:40:45.214026
6136,1120.0,235,sess_1875,view,2025-11-09 19:35:50.214026
62,231.0,903,sess_958,add_to_cart,2025-06-27 06:55:08.214026
6138,1160.0,991,sess_3494,view,2025-09-28 10:08:17.214026
71,563.0,846,sess_1471,purchase,invalid_timestamp
6140,861.0,408,sess_89,view,2025-08-28 02:20:58.214026
6,,146,sess_4253,purchase,2025-09-25 02:09:30.214026
6142,157.0,646,sess_284,view,2025-07-10 20:55:32.214026
6143,701.0,676,sess_4500,add_to_cart,2025-12-14 07:25:19.214026
112,1182.0,1107,sess_3564,add_to_cart,2026-03-07 04:32:46.214026
6145,584.0,693,,add_to_cart,2025-06-29 22:16:48.214026
6146,437.0,660,sess_2997,add_to_cart,2026-02-21 04:39:22.214026
6147,163.0,253,sess_3595,purchase,2025-06-18 15:34:22.214026
6148,280.0,149,sess_4742,add_to_cart,2025-07-20 07:27:54.214026
6149,820.0,177,sess_1431,purchase,2026-03-13 00:22:07.214026
6150,773.0,365,sess_2748,purchase,2026-05-05 02:45:25.214026
6151,281.0,802,sess_1710,view,2026-04-03 10:04:59.214026
192,281.0,566,sess_502,purchase,2026-04-10 01:52:49.214026
6153,647.0,277,sess_2224,add_to_cart,2025-12-28 18:03:14.214026
6154,323.0,728,sess_827,view,2026-02-27 02:58:05.214026
6155,212.0,896,sess_464,purchase,invalid_timestamp
6156,694.0,158,sess_4693,purchase,2025-07-31 07:44:14.214026
6157,974.0,716,sess_637,add_to_cart,2026-04-20 13:11:19.214026
6158,1031.0,575,sess_3046,purchase,2025-11-01 09:32:38.214026
6159,267.0,813,sess_4908,add_to_cart,2026-04-03 06:18:57.214026
6160,815.0,1159,sess_2857,purchase,2026-02-08 06:47:54.214026
6161,337.0,186,sess_3306,purchase,2025-09-29 20:26:24.214026
6162,72.0,1094,sess_4805,view,2026-05-15 04:12:13.214026
6163,623.0,1083,,view,2025-09-18 20:37:28.214026
6164,378.0,1171,sess_4230,view,2025-06-21 15:16:31.214026
6165,280.0,42,sess_4598,add_to_cart,2025-07-29 06:40:46.214026
6166,772.0,516,sess_2220,purchase,2026-03-07 18:23:25.214026
6167,31.0,970,sess_1270,view,2025-09-23 07:14:12.214026
6168,587.0,1022,sess_2577,purchase,2026-05-26 17:53:49.214026
6169,715.0,743,sess_2201,purchase,2026-03-29 20:03:53.214026
6170,298.0,639,sess_674,add_to_cart,2025-12-04 22:34:28.214026
6171,389.0,4,sess_1312,add_to_cart,2026-04-08 00:05:35.214026
6172,1190.0,907,sess_2388,view,2025-10-05 08:53:47.214026
6173,881.0,334,sess_4792,view,2026-05-07 10:09:52.214026
6174,129.0,893,sess_829,view,2025-11-18 18:38:17.214026
6175,603.0,441,sess_2808,view,2026-01-26 08:39:41.214026
6176,1028.0,493,sess_12,purchase,2026-03-17 12:27:59.214026
6177,291.0,408,sess_2344,view,2026-03-19 06:35:45.214026
6178,,1170,sess_636,view,2025-10-05 21:07:19.214026
6179,147.0,1191,sess_2788,add_to_cart,2026-04-30 18:13:15.214026
6180,803.0,984,sess_998,view,2026-04-07 15:19:01.214026
6181,247.0,218,sess_2362,add_to_cart,2026-05-12 21:52:53.214026
200,1050.0,55,sess_934,purchase,2026-03-10 13:28:53.214026
6183,1021.0,953,sess_1822,purchase,2025-07-11 03:11:35.214026
6184,506.0,339,sess_1237,view,2025-08-30 22:53:55.214026
6185,1115.0,592,sess_4679,view,2025-07-31 10:21:07.214026
6186,298.0,955,,add_to_cart,2025-06-27 22:39:48.214026
6187,1185.0,643,sess_1411,purchase,2026-03-28 02:49:22.214026
6188,872.0,749,,view,2025-12-12 12:38:42.214026
6189,1171.0,566,sess_50,purchase,2025-07-29 19:48:44.214026
6190,,9,sess_3957,view,2025-10-07 10:52:40.214026
6191,824.0,166,sess_4031,purchase,2025-08-10 10:08:49.214026
6192,534.0,1076,sess_1543,add_to_cart,2025-07-06 02:43:40.214026
6193,2.0,735,sess_2284,purchase,invalid_timestamp
6194,808.0,61,sess_1677,add_to_cart,2025-08-09 00:54:42.214026
6195,423.0,1163,sess_2411,view,2025-09-02 05:27:02.214026
6196,1186.0,1139,sess_1952,add_to_cart,2025-07-26 07:27:39.214026
6197,856.0,878,sess_3988,view,2025-10-28 15:42:24.214026
6198,775.0,975,sess_2261,purchase,2026-04-15 00:06:52.214026
6199,534.0,257,sess_2210,view,2025-07-05 14:15:15.214026
6200,682.0,37,,view,2025-10-18 17:23:29.214026
6201,273.0,693,sess_4756,add_to_cart,invalid_timestamp
6202,86.0,742,sess_758,purchase,2026-02-09 04:18:02.214026
6203,427.0,144,sess_1294,purchase,2025-08-07 18:16:53.214026
6204,815.0,921,sess_4995,add_to_cart,2026-03-16 15:46:21.214026
6205,754.0,149,sess_676,add_to_cart,invalid_timestamp
6206,1011.0,659,sess_4655,purchase,2025-08-10 23:47:34.214026
6207,229.0,643,sess_2177,add_to_cart,2025-10-18 01:14:52.214026
6208,933.0,407,sess_2940,view,2025-08-19 20:31:53.214026
6209,485.0,1189,sess_358,add_to_cart,2025-12-08 01:35:49.214026
43,1030.0,232,sess_1263,purchase,2025-11-26 00:04:18.214026
6211,293.0,626,sess_593,purchase,2025-12-08 19:30:10.214026
6212,1019.0,226,sess_2088,purchase,2026-01-13 02:21:40.214026
6213,885.0,540,sess_2765,add_to_cart,2026-06-07 13:55:38.214026
6214,83.0,1028,sess_3699,purchase,2025-12-17 09:27:10.214026
6215,896.0,317,,add_to_cart,2026-03-25 18:19:00.214026
6216,1046.0,108,sess_653,purchase,2026-04-28 06:07:43.214026
6217,3.0,27,sess_3213,add_to_cart,2026-03-05 15:22:07.214026
6218,464.0,1007,sess_2804,view,2025-09-22 07:05:40.214026
6219,61.0,982,sess_2295,purchase,2026-04-08 07:29:32.214026
6220,462.0,276,sess_1424,purchase,2026-03-02 04:53:58.214026
6221,986.0,1120,sess_3624,purchase,2025-11-08 12:23:18.214026
6222,,203,sess_3106,purchase,2025-07-02 09:15:50.214026
6223,334.0,497,sess_1896,add_to_cart,2026-02-18 07:08:09.214026
6224,73.0,661,sess_3889,add_to_cart,2025-12-28 14:04:07.214026
6225,317.0,912,,add_to_cart,2025-11-03 07:52:18.214026
6226,66.0,1102,sess_3057,view,2025-11-02 21:55:54.214026
6227,1147.0,555,sess_4741,view,2025-06-13 10:32:13.214026
6228,871.0,525,sess_863,view,2025-09-30 23:06:36.214026
6229,633.0,1193,sess_3363,add_to_cart,2026-06-05 16:29:33.214026
6230,1094.0,495,sess_914,view,2025-06-24 02:26:26.214026
6231,787.0,32,sess_3296,add_to_cart,2026-01-23 17:25:40.214026
6232,88.0,449,,purchase,2025-07-30 01:18:11.214026
6233,270.0,1045,,purchase,2026-01-10 06:15:29.214026
172,549.0,1150,sess_3323,add_to_cart,2026-04-04 04:20:34.214026
6235,554.0,268,sess_1267,purchase,2026-01-19 10:33:32.214026
6236,514.0,711,sess_2655,add_to_cart,invalid_timestamp
6237,1028.0,740,sess_696,add_to_cart,2026-03-29 10:27:09.214026
6238,30.0,209,sess_3189,view,2026-03-03 11:49:40.214026
6239,915.0,823,sess_1247,view,2026-06-01 07:21:22.214026
6240,159.0,1090,sess_2770,add_to_cart,2026-06-03 10:57:06.214026
54,337.0,896,sess_4359,purchase,2026-04-05 11:52:59.214026
6242,345.0,560,sess_2213,view,2026-01-26 14:18:49.214026
6243,314.0,17,sess_1604,add_to_cart,2025-09-18 04:00:25.214026
6244,1093.0,265,sess_4611,view,2026-04-13 05:19:55.214026
6245,700.0,376,sess_2844,add_to_cart,2026-05-02 03:47:17.214026
6246,66.0,1127,,add_to_cart,2025-11-01 07:37:48.214026
6247,156.0,321,sess_89,purchase,2025-09-01 08:46:52.214026
6248,323.0,351,sess_972,view,2026-02-10 09:45:51.214026
6249,884.0,807,sess_1416,view,2025-07-01 00:29:55.214026
6250,426.0,32,,view,invalid_timestamp
6251,915.0,314,sess_44,add_to_cart,2025-07-03 20:12:00.214026
6252,1123.0,434,sess_460,view,invalid_timestamp
6253,855.0,1046,sess_1023,view,2026-01-04 18:52:26.214026
6254,362.0,1070,sess_2163,purchase,2026-05-27 05:12:56.214026
6255,800.0,980,sess_1650,view,2025-10-25 03:02:08.214026
6256,,629,sess_4425,view,2026-02-15 12:27:15.214026
6257,327.0,459,sess_1611,view,2026-05-04 08:31:05.214026
6258,142.0,530,sess_1365,view,2025-11-18 18:42:38.214026
6259,252.0,836,sess_3344,add_to_cart,2025-07-10 13:32:58.214026
6260,45.0,409,sess_1362,purchase,2026-06-10 03:41:26.214026
61,741.0,1164,sess_681,view,2025-07-19 07:45:14.214026
6262,800.0,450,sess_4704,view,2026-04-09 13:49:30.214026
6263,,163,,view,2025-10-04 10:52:43.214026
6264,24.0,29,sess_3119,purchase,2025-06-22 09:33:21.214026
6265,531.0,108,sess_2376,view,2025-06-12 01:56:53.214026
6266,849.0,1037,sess_3535,add_to_cart,2025-12-25 00:10:56.214026
6267,255.0,867,sess_4226,add_to_cart,2025-11-16 02:59:56.214026
6268,67.0,793,sess_224,add_to_cart,2025-12-27 18:47:41.214026
6269,242.0,601,sess_2995,purchase,2026-01-10 21:34:08.214026
6270,434.0,757,sess_498,purchase,2025-12-27 05:47:04.214026
6271,599.0,529,sess_2878,view,2026-03-11 02:11:38.214026
6272,89.0,651,sess_4363,add_to_cart,2026-01-23 10:51:46.214026
6273,1119.0,46,sess_3144,view,2026-05-28 20:43:50.214026
6274,772.0,805,sess_2299,add_to_cart,2025-12-07 00:12:59.214026
6275,552.0,724,sess_2301,purchase,2025-11-21 04:11:46.214026
6276,133.0,710,sess_3849,add_to_cart,2026-05-12 04:47:12.214026
6277,88.0,90,sess_3948,purchase,2026-03-11 07:57:06.214026
6278,343.0,593,sess_2456,purchase,2025-06-15 19:08:33.214026
6279,216.0,596,sess_560,purchase,invalid_timestamp
6280,789.0,215,sess_337,view,2026-03-11 16:31:26.214026
6281,1039.0,876,sess_1005,add_to_cart,2025-12-28 20:51:03.214026
6282,1161.0,635,sess_602,purchase,invalid_timestamp
6283,401.0,1177,sess_4737,purchase,2026-05-24 16:03:35.214026
6284,61.0,316,sess_3074,view,2026-02-01 20:45:50.214026
38,216.0,447,sess_3362,add_to_cart,2026-04-24 12:19:41.214026
6286,1166.0,1006,sess_1638,add_to_cart,2025-11-29 14:26:45.214026
6287,682.0,693,sess_555,add_to_cart,2025-09-01 08:36:44.214026
6288,731.0,211,sess_169,view,2026-06-01 03:46:37.214026
6289,208.0,553,sess_1394,purchase,2026-02-19 20:13:31.214026
6290,869.0,8,,add_to_cart,2025-08-17 00:15:37.214026
6291,866.0,369,sess_1689,view,2026-04-13 19:39:48.214026
6292,,665,sess_3976,purchase,2026-06-06 16:37:36.214026
6293,636.0,1155,sess_3723,add_to_cart,2026-02-11 11:13:32.214026
6294,235.0,279,sess_4018,purchase,2025-07-23 20:56:36.214026
6295,859.0,624,,view,invalid_timestamp
6296,1079.0,675,sess_4935,purchase,2026-04-12 16:30:50.214026
6297,692.0,944,sess_693,purchase,2026-01-12 01:21:32.214026
6298,579.0,679,sess_605,purchase,2026-05-17 11:33:54.214026
6299,482.0,707,sess_2569,view,2025-10-18 08:02:39.214026
6300,450.0,50,sess_3987,add_to_cart,2025-06-30 22:01:35.214026
6301,1129.0,114,sess_1003,add_to_cart,2025-10-31 09:22:20.214026
6302,202.0,854,sess_1039,view,2025-06-28 08:09:33.214026
6303,1007.0,1148,,add_to_cart,2026-02-08 19:51:01.214026
6304,416.0,23,sess_1069,purchase,2026-03-01 06:22:38.214026
6305,569.0,435,sess_1577,add_to_cart,2026-03-18 18:56:44.214026
6306,1.0,1094,sess_2471,add_to_cart,2026-03-23 03:43:05.214026
6307,358.0,8,sess_1172,view,2026-04-06 13:10:36.214026
6308,902.0,144,sess_4062,add_to_cart,2026-04-02 17:44:40.214026
6309,472.0,1174,sess_1983,add_to_cart,2026-01-07 04:15:36.214026
6310,838.0,152,sess_1368,purchase,2026-03-19 18:20:49.214026
6311,630.0,1078,sess_2888,view,2026-06-08 17:40:33.214026
6312,772.0,1122,sess_2216,add_to_cart,2026-01-05 19:36:42.214026
6313,1151.0,157,sess_1323,add_to_cart,2025-12-09 11:29:20.214026
6314,634.0,887,sess_73,add_to_cart,2025-08-07 01:21:18.214026
6315,297.0,63,sess_4494,purchase,2026-04-22 19:20:55.214026
6316,772.0,283,sess_1702,view,2025-11-27 13:28:47.214026
6317,467.0,342,,purchase,2025-10-25 02:19:56.214026
6318,428.0,1019,sess_2221,purchase,2025-11-16 03:00:10.214026
6319,401.0,592,sess_1973,purchase,2025-07-07 20:05:03.214026
6320,127.0,961,sess_3382,purchase,2025-12-06 10:08:54.214026
6321,524.0,1118,sess_2192,purchase,2025-10-29 15:33:57.214026
6322,289.0,1009,sess_4750,view,2025-12-30 23:04:24.214026
6323,489.0,1138,sess_2183,add_to_cart,2025-12-21 13:32:37.214026
6324,317.0,1094,sess_2203,view,2025-12-10 04:12:33.214026
6325,351.0,949,sess_4395,purchase,2026-03-06 21:35:42.214026
6326,313.0,922,sess_767,view,2026-02-14 06:42:23.214026
6327,498.0,382,sess_1054,purchase,2025-12-29 11:28:35.214026
6328,921.0,201,sess_4521,view,2026-06-11 15:55:21.214026
6329,485.0,955,,purchase,2025-10-21 22:23:50.214026
6330,255.0,533,sess_4520,purchase,2025-07-03 01:17:17.214026
6331,812.0,763,sess_771,add_to_cart,2026-04-21 02:37:33.214026
6332,596.0,36,sess_3366,add_to_cart,2025-12-28 05:04:38.214026
6333,475.0,375,sess_3710,add_to_cart,2026-05-22 08:40:40.214026
6334,,164,sess_1734,add_to_cart,2025-07-21 17:51:20.214026
6335,560.0,60,sess_3082,view,2025-10-20 19:02:44.214026
6336,171.0,605,sess_3988,purchase,2025-06-22 09:56:08.214026
6337,735.0,582,,add_to_cart,2025-10-18 00:44:20.214026
6338,81.0,1025,sess_2856,view,2025-08-03 22:13:48.214026
6339,984.0,360,sess_3533,add_to_cart,2025-08-24 09:26:05.214026
6,786.0,133,,purchase,2025-11-03 13:58:30.214026
6341,747.0,71,sess_1277,view,2025-10-27 22:39:22.214026
6342,1031.0,870,sess_1512,view,2025-12-10 00:23:11.214026
6343,892.0,1188,sess_822,add_to_cart,invalid_timestamp
6344,597.0,542,sess_4910,view,2025-09-23 17:41:50.214026
6345,402.0,471,sess_4620,add_to_cart,2026-01-01 22:47:18.214026
6346,703.0,1057,sess_4706,purchase,invalid_timestamp
6347,129.0,659,sess_3963,view,2026-04-29 14:32:07.214026
6348,1169.0,903,sess_3245,add_to_cart,2026-02-26 01:34:45.214026
6349,765.0,564,sess_3871,purchase,2026-01-05 09:43:45.214026
6350,1132.0,359,sess_1361,purchase,2026-03-10 20:28:10.214026
6351,396.0,210,sess_1787,add_to_cart,2026-03-24 23:08:57.214026
6352,95.0,972,sess_4753,purchase,2025-10-11 12:41:22.214026
6353,763.0,1161,sess_3588,add_to_cart,2025-11-23 02:42:55.214026
6354,80.0,620,sess_3214,purchase,2025-07-26 02:32:43.214026
6355,920.0,631,sess_2724,purchase,2025-09-27 16:15:14.214026
6356,863.0,569,sess_2601,add_to_cart,2026-02-12 20:17:08.214026
6357,866.0,274,,add_to_cart,2026-01-11 23:11:07.214026
6358,1088.0,438,sess_992,purchase,2026-03-09 11:03:28.214026
6359,1136.0,1096,sess_4966,view,2025-09-13 00:08:31.214026
6360,546.0,1099,sess_2040,view,2026-01-31 20:08:44.214026
6361,14.0,1098,sess_4451,add_to_cart,2025-10-04 08:19:22.214026
6362,357.0,688,sess_52,add_to_cart,2026-03-24 16:46:40.214026
6363,,1185,,add_to_cart,2026-01-13 03:37:01.214026
6364,87.0,416,sess_354,add_to_cart,2025-10-31 00:54:38.214026
6365,857.0,422,sess_3513,add_to_cart,2026-06-09 21:39:40.214026
6366,893.0,978,sess_983,purchase,2025-12-04 03:22:07.214026
6367,145.0,877,sess_2324,purchase,2026-05-05 13:42:24.214026
6368,486.0,92,sess_2579,view,invalid_timestamp
6369,873.0,991,sess_4556,view,2026-02-04 06:33:48.214026
6370,134.0,396,sess_4790,purchase,2025-11-29 07:56:52.214026
6371,386.0,560,sess_130,purchase,2025-08-28 20:04:05.214026
6372,542.0,993,sess_4342,add_to_cart,2026-01-25 02:25:34.214026
6373,55.0,976,sess_728,view,2025-07-12 22:19:35.214026
6374,902.0,244,sess_2933,view,2026-06-11 11:17:10.214026
6375,141.0,437,sess_1438,add_to_cart,2025-11-22 23:04:31.214026
6376,472.0,964,sess_416,add_to_cart,2025-08-18 08:20:38.214026
6377,1158.0,1081,sess_761,purchase,2026-03-13 07:25:26.214026
6378,,1164,sess_3462,add_to_cart,2025-12-22 08:06:58.214026
6379,750.0,1157,sess_2128,purchase,2025-07-27 22:11:44.214026
6380,608.0,1016,sess_2067,view,2026-02-07 04:27:16.214026
6381,625.0,682,sess_2257,add_to_cart,2026-03-22 15:19:29.214026
6382,853.0,1004,sess_1863,add_to_cart,2026-03-26 18:58:38.214026
6383,870.0,690,sess_3132,view,2025-10-30 10:18:45.214026
6384,528.0,994,sess_1782,add_to_cart,2026-06-01 19:47:28.214026
6385,618.0,1114,sess_1282,purchase,2026-03-06 17:51:19.214026
6386,1054.0,393,sess_991,view,2025-08-04 01:21:22.214026
6387,840.0,318,sess_4347,purchase,2025-06-19 06:08:15.214026
6388,62.0,194,sess_4193,add_to_cart,2025-08-01 12:28:16.214026
6389,456.0,272,sess_847,view,2025-07-07 08:22:49.214026
6390,791.0,438,sess_2936,view,2025-08-04 21:03:56.214026
6391,208.0,6,sess_1230,add_to_cart,2025-11-20 13:34:21.214026
6392,90.0,703,sess_219,add_to_cart,2026-02-04 23:41:28.214026
6393,376.0,1150,,purchase,2026-05-25 22:11:10.214026
6394,966.0,823,sess_1334,add_to_cart,2026-05-15 00:53:51.214026
6395,1198.0,242,sess_4005,add_to_cart,2026-03-09 00:57:36.214026
6396,1144.0,1131,sess_3246,view,invalid_timestamp
6397,236.0,958,sess_635,purchase,invalid_timestamp
6398,1050.0,466,sess_2873,purchase,2026-05-26 15:05:55.214026
6399,797.0,980,sess_1168,purchase,2025-07-31 04:10:26.214026
6400,289.0,310,sess_3720,purchase,2026-01-19 17:55:28.214026
6401,833.0,221,sess_4397,add_to_cart,2026-01-18 21:05:14.214026
6402,753.0,489,sess_604,add_to_cart,2025-11-13 23:09:35.214026
6403,722.0,615,sess_4982,purchase,2026-02-28 01:09:52.214026
6404,424.0,656,sess_4573,purchase,2025-08-27 19:41:44.214026
6405,930.0,124,sess_1378,view,2025-06-20 01:05:43.214026
6406,661.0,786,sess_3273,add_to_cart,2025-10-29 13:08:07.214026
6407,1054.0,633,sess_117,view,2026-04-10 10:06:44.214026
6408,400.0,711,sess_454,view,2025-11-06 14:03:31.214026
6409,,381,sess_2233,add_to_cart,2025-08-29 03:44:57.214026
6410,,106,sess_1299,add_to_cart,2026-06-05 19:47:16.214026
6411,634.0,538,sess_2621,view,2026-02-15 04:48:29.214026
6412,767.0,479,sess_3220,view,2026-01-05 19:54:07.214026
6413,813.0,801,sess_2161,purchase,2026-01-10 07:42:43.214026
6414,714.0,987,sess_3075,view,2025-08-08 06:38:56.214026
6415,342.0,957,sess_174,add_to_cart,2026-04-17 10:27:04.214026
6416,306.0,72,sess_4375,view,2026-02-10 01:15:41.214026
6417,1158.0,630,sess_119,add_to_cart,2025-11-05 18:38:30.214026
6418,457.0,908,sess_2321,view,2026-05-05 03:24:04.214026
6419,800.0,677,sess_2968,view,2026-06-02 08:15:18.214026
6420,228.0,58,sess_1298,view,2025-11-17 03:29:47.214026
6421,686.0,1074,sess_4330,add_to_cart,2026-05-05 00:16:58.214026
6422,291.0,822,sess_1386,view,2025-12-31 15:05:32.214026
6423,463.0,573,sess_3921,add_to_cart,2026-01-15 19:32:02.214026
6424,1147.0,65,sess_624,view,2025-09-29 20:20:51.214026
6425,,540,sess_2820,view,2026-06-06 08:26:18.214026
6426,957.0,688,sess_4185,add_to_cart,2026-02-14 17:45:12.214026
6427,,1160,sess_1807,view,2025-08-16 00:11:53.214026
86,302.0,800,sess_413,add_to_cart,2026-05-10 03:23:11.214026
6429,873.0,1042,sess_2623,add_to_cart,2025-07-02 00:45:27.214026
6430,467.0,1181,sess_4820,purchase,2026-04-08 22:47:16.214026
6431,318.0,669,sess_945,add_to_cart,2025-08-01 20:55:58.214026
6432,663.0,884,sess_1381,purchase,2026-03-25 16:51:40.214026
6433,595.0,548,sess_898,purchase,2025-10-20 15:03:27.214026
6434,617.0,1017,sess_2574,view,2025-07-12 02:45:27.214026
6435,630.0,972,sess_3067,view,2025-08-30 10:23:45.214026
6436,1099.0,920,sess_326,add_to_cart,2025-07-02 19:20:27.214026
6437,790.0,536,sess_4758,view,invalid_timestamp
6438,1000.0,464,sess_1884,add_to_cart,2026-01-01 17:57:56.214026
6439,795.0,1083,sess_285,add_to_cart,invalid_timestamp
6440,1195.0,426,sess_3735,add_to_cart,2026-04-14 21:55:51.214026
6441,632.0,433,sess_4471,purchase,2026-04-18 12:39:42.214026
6442,757.0,988,sess_371,view,2025-08-28 19:51:10.214026
6443,455.0,88,sess_2102,view,2025-11-05 10:03:28.214026
6444,356.0,743,,add_to_cart,2025-12-16 03:31:28.214026
6445,128.0,875,sess_3785,add_to_cart,2026-03-01 22:15:27.214026
6446,971.0,551,sess_3689,purchase,2025-10-26 23:05:58.214026
6447,101.0,1142,sess_1664,add_to_cart,2026-01-31 05:27:29.214026
6448,271.0,209,sess_2935,view,2026-03-09 21:32:52.214026
6449,683.0,931,sess_1702,view,2025-12-12 15:34:05.214026
6450,791.0,493,sess_2430,view,2025-11-12 19:01:18.214026
6451,890.0,163,sess_3275,add_to_cart,invalid_timestamp
6452,993.0,908,sess_470,view,2026-01-04 12:15:42.214026
6453,536.0,816,sess_2652,view,2026-05-31 03:53:33.214026
6454,391.0,177,sess_4838,purchase,2026-06-11 06:33:54.214026
6455,969.0,224,sess_2735,view,2025-07-06 13:05:25.214026
6456,1177.0,672,sess_307,add_to_cart,2025-07-29 23:50:06.214026
6457,1018.0,780,sess_4684,view,2025-11-28 06:32:38.214026
6458,463.0,1097,sess_1879,view,invalid_timestamp
74,815.0,609,sess_2442,view,2026-04-07 16:47:20.214026
6460,632.0,926,sess_502,add_to_cart,invalid_timestamp
6461,289.0,959,sess_3006,view,2025-07-22 23:55:55.214026
6462,263.0,1098,sess_4800,view,2026-05-13 20:33:23.214026
6463,854.0,795,sess_4181,purchase,2025-07-02 04:46:48.214026
6464,,1160,sess_2649,add_to_cart,2025-07-14 07:59:34.214026
6465,702.0,966,sess_3559,purchase,2025-07-29 00:03:43.214026
6466,322.0,1122,sess_2359,add_to_cart,2026-01-25 02:06:21.214026
6467,130.0,952,sess_4684,add_to_cart,2026-03-07 13:24:57.214026
6468,580.0,284,sess_2426,view,2026-05-10 11:25:39.214026
6469,741.0,101,sess_1595,add_to_cart,2026-05-31 22:47:26.214026
6470,390.0,57,sess_784,add_to_cart,2025-12-19 13:37:47.214026
6471,,1197,sess_4936,view,2026-02-02 16:16:19.214026
6472,912.0,532,sess_654,purchase,2025-08-13 20:13:12.214026
6473,995.0,95,sess_1455,add_to_cart,2025-09-02 22:27:53.214026
6474,810.0,1139,sess_3411,view,2025-09-25 01:25:53.214026
6475,,230,sess_2509,view,2025-08-31 20:14:31.214026
6476,85.0,650,sess_1683,view,invalid_timestamp
6477,402.0,413,sess_1682,add_to_cart,2025-09-09 16:32:50.214026
6478,1140.0,489,sess_3266,purchase,2026-01-27 21:40:09.214026
6479,11.0,996,sess_426,view,2025-08-19 14:22:12.214026
6480,452.0,1193,sess_3834,view,2025-07-26 11:34:57.214026
6481,1.0,178,sess_3381,view,2025-09-01 17:03:39.214026
6482,1031.0,833,sess_3340,purchase,2026-05-19 07:58:20.214026
6483,866.0,963,sess_3578,purchase,2025-11-07 12:35:31.216529
6484,1035.0,353,sess_2709,purchase,2025-08-28 16:55:36.216529
30,1051.0,242,sess_2190,view,2025-10-15 07:32:46.216529
6486,682.0,642,sess_1046,add_to_cart,2026-04-20 03:36:19.216529
6487,703.0,485,sess_2312,add_to_cart,2025-07-24 04:44:17.216529
6488,498.0,1169,sess_2657,purchase,2026-06-10 05:25:15.216529
6489,643.0,989,sess_3594,view,2026-03-25 17:43:55.216529
6490,,854,sess_3407,add_to_cart,invalid_timestamp
6491,103.0,418,sess_1473,view,2026-05-06 03:43:31.216529
6492,101.0,164,sess_2293,purchase,2026-04-29 16:42:50.216529
6493,500.0,1139,sess_825,add_to_cart,2026-06-04 22:39:45.216529
6494,579.0,231,sess_298,purchase,invalid_timestamp
6495,699.0,572,sess_2178,purchase,2026-04-29 16:25:37.216529
6496,1150.0,346,sess_3227,add_to_cart,2025-07-25 08:32:28.216529
6497,511.0,282,sess_4682,view,2026-02-26 01:08:09.216529
6498,502.0,1057,sess_3853,purchase,2025-07-16 13:39:19.216529
6499,731.0,361,sess_249,add_to_cart,2025-08-11 03:46:55.216529
6500,1142.0,489,sess_1824,add_to_cart,2025-10-15 01:25:27.216529
6501,1064.0,426,sess_3618,view,2025-10-27 09:25:59.216529
6502,949.0,58,sess_2777,view,2025-10-31 00:31:00.216529
6503,1187.0,497,sess_280,add_to_cart,2025-07-23 20:38:00.216529
6504,1187.0,594,sess_4886,add_to_cart,2026-04-10 11:07:52.216529
6505,387.0,385,sess_3073,view,2026-03-26 12:02:33.216529
6506,993.0,342,sess_4166,view,2026-04-16 03:53:21.216529
6507,215.0,676,sess_2720,view,2025-11-19 08:21:57.216529
6508,356.0,853,sess_4896,purchase,2025-09-30 03:33:48.216529
6509,555.0,908,sess_2721,purchase,2025-06-18 11:27:44.216529
6510,130.0,865,sess_4477,purchase,2025-11-09 17:22:49.216529
6511,1015.0,172,sess_598,add_to_cart,2025-08-27 01:03:04.216529
6512,707.0,677,sess_4417,purchase,2026-05-29 14:59:07.216529
6513,849.0,1087,sess_2508,view,2026-05-28 21:52:08.216529
6514,903.0,940,sess_4124,view,2025-11-20 14:02:31.216529
6515,1022.0,749,sess_483,add_to_cart,2025-11-04 02:00:23.216529
6516,986.0,1144,sess_2684,view,2026-02-14 00:07:09.216529
6517,1161.0,249,sess_4401,purchase,2026-04-25 10:05:38.216529
6518,338.0,358,sess_2511,purchase,2025-08-31 07:58:37.216529
6519,39.0,1071,sess_2425,view,2025-12-24 13:20:00.216529
6520,159.0,437,,add_to_cart,2025-07-04 19:35:13.216529
6521,,280,sess_2676,view,2025-09-20 12:11:54.216529
6522,83.0,986,sess_2332,view,2026-04-21 16:01:37.216529
6523,640.0,511,sess_3265,purchase,2025-12-09 10:31:12.216529
6524,947.0,767,sess_2281,purchase,2026-04-22 22:46:18.216529
6525,965.0,790,sess_777,view,2026-05-26 05:34:52.216529
6526,1160.0,469,sess_4638,view,2025-10-03 10:46:04.216529
6527,1051.0,302,sess_1728,purchase,2025-07-05 08:53:44.216529
6528,572.0,298,sess_821,view,2026-04-06 11:44:29.216529
6529,134.0,347,,purchase,2026-04-13 09:35:25.216529
6530,882.0,649,sess_1176,view,2026-03-20 17:28:17.216529
6531,756.0,298,sess_2805,view,2026-06-01 05:18:41.216529
6532,559.0,738,sess_3591,add_to_cart,2025-09-26 00:21:30.216529
6533,996.0,394,sess_1772,purchase,2025-10-16 11:42:14.216529
6534,296.0,1002,sess_1047,purchase,2025-08-06 02:28:29.216529
6535,584.0,768,sess_1288,purchase,2025-08-04 18:17:43.216529
6536,942.0,878,,purchase,2026-05-16 14:13:40.216529
6537,462.0,1040,sess_78,add_to_cart,2025-10-20 22:02:37.216529
6538,1114.0,891,sess_2682,purchase,2026-02-03 18:15:32.216529
6,692.0,730,sess_1165,add_to_cart,2025-09-04 19:48:41.216529
6540,939.0,747,,add_to_cart,2025-06-30 12:19:00.216529
6541,819.0,485,sess_2336,purchase,2026-03-17 07:02:35.216529
6542,358.0,1115,sess_682,add_to_cart,2026-02-14 09:00:17.216529
6543,123.0,957,sess_3472,purchase,2025-08-05 11:02:52.216529
6544,542.0,1082,sess_2846,add_to_cart,2025-09-22 16:13:57.216529
6545,203.0,196,sess_1231,view,2025-09-01 14:28:41.216529
6546,1147.0,552,sess_552,view,2026-03-25 23:35:29.216529
6547,598.0,43,sess_3059,add_to_cart,2026-01-08 11:50:12.216529
122,207.0,219,sess_1166,add_to_cart,2025-11-07 14:56:49.216529
6549,601.0,654,sess_4717,add_to_cart,2025-12-29 06:17:26.216529
6550,237.0,219,sess_2217,purchase,invalid_timestamp
6551,1176.0,487,sess_4975,view,2025-07-16 04:16:02.216529
6552,963.0,389,sess_1781,add_to_cart,2025-07-07 14:24:11.216529
6553,672.0,602,sess_3558,purchase,2025-10-05 04:18:56.216529
6554,1019.0,1196,sess_3644,view,2025-10-05 15:37:48.216529
6555,,144,sess_25,view,2026-04-02 15:14:26.216529
6556,1116.0,936,sess_3331,view,2025-11-24 08:14:16.216529
6557,892.0,110,sess_3386,add_to_cart,2025-12-14 08:22:17.216529
6558,759.0,1136,sess_1348,add_to_cart,2025-06-22 16:25:41.216529
6559,496.0,864,,purchase,2025-09-28 12:54:36.216529
6560,688.0,1048,sess_4440,purchase,2025-11-10 18:13:17.216529
6561,379.0,547,sess_1529,add_to_cart,2025-10-14 09:53:53.216529
6562,1189.0,29,sess_2592,purchase,2025-08-18 09:42:55.216529
6563,348.0,609,sess_3529,purchase,2025-11-27 16:55:22.216529
6564,346.0,178,sess_2037,view,2026-02-18 23:28:46.216529
6565,594.0,723,sess_2634,add_to_cart,2026-05-03 02:09:18.216529
6566,,618,sess_3371,purchase,2025-07-28 03:01:16.216529
6567,1111.0,595,sess_2361,purchase,2026-05-17 10:10:23.216529
6568,837.0,109,sess_2366,add_to_cart,2026-04-18 23:05:20.216529
6569,604.0,1026,sess_146,purchase,2025-08-28 16:24:30.216529
6570,906.0,728,sess_2988,view,invalid_timestamp
6571,359.0,747,sess_3509,purchase,2025-09-17 05:56:05.216529
134,586.0,715,sess_3672,purchase,2026-01-04 15:52:40.216529
6573,187.0,748,sess_2318,purchase,2025-11-02 00:11:51.216529
6574,178.0,287,sess_1291,add_to_cart,2026-04-07 01:01:21.216529
6575,669.0,907,sess_4414,purchase,2026-02-18 13:20:30.216529
6576,1175.0,1060,sess_3988,view,2026-03-16 19:33:49.216529
6577,23.0,122,sess_25,purchase,2026-03-15 15:44:29.216529
6578,1015.0,239,,purchase,2025-11-30 15:16:11.216529
6579,653.0,1144,sess_4960,purchase,2026-01-08 21:29:40.216529
6580,994.0,252,sess_21,view,2025-10-24 23:13:30.216529
6581,583.0,455,sess_3384,view,2026-01-07 08:58:55.216529
6582,705.0,56,sess_2938,purchase,2026-01-15 02:17:39.216529
6583,,346,sess_1940,view,2025-11-05 01:17:44.216529
6584,646.0,31,sess_2494,view,2025-08-01 15:32:28.216529
6585,725.0,769,sess_3319,add_to_cart,2025-10-31 04:28:45.216529
6586,317.0,744,sess_163,purchase,2025-08-10 13:57:21.216529
6587,1122.0,1120,sess_4136,add_to_cart,2025-07-26 07:15:12.216529
6588,573.0,13,sess_4972,view,2025-11-26 19:33:51.216529
6589,205.0,473,,purchase,2026-04-26 13:19:15.216529
6590,613.0,1094,sess_536,purchase,2026-03-16 08:12:34.216529
6591,368.0,76,sess_1119,view,2025-11-21 10:49:40.216529
6592,416.0,179,sess_539,purchase,2026-03-14 05:34:43.216529
6593,681.0,330,sess_4670,add_to_cart,2025-08-15 23:10:52.216529
6594,1089.0,650,sess_713,add_to_cart,2026-05-10 14:03:42.216529
6595,787.0,513,sess_4519,view,2025-07-12 00:06:25.216529
6596,,97,sess_2733,add_to_cart,2025-11-09 16:20:08.216529
6597,1177.0,65,sess_3390,purchase,invalid_timestamp
6598,550.0,232,sess_1719,view,2025-11-08 04:43:00.216529
6599,,349,sess_2851,purchase,2025-07-17 23:29:55.216529
6600,1167.0,602,sess_1357,view,2026-04-30 13:05:29.216529
6601,707.0,685,sess_831,purchase,2025-08-11 14:11:21.216529
6602,927.0,969,sess_560,purchase,2026-01-15 14:12:25.216529
6603,1063.0,1004,sess_4073,view,2025-09-26 00:10:07.216529
6604,534.0,694,sess_3836,add_to_cart,2025-08-16 00:32:17.216529
6605,507.0,813,sess_3509,add_to_cart,2026-05-19 17:15:34.216529
6606,1169.0,735,sess_3529,purchase,2025-08-27 06:22:33.216529
6607,182.0,19,sess_519,view,2025-10-28 09:15:35.216529
6608,420.0,337,sess_1490,add_to_cart,2025-12-25 10:41:00.216529
6609,527.0,712,sess_3594,add_to_cart,2025-12-21 03:40:30.216529
6610,622.0,1190,sess_1233,add_to_cart,2026-02-08 15:11:26.216529
6611,434.0,339,sess_1179,view,2026-04-05 21:25:10.216529
6612,439.0,1049,sess_3068,view,2026-04-29 08:34:26.216529
6613,158.0,91,sess_1614,purchase,2025-08-18 12:44:21.216529
6614,1140.0,547,sess_727,add_to_cart,2025-08-03 09:17:19.216529
6615,17.0,52,sess_2756,purchase,2026-03-08 00:02:46.216529
6616,241.0,479,sess_485,view,2025-07-13 09:49:30.216529
6617,404.0,1075,sess_2799,add_to_cart,2026-05-06 16:53:12.216529
6618,794.0,578,sess_4210,purchase,2025-10-29 03:20:33.216529
6619,853.0,170,sess_3994,add_to_cart,2026-04-23 02:12:09.216529
6620,751.0,840,sess_2043,purchase,2025-10-02 06:42:16.216529
6621,458.0,1151,sess_191,purchase,2026-01-09 09:01:23.216529
6622,1085.0,440,sess_1807,view,2026-05-28 07:23:24.216529
6623,148.0,708,sess_1369,purchase,2026-05-11 12:51:29.216529
6624,720.0,954,sess_1145,add_to_cart,2025-11-29 10:46:21.216529
6625,70.0,1026,sess_1252,view,2025-10-18 22:22:51.216529
6626,520.0,247,sess_1074,purchase,2026-01-21 17:37:26.216529
6627,1049.0,1188,sess_491,view,2026-01-23 04:16:51.216529
6628,375.0,1154,sess_102,view,2026-01-24 20:21:21.216529
6629,54.0,161,sess_2911,purchase,2026-03-11 18:30:52.216529
6630,372.0,1194,sess_1980,add_to_cart,2026-01-14 08:49:58.216529
6631,237.0,788,sess_966,view,2026-02-07 10:25:34.216529
6632,610.0,460,sess_2608,view,2025-10-12 23:28:42.216529
6633,946.0,433,sess_1930,view,2026-03-05 17:02:21.216529
6634,745.0,1022,sess_622,view,2026-02-05 02:13:45.216529
6635,1046.0,428,sess_1809,add_to_cart,2026-01-08 17:54:40.216529
6636,1163.0,618,sess_662,add_to_cart,2025-12-12 05:52:20.216529
1,1012.0,1060,sess_1888,add_to_cart,invalid_timestamp
6638,1081.0,162,,purchase,2025-07-09 16:48:02.216529
6639,325.0,302,sess_4696,view,2026-03-06 23:19:38.216529
6640,550.0,1170,sess_3568,purchase,2025-10-13 00:54:29.216529
6641,709.0,467,sess_3583,add_to_cart,2025-07-27 02:07:01.216529
6642,763.0,3,sess_837,view,2025-10-15 16:33:49.216529
6643,846.0,1021,sess_855,view,invalid_timestamp
6644,805.0,1,sess_3400,view,2025-06-18 16:06:14.216529
6645,631.0,830,sess_919,add_to_cart,2026-05-07 21:21:27.216529
6646,229.0,912,sess_157,add_to_cart,2025-12-01 02:01:40.216529
6647,406.0,11,sess_2516,view,2025-06-21 17:11:36.216529
6648,699.0,751,sess_2633,view,2026-05-03 21:37:18.216529
6649,852.0,176,sess_4996,view,2026-05-10 14:07:12.216529
6650,736.0,132,sess_1677,view,2026-04-15 15:55:33.216529
6651,4.0,735,sess_1988,view,2025-10-06 00:14:14.216529
6652,,211,sess_3245,purchase,2026-03-20 06:06:43.216529
6653,932.0,728,,purchase,2026-02-16 09:49:44.216529
6654,13.0,328,sess_3209,view,2026-05-27 20:16:47.216529
6655,84.0,1021,sess_46,purchase,2025-07-03 04:08:59.216529
6656,925.0,925,sess_1570,add_to_cart,2026-05-11 22:05:41.216529
6657,608.0,386,sess_3693,purchase,2026-03-23 21:59:49.216529
6658,436.0,665,sess_3190,view,2025-12-02 13:18:02.216529
6659,1091.0,314,sess_494,add_to_cart,2026-05-15 16:00:41.216529
6660,1089.0,915,sess_1814,purchase,2026-04-11 23:25:15.216529
6661,519.0,155,sess_3242,add_to_cart,2026-04-03 14:58:17.216529
6662,946.0,838,sess_4562,add_to_cart,2026-05-10 03:28:49.216529
6663,628.0,530,sess_3847,view,2025-09-06 11:43:11.216529
6664,1115.0,757,sess_4362,add_to_cart,2025-11-20 02:12:56.216529
6665,130.0,861,sess_1181,add_to_cart,2025-10-09 08:30:08.216529
6666,1095.0,41,sess_4183,purchase,2026-04-14 16:07:55.216529
6667,,648,sess_155,purchase,2025-12-01 23:46:52.216529
6668,53.0,348,,view,invalid_timestamp
6669,989.0,41,sess_1054,view,2026-02-09 22:56:51.216529
6670,147.0,37,sess_53,add_to_cart,2026-04-26 08:29:38.216529
6671,1044.0,164,sess_2654,purchase,2026-03-01 01:02:52.216529
6672,357.0,911,sess_2781,view,2026-04-03 12:04:26.216529
6673,282.0,220,sess_2191,add_to_cart,2025-07-29 04:34:07.216529
6674,804.0,107,sess_2129,purchase,2025-08-30 07:42:39.216529
6675,752.0,297,sess_2000,view,2026-05-03 07:46:15.216529
6676,774.0,448,sess_4391,add_to_cart,2026-05-15 23:51:36.216529
6677,38.0,799,sess_299,view,2026-04-28 17:28:53.216529
6678,386.0,556,sess_295,add_to_cart,2025-10-02 05:50:07.216529
6679,164.0,545,sess_4264,add_to_cart,2025-11-23 14:37:13.216529
6680,519.0,877,sess_2513,view,2025-11-25 12:43:35.216529
6681,343.0,701,sess_4799,add_to_cart,2025-07-02 01:22:13.216529
6682,827.0,50,,add_to_cart,2026-05-07 02:36:15.216529
6683,948.0,288,sess_2042,purchase,2025-07-22 07:25:56.216529
6684,38.0,1122,sess_1158,add_to_cart,2025-07-26 16:34:31.216529
6685,397.0,1014,sess_4331,view,2025-08-19 02:13:01.216529
6686,173.0,1037,sess_2226,add_to_cart,2025-07-28 13:08:55.216529
6687,686.0,1164,sess_3648,purchase,2026-03-21 07:37:54.216529
162,820.0,912,sess_434,purchase,2026-04-24 20:36:54.216529
6689,865.0,376,sess_3879,view,2025-11-14 23:16:40.216529
6690,702.0,966,sess_3711,add_to_cart,2026-05-07 05:02:37.216529
6691,966.0,1101,sess_388,add_to_cart,2025-09-26 09:28:43.216529
6692,429.0,84,sess_3114,add_to_cart,2025-10-21 00:05:34.216529
6693,454.0,1066,sess_2916,add_to_cart,2026-03-21 15:20:55.216529
6694,339.0,778,sess_3535,purchase,2025-12-01 17:02:17.216529
6695,907.0,673,sess_3761,view,2025-10-27 23:30:44.216529
6696,189.0,80,sess_783,add_to_cart,2025-12-14 07:59:45.216529
6697,425.0,467,sess_318,add_to_cart,2025-12-08 09:28:00.216529
6698,444.0,1104,sess_3088,purchase,2026-01-11 17:40:41.216529
6699,890.0,871,sess_1285,view,2025-11-07 11:33:23.216529
6700,582.0,833,sess_1127,purchase,invalid_timestamp
6701,,190,,add_to_cart,2025-07-13 03:51:33.216529
6702,,960,sess_874,add_to_cart,2025-11-27 08:34:50.216529
6703,707.0,862,sess_3529,purchase,2025-08-02 17:51:19.216529
6704,1108.0,932,sess_22,view,2026-02-09 17:34:06.216529
6705,521.0,325,sess_3168,add_to_cart,2026-04-05 05:07:44.216529
6706,105.0,32,sess_4542,add_to_cart,2025-12-04 01:19:24.216529
6707,682.0,49,sess_1923,add_to_cart,2025-07-18 14:08:18.216529
6708,922.0,336,sess_4590,view,2025-06-11 15:23:10.216529
6709,802.0,327,sess_3997,add_to_cart,2025-10-02 21:38:32.216529
6710,585.0,749,sess_4280,view,2026-01-18 05:08:02.216529
6711,844.0,261,sess_709,add_to_cart,2025-08-17 12:34:27.216529
6712,383.0,43,sess_507,add_to_cart,2025-08-16 00:43:07.216529
74,1164.0,698,sess_638,purchase,2025-06-25 10:04:53.216529
6714,256.0,1188,sess_3871,view,2026-01-06 05:02:22.216529
6715,34.0,856,sess_2542,view,2025-08-23 21:12:04.216529
6716,541.0,513,,view,2026-03-13 03:30:59.216529
6717,590.0,518,sess_3077,add_to_cart,2026-02-25 20:32:31.216529
6718,190.0,623,sess_2436,purchase,2025-09-19 13:06:16.216529
6719,199.0,871,sess_1828,view,2026-04-08 04:27:32.216529
6720,468.0,910,sess_4124,purchase,2026-01-20 09:48:57.216529
6721,593.0,535,sess_466,add_to_cart,2026-01-31 03:09:01.216529
6722,825.0,238,sess_3003,purchase,2025-06-26 15:41:28.216529
6723,292.0,976,sess_432,add_to_cart,2025-10-12 20:45:24.216529
6724,1045.0,344,sess_1033,add_to_cart,invalid_timestamp
6725,932.0,1037,sess_4669,view,2026-03-31 18:34:41.216529
6726,417.0,188,sess_1526,add_to_cart,invalid_timestamp
6727,1143.0,989,sess_3590,add_to_cart,invalid_timestamp
34,52.0,283,sess_3457,purchase,2025-07-15 18:58:23.216529
6729,341.0,769,sess_1201,view,invalid_timestamp
6730,690.0,496,sess_405,add_to_cart,2026-01-15 11:04:41.216529
6731,464.0,76,sess_363,view,2025-08-17 12:54:06.216529
6732,431.0,735,sess_1409,purchase,2025-09-04 15:30:46.216529
6733,927.0,518,sess_1558,purchase,2025-08-15 19:52:27.216529
6734,481.0,726,sess_3731,view,2026-03-24 03:17:08.216529
6735,989.0,883,sess_3118,add_to_cart,2025-06-20 04:27:16.216529
6736,400.0,1101,sess_3187,view,2026-03-12 21:08:43.216529
6737,15.0,293,sess_4120,purchase,2025-11-11 06:23:00.216529
6738,1055.0,455,sess_1807,add_to_cart,2026-05-16 10:09:25.216529
6739,504.0,994,sess_3152,view,2026-04-18 00:06:37.216529
6740,76.0,775,sess_2044,view,2025-06-29 21:50:34.216529
6741,789.0,42,sess_2398,view,2025-12-24 14:28:41.216529
6742,216.0,835,sess_4237,view,2025-06-20 12:47:25.216529
6743,437.0,1135,sess_1516,view,2025-11-07 23:12:10.216529
6744,772.0,24,sess_2406,add_to_cart,2026-01-28 05:14:36.216529
6745,188.0,278,sess_4581,view,2025-07-10 23:30:44.216529
6746,,171,sess_1819,view,2026-02-12 04:20:19.216529
6747,49.0,1036,sess_3803,purchase,2026-02-23 02:31:35.216529
6748,825.0,562,,view,2026-02-22 10:53:57.216529
6749,,814,sess_3311,purchase,2026-03-04 20:02:14.216529
6750,1126.0,1049,sess_1585,view,2025-07-07 06:46:00.216529
6751,649.0,1088,sess_3196,add_to_cart,invalid_timestamp
6752,49.0,741,,purchase,2026-01-29 13:13:37.216529
6753,1019.0,359,sess_172,add_to_cart,2025-11-15 01:44:55.216529
62,521.0,914,sess_2615,purchase,2025-06-18 08:28:05.216529
6755,654.0,1171,sess_2663,add_to_cart,2026-04-03 21:05:02.216529
6756,139.0,603,,purchase,2026-02-26 23:28:23.216529
6757,1080.0,1063,sess_1092,add_to_cart,2025-07-17 20:36:19.216529
6758,173.0,267,sess_2946,add_to_cart,2025-10-08 14:04:58.216529
6759,369.0,358,sess_3287,add_to_cart,2025-11-11 03:58:02.216529
6760,1113.0,398,sess_3168,purchase,invalid_timestamp
6761,954.0,1072,sess_4250,purchase,2026-03-20 19:42:15.216529
6762,775.0,472,sess_4451,purchase,2025-11-01 13:54:52.216529
6763,994.0,587,sess_4121,add_to_cart,2025-07-01 08:28:03.216529
6764,81.0,56,sess_837,purchase,2026-03-13 07:48:23.216529
6765,569.0,492,sess_3337,view,2025-12-25 14:35:09.216529
6766,252.0,314,sess_1204,add_to_cart,2025-09-27 09:41:50.216529
6767,686.0,384,sess_3441,view,2025-12-25 12:58:42.216529
6768,45.0,227,sess_294,view,2025-11-28 12:06:44.216529
6769,1158.0,1010,sess_535,add_to_cart,2026-05-10 10:23:01.216529
6770,920.0,84,sess_1260,view,2025-06-13 12:15:29.216529
6771,66.0,880,sess_2527,purchase,2025-10-01 13:52:31.216529
6772,172.0,814,sess_3385,add_to_cart,invalid_timestamp
6773,821.0,339,sess_253,view,2025-10-13 09:47:38.216529
6774,598.0,1002,sess_927,purchase,2026-02-14 13:27:16.216529
187,798.0,1116,sess_1302,add_to_cart,2026-01-20 05:26:30.216529
6776,845.0,282,sess_3332,purchase,2025-09-17 01:28:56.216529
6777,691.0,902,sess_2973,purchase,2025-07-08 23:42:18.216529
6778,215.0,1175,sess_2348,view,2025-08-15 07:51:56.216529
6779,864.0,772,sess_1037,purchase,2026-06-02 14:30:25.216529
6780,385.0,589,sess_97,add_to_cart,invalid_timestamp
6781,931.0,547,sess_4964,view,2025-07-29 10:21:01.216529
6782,65.0,519,sess_4884,view,2025-12-09 15:45:44.216529
6783,697.0,584,sess_4866,purchase,2026-05-03 03:02:48.216529
6784,845.0,439,sess_4803,view,2025-06-30 17:48:54.216529
6785,744.0,112,sess_365,add_to_cart,2026-03-27 21:26:37.216529
6786,200.0,1113,sess_1041,purchase,2025-10-11 12:20:46.216529
6787,716.0,1121,sess_412,purchase,2025-11-09 07:07:26.216529
6788,938.0,515,sess_3323,add_to_cart,2026-04-25 22:05:39.216529
6789,801.0,248,sess_4899,purchase,2026-04-16 09:26:58.216529
6790,317.0,1092,sess_913,purchase,2026-04-29 08:56:01.216529
6791,787.0,623,sess_1595,add_to_cart,invalid_timestamp
6792,979.0,1168,sess_2513,purchase,2026-05-02 18:20:20.216529
6793,954.0,589,sess_2564,purchase,2025-11-24 07:23:12.216529
6794,899.0,352,sess_2822,purchase,2025-07-31 03:53:04.216529
6795,390.0,701,sess_1579,purchase,2025-07-10 00:37:14.216529
6796,368.0,551,sess_1462,view,invalid_timestamp
6797,1048.0,912,sess_3692,add_to_cart,2026-04-29 08:27:47.216529
6798,633.0,460,sess_1084,purchase,2026-03-10 02:08:47.216529
6799,100.0,25,sess_2302,add_to_cart,2026-05-20 06:10:11.216529
6800,,63,sess_2210,view,2026-05-11 00:25:30.216529
6801,559.0,702,sess_2820,add_to_cart,2025-10-03 10:04:41.216529
6802,601.0,233,sess_310,purchase,2025-09-23 12:27:19.216529
6803,1032.0,87,sess_1597,view,2026-03-16 04:19:49.216529
6804,206.0,615,sess_3552,purchase,2025-09-23 03:14:42.216529
6805,243.0,875,sess_660,purchase,2026-04-14 15:49:48.216529
6806,170.0,1166,sess_127,purchase,2025-07-04 23:31:22.216529
6807,1108.0,496,sess_4748,purchase,2026-01-06 11:41:22.216529
6808,599.0,1133,sess_391,add_to_cart,2025-10-13 04:33:56.216529
6809,852.0,276,sess_1058,add_to_cart,2025-07-25 12:13:18.216529
6810,411.0,1127,sess_1336,add_to_cart,2025-10-11 21:35:07.216529
6811,550.0,80,sess_4008,view,invalid_timestamp
6812,61.0,1078,sess_3220,add_to_cart,2026-03-16 11:56:52.216529
6813,646.0,123,sess_2313,purchase,2025-11-22 02:26:25.216529
6814,889.0,107,sess_852,purchase,2025-06-13 07:12:33.216529
29,819.0,662,sess_200,add_to_cart,2026-03-11 06:47:56.216529
6816,937.0,4,sess_183,view,2025-06-30 16:09:43.216529
6817,508.0,855,sess_1102,add_to_cart,2026-04-01 01:01:38.216529
6818,646.0,846,sess_4736,purchase,2025-09-16 15:52:14.216529
6819,882.0,302,sess_3315,purchase,2025-12-30 06:16:55.216529
6820,610.0,479,sess_4967,add_to_cart,2026-04-16 17:01:52.216529
6821,,36,sess_4258,add_to_cart,2026-04-25 20:30:37.216529
6822,488.0,749,sess_2872,add_to_cart,2025-06-29 08:43:20.216529
6823,849.0,335,sess_2899,purchase,2025-12-10 09:37:23.216529
6824,261.0,210,sess_1158,view,2026-05-11 12:35:32.216529
6825,985.0,144,sess_2505,view,2025-06-19 03:47:14.216529
6826,165.0,686,sess_3200,add_to_cart,2025-06-16 18:17:55.216529
6827,1089.0,151,sess_3085,view,2025-11-26 02:27:43.216529
6828,357.0,53,sess_3233,purchase,2026-03-30 02:02:49.216529
6829,280.0,1048,sess_247,purchase,2025-08-05 18:34:39.216529
6830,81.0,864,sess_308,add_to_cart,2026-01-22 23:19:13.216529
6831,599.0,142,sess_1116,add_to_cart,2026-04-06 01:11:05.216529
6832,1153.0,91,sess_2330,add_to_cart,2025-06-26 13:13:20.216529
6833,603.0,680,sess_3886,add_to_cart,2026-03-16 13:35:21.216529
6834,881.0,954,sess_2391,add_to_cart,2025-12-25 02:04:14.216529
6835,154.0,641,sess_3765,view,2026-03-17 22:34:49.216529
6836,76.0,675,sess_2884,view,2025-08-01 10:56:37.216529
6837,741.0,53,sess_1701,purchase,2025-07-11 11:24:21.216529
6838,1196.0,21,sess_3477,add_to_cart,2025-10-04 14:34:53.216529
6839,1016.0,638,sess_2946,add_to_cart,2025-10-08 04:10:16.216529
6840,333.0,733,sess_2066,purchase,2025-08-31 21:06:55.216529
6841,1051.0,307,sess_1049,add_to_cart,2025-11-17 12:01:08.216529
6842,814.0,572,sess_4258,add_to_cart,2025-10-09 22:41:03.216529
6843,,306,sess_2189,view,2026-05-21 12:38:16.216529
6844,1132.0,739,sess_2888,view,2025-08-01 01:12:39.216529
6845,1149.0,634,sess_3652,add_to_cart,2026-05-09 16:27:14.216529
6846,348.0,1119,sess_499,view,2025-07-02 18:24:29.216529
6847,1056.0,608,sess_3777,purchase,2025-10-19 06:07:27.216529
6848,728.0,635,sess_259,purchase,2025-06-14 08:23:50.216529
6849,1002.0,1153,sess_186,view,2025-07-01 17:31:28.216529
6850,536.0,799,sess_2459,view,2026-03-21 14:19:56.216529
6851,132.0,1109,sess_2391,add_to_cart,2026-03-05 08:55:18.216529
200,742.0,80,sess_3429,purchase,2026-04-03 03:52:41.216529
6853,236.0,1176,sess_2372,add_to_cart,2025-08-14 04:55:41.216529
42,737.0,838,sess_263,add_to_cart,2025-06-23 15:53:59.216529
6855,293.0,441,sess_4509,add_to_cart,2025-10-07 10:01:26.216529
6856,585.0,1147,,purchase,2026-02-26 01:01:35.216529
6857,1172.0,302,sess_29,purchase,2025-08-27 18:11:57.216529
6858,260.0,374,sess_3455,view,2025-09-01 22:46:08.216529
6859,2.0,136,sess_696,purchase,2026-01-27 20:00:33.216529
6860,1098.0,476,sess_939,add_to_cart,2025-11-22 03:12:00.216529
6861,68.0,1157,sess_2642,purchase,invalid_timestamp
6862,1194.0,618,sess_1334,purchase,2026-04-10 13:16:50.216529
6863,960.0,315,sess_1782,purchase,2026-03-23 14:47:41.216529
6864,388.0,588,sess_228,view,2026-06-04 16:51:35.216529
6865,992.0,1085,sess_4182,view,2025-11-19 18:26:43.216529
6866,469.0,335,sess_3980,purchase,2025-11-08 21:14:21.216529
6867,316.0,935,sess_825,purchase,2025-07-26 08:40:05.216529
6868,,1135,sess_1406,view,2026-03-20 02:34:13.216529
6869,37.0,981,sess_2505,purchase,2026-05-09 18:21:03.216529
6870,300.0,101,,add_to_cart,2026-03-06 04:59:15.216529
6871,405.0,617,sess_3886,view,2026-02-06 16:39:57.216529
6872,,488,sess_4904,purchase,2026-01-03 17:49:40.216529
6873,560.0,945,sess_806,add_to_cart,invalid_timestamp
6874,,37,sess_3266,add_to_cart,2026-03-21 12:18:37.216529
59,401.0,489,sess_4055,view,2026-01-07 21:57:59.216529
32,49.0,294,sess_4220,add_to_cart,2026-02-05 08:28:21.216529
6877,169.0,1092,sess_399,add_to_cart,2025-10-01 11:00:47.216529
6878,662.0,578,sess_1954,view,2026-04-26 02:32:36.216529
6879,143.0,1177,sess_296,add_to_cart,2026-01-17 02:51:39.216529
6880,535.0,83,sess_4896,add_to_cart,2026-04-20 16:08:57.216529
6881,236.0,256,sess_4813,purchase,2025-10-23 09:14:13.216529
6882,,89,sess_792,purchase,2025-09-28 11:48:07.216529
6883,122.0,893,sess_118,purchase,2025-08-26 23:46:09.216529
6884,641.0,185,sess_2499,add_to_cart,2026-02-16 00:35:36.216529
62,,314,sess_2712,purchase,2025-06-22 21:32:51.216529
6886,540.0,601,sess_1754,view,2026-02-17 14:43:18.216529
6887,1007.0,830,sess_3074,view,2025-07-27 23:28:15.216529
6888,1060.0,1026,sess_4641,purchase,2025-07-26 16:59:10.216529
6889,516.0,57,sess_4201,add_to_cart,2026-06-02 05:18:13.216529
6890,458.0,976,sess_4134,view,2026-01-20 02:21:54.216529
6891,1169.0,1008,sess_2725,purchase,invalid_timestamp
6892,4.0,1003,sess_4481,add_to_cart,2026-05-08 00:10:56.216529
6893,1016.0,1053,sess_3923,view,2026-04-22 16:38:19.216529
6894,992.0,109,sess_1014,purchase,2025-11-07 20:42:12.216529
6895,164.0,565,sess_1494,purchase,2026-03-21 01:01:22.216529
6896,753.0,573,sess_4332,purchase,2026-04-20 00:58:39.216529
6897,587.0,611,sess_3368,view,2026-06-03 14:53:27.216529
6898,604.0,917,sess_3865,view,2026-02-20 07:30:22.216529
6899,541.0,22,sess_954,purchase,2026-03-18 15:13:22.216529
6900,763.0,471,sess_4437,add_to_cart,2025-08-21 09:37:38.216529
6901,458.0,388,sess_4992,purchase,2026-04-09 02:44:23.216529
6902,763.0,461,sess_3451,purchase,2026-01-18 12:42:15.216529
6903,828.0,766,sess_2509,purchase,2025-11-06 01:58:49.216529
6904,996.0,160,sess_102,add_to_cart,2026-05-30 03:13:38.216529
6905,174.0,834,sess_1785,view,2026-01-02 14:26:29.216529
6906,1035.0,640,sess_4781,add_to_cart,2025-10-10 22:02:52.216529
6907,836.0,127,sess_1357,purchase,2026-06-05 11:24:13.216529
6908,930.0,976,sess_1598,add_to_cart,2025-07-19 19:25:22.216529
6909,923.0,223,sess_4754,add_to_cart,2025-11-05 02:11:55.216529
6910,1008.0,69,sess_527,purchase,2025-06-22 21:09:11.216529
6911,870.0,573,sess_2223,view,2026-04-20 15:07:21.216529
191,430.0,610,sess_1587,view,2025-06-11 15:14:12.216529
6913,370.0,370,sess_2911,purchase,2025-11-15 20:33:45.216529
6914,558.0,476,sess_1045,view,2026-04-23 23:30:22.216529
6915,1154.0,515,sess_2308,view,2025-07-31 18:06:15.216529
6916,968.0,842,sess_1813,add_to_cart,2025-12-12 14:36:14.216529
6917,1125.0,482,sess_2846,add_to_cart,2025-07-15 19:37:06.216529
6918,883.0,1107,sess_1293,purchase,2025-12-23 01:38:01.216529
6919,682.0,1092,sess_3308,purchase,2026-03-12 11:12:46.216529
6920,208.0,157,sess_3744,purchase,invalid_timestamp
6921,974.0,21,sess_2120,add_to_cart,2025-09-02 04:02:47.216529
6922,416.0,775,sess_3123,add_to_cart,2025-08-11 08:41:38.216529
6923,11.0,272,sess_3364,add_to_cart,2026-03-15 10:10:19.216529
6924,775.0,722,sess_1994,add_to_cart,2026-02-09 16:37:58.216529
6925,127.0,312,sess_1782,purchase,2025-12-20 23:01:25.216529
6926,704.0,263,sess_4093,purchase,2025-06-14 22:16:00.216529
6927,192.0,557,sess_2587,add_to_cart,2025-07-12 11:44:24.216529
6928,19.0,734,sess_1047,view,2025-11-01 14:48:48.216529
6929,811.0,219,sess_1280,add_to_cart,2026-01-20 18:39:25.216529
6930,460.0,37,sess_2880,purchase,invalid_timestamp
6931,796.0,718,sess_265,purchase,2025-11-15 15:27:53.216529
6932,800.0,1157,sess_4073,add_to_cart,2026-05-25 15:19:22.216529
6933,1155.0,498,sess_66,view,2026-05-18 00:59:53.216529
6934,984.0,224,sess_4435,view,2025-08-05 18:12:30.216529
6935,404.0,314,sess_756,purchase,2026-01-08 04:38:43.216529
6936,1018.0,1066,sess_4161,view,2025-08-17 05:26:03.216529
6937,663.0,263,sess_2385,add_to_cart,2026-04-11 18:30:10.216529
6938,932.0,482,sess_2878,add_to_cart,2025-12-12 12:02:27.216529
6939,434.0,688,sess_3144,add_to_cart,2025-06-19 17:23:14.216529
6940,823.0,211,sess_4303,purchase,2025-06-23 00:39:14.216529
6941,824.0,376,sess_3451,purchase,2025-11-11 15:01:41.216529
6942,87.0,511,,view,2025-11-08 20:59:07.216529
6943,734.0,539,sess_940,purchase,2025-10-11 02:21:57.216529
6944,636.0,322,,add_to_cart,2025-10-18 04:08:50.216529
6945,966.0,243,sess_1366,add_to_cart,2025-07-23 16:54:39.216529
6946,670.0,624,sess_1160,view,2025-07-24 07:38:00.216529
6947,434.0,1072,sess_3709,add_to_cart,2025-11-26 10:12:51.216529
6948,,1013,sess_999,purchase,2026-04-15 04:58:14.216529
6949,128.0,1001,sess_3869,add_to_cart,2025-10-04 06:01:56.216529
6950,344.0,648,sess_1545,purchase,2025-07-17 07:22:19.216529
6951,327.0,913,sess_2744,purchase,2025-11-17 19:44:49.216529
6952,59.0,608,sess_842,add_to_cart,invalid_timestamp
6953,336.0,582,sess_1481,add_to_cart,2026-02-20 01:00:07.216529
6954,771.0,568,sess_4103,view,invalid_timestamp
6955,138.0,243,,view,2026-02-13 08:54:11.216529
6956,926.0,695,sess_2734,purchase,2025-11-23 02:57:54.216529
6957,840.0,1146,sess_416,view,2025-11-02 21:21:26.216529
6958,275.0,23,sess_1864,purchase,2025-09-07 13:24:45.216529
6959,450.0,459,sess_4151,view,2025-06-15 10:24:34.216529
6960,1030.0,1091,sess_2768,purchase,2025-07-07 20:51:49.216529
6961,719.0,190,sess_1056,view,invalid_timestamp
6962,952.0,451,sess_2361,purchase,2025-09-06 09:31:09.216529
6963,541.0,635,sess_1954,view,2025-08-28 12:11:41.216529
6964,763.0,965,sess_505,purchase,2025-12-17 17:28:12.216529
6965,920.0,816,sess_1698,view,2025-12-20 11:24:58.216529
6966,587.0,929,sess_1012,add_to_cart,2026-05-30 07:46:33.216529
158,466.0,456,sess_918,view,2025-08-01 01:00:46.216529
6968,160.0,893,sess_283,add_to_cart,2025-12-08 05:19:03.216529
6969,80.0,539,sess_4119,add_to_cart,2025-10-29 10:22:21.216529
6970,254.0,519,sess_104,purchase,2025-11-07 09:10:13.216529
6971,787.0,471,sess_3080,view,invalid_timestamp
6972,983.0,853,sess_2445,view,2025-08-27 17:19:03.216529
6973,637.0,1127,sess_4562,view,2025-12-22 01:08:55.216529
6974,309.0,1047,sess_3635,add_to_cart,2025-08-09 19:26:20.216529
6975,220.0,59,sess_520,add_to_cart,2025-10-11 06:50:11.216529
6976,1005.0,922,sess_1981,view,2025-07-27 16:34:47.216529
6977,528.0,904,sess_1496,view,2025-12-24 09:53:00.216529
6978,156.0,1182,sess_3866,add_to_cart,2026-04-17 11:16:57.216529
6979,1167.0,981,sess_2383,view,invalid_timestamp
6980,1069.0,587,sess_4686,view,2025-08-09 12:35:45.216529
6981,855.0,545,sess_717,purchase,2025-07-21 06:05:22.216529
6982,973.0,949,sess_1918,purchase,2025-10-07 12:21:16.216529
6983,933.0,1071,sess_4431,purchase,2026-03-08 05:26:01.216529
6984,1139.0,507,sess_2240,purchase,2026-04-28 15:14:10.216529
6985,358.0,961,sess_2114,add_to_cart,2025-12-25 10:29:00.216529
6986,706.0,589,sess_2170,purchase,2025-11-30 18:14:10.216529
6987,1193.0,162,sess_82,purchase,2026-03-24 16:07:59.216529
16,231.0,507,sess_4360,add_to_cart,2025-08-17 00:00:15.216529
6989,890.0,636,sess_3116,view,2025-12-09 22:54:28.216529
6990,883.0,208,sess_3672,add_to_cart,2025-10-06 22:18:04.216529
6991,1097.0,872,sess_3709,add_to_cart,invalid_timestamp
6992,924.0,1141,sess_2087,add_to_cart,2025-07-09 07:32:13.216529
6993,115.0,199,sess_4194,add_to_cart,2026-06-08 12:56:04.216529
6994,918.0,1066,sess_4979,purchase,2026-01-04 05:04:08.216529
6995,876.0,493,sess_4484,view,2026-04-07 21:28:43.216529
6996,522.0,1151,sess_3254,purchase,invalid_timestamp
6997,133.0,970,sess_5000,purchase,2025-08-12 14:55:21.216529
6998,611.0,282,sess_2483,view,2025-07-07 05:19:39.216529
6999,1057.0,811,sess_4457,purchase,2025-11-11 10:09:58.216529
7000,,972,sess_2428,purchase,2025-08-09 17:49:45.216529
7001,957.0,118,sess_2356,view,2026-02-20 20:01:43.216529
7002,939.0,934,sess_698,add_to_cart,2025-11-17 19:44:20.218542
7003,,845,sess_1565,add_to_cart,2026-01-21 02:14:49.218542
7004,716.0,276,sess_3424,view,2025-08-12 16:17:09.218542
7005,483.0,210,sess_4753,view,2025-06-16 17:08:59.218542
135,85.0,308,sess_2385,view,2025-12-08 10:09:02.218542
7007,6.0,579,sess_3339,view,2025-12-26 13:17:16.218542
7008,1127.0,1166,sess_1877,add_to_cart,invalid_timestamp
7009,945.0,974,sess_4138,add_to_cart,2025-11-19 17:12:19.218542
7010,191.0,500,sess_1549,purchase,2026-03-10 05:38:10.218542
7011,348.0,254,sess_1203,view,2025-08-17 09:10:12.218542
7012,649.0,182,sess_1679,view,2026-04-07 00:27:19.218542
7013,746.0,983,sess_4221,add_to_cart,invalid_timestamp
7014,29.0,778,sess_26,purchase,2026-02-26 07:07:58.218542
7015,37.0,192,sess_4558,add_to_cart,2026-04-28 23:13:00.218542
7016,78.0,312,sess_2034,add_to_cart,2025-07-05 19:05:58.218542
7017,772.0,809,sess_4362,view,2025-12-15 10:36:24.218542
7018,323.0,395,sess_2539,view,2025-12-11 12:13:31.218542
7019,1136.0,969,sess_3397,add_to_cart,2026-02-10 00:58:46.218542
7020,804.0,1159,sess_2605,add_to_cart,2026-02-26 07:10:46.218542
7021,282.0,1107,sess_736,add_to_cart,2026-03-08 00:21:26.218542
7022,1134.0,815,sess_1722,purchase,2025-11-27 01:12:22.218542
7023,549.0,933,sess_927,add_to_cart,2026-05-10 03:27:36.218542
7024,880.0,707,sess_3988,purchase,2026-04-25 03:31:32.218542
7025,242.0,1117,sess_2134,purchase,2025-09-13 16:09:48.218542
7026,1192.0,311,sess_2314,view,2025-12-22 02:20:24.218542
7027,1041.0,1153,sess_4026,add_to_cart,2026-01-19 23:53:04.218542
7028,157.0,882,sess_2112,view,2026-04-01 09:24:01.218542
7029,1027.0,1149,sess_3647,purchase,2025-12-27 07:12:01.218542
7030,182.0,525,sess_2926,view,2025-08-13 20:53:02.218542
7031,145.0,796,sess_333,view,2026-05-04 22:07:52.218542
7032,,199,sess_4269,purchase,2025-10-16 09:08:37.218542
7033,407.0,1122,sess_3030,purchase,2025-08-03 20:41:09.218542
7034,379.0,1145,sess_1082,purchase,2025-12-21 10:23:10.218542
7035,303.0,1108,sess_1654,purchase,2025-09-22 23:29:01.218542
7036,,624,sess_4975,add_to_cart,2025-12-06 05:21:54.218542
7037,1110.0,562,sess_3742,add_to_cart,2025-08-02 09:55:50.218542
7038,735.0,1033,sess_2146,view,2025-06-20 13:11:37.218542
7039,1059.0,369,sess_2095,purchase,invalid_timestamp
7040,587.0,851,sess_195,purchase,2025-07-25 20:45:16.218542
7041,164.0,532,sess_2189,add_to_cart,2025-10-17 13:45:54.218542
7042,130.0,1018,sess_1147,view,2026-02-24 15:22:44.218542
7043,858.0,1028,sess_2644,view,2026-05-29 20:30:38.218542
7044,390.0,227,sess_1465,view,2026-03-31 18:08:03.218542
7045,849.0,1200,,purchase,2025-12-29 05:30:13.218542
7046,638.0,145,sess_4899,add_to_cart,2025-11-16 22:07:03.218542
7047,949.0,1166,sess_2634,purchase,2026-05-06 01:03:32.218542
7048,107.0,117,sess_2200,purchase,2026-01-26 04:03:20.218542
7049,510.0,565,sess_4313,purchase,2025-08-12 01:11:45.218542
7050,304.0,241,sess_1115,add_to_cart,2026-01-30 10:50:02.218542
7051,67.0,652,sess_2966,purchase,2026-04-23 18:35:50.218542
7052,459.0,691,sess_3206,view,2025-12-09 14:09:35.218542
7053,882.0,450,sess_79,add_to_cart,2026-01-22 07:18:25.218542
7054,677.0,798,sess_4283,add_to_cart,2026-04-05 17:21:13.218542
7055,95.0,504,sess_1049,purchase,2025-08-21 17:11:27.218542
7056,466.0,835,sess_583,add_to_cart,2026-06-01 08:23:05.218542
7057,702.0,1045,sess_4181,purchase,2025-07-23 07:52:28.218542
7058,1031.0,865,sess_4867,add_to_cart,2025-10-23 19:25:21.218542
7059,938.0,743,sess_18,view,2025-11-18 15:04:50.218542
7060,74.0,593,sess_489,view,2025-08-25 17:44:00.218542
7061,822.0,192,sess_833,view,2026-03-18 02:47:53.218542
7062,1145.0,339,sess_2923,view,2025-12-30 10:14:53.218542
7063,781.0,1120,sess_2401,view,2026-01-07 15:01:14.218542
7064,255.0,460,sess_3127,view,2025-06-12 19:54:51.218542
7065,64.0,637,sess_2699,purchase,2025-10-11 21:48:06.218542
7066,967.0,126,,purchase,2025-10-28 12:55:07.218542
7067,337.0,1182,sess_3111,purchase,invalid_timestamp
7068,477.0,215,sess_3720,purchase,2025-08-06 05:38:36.218542
7069,537.0,362,sess_3418,add_to_cart,2025-10-22 13:08:53.218542
7070,249.0,756,sess_1509,view,2025-12-30 13:16:27.218542
7071,888.0,408,sess_4284,view,2025-08-27 09:21:38.218542
7072,315.0,542,sess_1221,add_to_cart,2025-06-26 00:46:20.218542
7073,835.0,322,,add_to_cart,2026-03-23 13:14:43.218542
7074,868.0,36,sess_4389,purchase,2025-09-05 03:37:54.218542
7075,658.0,1134,sess_1666,view,2025-11-10 07:35:32.218542
7076,493.0,910,sess_1577,purchase,2026-01-13 00:08:33.218542
7077,291.0,748,,add_to_cart,2026-05-24 22:32:07.218542
7078,438.0,117,sess_4922,add_to_cart,2026-02-17 07:50:44.218542
7079,796.0,894,sess_3539,view,2026-02-26 10:02:32.218542
7080,76.0,388,sess_4829,view,2025-12-19 16:45:30.218542
7081,984.0,720,sess_3578,add_to_cart,2025-06-17 19:27:52.218542
7082,442.0,1181,sess_1638,view,2025-09-20 05:30:41.218542
7083,210.0,951,sess_2379,view,2026-02-26 20:42:47.218542
7084,968.0,1012,sess_3045,view,2026-03-02 08:10:10.218542
7085,380.0,905,,purchase,2026-02-06 13:43:00.218542
7086,1059.0,677,sess_4029,add_to_cart,2025-08-28 08:56:12.218542
7087,602.0,528,sess_4861,view,2025-11-09 01:22:07.218542
7088,373.0,355,sess_4634,add_to_cart,invalid_timestamp
7089,454.0,929,sess_3812,purchase,2025-11-17 10:24:05.218542
7090,77.0,161,sess_899,purchase,2026-04-03 14:20:49.218542
7091,465.0,265,sess_1327,view,2026-02-05 07:12:17.218542
7092,588.0,671,sess_501,purchase,2025-06-25 03:05:15.218542
7093,548.0,1151,sess_3382,purchase,2025-10-29 16:47:52.218542
7094,479.0,960,sess_2400,view,2026-06-07 07:04:36.218542
7095,200.0,6,sess_4869,add_to_cart,2025-07-04 21:22:50.218542
7096,859.0,417,sess_4897,add_to_cart,2025-10-22 13:57:07.218542
7097,784.0,1060,sess_4610,view,2026-06-10 01:30:07.218542
7098,492.0,1030,sess_3242,add_to_cart,2026-06-11 19:51:01.218542
7099,1068.0,855,sess_90,view,2026-01-25 20:49:59.218542
7100,325.0,1009,,view,2025-07-08 13:20:26.218542
7101,456.0,840,sess_509,purchase,2026-03-17 08:55:08.218542
7102,458.0,664,sess_1070,purchase,2026-04-20 20:02:52.218542
7103,,902,sess_1109,purchase,2026-04-26 02:47:28.218542
7104,750.0,149,sess_202,view,2025-10-17 06:29:15.218542
7105,915.0,1186,sess_4242,view,2026-06-01 23:53:16.218542
7106,61.0,874,sess_4432,purchase,2025-09-12 12:22:57.218542
7107,524.0,530,sess_1718,add_to_cart,2025-07-11 03:50:52.218542
7108,493.0,36,sess_4728,purchase,invalid_timestamp
7109,542.0,710,sess_251,add_to_cart,2025-08-21 21:34:03.218542
7110,662.0,336,sess_2974,add_to_cart,invalid_timestamp
7111,285.0,154,sess_4245,purchase,2025-08-25 18:14:42.218542
7112,272.0,517,sess_672,view,2025-06-25 22:22:12.218542
7113,520.0,671,sess_2568,add_to_cart,2025-06-23 08:16:38.218542
7114,1040.0,1068,,purchase,2025-11-30 19:04:24.218542
7115,795.0,11,sess_844,view,2026-05-27 17:32:11.218542
7116,382.0,516,sess_4057,view,2025-06-15 00:01:19.218542
7117,1001.0,384,sess_4332,add_to_cart,2025-08-31 23:57:24.218542
7118,1131.0,633,sess_4671,view,invalid_timestamp
7119,196.0,228,sess_2682,purchase,invalid_timestamp
7120,814.0,596,sess_4718,view,2025-12-17 17:25:28.218542
7121,,41,sess_366,view,2026-03-30 22:48:05.218542
7122,724.0,965,sess_1659,purchase,2025-09-02 08:29:31.218542
7123,604.0,206,sess_4123,view,2025-08-05 13:56:32.218542
7124,1188.0,1167,sess_2983,purchase,2026-03-12 04:39:56.218542
7125,283.0,644,sess_4564,view,2025-11-18 22:27:17.218542
7126,536.0,691,sess_4641,add_to_cart,2026-06-08 04:06:42.218542
7127,427.0,955,sess_2728,purchase,2025-07-02 12:40:48.218542
7128,339.0,88,sess_3194,add_to_cart,2025-10-24 07:30:10.218542
7129,149.0,598,sess_451,view,2026-06-04 06:50:55.218542
7130,252.0,183,sess_1486,view,2025-07-18 09:44:20.218542
7131,1171.0,929,sess_4418,add_to_cart,2025-06-27 05:58:49.218542
7132,1109.0,1068,sess_3659,view,2026-02-14 19:51:28.218542
7133,1123.0,482,sess_1968,purchase,2025-09-04 10:48:45.218542
7134,649.0,87,sess_3495,add_to_cart,2026-02-15 07:30:04.218542
7135,94.0,850,sess_1295,add_to_cart,2025-09-17 00:38:59.218542
7136,924.0,864,sess_2276,purchase,2026-01-24 07:20:56.218542
7137,841.0,768,sess_2442,add_to_cart,2026-05-29 13:58:18.218542
7138,659.0,516,sess_3112,purchase,2026-05-13 18:31:22.218542
7139,780.0,580,sess_3856,view,2026-03-25 16:35:38.218542
7140,569.0,1110,sess_1827,view,2025-06-24 02:57:37.218542
7141,566.0,817,sess_3999,add_to_cart,2026-06-11 23:00:07.218542
7142,1014.0,656,sess_3346,add_to_cart,2025-08-11 21:52:07.218542
7143,1040.0,1093,sess_4027,add_to_cart,2026-02-02 19:09:17.218542
7144,570.0,149,sess_2011,add_to_cart,2026-05-03 09:11:19.218542
7145,932.0,392,sess_2639,add_to_cart,2026-02-08 08:19:49.218542
7146,1027.0,790,sess_40,purchase,2026-03-03 11:27:18.218542
7147,451.0,358,sess_3526,purchase,2025-11-16 13:03:21.218542
7148,721.0,47,sess_849,purchase,2025-10-11 07:44:00.218542
119,164.0,41,sess_4709,add_to_cart,invalid_timestamp
7150,202.0,796,sess_290,add_to_cart,2025-11-28 16:54:12.218542
7151,469.0,177,sess_2660,purchase,2025-07-08 13:07:58.218542
7152,34.0,752,sess_4148,purchase,2026-01-21 06:40:05.218542
7153,369.0,749,sess_754,add_to_cart,2026-01-06 14:41:06.218542
7154,419.0,869,sess_3666,add_to_cart,2025-12-07 08:42:03.218542
7155,114.0,55,sess_629,purchase,2025-09-16 16:11:19.218542
7156,162.0,814,sess_2865,view,2026-01-16 21:20:08.218542
7157,537.0,439,sess_691,view,2025-11-27 08:06:29.218542
7158,385.0,591,sess_3948,add_to_cart,2026-01-31 09:37:50.218542
7159,515.0,635,sess_3638,view,2025-10-05 09:06:39.218542
7160,962.0,220,sess_1907,purchase,2026-05-20 02:53:35.218542
7161,622.0,629,sess_4517,add_to_cart,2026-05-07 07:21:03.218542
7162,244.0,1047,sess_1498,purchase,2025-07-15 06:23:00.218542
7163,1192.0,338,sess_1387,purchase,2025-06-29 02:47:27.218542
7164,804.0,779,sess_1,add_to_cart,2025-11-08 17:27:57.218542
7165,966.0,521,sess_50,add_to_cart,2025-07-07 17:44:15.218542
7166,375.0,526,sess_455,view,2026-04-08 04:20:01.218542
7167,,952,sess_2981,view,2025-08-27 18:00:11.218542
7168,965.0,37,,purchase,2025-10-28 11:52:13.218542
7169,1114.0,744,sess_1684,add_to_cart,2025-07-07 05:07:07.218542
7170,488.0,114,sess_669,purchase,2026-06-03 23:23:09.218542
7171,612.0,375,sess_4611,purchase,2026-04-16 03:43:23.218542
7172,879.0,353,sess_1440,add_to_cart,2025-08-21 13:56:35.218542
7173,1167.0,524,sess_4586,add_to_cart,invalid_timestamp
7174,466.0,444,sess_2446,purchase,2026-03-06 11:17:45.218542
7175,442.0,772,sess_1153,add_to_cart,2026-01-27 06:12:50.218542
7176,1194.0,419,sess_2842,view,2025-06-15 06:47:15.218542
7177,37.0,467,sess_1522,purchase,2026-05-23 07:03:21.218542
7178,74.0,590,sess_4488,view,2025-11-22 05:00:46.218542
7179,178.0,629,sess_102,view,2025-10-16 04:39:39.218542
7180,112.0,1070,sess_1231,view,2025-12-22 19:10:54.218542
145,988.0,162,sess_1887,purchase,2025-08-16 04:14:36.218542
7182,129.0,597,sess_637,add_to_cart,2025-06-12 15:28:28.218542
7183,1194.0,834,sess_3470,purchase,2026-01-24 15:54:59.218542
7184,1023.0,749,sess_643,add_to_cart,2026-02-19 20:25:20.218542
7185,500.0,504,sess_462,view,2025-08-21 16:53:01.218542
7186,53.0,433,sess_797,view,2025-06-27 11:53:59.218542
7187,439.0,1125,sess_1100,purchase,2026-02-23 10:27:56.218542
7188,203.0,232,,purchase,2026-04-22 17:37:23.218542
7189,,1014,sess_89,purchase,2025-11-20 13:55:59.218542
7190,393.0,994,sess_1611,purchase,2026-03-09 06:49:09.218542
7191,391.0,783,sess_1832,purchase,2025-06-15 18:48:58.218542
7192,1169.0,565,sess_1455,purchase,2025-06-16 12:39:56.218542
7193,426.0,214,sess_704,purchase,2025-09-27 02:17:06.218542
7194,888.0,370,sess_4850,view,2026-02-21 01:53:28.218542
7195,133.0,795,sess_2577,view,2025-07-18 00:55:55.218542
7196,723.0,1018,sess_350,purchase,2025-09-30 12:46:31.219548
7197,755.0,520,sess_4287,view,2025-10-19 17:11:23.219548
7198,113.0,413,,add_to_cart,2026-03-06 16:43:12.219548
7199,333.0,973,sess_2137,view,2025-12-10 03:16:16.219548
7200,785.0,953,sess_65,add_to_cart,2026-03-21 23:25:36.219548
7201,,829,sess_1877,purchase,2026-03-26 21:28:12.219548
7202,154.0,1114,sess_812,view,2025-11-12 12:33:14.219548
7203,571.0,921,sess_4176,view,2025-10-16 06:00:50.219548
7204,,925,sess_3344,view,2026-05-04 19:12:51.219548
7205,,302,sess_2200,add_to_cart,2026-01-28 14:28:55.219548
7206,791.0,361,sess_3549,view,2025-07-16 10:26:48.219548
7207,37.0,1015,sess_1901,purchase,2025-11-24 02:33:14.219548
7208,188.0,286,sess_685,add_to_cart,2025-12-10 16:28:30.219548
7209,612.0,9,sess_3283,view,2025-12-15 00:53:50.219548
7210,,827,sess_4249,purchase,2026-01-27 21:17:09.219548
7211,185.0,907,sess_4285,add_to_cart,2025-08-31 13:09:30.219548
7212,460.0,131,,purchase,2026-05-09 15:43:03.219548
7213,622.0,1005,sess_3872,purchase,2026-04-29 06:32:32.219548
7214,1134.0,949,sess_4299,view,invalid_timestamp
76,740.0,400,sess_1905,view,2026-04-26 00:20:32.219548
7216,,688,sess_1709,view,2026-02-07 14:48:23.219548
7217,1185.0,496,sess_3213,purchase,2026-06-07 11:22:40.219548
7218,557.0,1074,sess_4132,add_to_cart,2026-05-02 04:19:26.219548
7219,713.0,932,sess_3940,purchase,2025-08-21 09:47:07.219548
7220,597.0,682,sess_638,view,2025-10-01 20:26:55.219548
7221,27.0,1168,sess_2493,view,2025-12-30 04:41:37.219548
7222,539.0,495,sess_3978,view,2025-10-03 13:25:58.219548
7223,1050.0,75,sess_4222,purchase,2025-11-08 06:01:12.219548
7224,240.0,714,sess_2334,purchase,2025-12-22 12:20:37.219548
7225,674.0,648,sess_4200,view,2025-08-18 21:23:07.219548
7226,768.0,533,sess_3410,purchase,2025-09-06 22:47:03.219548
7227,461.0,558,sess_821,view,2025-07-12 11:01:59.219548
7228,1149.0,1073,sess_2562,view,2026-02-23 13:40:43.219548
7229,557.0,986,sess_3840,view,2026-04-21 03:23:16.219548
7230,118.0,938,sess_3364,add_to_cart,2025-09-02 00:15:40.219548
7231,547.0,1176,sess_361,add_to_cart,2026-05-17 14:23:02.219548
7232,1179.0,222,sess_3228,view,2025-11-17 00:31:37.219548
7233,441.0,1185,sess_12,add_to_cart,2025-11-08 06:08:53.219548
7234,245.0,1096,sess_1907,view,2026-03-12 12:49:37.219548
7235,813.0,651,sess_4419,purchase,2025-08-05 04:11:00.219548
7236,1098.0,195,sess_1020,purchase,2025-12-24 08:14:51.219548
7237,270.0,495,sess_1807,purchase,2026-06-02 10:41:28.219548
7238,1013.0,164,sess_3621,view,2026-05-08 15:05:39.219548
7239,1078.0,10,sess_262,view,2026-04-02 07:37:06.219548
7240,238.0,974,sess_1310,add_to_cart,2026-03-30 15:53:37.219548
7241,368.0,953,sess_4085,purchase,2026-02-06 12:41:46.219548
7242,621.0,769,sess_2192,purchase,2026-03-07 20:02:14.219548
7243,69.0,571,sess_4298,view,2026-02-16 16:52:07.219548
7244,136.0,580,sess_4970,add_to_cart,2025-07-15 22:24:39.219548
7245,1126.0,1140,sess_1460,view,2025-11-05 20:14:03.219548
7246,906.0,1002,sess_3061,view,2026-01-16 05:28:06.219548
7247,1061.0,607,sess_2445,view,2025-11-28 04:33:23.219548
7248,113.0,58,sess_2033,view,2025-09-16 18:30:43.219548
7249,614.0,795,sess_2052,add_to_cart,2026-03-04 10:48:30.219548
7250,556.0,596,sess_2668,purchase,2026-04-13 12:11:46.219548
7251,513.0,528,sess_806,view,2025-11-18 03:53:53.219548
7252,1062.0,856,sess_4746,view,2025-10-21 16:42:12.219548
7253,976.0,255,sess_2103,add_to_cart,2025-10-28 12:12:48.219548
7254,893.0,477,sess_4673,view,2026-05-22 07:24:59.219548
35,437.0,1043,sess_4440,view,2026-02-26 12:13:27.219548
7256,304.0,997,sess_2814,add_to_cart,2025-09-05 03:43:01.219548
7257,623.0,647,sess_1157,add_to_cart,2025-11-02 10:41:00.219548
7258,1064.0,757,sess_2251,purchase,2025-06-27 21:13:23.219548
7259,632.0,974,sess_102,view,2026-01-29 10:26:13.219548
7260,976.0,26,sess_1740,purchase,2025-12-28 10:42:53.219548
7261,1.0,1126,sess_1951,view,2025-06-22 21:05:24.219548
7262,678.0,1073,sess_4885,purchase,2026-02-04 10:23:58.219548
7263,620.0,1065,sess_4232,add_to_cart,2025-11-06 06:39:38.219548
7264,958.0,1063,sess_413,view,2026-02-17 10:29:34.219548
7265,1186.0,461,sess_3822,purchase,2025-11-02 15:34:15.219548
7266,11.0,716,sess_1598,purchase,2025-08-11 12:53:27.219548
7267,58.0,195,sess_2050,purchase,2025-07-23 03:42:58.219548
7268,1145.0,1112,sess_4599,view,2026-04-14 12:29:08.219548
7269,1122.0,132,sess_836,view,2026-06-08 16:20:00.219548
110,39.0,1197,sess_1005,purchase,invalid_timestamp
7271,754.0,1190,sess_744,view,2025-12-23 22:52:21.219548
7272,446.0,952,sess_3183,purchase,2025-07-12 09:46:58.219548
7273,1008.0,1074,sess_4035,purchase,2025-09-22 17:56:13.219548
7274,893.0,732,sess_176,add_to_cart,2026-05-27 16:33:05.219548
7275,471.0,232,sess_3160,add_to_cart,2025-11-27 00:48:09.219548
7276,1152.0,307,sess_360,purchase,2025-09-23 03:52:37.219548
7277,,293,sess_4912,add_to_cart,2026-04-26 17:42:05.219548
63,685.0,1156,sess_2593,view,2026-03-28 00:25:00.219548
7279,467.0,118,sess_694,view,2025-06-23 20:31:59.219548
7280,1157.0,756,sess_2907,purchase,2025-10-27 06:31:30.219548
7281,680.0,312,sess_2520,view,2026-04-08 19:49:38.219548
7282,1172.0,335,sess_1177,add_to_cart,2026-03-27 14:18:33.219548
7283,,477,,add_to_cart,2025-07-27 20:23:40.219548
7284,744.0,539,sess_133,purchase,2025-06-17 02:25:29.219548
7285,240.0,942,,add_to_cart,2025-08-18 17:20:46.219548
7286,550.0,1198,sess_4471,view,invalid_timestamp
7287,1120.0,436,,view,2025-09-08 23:06:23.219548
7288,458.0,141,sess_2168,view,2026-04-11 20:10:41.219548
7289,664.0,787,sess_3167,purchase,2026-04-14 19:31:04.219548
7290,558.0,352,sess_2050,add_to_cart,2025-08-26 03:52:40.219548
7291,69.0,65,sess_553,view,2025-08-31 14:29:52.219548
7292,792.0,185,sess_3452,view,2025-10-09 06:47:28.219548
7293,1066.0,671,sess_4248,add_to_cart,2025-06-16 20:39:19.219548
7294,517.0,383,sess_425,view,2025-11-13 04:16:54.219548
7295,164.0,975,sess_1110,view,2026-03-19 19:35:39.219548
7296,1112.0,331,sess_2447,purchase,2026-05-15 11:26:19.219548
7297,320.0,318,sess_4010,purchase,invalid_timestamp
7298,212.0,869,sess_1505,purchase,2026-03-05 16:35:30.219548
7299,258.0,809,sess_2516,view,2026-02-23 03:01:55.219548
7300,625.0,413,sess_3586,purchase,2025-11-04 09:30:59.219548
7301,279.0,916,sess_3082,purchase,2026-04-30 01:04:59.219548
7302,,966,sess_1722,view,2026-04-24 21:38:56.219548
7303,130.0,196,sess_2309,view,2026-01-26 10:54:52.219548
7304,514.0,992,sess_557,add_to_cart,2025-10-27 01:00:44.219548
7305,268.0,914,sess_4585,add_to_cart,2026-03-12 17:20:44.219548
7306,174.0,864,sess_1268,view,2025-12-28 04:24:09.219548
7307,864.0,389,sess_1252,add_to_cart,2026-02-04 21:19:56.219548
7308,1105.0,163,sess_3022,view,2025-12-23 09:30:53.219548
7309,318.0,195,sess_1721,add_to_cart,2025-12-17 06:46:07.219548
7310,588.0,666,sess_321,purchase,2025-09-09 02:30:44.219548
7311,312.0,961,sess_3464,view,2026-03-25 14:47:51.219548
7312,52.0,172,sess_1043,purchase,2025-08-04 04:25:55.219548
7313,980.0,1198,sess_4407,purchase,2025-12-30 06:56:04.219548
7314,430.0,773,sess_52,purchase,2025-09-10 18:44:18.219548
7315,151.0,380,sess_4190,add_to_cart,2025-08-09 09:02:08.219548
7316,430.0,628,sess_1585,add_to_cart,2025-10-22 00:05:16.219548
7317,133.0,105,sess_1997,add_to_cart,2025-11-17 03:31:51.219548
7318,592.0,246,sess_1269,view,2026-01-15 16:51:04.219548
7319,170.0,468,sess_3392,purchase,2025-08-18 06:17:13.219548
7320,759.0,712,sess_4314,view,2025-06-16 09:44:27.219548
7321,755.0,457,sess_4706,purchase,2026-05-29 01:30:38.219548
7322,185.0,659,sess_3824,add_to_cart,2025-12-28 14:19:16.219548
7323,12.0,599,sess_1345,purchase,2026-02-28 06:42:24.219548
7324,376.0,1032,sess_452,add_to_cart,2025-12-08 04:30:08.219548
7325,641.0,978,,view,invalid_timestamp
7326,827.0,262,sess_2000,view,2026-03-17 19:13:51.219548
7327,194.0,139,sess_490,view,2025-06-23 15:03:27.219548
7328,101.0,47,sess_286,view,2026-01-23 08:25:04.219548
7329,408.0,1094,sess_959,add_to_cart,2025-06-28 19:50:49.219548
60,339.0,229,sess_3981,purchase,2026-05-14 15:36:33.219548
7331,571.0,1094,sess_2790,purchase,invalid_timestamp
7332,391.0,742,sess_2029,add_to_cart,2025-09-26 19:17:32.219548
7333,349.0,1064,sess_3335,add_to_cart,2025-07-29 16:37:20.219548
7334,401.0,696,sess_2772,view,2025-07-05 07:17:31.219548
7335,918.0,1198,sess_2879,purchase,2025-12-06 22:52:02.219548
7336,644.0,826,sess_958,purchase,2026-02-16 04:18:16.219548
7337,654.0,455,sess_1583,add_to_cart,2025-07-30 02:53:18.219548
7338,1020.0,1153,sess_4759,purchase,2026-01-26 19:24:25.219548
7339,523.0,1131,sess_2740,add_to_cart,2025-07-30 00:15:47.219548
7340,421.0,490,,view,2026-05-15 01:28:24.219548
7341,1096.0,679,sess_3506,view,2026-03-10 22:11:49.219548
7342,1182.0,1068,,view,2025-08-05 04:26:59.219548
7343,336.0,615,sess_4436,add_to_cart,invalid_timestamp
7344,912.0,762,sess_3550,purchase,2025-08-12 05:37:23.219548
7345,887.0,404,sess_4166,add_to_cart,2025-11-22 18:45:42.219548
7346,771.0,347,sess_2890,purchase,2025-12-05 22:13:10.219548
7347,200.0,126,sess_4106,add_to_cart,2026-05-01 17:23:13.219548
7348,,778,sess_4543,purchase,2026-06-03 09:46:41.219548
7349,206.0,241,sess_3629,view,2025-12-17 23:41:12.219548
7350,96.0,1,sess_2616,purchase,2025-07-31 03:53:06.219548
7351,540.0,600,sess_1576,purchase,2025-08-29 05:15:00.219548
7352,28.0,488,sess_1618,view,2025-11-06 16:34:58.219548
7353,,486,sess_1412,purchase,2025-09-20 15:28:33.219548
7354,417.0,598,sess_442,purchase,2025-12-14 17:57:10.219548
7355,1145.0,436,sess_3323,add_to_cart,2025-10-06 04:23:06.219548
7356,1050.0,725,sess_1925,view,2026-05-23 03:02:46.219548
7357,96.0,1002,sess_309,add_to_cart,2025-10-16 11:20:54.219548
7358,326.0,398,sess_1041,view,2026-04-26 23:36:21.219548
7359,210.0,492,sess_4639,view,2025-11-15 23:40:05.219548
7360,284.0,308,sess_1722,add_to_cart,2025-08-06 14:03:13.219548
7361,325.0,628,sess_2346,purchase,2025-06-30 14:57:46.219548
7362,900.0,881,sess_632,view,2026-03-30 05:38:15.219548
7363,590.0,939,sess_4423,purchase,2026-02-13 17:39:28.219548
7364,431.0,218,sess_1508,view,2025-08-23 16:41:49.219548
7365,517.0,801,sess_1140,add_to_cart,2025-06-24 12:16:03.219548
7366,656.0,1015,sess_612,add_to_cart,2026-05-02 03:13:12.219548
7367,637.0,313,sess_3006,add_to_cart,2025-12-03 16:26:46.219548
7368,956.0,148,sess_4724,add_to_cart,2025-09-24 06:27:16.219548
7369,967.0,318,sess_4078,purchase,2025-12-22 00:32:52.219548
7370,160.0,580,sess_308,purchase,2026-02-19 10:56:44.219548
7371,904.0,888,sess_4801,view,2025-11-16 15:42:57.219548
7372,1148.0,987,sess_3836,add_to_cart,2026-01-11 12:36:19.219548
7373,968.0,589,sess_1335,view,2025-09-19 00:02:55.219548
7374,830.0,1116,sess_1696,purchase,2026-04-30 15:00:20.219548
7375,657.0,476,sess_3566,purchase,2025-11-11 00:35:29.219548
7376,627.0,785,sess_150,add_to_cart,2025-06-28 06:32:45.219548
7377,464.0,627,sess_3321,add_to_cart,2025-12-09 08:46:17.219548
7378,319.0,575,sess_4286,add_to_cart,2025-12-31 18:21:35.219548
7379,376.0,160,sess_3752,add_to_cart,2026-03-15 21:37:23.219548
7380,313.0,1037,sess_2207,add_to_cart,2025-11-26 15:35:24.219548
7381,1167.0,546,sess_3652,add_to_cart,2025-09-27 11:39:49.219548
7382,545.0,276,sess_3931,view,invalid_timestamp
7383,866.0,584,sess_4249,add_to_cart,2026-04-17 02:42:41.219548
7384,1166.0,810,sess_3822,add_to_cart,2026-01-26 13:33:24.219548
7385,337.0,691,sess_1367,purchase,2025-08-06 00:46:37.219548
7386,169.0,1038,sess_3340,add_to_cart,2026-01-08 14:38:13.219548
7387,848.0,959,sess_1156,purchase,2025-06-17 17:16:52.219548
7388,,1131,sess_3996,add_to_cart,2025-06-15 22:56:38.219548
7389,989.0,937,sess_2753,purchase,2026-03-17 02:47:19.219548
7390,729.0,150,,view,2026-05-18 17:56:53.219548
7391,751.0,757,sess_4250,purchase,2025-07-08 13:25:21.219548
7392,954.0,953,sess_254,purchase,2025-10-30 07:45:15.219548
7393,1074.0,258,sess_4798,add_to_cart,2025-08-23 23:31:08.219548
7394,63.0,938,sess_4584,add_to_cart,2026-03-05 17:40:09.219548
7395,138.0,930,sess_3113,view,2026-01-09 22:42:27.219548
7396,740.0,139,sess_345,add_to_cart,2026-02-15 20:25:56.219548
7397,835.0,217,sess_1724,add_to_cart,2025-09-21 04:32:24.219548
7398,908.0,473,sess_246,purchase,2025-11-26 15:13:49.219548
7399,1101.0,158,sess_4132,purchase,2025-09-24 02:12:27.219548
7400,,988,sess_1611,view,2026-06-10 19:57:22.219548
7401,562.0,178,sess_2019,view,2025-06-18 14:25:03.219548
7402,507.0,135,sess_4914,add_to_cart,2025-06-18 09:05:57.219548
7403,141.0,807,sess_260,add_to_cart,2025-07-06 00:09:20.219548
7404,372.0,335,sess_648,add_to_cart,2025-09-16 07:42:16.219548
7405,609.0,576,sess_356,view,2025-08-31 10:26:03.219548
7406,414.0,275,sess_3126,purchase,2025-10-26 23:16:40.219548
7407,1175.0,110,sess_1245,purchase,2026-03-11 22:10:38.219548
7408,219.0,775,sess_2577,add_to_cart,2025-06-19 00:51:58.219548
7409,543.0,908,sess_517,purchase,2026-02-19 07:12:59.219548
7410,34.0,67,sess_3216,purchase,2025-10-13 14:33:05.219548
7411,952.0,87,sess_332,view,2025-07-24 04:27:24.219548
7412,770.0,970,sess_600,purchase,2025-11-03 06:10:59.219548
7413,272.0,405,sess_1400,purchase,2026-03-25 07:16:13.219548
7414,,1163,sess_1603,view,2026-01-14 00:24:57.219548
7415,1112.0,824,sess_1392,view,2026-02-16 15:15:22.219548
7416,936.0,800,sess_3497,add_to_cart,2025-11-02 11:43:15.219548
7417,755.0,207,sess_3198,purchase,2026-04-12 22:05:04.219548
7418,781.0,225,sess_2694,view,2025-12-20 16:40:40.219548
7419,1182.0,106,sess_741,add_to_cart,2026-04-19 00:10:55.219548
7420,786.0,1006,sess_263,add_to_cart,2026-02-10 21:19:06.219548
7421,512.0,1099,sess_4596,add_to_cart,2025-10-18 04:50:59.219548
7422,954.0,905,sess_3317,view,2025-09-14 13:38:09.219548
7423,56.0,1016,sess_1459,purchase,2025-11-06 19:53:44.219548
7424,,825,sess_2214,add_to_cart,2025-09-13 07:18:55.219548
7425,543.0,299,sess_285,add_to_cart,2025-11-11 07:58:22.219548
7426,709.0,723,sess_66,add_to_cart,2026-01-30 08:33:02.219548
7427,542.0,411,sess_3829,purchase,2025-11-23 10:56:42.219548
7428,109.0,224,sess_2238,purchase,2025-11-27 17:50:16.219548
7429,361.0,1165,sess_561,view,2026-05-09 06:01:44.219548
7430,553.0,131,sess_2646,view,2026-04-17 12:24:08.219548
7431,62.0,1122,sess_1754,view,2025-06-29 10:00:23.219548
7432,1168.0,91,sess_4550,add_to_cart,2026-04-27 13:10:20.219548
7433,435.0,1005,sess_2806,view,2026-03-23 07:29:48.219548
7434,210.0,41,sess_4787,view,2025-12-22 19:20:39.219548
7435,296.0,146,sess_3402,purchase,invalid_timestamp
7436,399.0,93,sess_3829,add_to_cart,2025-11-24 04:45:51.219548
7437,76.0,190,sess_4895,purchase,2026-02-25 08:51:07.219548
7438,455.0,1127,sess_1390,purchase,2026-05-24 06:19:15.219548
7439,480.0,864,sess_4154,view,2026-02-09 23:02:45.219548
7440,50.0,435,sess_2045,view,2026-02-08 08:36:25.219548
7441,713.0,324,sess_2664,view,2026-04-25 19:16:17.219548
7442,151.0,732,sess_1841,add_to_cart,2025-08-07 21:11:45.219548
7443,1168.0,459,sess_3871,view,2026-03-14 03:23:16.219548
7444,980.0,273,sess_3027,view,2025-10-27 11:18:09.219548
7445,893.0,975,sess_3072,purchase,2026-03-01 05:36:47.219548
7446,405.0,870,sess_2196,view,2025-09-04 15:51:18.219548
7447,479.0,605,sess_1023,add_to_cart,2025-11-19 15:07:54.219548
7448,132.0,588,sess_1686,add_to_cart,invalid_timestamp
7449,1126.0,567,sess_1424,purchase,2025-10-30 14:12:21.219548
7450,1078.0,1140,sess_3363,purchase,2026-06-06 15:14:48.219548
7451,95.0,34,sess_4782,purchase,2025-11-06 02:51:25.219548
7452,950.0,498,sess_1963,purchase,2025-06-26 05:29:36.219548
7453,751.0,1199,sess_2392,view,2025-11-14 18:20:45.219548
7454,411.0,1144,sess_3277,add_to_cart,2025-06-13 06:10:27.219548
172,,1197,sess_411,purchase,2026-03-17 05:45:42.219548
7456,248.0,405,sess_1661,purchase,2026-04-09 23:12:55.219548
7457,499.0,990,sess_1252,add_to_cart,2026-01-05 00:49:28.219548
7458,808.0,187,sess_2830,add_to_cart,2026-04-27 08:01:48.219548
7459,680.0,281,sess_3970,purchase,2026-02-19 01:28:00.219548
7460,532.0,919,sess_2401,purchase,2026-04-29 13:38:40.219548
7461,1044.0,1169,sess_771,add_to_cart,2025-07-23 08:17:06.219548
7462,1200.0,509,sess_493,purchase,2025-10-27 23:16:20.219548
7463,383.0,749,sess_2602,view,2025-11-05 09:16:30.219548
7464,467.0,133,sess_221,purchase,2026-02-27 20:25:58.219548
28,66.0,432,sess_4996,add_to_cart,2025-10-01 08:45:55.219548
7466,46.0,519,sess_466,add_to_cart,2025-12-12 07:26:56.219548
7467,504.0,1138,sess_2829,purchase,2025-11-14 21:42:56.219548
7468,167.0,557,sess_1207,view,2026-04-13 19:35:38.219548
7469,423.0,597,sess_2042,add_to_cart,2025-08-07 06:59:33.219548
7470,602.0,1069,sess_3331,purchase,2025-09-29 09:57:43.219548
7471,655.0,545,sess_4251,view,2026-05-21 11:02:50.219548
7472,246.0,12,sess_1420,view,2026-01-30 03:40:32.219548
7473,1097.0,248,sess_1426,purchase,2026-03-21 02:08:40.219548
7474,687.0,534,sess_2355,view,2025-08-01 14:32:18.219548
7475,1005.0,97,sess_1689,add_to_cart,2025-11-19 04:19:10.219548
7476,1078.0,670,sess_2886,purchase,2026-05-19 12:03:51.219548
7477,702.0,460,sess_4171,view,2026-03-25 20:43:03.219548
7478,,438,sess_3369,view,2025-07-23 01:05:38.219548
7479,17.0,329,sess_1599,purchase,2025-08-09 02:09:40.219548
7480,30.0,40,sess_120,view,invalid_timestamp
7481,1170.0,351,sess_3011,add_to_cart,2025-12-23 23:59:48.219548
7482,213.0,782,sess_2084,add_to_cart,invalid_timestamp
7483,245.0,353,sess_1661,purchase,2025-07-25 20:20:45.219548
7484,1123.0,461,sess_397,purchase,invalid_timestamp
7485,789.0,197,sess_4544,add_to_cart,2026-05-11 11:20:05.219548
7486,1008.0,900,sess_68,add_to_cart,2026-05-24 11:09:02.219548
7487,943.0,15,,purchase,2025-11-26 20:07:34.219548
7488,205.0,26,sess_949,view,2026-02-07 20:42:16.219548
7489,508.0,509,sess_4736,purchase,2025-09-03 11:23:49.219548
7490,205.0,694,sess_3170,add_to_cart,2025-07-17 01:02:55.219548
7491,292.0,866,sess_281,purchase,2025-12-25 10:13:14.219548
7492,,1097,sess_2541,add_to_cart,2026-05-11 22:02:12.219548
7493,261.0,731,sess_3696,add_to_cart,2026-04-23 09:12:53.219548
7494,332.0,1063,sess_4220,purchase,2025-09-17 23:45:55.219548
7495,334.0,352,sess_4800,view,2026-03-28 07:23:49.219548
7496,,665,sess_123,add_to_cart,2026-05-16 11:29:38.219548
7497,213.0,382,sess_2436,add_to_cart,2026-06-03 19:21:06.219548
7498,1095.0,1163,sess_4884,view,2026-02-27 12:47:14.219548
7499,1137.0,358,sess_1956,view,2025-08-17 19:47:26.219548
7500,823.0,534,sess_4031,add_to_cart,2026-03-05 07:54:45.219548
7501,664.0,262,sess_2465,view,2026-02-10 04:40:24.219548
7502,15.0,118,sess_3701,view,2025-09-02 10:08:45.219548
7503,,620,sess_2826,purchase,invalid_timestamp
7504,636.0,106,sess_620,view,2026-04-21 19:00:11.219548
7505,1111.0,314,sess_653,view,2025-11-10 11:11:47.219548
7506,,942,sess_2776,view,2025-07-22 23:42:30.219548
7507,1009.0,301,sess_2432,view,2025-07-10 09:52:24.219548
7508,8.0,705,sess_1470,purchase,2025-08-25 01:33:53.219548
7509,121.0,1167,sess_1463,purchase,2026-03-26 11:57:37.219548
7510,174.0,764,sess_137,purchase,2025-09-07 02:45:08.219548
7511,132.0,920,sess_3877,add_to_cart,2025-10-18 09:16:31.219548
7512,1191.0,304,sess_2745,view,2026-01-20 04:17:05.219548
7513,467.0,811,sess_710,add_to_cart,2025-11-29 22:58:30.219548
7514,521.0,141,sess_21,purchase,2025-08-17 01:31:31.219548
7515,1042.0,575,sess_2663,view,2025-07-05 00:46:30.219548
7516,142.0,304,sess_4722,purchase,2026-04-12 10:16:07.219548
7517,567.0,416,,add_to_cart,2025-08-09 16:02:55.219548
7518,888.0,718,sess_845,view,2026-06-11 17:34:31.219548
7519,558.0,866,sess_4681,view,2025-09-12 07:22:29.219548
7520,848.0,41,sess_1820,purchase,2025-06-11 03:59:08.219548
7521,729.0,525,sess_394,view,2025-09-27 18:17:51.219548
7522,514.0,997,sess_2001,view,2026-03-22 22:51:44.219548
7523,149.0,863,sess_2794,purchase,2026-02-28 07:38:06.219548
7524,120.0,336,sess_2525,view,2025-11-17 16:08:39.219548
7525,132.0,930,sess_4373,add_to_cart,2026-03-12 17:06:51.219548
7526,826.0,397,sess_3977,view,invalid_timestamp
7527,746.0,1066,sess_2089,purchase,2026-01-01 22:37:14.219548
7528,800.0,483,sess_3024,purchase,invalid_timestamp
7529,392.0,815,sess_909,view,2025-07-19 04:48:55.219548
7530,979.0,808,sess_529,add_to_cart,2025-09-24 09:47:27.219548
7531,246.0,448,sess_4216,add_to_cart,2025-07-12 05:14:27.219548
7532,993.0,517,sess_2933,purchase,2025-07-28 20:43:12.219548
7533,578.0,448,sess_1453,add_to_cart,2026-01-01 16:39:57.219548
7534,61.0,646,sess_3421,view,2026-06-02 22:37:36.219548
7535,214.0,734,sess_3100,view,2026-02-06 12:45:24.219548
7536,833.0,673,sess_2319,add_to_cart,2026-06-11 05:36:42.219548
7537,1135.0,251,sess_4855,purchase,2025-06-16 22:03:41.219548
7538,399.0,966,sess_4947,purchase,2025-09-10 19:28:58.219548
7539,561.0,266,sess_307,view,2026-02-13 03:42:33.219548
7540,1012.0,886,sess_4396,view,invalid_timestamp
7541,569.0,984,sess_4054,view,2025-09-11 01:37:48.219548
7542,621.0,284,sess_423,add_to_cart,2025-12-05 13:28:22.219548
7543,890.0,483,sess_2309,add_to_cart,2025-12-26 12:20:24.219548
7544,1181.0,720,sess_2796,view,2026-03-07 13:39:57.219548
7545,743.0,605,sess_1433,purchase,2025-07-02 17:13:57.219548
7546,120.0,192,sess_988,view,2025-11-25 17:40:06.219548
7547,1187.0,794,sess_4639,add_to_cart,2025-07-23 00:21:18.219548
7548,549.0,915,sess_4605,view,2026-06-04 02:40:47.219548
7549,1019.0,763,sess_1722,purchase,2026-05-09 12:10:32.219548
7550,954.0,1037,sess_2440,add_to_cart,2025-11-29 12:33:38.219548
7551,,1108,sess_2302,purchase,2026-04-03 00:56:56.219548
7552,154.0,494,sess_76,view,2026-05-23 03:40:07.219548
7553,1072.0,143,sess_1977,purchase,2026-01-24 12:55:11.219548
7554,1027.0,1054,sess_3137,add_to_cart,2025-10-30 06:24:57.219548
7555,152.0,292,sess_95,purchase,2025-11-07 07:31:57.219548
7556,1068.0,512,sess_2302,add_to_cart,2026-03-19 10:52:10.219548
7557,11.0,866,sess_3875,add_to_cart,2025-08-07 08:30:45.219548
7558,783.0,855,sess_8,purchase,2026-02-28 17:34:11.219548
7559,406.0,752,sess_2163,add_to_cart,2026-02-12 12:10:57.219548
7560,626.0,433,sess_2278,purchase,2025-10-17 03:27:48.219548
112,651.0,964,,view,2025-11-27 06:20:50.219548
7562,969.0,644,sess_882,add_to_cart,2026-01-19 22:08:46.219548
70,664.0,146,sess_3260,add_to_cart,2025-12-09 19:45:15.219548
7564,466.0,949,sess_4070,view,2025-12-06 12:17:23.219548
7565,903.0,51,sess_2789,add_to_cart,invalid_timestamp
7566,647.0,947,sess_3236,add_to_cart,2026-05-23 10:20:09.219548
7567,25.0,387,sess_3055,view,invalid_timestamp
7568,1064.0,627,sess_4754,add_to_cart,2025-08-09 07:30:08.219548
7569,941.0,1172,sess_4359,view,2025-06-18 23:16:39.219548
7570,623.0,51,sess_4201,view,2025-09-30 13:40:39.219548
7571,439.0,447,sess_1503,add_to_cart,2025-07-03 23:28:04.219548
7572,440.0,955,sess_2549,view,2026-04-05 20:25:02.219548
7573,227.0,1119,,view,2026-02-14 19:40:48.219548
7574,841.0,993,sess_3631,purchase,2026-05-26 05:40:29.219548
7575,26.0,788,sess_232,view,2025-09-10 01:36:22.219548
7576,994.0,559,sess_1338,view,2025-09-15 21:47:52.219548
7577,1190.0,1076,sess_35,add_to_cart,2025-12-07 16:56:21.219548
7578,265.0,864,sess_1197,purchase,2025-12-22 13:42:23.219548
7579,10.0,1111,sess_1102,purchase,2025-09-19 04:49:46.219548
7580,83.0,537,sess_3086,add_to_cart,2025-11-28 13:40:20.222317
7581,727.0,969,sess_4942,purchase,2025-10-13 21:25:16.222317
7582,973.0,898,sess_1942,add_to_cart,2026-06-07 21:30:50.222317
7583,537.0,327,sess_1848,purchase,2025-11-13 22:58:19.222317
7584,85.0,891,sess_57,purchase,2026-01-23 23:16:55.222317
7585,882.0,1075,sess_4445,view,2025-09-27 16:24:23.222317
7586,44.0,582,sess_2107,view,2026-05-14 16:42:00.222317
189,28.0,837,sess_211,view,2025-07-11 11:56:38.222317
107,1173.0,715,sess_3865,view,2025-08-17 15:17:09.222317
7589,342.0,230,sess_2710,view,2025-08-13 03:58:08.222317
7590,1092.0,191,sess_2321,add_to_cart,invalid_timestamp
7591,,766,sess_2975,view,2026-05-01 12:59:50.222317
7592,1000.0,830,sess_3715,add_to_cart,2025-11-07 22:04:58.222317
7593,441.0,766,sess_330,view,invalid_timestamp
7594,127.0,228,sess_4817,purchase,2025-07-08 01:22:18.222317
7595,935.0,316,sess_4631,add_to_cart,2026-01-22 23:36:43.222317
7596,3.0,1127,sess_996,view,2025-10-15 22:45:01.222317
7597,118.0,1177,sess_73,view,2025-10-20 10:25:58.222317
7598,1104.0,1161,sess_1173,add_to_cart,2026-01-18 20:41:45.222317
7599,192.0,889,sess_3223,view,2025-09-15 05:58:23.222317
7600,690.0,122,sess_1224,view,2025-07-22 09:22:14.222317
7601,434.0,856,sess_4544,purchase,2025-08-11 23:36:07.222317
7602,841.0,979,sess_4519,purchase,2026-03-24 20:00:10.222317
7603,940.0,545,,view,2026-02-18 01:47:06.222317
7604,479.0,252,sess_1478,add_to_cart,2026-02-02 14:10:44.222317
7605,1011.0,650,sess_494,view,2026-03-23 12:30:29.222317
7606,651.0,760,sess_91,view,2025-09-21 04:10:02.222317
7607,1157.0,1000,sess_3603,purchase,2025-07-05 09:42:04.222317
7608,1002.0,1041,sess_735,purchase,2026-02-10 07:38:43.222317
7609,94.0,327,sess_2150,purchase,2025-09-28 13:06:00.222317
7610,692.0,470,sess_1427,view,2025-11-24 13:32:19.222317
7611,625.0,899,sess_2958,purchase,2026-01-12 15:59:24.222317
7612,956.0,774,sess_1064,view,2025-11-13 03:36:37.222317
7613,159.0,147,sess_1806,add_to_cart,2025-12-16 01:13:16.222317
7614,387.0,844,sess_2969,purchase,2026-03-01 22:12:07.222317
7615,998.0,669,sess_4573,add_to_cart,2025-06-25 21:03:55.222317
7616,1177.0,1105,sess_3574,add_to_cart,invalid_timestamp
7617,426.0,1168,sess_3742,add_to_cart,2025-08-08 12:41:14.222317
7618,984.0,1081,sess_948,purchase,invalid_timestamp
7619,998.0,1134,sess_2620,view,2025-12-10 05:56:37.222317
7620,364.0,136,sess_4238,purchase,2026-04-08 06:44:59.222317
7621,202.0,1160,sess_1859,purchase,2026-02-17 16:48:22.222317
7622,203.0,81,sess_2003,add_to_cart,2026-05-18 11:35:27.222317
7623,,514,sess_3343,purchase,2026-02-25 00:04:52.222317
7624,113.0,214,sess_3828,purchase,invalid_timestamp
7625,444.0,845,sess_834,purchase,2025-07-06 02:46:02.222317
7626,3.0,1047,sess_3247,view,2025-07-01 16:06:40.222317
7627,532.0,409,sess_595,purchase,2025-07-28 04:08:47.222317
7628,577.0,178,sess_1378,add_to_cart,2026-01-12 01:41:54.222317
7629,721.0,955,sess_1888,add_to_cart,2026-01-09 20:10:17.222317
7630,686.0,1067,sess_1688,purchase,2026-04-12 01:39:49.222317
7631,956.0,814,sess_877,view,invalid_timestamp
7632,,71,sess_1676,purchase,2025-06-25 15:15:02.222317
46,,162,sess_1816,purchase,2025-11-07 12:34:21.222317
7634,258.0,61,sess_2673,add_to_cart,2026-03-20 03:31:16.222317
7635,772.0,382,sess_1271,purchase,2026-04-11 14:20:08.222317
7636,26.0,462,sess_4487,purchase,2026-06-05 07:01:45.222317
7637,276.0,1069,sess_2156,purchase,2026-02-23 14:03:20.222317
7638,89.0,515,sess_3709,add_to_cart,2026-02-08 23:08:36.222317
7639,314.0,107,sess_3646,add_to_cart,2025-11-01 01:27:28.222317
7640,1021.0,784,sess_4953,view,2025-07-26 01:42:41.222317
152,859.0,71,sess_983,add_to_cart,2025-11-05 21:12:27.222317
30,469.0,554,sess_4905,add_to_cart,2026-04-06 14:14:59.222317
7643,200.0,197,sess_4831,view,2025-09-10 17:24:31.222317
7644,712.0,535,,purchase,2025-08-09 04:23:02.222317
7645,1084.0,48,sess_4050,add_to_cart,2025-10-29 12:41:27.222317
7646,,1123,sess_2382,view,2025-08-03 11:40:41.222317
7647,968.0,480,sess_2689,add_to_cart,2025-12-20 00:59:54.222317
7648,122.0,1088,sess_1382,purchase,2025-08-25 06:42:40.222317
7649,108.0,822,sess_3206,add_to_cart,2026-01-09 17:12:11.222317
7650,1197.0,1098,sess_806,add_to_cart,2026-03-28 15:38:56.222317
7651,249.0,885,sess_131,purchase,2026-01-04 04:30:49.222317
7652,121.0,692,sess_246,add_to_cart,2025-11-11 04:40:26.222317
7653,,197,sess_361,view,invalid_timestamp
7654,286.0,509,sess_2515,view,2026-01-03 15:34:19.222317
7655,382.0,95,sess_1977,purchase,2026-03-08 19:40:56.222317
7656,220.0,687,sess_1890,purchase,2026-01-16 06:54:43.222317
7657,138.0,288,sess_4005,add_to_cart,2025-12-05 22:11:31.222317
7658,421.0,280,sess_4165,add_to_cart,2025-10-01 14:45:02.222317
7659,679.0,444,sess_1,purchase,2026-06-02 22:15:39.222317
7660,44.0,646,sess_4887,purchase,2025-10-01 13:33:45.222317
7661,1072.0,428,sess_124,view,2025-12-04 22:59:59.222317
7662,356.0,732,sess_2392,view,2026-02-15 19:47:51.222317
7663,390.0,962,sess_3110,purchase,2025-08-24 19:49:34.222317
7664,263.0,387,sess_860,view,2026-06-06 10:17:29.222317
7665,920.0,582,sess_2099,add_to_cart,2025-09-16 21:17:03.222317
7666,377.0,41,sess_4948,purchase,2026-01-27 02:11:50.222317
7667,274.0,634,sess_4898,purchase,2025-12-11 18:50:56.222317
7668,431.0,835,sess_2101,view,2026-05-29 17:18:25.222317
7669,109.0,670,sess_1684,add_to_cart,2025-10-14 06:04:50.222317
7670,604.0,315,sess_1021,add_to_cart,2026-01-10 07:56:56.222317
7671,1010.0,115,sess_1066,add_to_cart,2025-11-16 20:03:41.222317
73,1024.0,1131,sess_2275,view,invalid_timestamp
7673,582.0,409,sess_4538,add_to_cart,2025-06-22 02:19:46.222317
7674,1154.0,483,sess_3382,view,2026-05-10 05:35:55.222317
7675,622.0,626,,view,2026-04-09 16:21:38.222317
7676,1175.0,454,sess_1407,purchase,2026-04-17 05:58:58.222317
7677,365.0,821,sess_1942,view,2025-12-05 07:53:35.222317
7678,535.0,1187,sess_2862,purchase,2025-07-02 17:42:11.222317
7679,1126.0,188,sess_3115,purchase,2026-01-18 21:12:02.222317
7680,223.0,346,sess_4539,purchase,2026-02-03 23:29:42.222317
7681,167.0,905,sess_1132,purchase,2026-05-27 13:17:37.222317
7682,535.0,181,,purchase,2025-12-07 20:13:55.222317
7683,144.0,839,sess_1633,view,invalid_timestamp
7684,470.0,1006,sess_2167,view,2025-06-25 04:14:04.222317
7685,1043.0,694,sess_3640,add_to_cart,2026-05-16 22:23:08.222317
7686,1137.0,56,sess_2299,purchase,2026-01-22 01:06:45.222317
7687,967.0,987,sess_2595,add_to_cart,2026-02-23 04:25:29.222317
7688,1099.0,661,sess_2674,add_to_cart,2025-08-26 12:44:50.222317
7689,1178.0,608,sess_4934,purchase,2026-03-06 10:03:40.222317
7690,882.0,637,sess_3070,purchase,2025-11-11 04:24:29.222317
7691,577.0,98,sess_4084,view,2026-03-07 07:16:08.222317
7692,471.0,1124,sess_4729,view,2026-04-18 06:15:30.222317
7693,538.0,476,sess_203,view,2025-07-02 08:02:48.222317
7694,50.0,1119,sess_2073,add_to_cart,2026-04-13 14:07:27.222317
7695,260.0,617,sess_3518,add_to_cart,2026-05-06 23:28:22.222317
7696,490.0,909,sess_3638,purchase,2025-11-11 05:13:20.222317
7697,246.0,798,sess_2132,add_to_cart,2025-08-09 18:19:21.222317
23,65.0,237,sess_1463,view,2026-05-19 22:52:53.222317
7699,272.0,863,sess_3121,view,2026-05-13 22:14:27.222317
7700,194.0,221,sess_1918,view,2025-08-01 07:18:43.222317
7701,851.0,303,sess_51,view,2025-09-15 03:37:28.222317
7702,419.0,473,sess_1838,purchase,2025-10-26 17:20:14.222317
7703,746.0,912,sess_3196,add_to_cart,2026-04-29 08:23:40.222317
7704,829.0,1020,sess_348,view,2026-04-26 03:09:18.222317
7705,544.0,895,sess_4238,view,2026-01-05 23:22:17.222317
7706,329.0,110,sess_916,view,2026-01-06 03:33:00.222317
7707,1166.0,513,sess_860,add_to_cart,2026-03-03 06:20:36.222317
7708,1132.0,755,sess_811,purchase,2025-12-30 18:33:39.222317
7709,,310,sess_4722,add_to_cart,2025-10-13 06:00:01.222317
7710,1020.0,348,sess_2533,view,2025-10-29 00:11:01.222317
7711,600.0,756,sess_1210,purchase,2025-11-03 23:36:31.222317
7712,391.0,850,sess_410,purchase,2025-12-30 11:20:10.222317
7713,1120.0,13,sess_1480,add_to_cart,2026-04-05 14:06:07.222317
7714,311.0,916,sess_1456,add_to_cart,2026-01-22 12:04:22.222317
170,1007.0,1086,sess_2026,view,2025-08-04 02:15:59.222317
7716,392.0,62,sess_874,add_to_cart,2025-08-25 03:52:13.222317
7717,1189.0,424,sess_3288,purchase,2025-10-27 15:14:32.222317
7718,1138.0,612,sess_2518,purchase,2025-11-28 12:20:07.222317
7719,1162.0,180,sess_2768,add_to_cart,2026-03-05 00:52:34.222317
7720,1190.0,194,sess_3625,add_to_cart,2026-04-06 09:35:42.222317
7721,1172.0,935,sess_2094,add_to_cart,2026-01-31 00:26:59.222317
7722,80.0,828,sess_1375,view,2026-01-08 18:19:36.222317
7723,985.0,454,sess_1572,view,2025-12-28 10:49:26.222317
7724,944.0,720,sess_2622,purchase,2025-10-11 01:20:16.222317
7725,1072.0,782,sess_453,view,2026-04-13 16:02:58.222317
7726,390.0,126,sess_3369,purchase,2026-03-15 06:39:08.222317
7727,815.0,325,sess_40,purchase,2025-10-11 16:14:57.222317
7728,482.0,680,sess_3912,purchase,2025-07-08 05:09:56.222317
7729,629.0,1129,sess_56,view,2025-12-04 18:00:47.222317
7730,197.0,161,sess_3544,view,2026-02-06 12:45:54.222317
7731,501.0,166,sess_4062,purchase,2026-04-12 12:55:34.222317
7732,316.0,974,sess_2738,purchase,2026-01-06 16:07:23.222317
7733,1101.0,346,sess_1507,view,2026-02-21 11:55:11.222317
7734,944.0,147,sess_4826,add_to_cart,2025-07-09 12:25:06.222317
7735,431.0,179,sess_842,add_to_cart,2025-07-21 05:53:49.222317
7736,1135.0,124,sess_1102,add_to_cart,2025-09-26 04:43:43.222317
7737,404.0,889,sess_2511,add_to_cart,2026-03-17 02:55:20.222317
7738,479.0,927,sess_861,add_to_cart,2025-12-18 19:44:56.222317
7739,243.0,391,sess_491,purchase,2025-08-30 16:36:01.222317
7740,498.0,68,sess_1908,view,2026-05-15 05:28:05.222317
7741,746.0,1078,sess_1292,add_to_cart,2025-12-30 16:11:41.222317
7742,229.0,830,sess_1844,purchase,2026-06-08 03:55:21.222317
7743,1058.0,11,sess_4666,view,2026-04-03 16:09:47.222317
7744,333.0,944,sess_4377,view,2025-09-30 07:05:50.222317
7745,555.0,292,,add_to_cart,2026-04-09 01:25:11.222317
7746,280.0,318,sess_886,purchase,2025-07-25 09:26:58.222317
69,1174.0,850,sess_2591,purchase,2025-09-20 17:50:37.222317
7748,308.0,676,sess_1008,add_to_cart,2026-02-16 01:52:00.222317
7749,455.0,890,sess_83,purchase,2025-11-16 23:37:37.222317
7750,216.0,215,sess_4348,view,2026-04-01 06:24:26.222317
7751,1159.0,217,sess_244,add_to_cart,2025-10-04 00:15:16.222317
7752,646.0,905,sess_1149,view,2025-12-12 10:29:45.222317
7753,567.0,1000,sess_450,purchase,invalid_timestamp
7754,555.0,184,sess_2961,add_to_cart,2025-08-14 08:27:11.222317
7755,929.0,257,sess_3559,view,2026-01-17 11:50:36.222317
7756,27.0,889,sess_3805,view,2025-08-18 02:20:54.222317
7757,872.0,1133,sess_3340,purchase,2025-09-10 19:43:22.222317
7758,200.0,268,sess_4281,purchase,2025-11-25 14:58:33.222317
7759,103.0,1003,sess_3695,add_to_cart,2026-01-11 14:35:09.222317
7760,13.0,1193,sess_1111,add_to_cart,invalid_timestamp
7761,190.0,29,sess_2937,view,2025-11-27 20:25:39.222317
7762,353.0,164,sess_3045,purchase,2025-06-15 21:49:50.222317
93,581.0,773,,purchase,invalid_timestamp
7764,1149.0,10,sess_1676,purchase,2026-05-10 03:06:39.222317
7765,732.0,621,sess_1511,purchase,2025-08-30 13:21:25.222317
7766,94.0,262,sess_2750,purchase,2025-06-13 22:51:12.222317
7767,261.0,199,sess_1054,view,2025-06-13 21:42:46.222317
7768,121.0,497,sess_4281,purchase,2025-10-07 13:42:57.222317
7769,129.0,143,sess_1349,purchase,2026-03-20 21:05:36.222317
7770,651.0,1121,sess_3439,add_to_cart,2025-08-29 08:19:36.222317
7771,719.0,858,sess_126,purchase,2026-02-23 07:55:14.222317
7772,165.0,1088,sess_1897,view,2025-10-04 21:07:59.222317
7773,707.0,546,sess_345,view,2026-03-17 16:28:02.222317
7774,1059.0,1058,sess_1068,view,2026-01-10 15:34:26.222317
7775,,265,sess_4288,purchase,2025-11-16 15:22:48.222317
7776,574.0,1094,sess_1500,add_to_cart,2025-09-20 00:14:00.222317
7777,15.0,858,sess_4706,view,2025-11-22 00:12:01.222317
7778,166.0,629,sess_2481,view,2026-01-19 07:54:42.222317
7779,,675,sess_1634,add_to_cart,invalid_timestamp
7780,51.0,313,sess_4033,add_to_cart,2025-09-05 21:55:54.222317
7781,967.0,462,sess_892,add_to_cart,2026-03-28 20:51:56.222317
7782,1118.0,975,sess_3595,add_to_cart,2026-06-07 04:07:54.222317
7783,40.0,813,sess_4587,add_to_cart,2026-02-26 22:42:35.222317
7784,142.0,633,sess_3234,add_to_cart,2025-07-04 06:35:58.222317
7785,625.0,134,sess_3620,view,2025-07-13 16:41:03.222317
7786,283.0,697,sess_2187,add_to_cart,2025-10-09 23:31:24.222317
7787,121.0,865,sess_3578,view,2026-01-30 23:19:28.222317
7788,540.0,345,sess_1471,view,2026-01-29 01:04:56.222317
7789,1136.0,965,sess_1879,purchase,2025-11-08 06:24:44.222317
7790,213.0,511,sess_3397,view,2025-11-11 02:34:21.222317
7791,421.0,569,sess_488,purchase,2025-08-15 09:17:59.222317
7792,27.0,1031,sess_2339,add_to_cart,2025-07-11 11:02:06.222317
7793,1067.0,501,sess_510,purchase,2026-04-01 09:57:31.222317
7794,1099.0,602,sess_2784,view,2025-11-12 23:13:40.222317
7795,1101.0,519,sess_3725,view,2025-07-05 00:46:13.222317
7796,58.0,486,sess_2460,purchase,2025-09-21 02:31:41.222317
7797,907.0,1191,sess_3193,purchase,2026-03-06 22:43:54.222317
7798,440.0,49,sess_3393,add_to_cart,2025-12-19 10:49:01.222317
7799,518.0,595,sess_3199,purchase,2025-10-19 16:07:13.222317
7800,822.0,285,sess_3205,add_to_cart,2025-11-06 08:09:51.222317
7801,235.0,647,sess_2935,view,2025-09-13 01:29:53.222317
7802,644.0,939,sess_2418,add_to_cart,2026-02-27 21:45:28.222317
7803,120.0,144,sess_4377,purchase,2025-08-15 10:47:41.222317
7804,747.0,1067,sess_4055,view,2026-05-13 04:04:59.222317
7805,279.0,634,sess_1922,purchase,2026-05-14 02:35:16.222317
7806,727.0,463,sess_1264,purchase,2025-10-24 01:03:02.222317
7807,1130.0,875,sess_587,purchase,2026-01-11 02:51:33.222317
7808,365.0,468,sess_2672,purchase,2026-05-03 06:25:41.222317
7809,459.0,208,sess_3282,purchase,2025-11-29 13:06:37.222317
7810,157.0,1099,sess_2239,add_to_cart,2025-11-07 20:18:24.222317
7811,,300,sess_3157,purchase,2026-04-29 08:37:26.222317
7812,1147.0,310,sess_2660,view,2025-10-29 11:37:32.222317
7813,392.0,165,sess_1881,add_to_cart,2026-05-07 19:35:36.222317
7814,520.0,785,sess_3593,view,2025-09-21 18:13:59.222317
7815,609.0,148,sess_3557,add_to_cart,2025-12-24 07:51:44.222317
7816,469.0,153,sess_1590,purchase,2026-01-12 06:56:05.222317
7817,1041.0,639,sess_3394,purchase,2025-11-14 20:51:17.222317
7818,104.0,631,sess_1215,purchase,2025-06-25 07:37:51.222317
7819,611.0,693,sess_3544,purchase,2025-11-05 12:05:05.222317
7820,1156.0,185,sess_4460,add_to_cart,2025-08-13 05:28:10.222317
7821,272.0,86,sess_2225,add_to_cart,invalid_timestamp
7822,812.0,1093,sess_2741,add_to_cart,2025-08-06 18:05:15.222317
7823,628.0,216,,add_to_cart,2025-12-15 10:02:02.222317
7824,718.0,820,sess_3219,view,2026-05-26 13:12:02.222317
7825,136.0,449,sess_89,add_to_cart,2025-09-19 15:55:06.222317
7826,808.0,333,sess_2920,add_to_cart,2025-10-09 12:29:51.222317
7827,730.0,463,sess_2849,view,2026-03-01 03:17:36.222317
7828,106.0,282,sess_1026,purchase,2026-04-28 18:06:21.222317
7829,974.0,1045,,add_to_cart,2026-03-24 08:06:03.222317
7830,544.0,828,sess_3460,purchase,2025-08-25 07:32:08.222317
7831,304.0,1044,sess_4557,purchase,2026-01-08 20:00:57.222317
7832,211.0,1185,sess_336,view,2026-04-18 04:53:35.222317
7833,141.0,734,,view,2026-04-27 18:41:08.222317
7834,13.0,596,sess_3097,add_to_cart,2025-11-20 01:26:37.222317
7835,689.0,768,sess_4677,add_to_cart,2025-06-15 00:44:06.222317
7836,1125.0,38,sess_1265,purchase,invalid_timestamp
7837,740.0,581,sess_2765,add_to_cart,2025-06-25 17:40:28.222317
7838,1131.0,76,sess_2909,view,2025-12-01 10:50:03.222317
7839,627.0,654,sess_1357,purchase,2026-05-27 00:13:54.222317
7840,331.0,1153,sess_3655,view,2025-07-09 10:40:13.222317
157,630.0,1157,,purchase,2025-12-12 18:57:18.222317
7842,356.0,467,sess_79,view,2025-12-05 12:45:22.222317
7843,234.0,388,sess_3335,add_to_cart,2026-05-07 13:27:08.222317
7844,769.0,87,sess_4391,purchase,2026-03-05 13:50:59.222317
7845,844.0,616,sess_751,purchase,2025-11-25 16:49:44.222317
7846,1084.0,822,sess_544,purchase,2025-09-27 12:51:10.222317
7847,927.0,409,sess_1189,view,invalid_timestamp
7848,24.0,7,sess_2214,add_to_cart,2026-03-11 01:32:22.222317
7849,,200,,view,2025-09-28 09:47:32.222317
7850,830.0,354,sess_3274,purchase,2025-10-12 02:08:55.222317
7851,780.0,448,sess_2848,view,2025-09-06 06:16:23.222317
7852,1136.0,833,sess_4544,add_to_cart,2026-04-09 10:01:38.222317
7853,591.0,1128,sess_257,view,2025-12-15 08:08:05.222317
7854,745.0,920,sess_3340,view,2026-02-09 02:32:23.222317
7855,908.0,1130,sess_4485,purchase,2026-03-15 13:33:00.222317
7856,,476,sess_2612,add_to_cart,2026-04-06 16:38:04.222317
162,423.0,928,sess_3496,purchase,2026-02-03 15:01:03.222317
7858,855.0,785,sess_4603,view,2026-02-06 22:59:16.222317
7859,392.0,486,sess_208,add_to_cart,2025-06-27 04:55:58.222317
7860,327.0,1139,sess_1075,add_to_cart,2026-02-03 20:40:13.222317
7861,849.0,840,sess_4960,add_to_cart,invalid_timestamp
7862,73.0,126,sess_3730,purchase,2025-10-01 21:09:28.222317
7863,1161.0,111,sess_4494,view,2025-08-25 02:00:22.222317
7864,155.0,937,sess_579,purchase,2026-03-31 00:12:22.222317
7865,995.0,275,,purchase,2026-05-31 23:21:14.222317
7866,586.0,677,sess_4396,view,2026-01-19 10:47:54.222317
87,623.0,573,sess_2093,add_to_cart,2025-11-10 17:26:11.222317
7868,225.0,1078,sess_4900,view,2025-10-25 00:46:51.222317
7869,976.0,42,sess_207,add_to_cart,2025-08-18 01:49:35.222317
7870,,219,sess_2982,view,2026-01-22 16:49:17.222317
7871,588.0,139,sess_3681,add_to_cart,2025-12-26 07:06:31.222317
7872,1005.0,314,sess_3490,add_to_cart,2026-05-24 11:44:50.222317
7873,327.0,1059,sess_282,view,2025-10-10 20:14:12.222317
7874,380.0,575,sess_4051,purchase,2025-11-27 03:05:59.222317
7875,204.0,1152,sess_2046,purchase,2026-04-14 20:14:23.222317
7876,1079.0,520,sess_4494,view,2025-12-12 01:16:49.222317
7877,965.0,156,sess_2382,purchase,2025-12-24 06:57:42.222317
7878,118.0,1149,sess_3796,add_to_cart,2025-07-05 23:22:19.222317
7879,880.0,138,sess_2028,view,2026-01-14 19:45:49.222317
7880,,86,sess_104,view,2025-11-19 07:08:57.222317
7881,807.0,550,sess_1185,purchase,2025-12-26 06:55:34.222317
7882,201.0,265,sess_2543,purchase,2025-06-21 01:34:59.222317
7883,647.0,531,sess_537,add_to_cart,2025-08-23 22:37:07.222317
7884,54.0,275,sess_4224,view,2026-03-29 23:17:35.222317
7885,35.0,103,sess_266,purchase,2026-05-05 01:11:56.222317
7886,1022.0,820,sess_2874,purchase,2025-08-30 19:07:18.222317
7887,345.0,1189,sess_1303,purchase,2026-05-02 05:04:34.222317
7888,1152.0,718,sess_2446,add_to_cart,2025-07-09 11:42:18.222317
7889,572.0,486,sess_712,purchase,2025-09-09 17:18:33.222317
7890,559.0,248,sess_1969,add_to_cart,2025-09-18 07:58:55.222317
7891,428.0,539,sess_3216,view,2025-11-15 09:29:18.222317
7892,1040.0,122,sess_4505,view,2025-10-16 14:39:19.222317
7893,45.0,1093,sess_1485,add_to_cart,2025-11-28 06:59:17.222317
7894,926.0,928,sess_2705,view,2026-04-08 17:19:31.222317
7895,553.0,1099,sess_2103,add_to_cart,invalid_timestamp
7896,584.0,51,sess_2647,add_to_cart,2025-08-20 18:03:41.222317
7897,557.0,1134,sess_4629,add_to_cart,2025-06-11 10:43:21.222317
7898,980.0,290,sess_19,purchase,2025-11-11 06:13:11.222317
7899,781.0,995,sess_1969,add_to_cart,2025-10-30 05:50:59.222317
7900,1085.0,343,sess_4374,view,2025-12-15 10:16:35.222317
7901,1109.0,499,sess_4880,add_to_cart,2026-03-10 07:11:46.222317
63,273.0,1112,sess_3796,view,2026-03-21 09:18:57.222317
7903,1029.0,460,sess_1880,purchase,2025-11-29 05:47:09.222317
7904,267.0,478,sess_2543,view,2026-03-18 01:24:16.222317
7905,961.0,399,sess_1650,purchase,2025-09-17 20:40:16.222317
7906,788.0,372,sess_2761,view,2025-12-21 15:12:09.222317
7907,552.0,452,sess_2584,purchase,2025-07-22 01:49:09.222317
7908,761.0,52,sess_221,purchase,2025-07-25 04:36:23.222317
7909,998.0,1092,sess_2471,add_to_cart,2025-10-10 06:36:59.222317
7910,548.0,591,sess_3096,view,2026-01-04 01:04:51.222317
7911,1090.0,1190,sess_3645,add_to_cart,2025-09-14 08:23:37.222317
7912,448.0,615,sess_544,purchase,2025-07-27 06:46:32.222317
7913,114.0,1038,sess_4445,add_to_cart,2026-04-30 20:32:37.222317
7914,543.0,16,,view,2026-03-01 01:03:27.222317
7915,351.0,105,sess_111,add_to_cart,2026-02-23 10:33:19.222317
7916,792.0,1040,sess_1792,add_to_cart,2026-05-15 19:31:59.222317
7917,252.0,194,sess_3700,purchase,2026-03-27 17:43:52.222317
7918,1002.0,1142,sess_2692,add_to_cart,2025-11-13 04:29:10.222317
7919,1001.0,907,sess_964,purchase,2026-04-06 23:07:52.222317
7920,457.0,881,sess_2654,view,2025-11-13 12:40:23.222317
7921,572.0,259,sess_4689,add_to_cart,2025-07-07 09:28:06.222317
7922,179.0,656,sess_824,purchase,2025-12-16 14:17:27.222317
7923,290.0,50,sess_1588,view,2026-01-27 06:14:51.222317
7924,654.0,428,sess_1659,view,2025-12-10 21:37:19.222317
7925,745.0,442,sess_586,purchase,2025-09-20 11:10:24.222317
7926,372.0,936,sess_22,purchase,2025-06-23 03:06:42.222317
7927,1077.0,190,sess_2572,add_to_cart,2026-05-10 14:04:43.222317
50,251.0,1022,sess_796,view,2026-06-04 22:18:58.222317
7929,1198.0,434,sess_2916,add_to_cart,2026-05-10 12:01:58.222317
7930,33.0,331,sess_4393,add_to_cart,2025-06-17 00:41:34.222317
7931,166.0,85,sess_2517,purchase,2025-07-08 17:19:37.222317
7932,41.0,261,sess_1302,purchase,2026-01-04 22:18:04.222317
7933,504.0,575,sess_4936,add_to_cart,2025-07-04 22:28:52.222317
7934,925.0,116,sess_1909,view,invalid_timestamp
7935,446.0,328,sess_3354,purchase,2026-03-12 10:54:15.222317
7936,1168.0,363,sess_1803,view,invalid_timestamp
7937,731.0,609,sess_1212,purchase,2025-07-25 05:52:59.222317
7938,1039.0,239,sess_869,add_to_cart,2026-03-25 13:32:39.222317
7939,2.0,1157,sess_462,add_to_cart,2026-03-17 17:41:50.222317
7940,,470,sess_42,add_to_cart,2026-05-03 03:41:35.222317
7941,300.0,25,sess_2804,purchase,2025-08-14 06:09:32.222317
7942,149.0,527,sess_2378,view,2026-01-09 16:41:19.222317
156,67.0,292,sess_3558,purchase,2026-04-18 19:25:04.222317
7944,13.0,94,,add_to_cart,2025-09-21 04:27:57.222317
7945,644.0,592,sess_359,view,2025-10-18 02:42:04.222317
7946,407.0,54,sess_3522,add_to_cart,2025-11-30 20:19:39.222317
7947,354.0,954,sess_1766,purchase,2026-01-26 19:58:43.222317
7948,17.0,530,sess_3349,purchase,2026-03-15 15:26:25.222317
7949,461.0,1016,sess_381,view,2025-12-17 04:56:45.222317
7950,172.0,333,sess_3359,view,2026-03-10 19:33:19.222317
7951,1006.0,564,sess_1041,add_to_cart,2026-04-07 02:17:34.222317
7952,443.0,953,sess_338,purchase,2025-10-14 01:02:06.222317
7953,629.0,372,sess_2079,purchase,2026-06-10 21:39:39.222317
7954,365.0,134,sess_983,purchase,2026-06-07 13:56:44.222317
7955,936.0,671,sess_3780,view,2025-07-05 16:23:45.222317
7956,335.0,1058,sess_250,add_to_cart,2025-08-24 22:45:01.222317
7957,830.0,590,sess_4202,purchase,2025-09-15 23:39:22.222317
7958,154.0,1029,sess_993,purchase,2025-08-03 08:38:58.222317
7959,187.0,1087,sess_1881,view,2026-02-13 04:24:33.222317
7960,930.0,141,sess_4327,purchase,2026-03-27 02:45:05.222317
7961,1038.0,1187,sess_2020,purchase,2025-08-04 02:23:02.222317
7962,390.0,979,sess_3405,view,2026-02-12 23:22:50.222317
7963,651.0,206,sess_2828,view,2025-06-14 06:08:29.222317
7964,168.0,388,sess_2926,add_to_cart,2026-04-15 05:17:00.222317
7965,1139.0,396,sess_4078,view,2026-05-29 09:53:29.222317
7966,50.0,246,sess_2435,view,2026-04-06 19:07:58.222317
7967,1026.0,684,,purchase,2025-08-15 17:37:59.222317
7968,561.0,1134,sess_3721,add_to_cart,2026-01-15 15:33:37.222317
7969,704.0,1105,sess_3727,view,invalid_timestamp
7970,107.0,148,sess_2113,view,2026-01-09 01:56:31.222317
7971,624.0,106,,view,2025-07-28 01:14:26.222317
91,458.0,855,sess_2390,view,2025-08-21 21:40:12.222317
7973,223.0,52,sess_4095,add_to_cart,2026-01-30 14:50:03.222317
7974,530.0,1174,,add_to_cart,2025-12-17 21:57:01.222317
7975,1056.0,72,sess_1179,view,2025-08-14 22:49:03.222317
7976,78.0,1073,sess_1289,add_to_cart,2026-04-23 03:52:42.222317
7977,942.0,375,sess_2743,view,2025-11-14 15:15:37.222317
7978,268.0,268,sess_4051,view,invalid_timestamp
7979,20.0,617,sess_2170,purchase,2026-02-03 07:58:25.222317
7980,,504,sess_3030,purchase,2025-10-28 11:51:23.222317
7981,30.0,507,sess_4312,purchase,2025-10-08 03:11:16.222317
7982,666.0,87,sess_4170,view,2026-01-10 16:17:28.222317
7983,660.0,61,sess_970,view,2025-12-14 18:23:41.222317
7984,636.0,1182,sess_4673,purchase,invalid_timestamp
7985,813.0,858,sess_1283,purchase,2026-01-09 16:57:28.222317
7986,542.0,645,sess_4415,view,2026-03-24 12:01:49.222317
7987,646.0,500,sess_4711,add_to_cart,2025-09-25 06:18:05.222317
7988,527.0,644,sess_2351,purchase,2025-07-22 09:40:52.222317
7989,141.0,816,sess_4830,add_to_cart,2025-11-24 09:36:23.222317
7990,769.0,612,sess_1318,purchase,2026-05-25 03:57:31.222317
7991,140.0,48,sess_4110,view,2026-04-23 13:00:14.222317
7992,936.0,615,sess_1191,purchase,2026-04-21 17:31:46.222317
7993,498.0,531,sess_2073,add_to_cart,2025-09-29 08:49:47.222317
7994,567.0,1054,sess_1340,purchase,2026-06-02 14:40:21.222317
7995,1180.0,348,sess_1355,purchase,2025-10-08 08:34:02.222317
7996,886.0,351,sess_3291,purchase,2025-09-24 15:24:16.222317
7997,364.0,934,sess_3182,purchase,invalid_timestamp
7998,587.0,256,sess_1121,view,2026-01-22 20:51:32.222317
7999,642.0,996,sess_3598,add_to_cart,2025-07-18 05:34:43.222317
8000,865.0,1010,sess_292,view,2025-11-06 05:03:03.222317
8001,1188.0,255,sess_248,view,2026-03-04 02:40:02.222317
8002,491.0,61,sess_4303,add_to_cart,2026-01-19 15:48:09.222317
8003,1070.0,119,sess_3058,view,2026-02-02 05:50:49.222317
8004,315.0,1026,sess_3143,view,2025-10-20 10:56:57.222317
8005,1189.0,857,sess_735,purchase,2025-09-02 12:03:59.222317
8006,763.0,376,sess_325,purchase,2025-07-08 16:22:35.222317
8007,510.0,294,sess_721,add_to_cart,invalid_timestamp
8008,327.0,694,sess_4649,view,2026-02-13 06:16:35.222317
8009,993.0,1001,sess_1300,purchase,2026-02-21 20:30:08.222317
8010,794.0,787,sess_3993,view,2026-04-02 09:11:23.222317
8011,225.0,26,sess_3339,add_to_cart,2025-11-04 13:05:21.222317
8012,207.0,504,sess_3110,add_to_cart,2026-05-23 13:39:44.222317
8013,69.0,943,sess_707,add_to_cart,2025-09-26 19:39:33.222317
8014,1104.0,292,sess_2940,purchase,2025-10-08 04:52:33.222317
8015,164.0,9,sess_62,add_to_cart,2026-03-26 21:26:24.222317
8016,1034.0,1154,sess_326,view,2025-10-18 00:26:54.222317
8017,13.0,193,sess_3579,purchase,2025-10-13 11:02:13.222317
8018,427.0,376,sess_678,view,2026-02-27 00:11:16.222317
8019,262.0,191,sess_3035,view,2025-08-11 19:26:03.222317
8020,614.0,629,sess_2173,view,2026-04-24 04:38:57.222317
8021,1063.0,403,sess_2387,purchase,2026-01-14 04:36:46.222317
49,707.0,152,sess_3815,view,2025-09-30 11:07:47.222317
8023,688.0,701,sess_2516,purchase,2025-11-03 15:10:26.222317
8024,700.0,66,sess_1035,add_to_cart,2025-09-26 08:13:44.222317
8025,184.0,974,sess_1815,purchase,2025-08-03 14:29:16.222317
8026,925.0,446,sess_1507,add_to_cart,2026-02-14 08:32:32.222317
8027,848.0,843,sess_4006,add_to_cart,2026-04-28 14:10:02.222317
8028,713.0,348,sess_1926,add_to_cart,2026-02-04 11:05:43.222317
8029,772.0,351,sess_330,view,2025-10-15 21:31:26.222317
8030,619.0,44,sess_4768,add_to_cart,2026-01-29 07:53:14.222317
8031,,365,sess_790,purchase,2025-07-13 13:52:36.222317
8032,606.0,975,sess_2450,purchase,2026-04-09 19:18:20.222317
8033,690.0,140,sess_4927,purchase,2025-10-17 02:32:10.222317
8034,644.0,407,sess_322,add_to_cart,2025-10-07 05:09:07.222317
8035,862.0,1138,sess_677,add_to_cart,2025-10-30 00:19:18.222317
8036,582.0,153,sess_4472,purchase,2025-12-22 13:19:59.222317
8037,548.0,602,sess_251,purchase,2026-02-21 07:08:54.222317
8038,414.0,394,sess_906,view,2026-04-30 05:53:31.222317
8039,541.0,979,sess_1659,view,2025-12-19 17:19:10.222317
8040,1043.0,665,sess_4230,view,2026-02-18 15:58:38.222317
8041,334.0,185,sess_234,view,2025-07-14 11:28:24.222317
8042,434.0,225,sess_1820,purchase,2026-04-08 23:04:55.222317
8043,115.0,370,sess_4697,add_to_cart,2026-01-28 06:42:20.222317
158,866.0,969,sess_547,purchase,2026-06-01 20:26:59.222317
8045,599.0,239,sess_2939,view,2026-01-15 15:34:45.222317
8046,975.0,1004,sess_895,purchase,2026-04-21 22:53:16.222317
8047,710.0,984,sess_3506,purchase,2025-09-02 02:31:10.222317
8048,258.0,526,sess_4628,add_to_cart,2025-07-16 03:01:58.222317
62,1173.0,425,sess_4862,add_to_cart,2026-04-13 10:38:18.222317
8050,490.0,559,sess_2546,purchase,2026-02-08 02:57:08.222317
8051,417.0,405,sess_2022,add_to_cart,2026-03-21 21:40:34.222317
8052,797.0,160,sess_3552,add_to_cart,2025-10-04 07:04:54.222317
8053,781.0,213,sess_4290,add_to_cart,2026-02-08 08:15:00.222317
8054,320.0,124,sess_3064,add_to_cart,2026-06-03 18:55:08.222317
8055,807.0,388,sess_4445,purchase,2026-01-02 19:07:51.222317
8056,81.0,136,sess_3285,purchase,2026-01-07 01:49:57.222317
8057,971.0,295,sess_340,add_to_cart,2025-09-15 17:05:35.222317
8058,40.0,932,sess_189,add_to_cart,2025-12-20 11:46:36.222317
8059,935.0,364,sess_1747,view,2026-05-25 15:04:46.222317
8060,196.0,541,,view,2026-01-11 09:31:02.222317
8061,863.0,426,sess_1274,purchase,2025-12-02 15:33:20.222317
8062,274.0,584,sess_4150,view,2025-10-16 21:53:13.222317
8063,873.0,1172,sess_3921,add_to_cart,2026-03-06 19:10:00.222317
8064,454.0,166,sess_540,add_to_cart,2026-05-08 01:44:59.222317
8065,33.0,939,sess_23,view,2026-04-04 02:05:48.222317
8066,300.0,1119,sess_1150,view,2025-08-31 00:22:45.222317
8067,356.0,965,sess_1772,purchase,2026-06-11 22:27:59.222317
8068,735.0,989,sess_2485,purchase,2025-08-12 03:18:56.222317
8069,18.0,939,sess_1257,purchase,2026-03-30 20:35:26.222317
8070,865.0,815,sess_1758,view,2025-09-20 16:03:23.222317
8071,958.0,605,sess_1384,view,2025-07-26 21:39:35.222317
8072,216.0,816,sess_1664,purchase,2026-01-21 02:37:32.222317
8073,183.0,549,sess_2014,purchase,2026-05-09 23:05:36.222317
8074,728.0,208,sess_904,purchase,2026-01-22 07:12:13.222317
8075,445.0,180,sess_1273,view,2026-05-09 11:53:58.222317
8076,,212,sess_862,add_to_cart,2025-09-02 04:30:38.222317
8077,1180.0,266,sess_3599,view,2026-01-17 19:55:05.222317
8078,948.0,561,sess_2030,view,invalid_timestamp
8079,1100.0,112,sess_1824,add_to_cart,2025-07-14 18:59:42.222317
8080,900.0,887,sess_2586,view,2026-01-03 12:30:06.222317
8081,363.0,524,sess_929,view,2025-10-05 08:42:59.222317
8082,852.0,11,sess_2102,purchase,invalid_timestamp
8083,961.0,801,sess_2917,purchase,2025-08-14 04:04:44.222317
8084,274.0,544,sess_4515,view,2025-08-07 14:15:27.222317
8085,1179.0,201,sess_3053,view,2026-06-07 14:44:11.222317
8086,,925,sess_927,view,2025-08-17 11:35:44.222317
8087,689.0,323,sess_736,view,2026-03-30 00:55:20.222317
8088,441.0,123,sess_3782,purchase,2025-09-25 04:02:52.222317
8089,,1084,sess_1992,purchase,2025-08-05 02:11:36.224321
8090,1026.0,929,sess_1553,add_to_cart,2026-03-09 23:05:12.224321
8091,1185.0,1118,sess_4556,view,2026-01-13 09:11:07.224321
8092,200.0,677,sess_4303,add_to_cart,2026-03-13 19:47:22.224321
8093,1041.0,89,sess_1410,view,invalid_timestamp
8094,520.0,790,sess_3847,purchase,2026-02-23 05:28:17.224321
8095,1135.0,454,sess_3463,add_to_cart,2025-10-02 00:13:44.224321
8096,849.0,681,sess_3389,add_to_cart,2026-02-19 09:48:28.224321
8097,94.0,324,sess_797,purchase,2025-10-15 04:38:03.224321
8098,909.0,208,sess_740,view,2025-06-13 18:22:05.224321
8099,869.0,402,sess_1168,view,2025-07-25 04:43:57.224321
8100,337.0,177,sess_2973,purchase,2026-02-08 09:23:39.224321
8101,717.0,1125,sess_3013,view,2026-06-09 16:50:03.224321
8102,23.0,766,sess_2058,add_to_cart,2025-06-23 12:50:49.224321
8103,601.0,202,sess_4387,purchase,2026-05-19 11:39:54.224321
8104,103.0,88,sess_2605,view,2025-10-15 08:31:40.224321
8105,1028.0,810,sess_2356,add_to_cart,2025-06-22 21:28:20.224321
8106,936.0,225,sess_2801,view,2025-10-29 07:46:58.224321
8107,868.0,864,sess_4845,purchase,2026-01-03 13:25:00.224321
8108,1056.0,130,sess_1197,view,invalid_timestamp
8109,356.0,426,sess_1892,purchase,2025-07-26 10:57:50.224321
8110,1113.0,500,sess_275,purchase,2025-07-26 01:37:07.224321
8111,231.0,609,sess_1826,add_to_cart,2026-03-15 01:22:17.224321
8112,759.0,947,sess_1105,add_to_cart,2026-03-28 04:32:03.224321
8113,1031.0,920,sess_287,add_to_cart,2025-09-01 14:16:43.224321
8114,653.0,628,sess_651,add_to_cart,2025-08-15 12:01:01.224321
8115,661.0,646,sess_4481,view,2025-06-15 18:24:57.224321
8116,565.0,518,,add_to_cart,2025-11-02 05:15:42.224321
8117,589.0,1159,sess_1723,purchase,2025-09-05 21:48:36.224321
8118,113.0,849,sess_2223,purchase,2025-11-25 00:38:07.224321
8119,916.0,666,sess_945,view,invalid_timestamp
8120,71.0,894,sess_4884,purchase,2026-05-20 07:09:22.224321
27,131.0,770,sess_2919,purchase,2026-02-26 12:37:35.224321
158,745.0,34,sess_3403,purchase,2025-11-17 06:53:00.224321
8123,863.0,78,,view,2025-06-11 23:22:25.224321
8124,935.0,454,sess_4716,view,2026-04-02 10:55:30.224321
8125,1111.0,184,sess_4705,view,2025-12-11 22:14:04.224321
8126,666.0,165,sess_4155,view,2025-11-28 15:21:47.224321
8127,455.0,270,sess_3844,view,2026-01-21 01:57:32.224321
8128,864.0,832,sess_929,add_to_cart,2026-01-14 18:53:34.224321
8129,1129.0,846,sess_862,add_to_cart,2026-04-06 09:13:45.224321
8130,92.0,359,sess_950,purchase,2025-10-01 04:08:34.224321
8131,318.0,224,sess_634,add_to_cart,2026-03-30 10:23:18.224321
8132,482.0,293,sess_786,view,2026-04-12 19:22:20.224321
8133,81.0,56,sess_1477,purchase,2026-05-30 15:47:07.224321
8134,815.0,280,sess_1614,add_to_cart,2025-08-31 11:37:53.224321
8135,104.0,637,sess_584,add_to_cart,2026-03-23 09:46:23.224321
8136,252.0,1157,sess_3709,purchase,2025-12-05 22:10:43.224321
8137,1003.0,167,sess_4505,purchase,2026-01-04 03:22:40.224321
8138,242.0,641,sess_4253,add_to_cart,2026-05-02 09:43:46.224321
8139,640.0,592,sess_442,view,2025-06-13 02:48:22.224321
8140,162.0,899,sess_3927,view,2025-12-25 14:27:50.224321
8141,460.0,330,sess_1232,view,2025-08-11 11:19:02.224321
8142,223.0,964,sess_1603,purchase,2026-01-29 13:13:36.224321
8143,726.0,905,sess_4409,purchase,2025-07-10 21:35:13.224321
8144,563.0,467,sess_4224,purchase,2025-12-11 16:46:01.224321
8145,600.0,109,sess_543,purchase,2026-05-19 16:29:09.224321
8146,,86,sess_4878,purchase,2026-04-26 17:19:29.224321
8147,1073.0,250,sess_637,purchase,2026-05-17 10:01:09.224321
8148,20.0,314,sess_3705,add_to_cart,2025-07-06 09:35:04.224321
8149,425.0,619,sess_3674,add_to_cart,2026-02-24 03:49:04.224321
8150,963.0,1170,sess_320,view,2025-09-09 09:31:48.224321
8151,1015.0,1120,sess_3861,add_to_cart,2026-04-09 22:18:50.224321
8152,656.0,549,sess_2781,add_to_cart,2025-11-20 14:01:28.224321
8153,701.0,366,sess_4435,add_to_cart,2026-06-11 16:48:34.224321
8154,1019.0,44,sess_1635,view,2025-11-25 01:14:00.224321
8155,809.0,574,sess_2861,view,2025-06-27 00:40:01.224321
183,331.0,1070,,add_to_cart,2026-01-16 21:46:03.224321
8157,949.0,74,sess_3926,add_to_cart,2026-05-27 09:05:35.224321
8158,361.0,275,sess_3911,add_to_cart,2026-04-02 15:54:59.224321
8159,271.0,978,sess_3838,purchase,2025-06-21 23:59:43.224321
8160,580.0,1019,sess_397,view,2026-03-12 15:17:38.224321
8161,1197.0,458,sess_1331,view,2025-06-29 20:31:06.224321
8162,826.0,833,sess_4654,view,2025-10-24 06:33:10.224321
8163,849.0,920,sess_1793,add_to_cart,2025-09-28 22:59:49.224321
8164,,705,sess_309,add_to_cart,2026-04-01 15:21:31.224321
8165,1054.0,299,sess_581,view,2025-07-12 14:27:32.224321
8166,,355,sess_2256,add_to_cart,2026-06-06 21:28:41.224321
8167,732.0,1145,sess_4662,add_to_cart,2026-01-21 07:10:53.224321
8168,642.0,368,sess_2451,view,2025-10-21 09:07:46.224321
8169,1091.0,738,sess_2928,add_to_cart,2026-03-14 06:40:22.224321
8170,923.0,7,sess_3708,purchase,2025-06-30 19:29:31.224321
8171,226.0,893,sess_3042,purchase,2026-04-26 07:38:24.224321
8172,1188.0,556,sess_3391,purchase,2025-07-22 13:34:39.224321
8173,627.0,1056,,view,2026-05-12 09:22:13.224321
8174,108.0,570,,add_to_cart,2026-01-03 07:11:29.224321
8175,977.0,507,sess_1945,view,2026-01-15 17:36:46.224321
8176,520.0,144,sess_1402,view,2025-08-22 18:55:16.224321
8177,298.0,164,sess_2842,purchase,2025-09-11 17:54:31.224321
8178,562.0,143,sess_497,add_to_cart,2025-11-20 05:13:27.224321
8179,23.0,946,sess_367,purchase,2026-04-01 15:13:01.224321
8180,209.0,899,sess_2210,view,2026-01-06 22:14:03.224321
8181,774.0,1011,sess_824,view,2026-03-24 11:49:35.224321
8182,,914,sess_1947,add_to_cart,2025-11-06 12:52:41.224321
8183,1081.0,73,sess_1479,purchase,2025-10-10 09:03:35.224321
8184,11.0,853,sess_3596,view,2026-04-06 00:17:36.224321
8185,35.0,1190,sess_4467,purchase,2025-07-04 22:40:34.224321
8186,877.0,535,,purchase,invalid_timestamp
8187,733.0,155,sess_3570,purchase,2025-10-05 07:56:17.224321
8188,163.0,307,sess_3244,view,invalid_timestamp
8189,429.0,1013,sess_882,view,2025-11-16 03:33:53.224321
8190,136.0,1164,,view,2025-10-02 23:54:14.224321
8191,1002.0,656,sess_1043,add_to_cart,2025-12-29 11:28:47.224321
8192,929.0,594,sess_2863,purchase,2025-12-20 23:03:20.224321
8193,155.0,669,sess_2341,purchase,2026-02-13 07:22:26.224321
8194,298.0,836,sess_2726,add_to_cart,2026-02-03 22:18:37.224321
8195,1110.0,227,sess_1746,view,2026-02-09 05:01:26.224321
8196,179.0,403,sess_2144,add_to_cart,2025-11-05 01:50:09.224321
8197,526.0,306,sess_4046,view,2025-12-07 11:12:05.224321
8198,762.0,437,sess_3042,view,2025-07-20 12:37:56.224321
8199,1174.0,845,sess_4808,purchase,2026-01-11 17:16:59.224321
8200,134.0,929,sess_2252,view,2026-04-04 07:04:27.224321
8201,1182.0,1158,sess_2838,purchase,2025-10-25 18:27:46.224321
73,605.0,1071,sess_2404,add_to_cart,2025-11-06 10:25:04.224321
8203,150.0,1075,sess_2396,add_to_cart,2026-03-12 13:06:12.224321
59,38.0,242,sess_3508,add_to_cart,2026-04-16 15:00:37.224321
8205,482.0,653,sess_1451,add_to_cart,2025-09-02 13:53:33.224321
8206,253.0,1020,sess_2986,add_to_cart,2026-04-20 13:16:10.224321
8207,1015.0,596,sess_591,add_to_cart,2025-08-07 20:25:17.224321
8208,607.0,170,sess_3899,add_to_cart,2025-11-16 02:23:12.224321
8209,653.0,1122,sess_4192,add_to_cart,2025-06-14 21:15:13.224321
8210,91.0,516,sess_1445,view,2026-01-02 20:23:12.224321
8211,769.0,956,sess_3081,view,2026-02-18 17:12:22.224321
8212,1194.0,631,sess_3183,add_to_cart,2026-05-20 21:54:29.224321
8213,1072.0,665,sess_3838,purchase,2025-09-22 18:26:02.224321
8214,291.0,1035,,purchase,2025-09-10 21:46:20.224321
8215,524.0,678,sess_3721,purchase,2025-09-16 15:04:48.224321
8216,351.0,298,,view,invalid_timestamp
8217,200.0,778,sess_4495,purchase,2026-03-03 06:05:34.224321
8218,954.0,231,sess_2372,purchase,2025-09-24 08:49:47.224321
8219,19.0,565,sess_2831,view,2026-02-10 14:18:28.224321
172,681.0,1053,sess_815,add_to_cart,2026-05-22 15:37:51.224321
8221,570.0,676,sess_3697,view,2026-05-11 22:47:38.224321
8222,108.0,98,sess_2100,add_to_cart,2026-05-08 07:50:27.224321
8223,1176.0,742,sess_3230,add_to_cart,2025-12-29 17:37:47.224321
8224,780.0,957,sess_3802,purchase,invalid_timestamp
8225,1130.0,975,sess_252,purchase,2025-08-14 05:30:40.224321
8226,100.0,830,sess_4532,purchase,2025-10-13 12:55:42.224321
8227,133.0,929,sess_99,view,2025-12-28 15:14:40.224321
8228,978.0,27,sess_3783,purchase,2026-03-01 14:40:11.224321
8229,758.0,913,sess_4389,purchase,2026-03-30 14:40:48.224321
8230,747.0,906,sess_3484,view,2025-06-22 13:31:55.224321
8231,,477,sess_3873,add_to_cart,2026-04-24 05:15:03.224321
8232,139.0,656,sess_2491,view,invalid_timestamp
8233,626.0,865,sess_4654,purchase,2026-03-02 09:12:00.224321
8234,846.0,780,sess_566,add_to_cart,2026-02-01 09:52:41.224321
8235,836.0,644,,view,2025-11-18 05:13:12.224321
8236,245.0,1024,sess_3963,view,2026-02-12 20:14:49.224321
8237,941.0,849,sess_3743,add_to_cart,2025-12-29 06:07:28.224321
8238,1164.0,585,sess_92,purchase,2026-04-22 06:03:59.224321
8239,666.0,1079,sess_3946,purchase,invalid_timestamp
8240,87.0,814,sess_3363,add_to_cart,2026-03-18 17:04:10.224321
8241,917.0,70,sess_1721,add_to_cart,2025-10-16 10:40:36.224321
8242,1014.0,977,sess_1820,add_to_cart,2025-07-17 22:15:00.224321
8243,160.0,907,sess_1823,view,2025-09-24 14:49:09.224321
8244,512.0,931,sess_2347,purchase,2026-06-01 15:56:16.224321
8245,883.0,886,sess_2291,view,2026-03-06 01:18:37.224321
8246,348.0,866,sess_636,purchase,2025-08-18 13:09:22.224321
8247,,595,sess_3705,add_to_cart,2026-02-20 09:21:48.224321
8248,243.0,1026,sess_4249,add_to_cart,2026-02-15 17:00:50.224321
8249,843.0,579,sess_1555,view,2026-06-06 19:55:37.224321
8250,1137.0,400,sess_3725,add_to_cart,2025-07-22 14:54:31.224321
8251,498.0,629,sess_580,view,2026-05-05 12:59:18.224321
8252,258.0,467,sess_2234,add_to_cart,2026-02-02 11:20:47.224321
8253,205.0,340,sess_4736,add_to_cart,2026-03-24 00:48:11.224321
8254,607.0,993,sess_4852,purchase,2025-11-14 00:29:02.224321
8255,562.0,566,sess_4059,purchase,2026-03-29 17:19:55.224321
8256,739.0,690,sess_4103,add_to_cart,2026-03-12 01:09:41.224321
8257,695.0,354,sess_387,view,2025-08-20 17:53:04.224321
8258,1157.0,599,sess_2662,view,2025-11-25 13:19:54.224321
8259,499.0,764,sess_1816,view,2026-04-01 09:19:46.224321
8260,286.0,640,sess_578,purchase,2026-02-28 15:15:41.224321
8261,934.0,439,sess_1480,add_to_cart,2025-09-11 15:50:38.224321
8262,678.0,554,sess_2199,add_to_cart,2025-11-28 20:30:49.224321
8263,186.0,1018,sess_29,purchase,2025-09-20 13:48:19.224321
8264,,813,sess_342,add_to_cart,2026-01-04 06:58:48.224321
8265,161.0,715,sess_492,add_to_cart,2026-03-04 05:44:46.224321
8266,242.0,717,sess_1121,purchase,2026-04-24 02:13:13.224321
8267,227.0,1062,sess_2362,purchase,2025-08-04 21:10:38.224321
8268,907.0,840,,add_to_cart,2026-05-25 18:57:23.224321
8269,1058.0,109,sess_4158,purchase,2026-01-26 02:26:57.224321
8270,337.0,479,sess_2459,add_to_cart,2025-12-07 17:44:18.224321
8271,261.0,450,sess_4423,purchase,2026-05-29 11:46:08.224321
8272,408.0,825,sess_1143,add_to_cart,2025-07-12 18:15:58.224321
8273,478.0,88,sess_2509,view,2026-03-15 11:23:22.224321
8274,147.0,1057,sess_3688,add_to_cart,2026-03-05 17:44:30.224321
8275,212.0,772,sess_3773,purchase,2025-06-17 16:00:34.224321
8276,69.0,800,sess_3799,add_to_cart,2025-10-28 19:02:36.224321
8277,805.0,468,,view,2026-05-26 04:44:48.224321
8278,,906,sess_4860,purchase,2026-03-05 21:49:49.224321
8279,1162.0,38,sess_2868,view,2025-10-02 22:47:00.224321
8280,331.0,435,sess_1256,view,2026-06-02 09:26:41.224321
8281,47.0,1069,sess_2443,view,2026-01-12 07:29:11.224321
8282,262.0,372,sess_260,add_to_cart,2026-03-10 01:59:23.224321
8283,298.0,235,sess_2814,add_to_cart,2025-10-07 01:04:48.224321
8284,731.0,297,sess_4142,view,2025-07-01 04:22:57.224321
8285,451.0,171,sess_2501,purchase,2026-04-25 10:35:20.224321
8286,260.0,1154,,add_to_cart,2025-08-20 03:28:33.224321
8287,543.0,70,sess_4674,add_to_cart,2025-09-02 15:47:23.224321
8288,435.0,155,sess_4570,add_to_cart,2025-10-04 09:11:32.224321
8289,1143.0,143,sess_2577,purchase,2026-02-14 22:17:26.224321
8290,18.0,403,sess_1850,purchase,2026-01-30 23:18:55.224321
8291,215.0,1000,sess_2995,add_to_cart,2025-06-26 00:57:39.224321
8292,979.0,539,sess_1972,add_to_cart,invalid_timestamp
8293,79.0,229,sess_1318,purchase,2025-11-16 18:07:46.224321
8294,1097.0,1056,sess_274,add_to_cart,2025-09-01 17:47:06.224321
8295,971.0,1197,sess_1661,view,2026-01-07 11:06:29.224321
8296,1119.0,1199,sess_3064,add_to_cart,2025-08-22 03:56:26.224321
8297,566.0,1158,sess_415,purchase,2026-01-31 22:16:34.224321
8298,951.0,1019,sess_3797,view,2026-04-23 00:32:01.224321
8299,1030.0,592,sess_4861,add_to_cart,2026-02-20 05:08:53.224321
8300,397.0,823,,view,2025-12-04 04:25:39.224321
8301,1080.0,839,sess_4941,add_to_cart,2025-08-14 19:47:14.224321
8302,707.0,205,sess_3488,add_to_cart,2026-05-30 02:50:22.224321
8303,71.0,1088,sess_4872,view,2025-09-07 07:37:20.224321
8304,1160.0,35,sess_618,add_to_cart,2026-02-01 14:56:39.224321
8305,1119.0,169,sess_1873,view,2026-04-20 15:52:22.224321
8306,630.0,566,sess_1939,purchase,2025-08-19 10:44:12.224321
8307,130.0,34,,purchase,2026-02-15 07:30:51.224321
8308,1.0,600,sess_3274,view,2026-04-18 08:22:48.224321
8309,216.0,639,sess_3505,add_to_cart,2025-12-09 01:54:39.224321
8310,513.0,588,sess_4141,view,2026-05-19 14:59:19.224321
8311,818.0,125,sess_2634,add_to_cart,2025-10-05 09:36:10.224321
8312,620.0,1175,sess_3520,purchase,2025-07-19 16:46:07.224321
8313,401.0,163,sess_4638,view,2026-02-07 11:25:50.224321
8314,938.0,495,sess_1393,purchase,2025-10-05 02:55:41.224321
8315,777.0,593,sess_1000,view,2026-03-08 21:56:36.224321
8316,1005.0,351,sess_168,view,2026-04-19 03:18:33.224321
8317,317.0,473,sess_3536,add_to_cart,2026-01-03 21:29:34.224321
8318,,524,sess_2541,add_to_cart,2025-11-28 04:30:04.224321
102,1009.0,1031,sess_862,view,2025-07-27 02:49:13.224321
8320,,1002,sess_1917,add_to_cart,2025-10-08 23:18:23.224321
8321,,301,sess_3981,view,2026-02-06 03:38:58.224321
8322,967.0,182,sess_3901,view,2026-03-03 08:56:39.224321
8323,999.0,562,sess_3699,purchase,2026-05-28 20:25:47.224321
8324,163.0,819,sess_1282,purchase,2025-09-21 03:59:51.224321
8325,200.0,974,sess_3755,purchase,2025-09-17 16:53:29.224321
163,4.0,39,sess_4607,view,2025-10-02 08:44:41.224321
8327,1162.0,1099,sess_1168,view,2025-12-11 00:58:08.224321
8328,912.0,1088,sess_335,purchase,2026-03-27 13:50:52.224321
8329,878.0,101,sess_488,purchase,2026-01-06 20:09:05.224321
8330,184.0,1197,,purchase,2025-09-25 12:20:29.224321
8331,883.0,133,sess_3292,add_to_cart,2025-10-28 16:05:44.224321
8332,126.0,748,sess_159,view,2025-07-28 18:15:40.224321
8333,334.0,753,,add_to_cart,2026-04-10 05:43:25.224321
83,393.0,233,sess_3336,purchase,2025-10-24 04:20:44.224321
8335,1092.0,215,sess_2701,add_to_cart,2026-04-21 19:10:03.224321
8336,29.0,75,sess_4105,purchase,2025-09-29 20:46:41.224321
8337,792.0,1197,sess_4783,view,2026-05-30 12:45:53.224321
8338,355.0,57,sess_4326,purchase,2026-05-07 00:46:50.224321
8339,900.0,737,,purchase,2025-10-15 11:02:23.224321
8340,155.0,27,sess_1933,add_to_cart,2025-09-07 18:01:03.224321
8341,949.0,354,,purchase,2025-11-01 12:42:58.224321
8342,697.0,1027,sess_4644,purchase,2025-06-30 16:37:01.224321
8343,795.0,624,sess_2314,view,invalid_timestamp
8344,711.0,1175,sess_4545,add_to_cart,2025-08-15 16:32:32.224321
8345,,142,sess_2781,add_to_cart,2025-12-20 22:40:48.224321
8346,496.0,473,sess_4070,add_to_cart,2025-11-23 00:00:49.224321
8347,949.0,349,sess_4887,purchase,2025-11-12 00:42:57.224321
8348,,233,sess_4899,view,2026-03-08 19:21:17.224321
8349,523.0,978,sess_3610,view,2026-04-16 10:43:56.224321
8350,287.0,220,sess_3558,purchase,2025-11-24 14:47:15.224321
8351,906.0,557,sess_539,view,2025-09-19 02:26:50.224321
8352,21.0,929,sess_4080,add_to_cart,2026-05-01 00:39:30.224321
8353,1102.0,348,sess_3484,purchase,2026-05-20 23:54:20.224321
8354,794.0,725,sess_2735,add_to_cart,2026-01-20 16:01:47.224321
8355,,579,sess_423,purchase,2026-02-17 03:38:01.224321
8356,129.0,73,sess_2281,view,2025-07-15 02:34:23.224321
8357,178.0,226,sess_694,add_to_cart,2026-03-14 17:40:35.224321
8358,885.0,259,sess_3356,purchase,2026-04-08 02:20:40.224321
8359,663.0,357,sess_4919,add_to_cart,2026-04-22 19:27:36.224321
8360,290.0,222,sess_2934,purchase,2025-10-12 23:16:42.224321
8361,78.0,704,sess_650,purchase,2025-11-22 06:45:06.224321
8362,163.0,940,sess_3495,add_to_cart,2025-11-11 09:42:37.224321
8363,265.0,344,sess_2470,view,2025-11-02 19:07:02.224321
8364,1074.0,380,sess_285,purchase,2026-05-31 02:09:41.224321
8365,186.0,654,sess_1151,view,2026-02-11 22:50:42.224321
8366,872.0,83,sess_3812,add_to_cart,2025-06-22 00:50:35.224321
8367,362.0,71,sess_2477,purchase,2026-03-04 01:16:16.224321
8368,1151.0,1061,sess_1836,add_to_cart,2025-07-27 08:03:09.224321
8369,323.0,924,sess_4526,add_to_cart,2026-03-07 02:10:15.224321
8370,787.0,176,sess_4222,purchase,2025-08-10 13:06:38.224321
8371,149.0,190,sess_294,add_to_cart,2026-01-16 15:56:57.224321
8372,858.0,800,sess_1062,purchase,2025-11-16 12:18:14.224321
8373,309.0,513,sess_3905,view,2026-05-20 17:41:28.224321
8374,1139.0,399,sess_3346,add_to_cart,2026-04-14 07:31:31.224321
8375,7.0,678,sess_3325,add_to_cart,2025-06-15 04:09:02.224321
8376,352.0,1011,sess_1709,add_to_cart,2026-03-29 23:29:06.224321
8377,410.0,1140,sess_2178,view,2026-05-10 03:37:57.224321
8378,732.0,508,sess_774,view,2025-11-09 12:19:06.224321
8379,895.0,1073,sess_1365,view,2025-11-12 15:38:48.224321
8380,386.0,1191,sess_1909,view,2025-10-19 12:21:51.224321
8381,835.0,738,sess_1903,purchase,2025-10-31 23:19:07.224321
8382,98.0,391,sess_304,purchase,2025-07-27 22:21:59.224321
8383,722.0,852,sess_3346,add_to_cart,2026-02-14 14:32:15.224321
8384,225.0,293,sess_1800,purchase,2025-11-11 12:58:26.224321
8385,79.0,330,sess_1671,add_to_cart,2025-11-17 17:16:48.224321
8386,867.0,752,sess_185,add_to_cart,invalid_timestamp
8387,858.0,1107,sess_1233,add_to_cart,2026-02-20 21:47:27.224321
8388,28.0,522,sess_1258,view,2025-10-18 00:20:00.224321
8389,148.0,611,sess_2597,add_to_cart,2026-02-16 16:04:30.224321
8390,170.0,934,sess_869,purchase,2026-03-12 12:14:33.224321
8391,113.0,447,,purchase,2025-08-13 23:47:37.224321
8392,870.0,20,sess_2765,purchase,2025-12-12 07:28:43.224321
8393,1119.0,460,sess_3421,purchase,2025-10-03 10:26:41.224321
8394,713.0,161,sess_3821,add_to_cart,2026-03-19 15:47:04.224321
8395,27.0,693,sess_4001,view,2025-10-07 20:38:49.224321
8396,499.0,95,sess_4515,purchase,2025-08-19 11:10:35.224321
8397,468.0,968,sess_988,add_to_cart,2025-11-16 02:16:11.224321
8398,373.0,133,sess_3684,purchase,2025-09-25 14:28:57.224321
8399,780.0,538,sess_1322,purchase,2026-02-08 01:02:06.224321
8400,495.0,917,sess_2775,purchase,2026-02-16 22:07:33.224321
8401,849.0,527,sess_776,purchase,2025-07-15 13:00:17.224321
8402,37.0,1171,sess_3742,add_to_cart,2025-08-12 07:10:29.224321
8403,162.0,904,sess_748,purchase,2025-10-09 10:28:08.224321
8404,184.0,635,sess_2416,purchase,2026-04-23 09:54:34.224321
8405,540.0,1071,,view,2026-05-05 07:41:42.224321
8406,903.0,797,sess_940,purchase,2025-09-26 20:20:36.224321
8407,430.0,441,sess_3958,view,2025-10-03 22:23:42.224321
130,910.0,321,sess_2625,view,2025-08-29 19:25:52.224321
8409,,1027,sess_2142,add_to_cart,2026-06-01 15:14:01.224321
8410,705.0,64,sess_2415,view,2025-07-28 20:47:09.224321
8411,731.0,1074,sess_4081,purchase,2025-09-30 15:41:28.224321
8412,216.0,467,sess_3400,view,2026-02-24 13:14:52.224321
8413,684.0,649,sess_1438,add_to_cart,2026-04-21 03:29:11.224321
8414,847.0,883,sess_3187,add_to_cart,2025-09-28 21:25:24.224321
8415,787.0,507,sess_2883,purchase,2025-11-15 03:55:12.224321
8416,,786,sess_644,view,2025-10-15 23:11:35.224321
8417,215.0,529,sess_3537,add_to_cart,2025-09-27 00:30:52.224321
8418,1196.0,507,sess_3045,add_to_cart,2026-04-10 11:16:18.224321
8419,,246,sess_3717,purchase,2025-11-03 02:04:36.224321
8420,786.0,938,sess_1331,add_to_cart,2026-02-09 04:06:50.224321
8421,181.0,705,sess_1638,view,2026-02-13 23:49:34.224321
8422,1146.0,500,sess_2983,purchase,2025-08-23 05:06:32.224321
8423,627.0,286,sess_3937,add_to_cart,2026-01-28 15:29:03.224321
8424,261.0,39,sess_1522,view,invalid_timestamp
8425,940.0,755,sess_4963,purchase,2026-02-01 03:09:03.224321
8426,238.0,663,sess_2851,purchase,2026-01-07 21:38:33.224321
8427,657.0,830,sess_3764,view,2025-10-25 11:19:10.224321
8428,607.0,702,sess_3583,add_to_cart,2025-10-13 07:23:24.224321
8429,44.0,877,sess_4349,purchase,2026-03-09 22:05:46.224321
8430,420.0,804,sess_2651,add_to_cart,invalid_timestamp
8431,775.0,707,sess_2458,view,2026-01-14 12:28:22.224321
8432,935.0,1029,sess_2222,view,2026-02-20 02:52:39.224321
8433,778.0,1199,sess_2346,add_to_cart,2025-08-17 03:38:06.224321
8434,299.0,944,sess_118,purchase,2026-02-11 02:25:52.224321
8435,575.0,1166,sess_771,purchase,2026-01-13 14:24:35.224321
8436,694.0,848,sess_2152,add_to_cart,2026-04-11 05:06:46.224321
8437,703.0,786,sess_3288,purchase,2026-01-21 12:19:36.224321
8438,530.0,769,sess_556,purchase,2026-01-02 07:53:09.224321
8439,1092.0,294,sess_4130,view,2025-09-14 19:52:00.224321
8440,63.0,1099,sess_2023,purchase,invalid_timestamp
8441,1098.0,309,sess_3031,view,2025-08-21 23:38:36.224321
8442,906.0,302,sess_3098,view,2026-02-26 11:36:44.224321
8443,1141.0,649,sess_3548,view,2025-12-24 12:27:22.224321
8444,1162.0,353,,purchase,2025-06-22 06:20:00.224321
8445,310.0,321,sess_2206,purchase,2025-11-25 18:27:53.224321
8446,,427,sess_844,add_to_cart,2026-04-04 11:00:56.224321
8447,832.0,20,sess_3086,add_to_cart,2026-06-07 18:15:25.224321
8448,1014.0,257,sess_3712,add_to_cart,2026-04-22 04:39:49.224321
8449,950.0,102,sess_2239,view,2025-12-26 07:29:18.224321
8450,59.0,364,sess_346,add_to_cart,2025-07-29 02:31:41.224321
105,117.0,1041,sess_3919,purchase,2025-07-20 21:38:54.224321
8452,729.0,172,sess_1921,purchase,2026-06-08 00:52:17.224321
8453,1140.0,119,sess_2839,view,2026-01-30 03:16:47.224321
8454,401.0,975,sess_2516,purchase,2025-08-31 13:48:31.224321
8455,506.0,660,sess_392,purchase,2026-04-06 15:46:21.224321
8456,825.0,28,sess_227,view,2025-06-27 06:38:05.224321
8457,371.0,1196,,purchase,2026-04-14 15:39:05.224321
8458,789.0,932,,add_to_cart,2026-06-10 06:57:03.224321
8459,344.0,376,sess_128,view,2025-07-24 03:56:51.224321
8460,329.0,710,sess_1702,add_to_cart,2025-06-27 21:56:14.224321
8461,951.0,985,sess_893,purchase,2025-12-20 01:29:07.224321
8462,623.0,136,sess_2549,add_to_cart,2025-11-12 23:33:32.224321
8463,796.0,893,sess_129,purchase,2025-11-11 18:57:49.224321
8464,934.0,633,sess_1205,purchase,2026-03-18 14:26:18.224321
8465,310.0,462,sess_4651,view,2026-02-13 01:18:36.224321
8466,441.0,1074,sess_3400,add_to_cart,2026-03-26 21:27:14.224321
8467,882.0,556,sess_1805,add_to_cart,2025-10-19 14:24:14.224321
8468,278.0,1019,sess_1492,purchase,2026-02-21 14:36:17.224321
8469,1067.0,1097,sess_4252,purchase,2025-10-13 21:55:38.224321
8470,,694,sess_2474,add_to_cart,invalid_timestamp
8471,790.0,1126,sess_3595,purchase,2026-03-09 00:50:47.224321
8472,,422,sess_394,purchase,invalid_timestamp
8473,23.0,172,sess_4742,view,2025-09-23 03:42:14.224321
8474,1039.0,760,sess_441,purchase,2025-10-07 07:30:19.224321
8475,903.0,674,sess_659,purchase,2025-10-15 06:17:33.224321
8476,1084.0,333,sess_2873,view,2026-02-27 08:13:52.224321
8477,607.0,944,sess_412,view,2026-04-12 17:44:04.224321
8478,321.0,97,sess_440,add_to_cart,2025-06-26 02:15:10.224321
8479,1177.0,689,sess_4941,purchase,2025-08-20 20:05:48.224321
8480,853.0,467,sess_4905,view,2025-09-22 05:48:38.224321
8481,806.0,979,sess_4771,add_to_cart,2025-11-17 15:38:05.224321
8482,,796,sess_3962,view,2026-03-14 03:14:25.224321
8483,967.0,522,,view,2026-02-09 04:19:13.224321
8484,1067.0,526,sess_3121,view,2026-06-10 08:17:38.224321
8485,511.0,387,sess_778,view,2025-07-03 23:51:31.224321
8486,49.0,958,sess_18,purchase,2026-04-06 09:37:10.224321
8487,947.0,195,sess_2602,add_to_cart,2026-05-18 01:13:13.224321
8488,1140.0,1062,sess_2943,add_to_cart,2026-04-15 13:15:52.224321
8489,127.0,495,sess_2812,view,2025-11-15 23:06:04.224321
8490,211.0,191,sess_1313,view,2026-01-20 22:26:15.224321
8491,713.0,553,sess_857,view,2026-01-22 01:40:35.224321
8492,1118.0,178,sess_161,add_to_cart,2026-02-19 09:54:51.224321
8493,394.0,879,sess_3919,purchase,2026-04-01 08:03:09.224321
8494,272.0,456,sess_3036,add_to_cart,2025-07-01 19:15:33.224321
8495,330.0,368,sess_996,purchase,2025-08-28 15:13:54.224321
8496,1173.0,519,sess_982,add_to_cart,2026-05-04 23:57:19.224321
8497,1085.0,303,sess_4298,purchase,2026-02-10 00:14:11.224321
8498,144.0,960,,purchase,2026-01-20 19:18:31.224321
8499,1143.0,807,sess_85,purchase,2025-12-26 07:30:48.224321
8500,880.0,839,sess_946,purchase,2025-08-21 14:18:37.224321
8501,1036.0,1195,sess_1467,view,2025-11-17 02:30:36.224321
8502,537.0,979,sess_4681,view,2025-10-12 01:44:13.224321
8503,91.0,445,sess_1883,purchase,2026-05-29 11:37:02.224321
8504,916.0,704,sess_4995,purchase,2025-06-22 07:14:42.224321
8505,632.0,638,sess_2790,purchase,2026-04-09 19:56:36.224321
8506,242.0,939,sess_4929,purchase,2026-05-03 23:41:41.224321
8507,361.0,318,sess_331,add_to_cart,2025-11-10 16:09:13.224321
8508,176.0,535,sess_4199,purchase,2026-05-01 22:21:33.224321
8509,421.0,345,sess_3774,purchase,2026-04-19 00:41:44.224321
8510,882.0,770,sess_4122,purchase,2025-10-02 03:01:33.224321
8511,1022.0,686,sess_3393,view,2025-08-23 22:31:09.224321
8512,901.0,599,sess_550,add_to_cart,2025-12-28 20:42:17.224321
8513,676.0,175,sess_4974,view,2025-09-14 05:04:51.224321
8514,6.0,845,sess_3594,purchase,2026-02-15 20:02:22.224321
8515,1052.0,588,sess_1464,purchase,2026-02-08 21:14:17.224321
8516,1190.0,561,sess_673,add_to_cart,2025-06-26 03:59:12.224321
8517,248.0,385,sess_1410,add_to_cart,2026-04-21 10:15:05.224321
8518,233.0,705,sess_2206,view,2026-02-18 18:29:21.224321
8519,882.0,137,sess_644,purchase,2025-11-11 21:39:13.224321
8520,275.0,653,sess_1206,add_to_cart,2026-03-09 16:19:01.224321
8521,441.0,315,,purchase,2025-09-26 04:39:16.224321
8522,1199.0,666,sess_4322,purchase,2025-09-15 03:25:25.224321
8523,108.0,739,sess_1935,add_to_cart,2026-01-18 08:39:23.224321
8524,459.0,927,sess_2050,view,2025-06-30 22:09:58.224321
8525,,188,sess_383,purchase,2025-09-03 18:35:18.224321
8526,579.0,796,sess_356,purchase,2026-01-15 11:50:02.224321
8527,810.0,284,sess_100,view,2026-03-01 09:18:39.224321
8528,486.0,848,sess_1700,view,2025-10-13 09:50:25.224321
8529,1118.0,719,sess_3796,add_to_cart,2025-11-18 23:14:18.224321
8530,759.0,306,sess_3542,add_to_cart,2025-06-11 12:27:28.224321
8531,722.0,923,sess_949,add_to_cart,2025-11-29 10:37:54.224321
8532,89.0,463,sess_2208,add_to_cart,2025-10-11 07:06:51.224321
8533,368.0,443,sess_3744,view,2025-07-15 20:01:20.224321
8534,313.0,773,sess_3905,view,invalid_timestamp
8535,347.0,38,sess_2250,view,invalid_timestamp
8536,652.0,998,sess_4881,add_to_cart,2026-01-09 22:47:56.224321
8537,277.0,935,sess_2568,add_to_cart,2025-06-15 20:55:21.224321
8538,662.0,217,sess_502,purchase,2026-02-24 14:16:33.224321
8539,255.0,620,sess_2652,add_to_cart,2026-05-29 15:24:53.224321
8540,818.0,540,sess_4405,purchase,2026-05-10 04:08:40.224321
8541,301.0,693,sess_2032,view,2026-04-17 02:33:59.224321
8542,806.0,338,sess_3302,add_to_cart,2026-05-30 06:08:50.224321
8543,741.0,856,sess_1381,purchase,2025-11-19 08:13:36.224321
8544,378.0,1153,sess_2368,add_to_cart,2026-04-18 03:46:46.224321
8545,772.0,876,sess_1171,view,2026-04-01 10:20:05.224321
8546,1074.0,1040,sess_1100,view,2025-08-12 23:35:45.224321
8547,631.0,114,sess_4680,view,2026-03-02 05:30:18.224321
8548,1157.0,520,sess_1218,purchase,2025-10-08 05:06:25.224321
8549,,494,sess_1260,add_to_cart,2025-10-27 23:28:10.224321
8550,504.0,1008,sess_11,view,2026-01-26 17:02:30.224321
8551,838.0,632,sess_75,add_to_cart,2026-04-04 06:07:45.224321
8552,66.0,928,sess_3678,view,2025-08-10 01:11:08.224321
20,915.0,466,sess_1450,view,2025-11-27 09:38:45.224321
8554,966.0,589,sess_1163,purchase,2025-08-23 05:43:57.224321
8555,24.0,998,sess_896,view,2025-09-27 13:46:22.224321
8556,936.0,282,sess_3145,purchase,2026-01-09 12:27:36.224321
8557,883.0,484,sess_701,view,2026-03-03 01:04:24.224321
8558,533.0,793,sess_194,purchase,2026-03-01 06:58:43.224321
8559,226.0,1054,sess_1457,view,invalid_timestamp
8560,324.0,955,sess_4887,add_to_cart,2025-12-22 15:08:43.224321
8561,975.0,623,sess_846,add_to_cart,2025-10-19 02:43:08.224321
8562,,141,sess_1595,purchase,2026-02-05 09:36:11.224321
8563,668.0,183,sess_3206,add_to_cart,2026-03-01 01:05:54.224321
8564,,313,sess_2996,view,2026-03-20 12:48:41.224321
8565,665.0,601,sess_813,purchase,2026-03-25 12:23:20.224321
8566,1087.0,827,sess_3192,purchase,2025-07-21 23:47:10.224321
8567,554.0,5,sess_161,purchase,2026-01-09 11:25:33.224321
8568,863.0,189,,purchase,2025-12-04 13:30:34.224321
8569,348.0,1177,sess_1608,view,2026-02-27 23:58:30.224321
8570,867.0,628,sess_142,add_to_cart,2025-10-16 14:32:10.224321
8571,542.0,733,sess_1245,purchase,2026-03-12 04:25:22.224321
8572,316.0,648,sess_91,add_to_cart,2025-08-25 08:06:50.224321
8573,1039.0,964,sess_4819,add_to_cart,2025-09-25 22:03:33.224321
8574,1167.0,222,sess_2733,view,2025-07-11 09:44:32.224321
8575,,425,sess_2070,add_to_cart,2025-11-22 01:23:24.224321
8576,867.0,14,sess_3830,view,2025-10-13 13:38:56.224321
8577,1133.0,1172,sess_20,purchase,2026-05-13 17:22:44.224321
8578,352.0,779,sess_2212,add_to_cart,2025-09-30 08:13:34.224321
8579,868.0,52,,view,2025-09-10 14:11:01.224321
8580,119.0,190,sess_3150,purchase,2025-11-06 23:39:44.224321
8581,257.0,973,sess_3635,purchase,2026-05-04 22:14:54.224321
8582,179.0,1178,,view,2026-02-07 12:33:45.224321
8583,837.0,71,sess_3789,purchase,2026-04-26 23:06:49.224321
8584,647.0,628,,add_to_cart,2025-12-26 17:02:33.224321
8585,352.0,497,sess_4185,view,2026-04-28 18:51:38.224321
8586,1042.0,1050,sess_2130,add_to_cart,2025-11-08 22:46:55.224321
8587,352.0,665,sess_4586,add_to_cart,2025-09-01 07:18:57.224321
8588,28.0,1083,sess_529,add_to_cart,2026-03-04 03:34:45.224321
8589,1158.0,531,sess_3866,view,2026-03-12 01:49:09.224321
8590,1197.0,252,,view,2026-03-22 02:57:12.224321
8591,1092.0,989,sess_491,view,invalid_timestamp
8592,488.0,162,sess_2569,add_to_cart,2025-10-14 07:33:46.224321
8593,637.0,708,sess_3231,add_to_cart,2026-01-26 23:58:02.224321
8594,715.0,466,sess_2397,purchase,2026-04-19 16:07:34.224321
8595,285.0,512,sess_363,purchase,2025-09-16 23:01:31.224321
8596,,272,sess_2735,view,2026-01-23 21:41:38.224321
8597,1101.0,113,,add_to_cart,2025-06-20 04:22:27.224321
8598,646.0,196,sess_1205,purchase,invalid_timestamp
8599,93.0,901,sess_2158,purchase,2025-09-28 09:23:06.224321
8600,553.0,466,sess_1896,purchase,2025-11-08 01:15:13.224321
8601,416.0,626,sess_2030,add_to_cart,2026-04-07 04:55:53.224321
8602,801.0,1174,sess_4874,add_to_cart,2025-09-17 17:48:18.224321
18,232.0,967,sess_4418,view,2025-08-21 07:41:32.224321
8604,91.0,255,sess_712,add_to_cart,2026-05-05 06:00:28.224321
8605,693.0,665,sess_4457,view,2025-08-29 12:30:10.224321
8606,41.0,970,sess_2863,view,2026-06-09 19:09:51.224321
8607,1090.0,794,sess_1825,view,2026-03-30 02:44:54.224321
8608,1090.0,1164,sess_102,add_to_cart,2026-04-29 19:25:50.224321
8609,151.0,293,sess_659,view,2025-07-30 20:37:54.226324
8610,520.0,1096,sess_603,purchase,invalid_timestamp
8611,1074.0,900,sess_329,purchase,2026-03-26 12:57:05.226324
8612,976.0,1007,sess_107,purchase,invalid_timestamp
8613,265.0,254,sess_2642,view,2026-04-25 17:17:00.226324
8614,803.0,591,sess_2812,view,2026-05-22 18:16:31.226324
8615,569.0,274,sess_2212,add_to_cart,2026-02-01 16:18:28.226324
8616,457.0,1186,sess_3613,view,2025-09-16 15:31:39.226324
8617,221.0,381,sess_2989,view,2026-01-03 16:21:46.226324
8618,949.0,462,,add_to_cart,2026-05-24 12:48:38.226324
8619,11.0,482,sess_1086,add_to_cart,2025-10-04 14:55:12.226324
8620,822.0,1056,,view,2026-06-10 02:37:30.226324
8621,627.0,798,sess_1509,purchase,2026-02-24 14:34:28.226324
8622,1155.0,539,sess_3770,add_to_cart,2025-08-28 09:39:28.226324
8623,978.0,866,sess_3132,add_to_cart,2026-02-21 00:05:02.226324
8624,618.0,247,sess_4467,purchase,2025-10-25 02:08:04.226324
8625,906.0,985,sess_621,add_to_cart,2026-05-26 09:23:56.226324
8626,456.0,892,sess_3872,view,2026-06-09 06:33:53.226324
8627,1169.0,314,sess_596,add_to_cart,2026-02-05 10:40:44.226324
8628,817.0,270,sess_2089,purchase,2026-06-07 01:40:56.226324
8629,1010.0,351,sess_3752,add_to_cart,2025-07-01 17:14:25.226324
8630,1076.0,848,sess_1201,purchase,2026-02-04 04:40:26.226324
8631,65.0,453,sess_4166,view,2025-10-03 03:44:34.226324
8632,810.0,460,sess_3703,purchase,2025-12-30 19:23:19.226324
8633,358.0,1019,sess_1543,add_to_cart,2026-06-01 05:24:55.226324
8634,192.0,544,sess_3721,view,2025-06-17 11:39:11.226324
8635,487.0,590,sess_4893,view,2026-02-08 06:24:06.226324
8636,677.0,871,sess_2746,view,2026-05-17 09:01:40.226324
8637,706.0,861,sess_2660,add_to_cart,2026-05-25 02:36:39.226324
8638,1176.0,571,sess_2080,view,2026-02-06 03:24:57.226324
8639,533.0,188,sess_3811,add_to_cart,2026-01-15 20:58:03.226324
8640,105.0,631,sess_1758,purchase,2026-03-17 00:22:59.226324
8641,738.0,572,sess_3321,add_to_cart,2025-06-15 22:23:26.226324
8642,477.0,577,sess_2434,view,2025-07-17 13:23:30.226324
8643,227.0,727,sess_2089,purchase,2026-05-11 12:12:46.226324
8644,900.0,1074,sess_4759,view,2025-11-09 13:15:04.226324
8645,933.0,1014,sess_4574,view,2025-07-22 17:39:39.226324
8646,1063.0,703,sess_1,add_to_cart,2025-08-08 21:04:45.226324
8647,873.0,149,sess_4488,purchase,2025-11-26 14:32:43.226324
8648,434.0,210,sess_4968,purchase,2025-09-08 14:36:05.226324
8649,42.0,768,sess_4834,add_to_cart,2025-06-13 02:25:40.226324
8650,298.0,1177,sess_2432,purchase,2025-09-21 10:49:38.226324
8651,344.0,463,sess_857,purchase,2026-05-17 05:51:22.226324
8652,659.0,255,sess_1559,purchase,2026-02-03 18:28:24.226324
8653,198.0,370,sess_1951,add_to_cart,invalid_timestamp
8654,1162.0,706,sess_1503,purchase,2026-03-18 00:41:28.226324
72,808.0,115,sess_4211,purchase,2025-06-20 14:33:31.226324
8656,764.0,439,sess_1355,purchase,2025-09-17 03:34:07.226324
8657,543.0,742,sess_3681,view,2026-05-06 16:08:29.226324
8658,1079.0,1040,sess_2761,view,2025-12-29 06:59:18.226324
8659,116.0,438,sess_3437,add_to_cart,2026-02-20 09:50:58.226324
8660,62.0,657,sess_1420,purchase,2025-11-21 10:30:38.226324
8661,504.0,872,sess_4878,add_to_cart,2026-01-07 04:45:29.226324
8662,148.0,1040,sess_2544,view,2025-06-15 22:31:05.226324
8663,,685,sess_4096,purchase,2025-12-17 21:44:12.226324
8664,1199.0,248,sess_2301,view,invalid_timestamp
8665,870.0,323,sess_2475,view,2026-05-27 02:42:13.226324
8666,213.0,202,sess_3340,purchase,2026-05-15 10:06:45.226324
8667,587.0,417,sess_2570,purchase,2026-05-09 02:10:50.226324
8668,627.0,665,sess_2724,view,2025-06-24 07:48:51.226324
8669,692.0,719,sess_4327,purchase,2025-08-28 08:04:46.226324
8670,252.0,1101,sess_4268,view,2026-06-09 15:34:10.226324
8671,712.0,1012,sess_3891,purchase,2025-12-25 21:47:03.226324
8672,594.0,603,sess_4058,view,2026-03-15 04:33:55.226324
8673,982.0,778,sess_1902,add_to_cart,2026-04-04 11:36:19.226324
8674,925.0,924,sess_1284,add_to_cart,2026-03-12 01:22:16.226324
8675,370.0,987,sess_3917,view,2026-03-19 19:27:16.226324
8676,209.0,235,sess_4033,view,2025-06-15 05:42:31.226324
8677,950.0,247,sess_117,add_to_cart,2025-07-31 05:52:34.226324
8678,755.0,655,,purchase,2026-04-07 14:49:38.226324
8679,,831,sess_4666,purchase,2025-12-26 16:24:42.226324
8680,341.0,230,sess_3185,purchase,2026-01-02 09:38:38.226324
8681,788.0,888,sess_2464,view,invalid_timestamp
8682,727.0,66,sess_3327,view,2025-08-16 21:16:05.226324
8683,1107.0,308,sess_4966,purchase,2025-08-14 10:07:06.226324
8684,498.0,386,sess_2803,add_to_cart,2026-03-04 09:56:56.226324
8685,1194.0,1183,sess_4530,add_to_cart,2025-07-25 22:49:12.226324
8686,138.0,512,sess_1806,view,2025-10-06 16:00:35.226324
8687,296.0,783,sess_3055,purchase,2026-04-23 03:02:01.226324
8688,975.0,1005,sess_2347,purchase,2025-08-03 09:55:29.226324
8689,634.0,329,sess_154,purchase,2025-06-27 23:17:39.226324
8690,243.0,982,sess_998,purchase,2026-06-01 08:34:05.226324
8691,846.0,1130,sess_3171,purchase,2025-06-23 05:53:54.226324
8692,792.0,675,sess_3160,purchase,2026-03-18 21:16:13.226324
8693,1024.0,375,sess_4246,view,2026-02-17 13:02:17.226324
8694,955.0,287,sess_305,view,2026-05-05 03:49:49.226324
8695,708.0,885,sess_4778,add_to_cart,2025-09-29 21:52:16.226324
8696,45.0,1062,sess_3215,purchase,2025-06-30 23:10:19.226324
8697,1122.0,87,sess_3547,view,2026-04-23 04:41:37.226324
8698,715.0,355,sess_622,purchase,2026-05-29 16:39:17.226324
8699,354.0,1057,sess_4238,add_to_cart,2025-10-24 10:02:58.226324
8700,1113.0,1027,sess_2222,purchase,2025-06-24 19:39:02.226324
8701,952.0,374,sess_3969,purchase,2025-07-18 11:44:57.226324
8702,48.0,56,sess_1612,view,2026-04-01 15:19:25.226324
8703,695.0,509,sess_2516,add_to_cart,2025-07-15 15:17:02.226324
8704,1138.0,411,sess_176,view,2025-10-19 17:52:37.226324
38,459.0,146,sess_3708,purchase,2025-06-25 08:47:33.226324
8706,622.0,596,sess_3172,add_to_cart,2026-03-02 18:08:24.226324
8707,51.0,284,sess_143,view,2026-06-03 07:50:50.226324
8708,385.0,151,,purchase,2025-08-12 20:10:21.226324
8709,12.0,496,sess_4097,view,2025-07-05 22:13:17.226324
8710,210.0,930,sess_877,add_to_cart,invalid_timestamp
8711,1082.0,59,sess_4707,add_to_cart,2025-07-16 10:41:57.226324
8712,980.0,1046,,view,2025-11-08 05:35:04.226324
8713,371.0,183,sess_1829,add_to_cart,2025-10-09 14:30:23.226324
8714,619.0,185,sess_4261,view,2026-02-11 11:09:52.226324
8715,56.0,897,sess_3874,purchase,2025-08-27 11:48:14.226324
8716,54.0,59,sess_1906,purchase,2026-06-06 08:02:36.226324
8717,110.0,45,sess_1665,add_to_cart,2025-06-18 14:40:09.226324
8718,621.0,528,sess_3813,add_to_cart,2026-01-12 09:17:28.226324
8719,569.0,1007,sess_347,add_to_cart,2025-10-23 14:25:43.226324
8720,82.0,95,sess_4778,purchase,2025-12-16 08:48:21.226324
8721,118.0,300,sess_4140,add_to_cart,2025-11-13 12:05:19.226324
8722,1105.0,153,sess_2765,add_to_cart,2025-11-15 04:08:31.226324
8723,520.0,1138,sess_2614,view,2025-06-25 19:03:27.226324
8724,1167.0,182,sess_3007,purchase,2026-03-15 23:07:42.226324
8725,1133.0,184,sess_1667,purchase,2025-07-18 09:28:34.226324
8726,612.0,944,sess_4679,add_to_cart,2025-11-06 19:55:51.226324
8727,3.0,988,sess_3518,add_to_cart,2026-01-19 12:21:47.226324
8728,,105,,add_to_cart,2025-12-12 07:39:17.226324
8729,114.0,576,,purchase,2026-05-03 08:39:22.226324
8730,584.0,8,sess_2743,add_to_cart,2025-10-04 11:39:05.226324
8731,1048.0,556,sess_262,view,2026-06-11 11:20:04.226324
8732,1081.0,1115,sess_2699,view,2025-08-07 08:29:44.226324
180,,697,,purchase,2025-08-11 15:05:48.226324
8734,551.0,1159,sess_4199,view,2026-03-15 10:10:04.226324
8735,1164.0,62,sess_4329,view,2025-07-27 01:35:59.226324
8736,1192.0,1079,sess_4256,purchase,2026-04-10 19:19:39.226324
8737,583.0,347,sess_2294,purchase,2026-05-04 13:42:27.226324
8738,395.0,141,sess_2686,view,2026-04-11 20:01:58.226324
8739,362.0,301,sess_4455,view,2026-01-24 03:37:14.226324
8740,1065.0,1059,sess_3876,view,2025-09-06 01:53:10.226324
8741,131.0,531,sess_1651,purchase,2025-07-14 13:02:49.226324
8742,608.0,260,,add_to_cart,invalid_timestamp
8743,800.0,310,sess_3953,purchase,2025-06-15 18:58:44.226324
8744,175.0,772,sess_2827,purchase,2025-09-30 06:46:49.226324
8745,817.0,1021,sess_2705,purchase,2026-03-13 20:00:56.226324
8746,159.0,33,sess_4200,add_to_cart,invalid_timestamp
8747,1157.0,1092,sess_3496,purchase,2025-08-26 03:41:33.226324
8748,1165.0,646,sess_175,add_to_cart,2025-09-27 23:19:30.226324
8749,1014.0,847,sess_1017,add_to_cart,2025-09-02 14:19:12.226324
8750,655.0,312,sess_2994,view,2025-07-31 23:33:26.226324
8751,177.0,649,sess_4272,purchase,2026-04-01 06:00:32.226324
8752,334.0,62,sess_3052,add_to_cart,2025-07-09 20:45:14.226324
8753,115.0,1138,sess_3683,add_to_cart,2026-02-19 13:05:26.226324
8754,313.0,50,sess_4657,add_to_cart,2026-04-08 04:36:56.226324
8755,1049.0,190,sess_2346,add_to_cart,2025-09-22 14:56:40.226324
8756,,535,sess_633,add_to_cart,2026-02-03 23:43:23.226324
8757,947.0,73,sess_1504,purchase,2026-01-17 23:58:32.226324
8758,400.0,15,sess_3148,add_to_cart,2026-04-07 01:42:41.226324
8759,746.0,666,sess_2273,view,2026-03-22 02:57:20.226324
8760,879.0,1042,sess_3999,view,2025-10-18 13:21:58.226324
8761,968.0,985,sess_4204,view,2026-05-04 01:12:33.226324
8762,578.0,1008,sess_3181,purchase,2025-12-03 13:45:32.226324
8763,1038.0,967,sess_1980,add_to_cart,2025-11-09 20:13:28.226324
8764,152.0,942,sess_99,add_to_cart,2026-03-31 05:01:19.226324
8765,391.0,471,sess_1736,add_to_cart,2025-11-02 21:06:22.226324
8766,656.0,429,sess_1545,add_to_cart,2025-07-09 00:52:50.226324
8767,1156.0,975,sess_3336,add_to_cart,invalid_timestamp
8768,230.0,80,sess_3323,view,2026-05-28 20:44:06.226324
8769,568.0,654,sess_1143,view,2025-07-07 13:43:55.226324
8770,564.0,586,sess_2143,view,2025-08-16 22:25:21.226324
8771,291.0,293,sess_4002,view,2025-06-22 00:20:28.226324
8772,1012.0,1152,sess_1380,purchase,2026-02-15 05:45:21.226324
8773,647.0,69,sess_685,purchase,2026-03-19 08:11:46.226324
8774,1183.0,16,,purchase,2025-11-06 05:14:27.226324
8775,290.0,188,sess_2684,view,2025-12-16 23:34:38.226324
8776,867.0,2,sess_2327,add_to_cart,2026-01-30 00:32:09.226324
8777,887.0,934,sess_4772,purchase,2026-03-16 05:22:28.226324
8778,505.0,62,sess_735,purchase,2026-04-22 23:31:21.226324
8779,396.0,157,sess_2570,purchase,2025-09-18 23:25:20.226324
8780,660.0,994,sess_2858,add_to_cart,2026-06-05 04:22:28.226324
8781,461.0,1066,sess_258,purchase,2026-03-14 22:59:18.226324
8782,407.0,102,sess_3089,purchase,2026-04-16 20:40:22.226324
8783,686.0,224,sess_1402,view,2026-02-25 15:58:49.226324
8784,236.0,129,sess_1934,add_to_cart,2025-06-14 04:12:37.226324
8785,212.0,323,sess_1773,purchase,2026-06-01 12:11:15.226324
8786,996.0,513,sess_302,view,2025-08-04 09:29:50.226324
8787,255.0,272,sess_2356,purchase,2026-01-29 02:51:53.226324
8788,1184.0,655,sess_3021,view,2025-10-17 09:06:30.226324
8789,189.0,1091,sess_2611,add_to_cart,2025-12-02 09:48:34.226324
8790,766.0,150,,add_to_cart,invalid_timestamp
8791,33.0,242,sess_219,add_to_cart,2026-03-13 13:19:13.226324
8792,,617,sess_4849,purchase,2025-07-28 09:40:34.226324
8793,858.0,361,sess_3511,purchase,2026-06-09 17:17:53.226324
8794,263.0,557,sess_2949,view,2026-02-15 21:23:27.226324
8795,970.0,930,sess_2166,add_to_cart,2025-11-26 11:00:08.226324
8796,539.0,485,,purchase,2025-09-18 23:10:28.226324
8797,3.0,808,sess_367,view,2025-10-25 04:26:01.226324
8798,45.0,166,sess_434,view,2026-02-16 05:48:28.226324
8799,646.0,9,sess_1859,purchase,2025-07-06 13:40:05.226324
56,1160.0,450,sess_2568,view,invalid_timestamp
8801,752.0,12,sess_4820,purchase,2026-05-08 03:14:47.226324
8802,448.0,853,sess_4909,add_to_cart,2026-03-09 19:10:33.226324
8803,154.0,785,sess_593,add_to_cart,2026-01-13 12:32:05.226324
8804,57.0,485,sess_4821,add_to_cart,2025-09-28 00:46:40.226324
8805,965.0,536,sess_3279,view,2025-12-22 22:46:07.226324
8806,684.0,926,sess_4560,add_to_cart,2025-12-07 21:19:08.226324
8807,64.0,323,sess_3164,add_to_cart,2026-01-04 10:58:19.226324
8808,547.0,953,sess_3144,view,2025-08-17 18:31:20.226324
8809,1184.0,833,sess_4566,purchase,2026-02-15 19:39:34.226324
8810,634.0,548,sess_188,add_to_cart,2026-03-10 12:39:28.226324
8811,739.0,1151,sess_4399,add_to_cart,2025-09-22 05:38:41.226324
8812,402.0,396,sess_3781,view,2025-12-07 04:56:31.226324
8813,174.0,1049,sess_12,add_to_cart,2025-08-30 15:07:45.226324
8814,856.0,301,sess_1636,add_to_cart,2025-07-26 13:57:17.226324
8815,249.0,745,,purchase,2025-07-01 01:33:18.226324
8816,995.0,489,sess_2481,add_to_cart,2025-08-28 11:39:36.226324
8817,539.0,232,sess_4724,add_to_cart,2026-03-29 21:13:55.226324
8818,747.0,970,sess_3804,purchase,2025-12-02 04:50:25.226324
8819,1105.0,900,sess_1068,purchase,2025-08-01 03:57:15.226324
8820,688.0,875,sess_2733,purchase,2025-06-29 09:27:26.226324
8821,698.0,365,sess_3830,add_to_cart,2026-05-22 07:51:45.226324
8822,762.0,59,sess_2395,purchase,2026-03-29 21:00:47.226324
8823,111.0,784,sess_4917,add_to_cart,2026-02-04 22:05:54.226324
8824,1072.0,1077,sess_3473,purchase,2026-01-17 04:51:45.226324
8825,1142.0,567,sess_4787,purchase,2025-12-29 23:05:22.226324
8826,478.0,1113,sess_767,purchase,invalid_timestamp
8827,620.0,646,sess_4291,purchase,2025-08-04 01:42:03.226324
8828,864.0,889,sess_90,view,2025-07-26 00:32:14.226324
8829,745.0,1006,sess_3398,add_to_cart,2026-06-08 09:04:28.226324
8830,63.0,912,sess_1402,purchase,2025-11-05 11:11:06.226324
8831,570.0,1036,,purchase,2025-12-28 07:12:59.226324
8832,1129.0,409,sess_2492,add_to_cart,2026-05-19 18:51:51.226324
8833,878.0,787,sess_3605,purchase,2025-10-01 08:17:41.226324
8834,816.0,845,sess_3045,view,2026-02-16 10:18:09.226324
8835,1007.0,1033,sess_3977,view,2026-05-27 13:24:05.226324
8836,639.0,548,sess_1088,purchase,2026-03-30 12:27:43.226324
8837,83.0,418,,purchase,2025-07-09 06:38:05.226324
8838,505.0,1194,sess_4331,purchase,2025-08-19 00:09:15.226324
8839,528.0,783,sess_4172,view,2025-09-16 02:27:06.226324
8840,337.0,269,sess_4881,purchase,2026-05-26 17:09:44.226324
27,948.0,134,sess_2577,add_to_cart,2025-11-15 09:04:42.226324
8842,602.0,12,sess_2164,view,2025-12-26 22:21:58.226324
8843,936.0,917,sess_4768,view,2025-07-16 09:52:32.226324
8844,693.0,386,sess_1049,view,2026-02-10 12:12:19.226324
8845,478.0,1078,sess_798,add_to_cart,2026-04-18 11:53:31.226324
8846,358.0,644,sess_2068,purchase,2026-01-06 03:43:37.226324
8847,73.0,420,sess_2473,purchase,2026-03-08 20:43:52.226324
8848,677.0,1061,sess_409,add_to_cart,2025-08-14 20:41:46.226324
8849,590.0,1058,sess_1642,view,2025-06-24 09:48:40.226324
8850,1140.0,424,sess_2194,view,2025-10-06 20:12:35.226324
8851,,699,sess_453,view,2025-06-26 11:47:14.226324
8852,1009.0,1103,sess_3749,purchase,2025-08-05 14:04:50.226324
8853,556.0,1199,sess_847,view,2026-06-07 16:35:45.226324
8854,186.0,671,sess_2335,add_to_cart,2025-10-23 09:02:02.226324
8855,929.0,415,sess_3079,add_to_cart,2025-08-13 14:41:23.226324
8856,347.0,126,sess_3653,view,2026-01-12 21:33:03.226324
8857,780.0,350,sess_2985,add_to_cart,2025-11-14 20:06:16.226324
35,227.0,64,,purchase,2025-08-12 11:20:15.226324
8859,450.0,724,sess_601,view,2025-10-23 09:20:34.226324
8860,1182.0,1161,sess_454,view,2025-10-16 08:18:42.226324
8861,442.0,229,,view,2026-03-15 02:11:47.226324
8862,861.0,970,sess_4424,view,invalid_timestamp
8863,879.0,917,sess_2148,purchase,2025-10-04 16:03:24.226324
8864,308.0,433,sess_266,view,2025-10-16 14:41:21.226324
8865,916.0,896,sess_1485,add_to_cart,2026-04-30 23:53:30.226324
8866,300.0,201,,purchase,2026-05-19 19:31:49.226324
8867,396.0,513,sess_626,purchase,2026-03-24 15:34:53.226324
8868,930.0,52,sess_1921,add_to_cart,2026-01-26 20:21:52.226324
8869,766.0,389,sess_1899,add_to_cart,2025-11-06 19:51:02.226324
8870,645.0,712,sess_4121,add_to_cart,2025-09-21 22:09:45.226324
8871,246.0,27,sess_3200,purchase,2026-04-07 08:27:56.226324
8872,501.0,994,sess_1775,purchase,2026-06-03 06:34:23.226324
8873,172.0,824,sess_1373,view,2026-01-18 15:20:12.226324
8874,1037.0,899,sess_4616,purchase,2026-04-30 06:30:14.226324
8875,220.0,807,sess_1870,view,2025-12-14 13:08:46.226324
8876,555.0,383,sess_3326,view,2026-05-21 19:28:41.226324
8877,420.0,644,sess_1286,add_to_cart,2026-02-05 09:44:03.226324
8878,586.0,846,sess_2545,purchase,2026-02-23 04:54:44.226324
8879,,357,sess_1427,view,2026-04-08 14:34:41.226324
8880,16.0,809,sess_3152,view,2026-03-29 06:28:06.226324
8881,466.0,780,sess_2053,view,2025-10-21 02:50:20.226324
8882,457.0,567,sess_2184,purchase,2026-04-16 10:08:10.226324
8883,133.0,1017,sess_1866,view,2026-04-26 20:56:34.226324
8884,790.0,374,sess_2491,purchase,2025-07-04 11:03:23.226324
8885,918.0,298,sess_3562,purchase,2025-07-18 12:22:31.226324
8886,273.0,412,sess_3426,add_to_cart,2025-11-05 19:26:36.226324
8887,714.0,245,sess_1903,add_to_cart,2025-11-15 05:17:39.226324
8888,442.0,403,sess_2509,add_to_cart,2025-10-23 08:22:00.226324
8889,698.0,111,sess_2345,purchase,2025-06-15 16:34:37.226324
8890,861.0,407,sess_1075,add_to_cart,invalid_timestamp
8891,,182,sess_230,add_to_cart,2026-01-06 21:44:46.226324
8892,825.0,212,sess_4847,purchase,2025-06-14 15:41:33.226324
8893,221.0,201,sess_709,purchase,2026-04-11 22:41:23.226324
8894,611.0,312,sess_1369,purchase,2025-09-05 10:28:24.226324
8895,434.0,1026,sess_4968,purchase,2026-05-25 23:59:47.226324
8896,552.0,440,sess_562,add_to_cart,2025-06-23 21:55:17.226324
8897,,456,sess_4015,add_to_cart,2026-02-08 03:23:22.226324
8898,194.0,126,sess_4144,purchase,2026-05-18 17:00:43.226324
8899,297.0,713,sess_3877,purchase,2025-08-28 18:59:34.226324
8900,861.0,965,sess_3330,view,2025-10-31 05:40:15.226324
8901,276.0,780,sess_2927,purchase,invalid_timestamp
8902,308.0,543,sess_3394,add_to_cart,2026-05-25 08:45:03.226324
8903,792.0,759,sess_728,add_to_cart,2025-10-09 22:36:19.226324
8904,148.0,823,sess_4292,add_to_cart,2025-12-12 18:02:04.226324
8905,364.0,887,sess_873,add_to_cart,2025-08-09 16:26:50.226324
8906,812.0,1096,sess_4944,add_to_cart,2026-02-28 16:07:47.226324
8907,536.0,200,sess_4785,purchase,2025-07-22 12:42:33.226324
8908,141.0,1089,sess_1786,purchase,2025-12-28 22:44:01.226324
8909,810.0,910,sess_60,view,2025-08-24 20:31:01.226324
8910,480.0,522,sess_476,purchase,2026-05-20 21:15:41.226324
55,415.0,1053,sess_4639,add_to_cart,2026-04-17 09:34:18.226324
8912,331.0,552,,purchase,2025-07-26 03:04:40.226324
8913,377.0,70,sess_3339,add_to_cart,2025-12-27 23:10:03.226324
61,104.0,453,,view,2026-05-04 17:22:27.226324
8915,349.0,1044,sess_2320,purchase,2026-03-06 18:14:47.226324
8916,820.0,607,sess_3837,view,2025-06-27 15:31:20.226324
8917,507.0,756,sess_236,view,2026-05-20 04:03:32.226324
8918,308.0,374,sess_2095,view,2026-03-21 03:39:38.226324
8919,1160.0,516,sess_1521,purchase,2026-01-23 09:56:02.226324
8920,1193.0,1109,sess_1284,add_to_cart,2026-04-16 09:45:00.226324
8921,3.0,449,sess_4611,purchase,2026-02-03 03:23:53.226324
8922,679.0,1160,sess_2956,view,2026-05-19 02:21:26.226324
8923,835.0,92,sess_4880,purchase,2025-10-11 08:50:54.226324
8924,1083.0,991,sess_4617,purchase,2026-03-12 05:16:31.226324
8925,930.0,76,sess_2744,purchase,2025-12-22 08:50:08.226324
8926,1185.0,1054,sess_4113,add_to_cart,2026-05-02 23:35:50.226324
8927,281.0,1145,sess_2949,add_to_cart,2026-04-02 21:00:00.226324
8928,,885,sess_2746,add_to_cart,2026-02-23 00:31:08.226324
8929,389.0,669,sess_1109,purchase,2025-11-01 02:52:07.226324
8930,584.0,613,sess_4441,purchase,2026-02-14 04:01:06.226324
8931,886.0,1045,sess_3072,add_to_cart,2025-12-11 17:31:12.226324
8932,849.0,360,sess_3063,add_to_cart,2025-08-12 06:24:01.226324
8933,775.0,550,,add_to_cart,2025-09-20 01:05:10.226324
8934,612.0,335,sess_3519,add_to_cart,2026-02-19 22:19:18.226324
8935,222.0,367,sess_3431,view,2026-04-15 12:41:03.226324
8936,1090.0,864,sess_4229,view,2025-11-08 08:15:40.226324
8937,,819,sess_2468,add_to_cart,2026-04-20 07:24:05.226324
8938,38.0,701,sess_3907,purchase,2025-10-21 15:08:56.226324
8939,266.0,595,sess_2935,view,2025-11-08 07:23:30.226324
8940,1014.0,884,sess_715,add_to_cart,2026-03-01 23:42:27.226324
8941,374.0,291,sess_3784,purchase,2025-08-25 06:14:32.226324
8942,328.0,118,sess_4879,add_to_cart,2026-05-10 15:51:47.226324
8943,324.0,296,sess_4460,add_to_cart,2026-03-30 15:28:21.226324
8944,681.0,802,sess_3861,purchase,2025-06-26 00:25:17.226324
8945,1054.0,330,sess_3376,add_to_cart,2025-10-07 02:00:02.226324
8946,12.0,126,sess_3032,view,2026-05-19 01:29:02.226324
8947,790.0,229,sess_4280,add_to_cart,2026-04-14 11:21:46.226324
8948,288.0,261,sess_4684,view,2025-09-22 08:19:36.226324
8949,916.0,1185,sess_2762,add_to_cart,2026-05-19 09:48:21.226324
8950,36.0,1082,sess_2335,add_to_cart,2025-08-18 19:33:26.226324
8951,620.0,145,sess_2467,view,invalid_timestamp
8952,835.0,924,sess_3036,purchase,2026-03-08 11:22:05.226324
8953,808.0,161,sess_419,view,2026-02-20 20:39:40.226324
8954,615.0,150,sess_4722,purchase,2026-02-12 05:54:37.226324
8955,175.0,1083,sess_2683,view,2026-01-27 02:40:01.226324
8956,471.0,145,sess_804,add_to_cart,2026-05-25 17:04:43.226324
8957,61.0,1182,sess_2760,view,2026-01-20 21:22:29.226324
8958,31.0,1074,,add_to_cart,2025-07-14 16:44:55.226324
8959,500.0,596,sess_2591,add_to_cart,2025-07-04 02:41:10.226324
8960,509.0,760,sess_1989,add_to_cart,2026-04-03 06:30:49.226324
8961,825.0,3,sess_492,view,2025-08-15 08:54:33.226324
8962,95.0,1040,sess_1326,view,2026-01-02 17:14:03.226324
8963,456.0,201,sess_3911,purchase,2025-09-22 01:48:35.226324
8964,446.0,461,sess_2844,purchase,2025-09-23 21:06:13.226324
8965,1029.0,49,sess_381,view,2026-01-01 23:42:16.226324
8966,1180.0,529,sess_3363,add_to_cart,2025-07-02 18:53:05.226324
8967,1056.0,39,sess_3953,purchase,invalid_timestamp
8968,489.0,795,sess_4288,add_to_cart,2025-09-14 04:42:24.226324
8969,978.0,871,sess_4928,purchase,2025-12-14 03:34:14.226324
8970,522.0,54,,add_to_cart,2026-01-11 19:12:50.226324
8971,332.0,335,sess_2122,view,2026-02-14 12:17:16.226324
8972,745.0,1161,sess_3371,add_to_cart,2026-05-08 19:48:20.226324
8973,657.0,22,sess_1147,purchase,2025-09-12 16:55:48.226324
8974,569.0,135,sess_4305,add_to_cart,2025-09-26 14:06:13.226324
8975,720.0,1134,sess_1409,purchase,2025-11-10 04:31:36.226324
8976,1002.0,705,sess_4372,purchase,2026-01-04 13:12:54.226324
8977,930.0,283,sess_1978,view,2025-12-15 09:39:15.226324
8978,1054.0,588,sess_138,purchase,2025-09-14 23:38:28.226324
8979,1105.0,598,sess_2812,add_to_cart,2025-10-11 06:15:16.226324
8980,334.0,1194,sess_1758,purchase,2025-07-01 11:35:59.226324
8981,528.0,1008,sess_4817,purchase,2026-05-31 07:05:52.226324
8982,266.0,608,sess_315,view,2026-03-09 09:04:53.226324
8983,48.0,119,sess_4261,purchase,2025-10-31 16:52:00.226324
8984,963.0,469,,add_to_cart,2025-10-13 14:10:41.226324
8985,980.0,567,sess_2229,view,2025-07-03 05:51:09.226324
8986,101.0,657,sess_2606,view,2025-11-30 22:19:22.226324
8987,390.0,1084,sess_4384,view,2026-03-02 10:23:16.226324
8988,961.0,655,sess_2005,purchase,2025-07-07 23:08:01.226324
8989,369.0,1200,,add_to_cart,2026-03-19 03:27:38.226324
8990,266.0,965,sess_4295,add_to_cart,2025-08-19 20:32:14.226324
8991,427.0,689,sess_1204,purchase,2025-10-05 21:22:12.226324
8992,822.0,763,sess_2844,purchase,2026-06-01 16:42:55.226324
8993,533.0,436,,purchase,2025-07-10 06:49:25.226324
8994,559.0,1175,sess_834,view,2026-02-08 04:19:31.226324
8995,689.0,246,sess_808,purchase,2025-06-28 12:18:09.226324
8996,877.0,675,sess_2986,purchase,2026-01-01 23:07:06.226324
8997,154.0,980,sess_3578,view,2026-01-23 01:19:44.226324
8998,180.0,116,sess_2096,add_to_cart,2025-12-06 08:37:23.227826
8999,147.0,538,sess_3320,view,2025-07-02 01:49:19.227826
9000,316.0,1079,sess_4944,purchase,2026-03-06 15:23:17.227826
9001,1072.0,1152,sess_2091,add_to_cart,2026-02-10 05:25:50.227826
9002,861.0,566,sess_895,purchase,2025-10-09 15:04:47.227826
9003,,630,sess_3771,view,2025-07-01 14:09:39.227826
9004,774.0,881,sess_1564,add_to_cart,2026-02-22 00:24:21.227826
9005,82.0,1006,sess_1174,view,2026-03-17 07:08:13.227826
9006,438.0,1113,sess_4415,purchase,2026-02-11 10:11:33.227826
9007,550.0,70,sess_2934,purchase,2026-02-23 07:37:29.227826
9008,228.0,441,sess_1816,purchase,2026-01-19 11:59:12.227826
9009,,351,sess_116,add_to_cart,2026-04-18 18:26:39.227826
9010,910.0,743,sess_4417,add_to_cart,2025-11-09 13:20:47.227826
9011,1195.0,617,sess_1215,add_to_cart,2025-08-29 06:40:54.227826
9012,876.0,422,sess_5000,add_to_cart,2025-11-17 04:58:04.227826
9013,595.0,1004,sess_3911,purchase,2026-05-28 03:07:29.227826
9014,,906,sess_1548,view,2026-04-11 14:36:15.227826
9015,472.0,895,sess_2406,add_to_cart,2025-07-02 06:54:21.227826
9016,1067.0,382,sess_4424,add_to_cart,2025-11-08 21:24:14.227826
9017,391.0,858,sess_2257,add_to_cart,2026-03-06 00:30:01.227826
60,86.0,536,sess_2572,purchase,2025-07-18 22:42:05.227826
9019,,922,sess_4017,add_to_cart,2026-02-16 06:13:22.227826
9020,481.0,62,sess_283,purchase,2026-02-02 14:23:34.227826
9021,1189.0,35,sess_685,add_to_cart,2025-06-23 11:08:44.227826
9022,773.0,82,sess_3859,add_to_cart,2025-10-24 15:30:55.227826
9023,647.0,569,sess_2649,add_to_cart,2026-02-03 05:18:28.227826
9024,1107.0,819,sess_2292,view,2025-09-24 02:32:42.227826
9025,65.0,73,sess_4644,view,2025-11-18 20:49:20.227826
9026,948.0,39,sess_370,view,2025-09-05 15:33:43.227826
9027,465.0,1013,sess_1248,purchase,2026-01-24 00:41:25.227826
9028,44.0,148,sess_4433,add_to_cart,2025-08-20 13:06:23.227826
177,203.0,977,sess_3302,view,2025-11-06 06:00:55.227826
9030,51.0,515,sess_3150,add_to_cart,2025-12-13 09:57:56.227826
9031,1011.0,950,sess_476,purchase,invalid_timestamp
9032,1136.0,898,sess_1911,purchase,2025-11-03 13:20:31.227826
9033,1085.0,62,sess_778,add_to_cart,2025-12-14 18:48:30.227826
9034,652.0,1054,sess_4068,add_to_cart,2025-11-24 10:15:38.227826
9035,821.0,325,sess_1218,view,2025-07-27 08:05:09.227826
9036,298.0,754,sess_2699,add_to_cart,2025-09-21 07:11:20.227826
9037,271.0,421,sess_1621,view,2025-12-27 22:45:36.227826
9038,886.0,597,sess_2059,add_to_cart,2025-11-04 23:46:50.227826
9039,118.0,341,sess_3829,purchase,2026-04-22 17:05:22.227826
9040,758.0,339,sess_1579,purchase,2025-09-01 12:28:04.227826
9041,918.0,557,sess_2743,purchase,2026-01-11 19:00:45.227826
9042,171.0,1110,sess_4546,add_to_cart,2025-09-27 09:30:56.227826
9043,1047.0,249,sess_298,purchase,2025-07-07 14:00:43.227826
9044,1067.0,926,sess_2474,view,2026-04-26 19:22:08.227826
9045,305.0,232,sess_212,view,2026-05-12 01:26:58.227826
9046,1184.0,560,sess_1556,add_to_cart,2025-10-05 04:30:43.227826
9047,633.0,1177,sess_2696,purchase,2025-09-07 17:57:25.227826
9048,989.0,1164,sess_3814,add_to_cart,2026-01-02 13:37:39.227826
9049,924.0,1029,sess_4723,add_to_cart,2026-02-01 01:07:52.227826
9050,348.0,608,sess_2594,view,2026-03-14 08:39:48.227826
9051,135.0,682,sess_2301,purchase,2025-08-08 02:44:30.227826
9052,1077.0,1064,sess_430,purchase,2026-05-29 19:47:20.227826
9053,443.0,656,sess_3546,view,2025-07-08 18:40:32.227826
9054,677.0,358,sess_558,add_to_cart,2025-07-27 19:23:19.227826
9055,806.0,68,sess_1085,view,2026-01-09 08:54:03.227826
9056,,550,sess_4014,view,2025-07-30 10:02:26.227826
9057,800.0,366,sess_221,view,2026-05-14 05:46:39.227826
9058,,858,sess_2975,add_to_cart,2025-08-02 14:20:25.227826
9059,209.0,1068,sess_3867,view,2025-07-22 03:39:50.227826
9060,295.0,944,sess_486,add_to_cart,2025-09-03 00:11:00.227826
9061,75.0,71,sess_4046,purchase,2025-08-11 07:46:46.227826
9062,,976,sess_4084,view,2025-10-31 01:39:58.227826
9063,450.0,733,,purchase,2025-09-24 03:19:11.227826
9064,582.0,75,sess_437,add_to_cart,2025-07-07 16:17:41.227826
9065,180.0,16,sess_2646,purchase,2025-12-16 03:16:14.227826
9066,1032.0,920,sess_4750,purchase,2025-10-13 11:35:34.227826
9067,691.0,215,sess_3582,add_to_cart,2025-10-09 16:48:48.227826
9068,142.0,1046,sess_4030,view,invalid_timestamp
9069,379.0,741,sess_584,view,2026-03-09 23:41:46.227826
9070,390.0,356,sess_3003,purchase,2025-06-28 17:23:56.227826
9071,10.0,1072,sess_4752,view,invalid_timestamp
9072,124.0,915,sess_1337,add_to_cart,2025-06-23 23:21:02.227826
9073,745.0,438,sess_655,add_to_cart,2025-06-30 10:43:39.227826
9074,913.0,445,sess_3266,add_to_cart,2026-01-31 07:38:26.227826
9075,652.0,1068,sess_2703,purchase,2025-10-02 03:36:40.227826
9076,128.0,642,sess_2119,view,2026-01-06 01:04:16.227826
9077,945.0,744,sess_554,purchase,2025-07-02 09:59:26.227826
9078,796.0,855,sess_4671,view,2025-12-27 04:35:42.227826
9079,662.0,745,sess_1758,purchase,2025-10-06 23:30:29.227826
9080,243.0,1053,sess_2142,purchase,2025-09-14 03:29:33.227826
9081,707.0,174,sess_1752,view,2025-09-14 15:42:35.227826
9082,100.0,913,sess_1310,view,2025-07-13 14:24:50.227826
9083,489.0,429,,add_to_cart,2026-04-25 15:05:27.227826
9084,620.0,1013,sess_2148,view,2025-11-22 00:52:18.227826
9085,1010.0,531,sess_3749,purchase,2025-08-05 18:10:39.227826
9086,1076.0,1101,sess_211,add_to_cart,2025-09-18 03:35:24.227826
9087,322.0,440,sess_2309,purchase,2025-07-30 10:54:46.227826
9088,433.0,405,sess_4567,add_to_cart,2026-01-07 04:32:06.227826
9089,114.0,84,sess_3540,add_to_cart,2025-07-04 19:07:02.227826
9090,,714,sess_3788,add_to_cart,2026-05-13 07:43:55.227826
9091,48.0,925,sess_3696,purchase,2025-12-09 09:10:47.227826
9092,633.0,1118,sess_1820,add_to_cart,2026-04-19 06:26:59.227826
9093,965.0,235,sess_1301,add_to_cart,2026-04-11 12:39:03.227826
9094,,975,sess_4605,view,2026-04-23 01:06:34.227826
9095,678.0,133,sess_2614,add_to_cart,2025-09-26 00:23:00.227826
9096,,1127,sess_3505,view,2026-02-11 17:19:24.227826
9097,469.0,819,sess_1077,add_to_cart,2026-04-03 00:56:48.227826
9098,751.0,85,sess_3740,purchase,2025-12-12 12:32:41.228610
9099,1083.0,61,sess_1250,purchase,2025-07-04 14:17:05.228610
9100,627.0,93,sess_3343,add_to_cart,invalid_timestamp
9101,76.0,1193,sess_2806,view,2025-09-08 15:39:41.228610
9102,1041.0,21,sess_434,purchase,2026-03-30 14:01:32.228610
9103,435.0,998,sess_1428,view,2025-08-02 18:14:01.228610
9104,1089.0,759,sess_2337,view,2026-05-14 03:04:22.228610
9105,216.0,892,sess_4085,add_to_cart,2025-06-25 15:55:34.228610
9106,1058.0,1183,sess_3000,add_to_cart,2026-06-10 20:50:01.228610
9107,838.0,834,sess_264,add_to_cart,2026-01-15 05:48:30.228610
9108,930.0,1090,sess_4317,view,2025-09-05 03:56:03.228610
9109,1055.0,1056,sess_3027,purchase,2026-04-11 22:59:07.228610
9110,964.0,999,,purchase,2026-04-08 11:04:16.228610
9111,107.0,873,sess_899,view,2026-04-03 07:09:50.228610
9112,377.0,364,sess_3257,add_to_cart,2025-11-01 14:57:55.228610
9113,,462,,add_to_cart,invalid_timestamp
9114,736.0,640,sess_4157,add_to_cart,2026-02-10 02:24:53.228610
9115,225.0,118,sess_1982,view,2025-09-25 07:26:57.228610
9116,175.0,552,sess_111,purchase,2025-12-14 13:59:54.228610
9117,1173.0,296,sess_44,add_to_cart,2025-09-04 00:00:59.228610
9118,139.0,1200,sess_391,purchase,2026-01-15 23:37:20.228610
9119,560.0,461,sess_1273,add_to_cart,2025-10-02 19:08:07.228610
9120,952.0,581,sess_46,view,2026-05-15 07:10:32.228610
9121,213.0,503,sess_1675,add_to_cart,2025-10-31 08:33:56.228610
9122,883.0,593,sess_1225,purchase,2026-05-29 15:46:57.228610
9123,1090.0,529,sess_1556,view,2025-10-26 11:21:17.228610
9124,587.0,806,sess_1747,view,2025-07-19 00:15:05.228610
9125,1100.0,595,sess_2371,view,2025-09-02 04:31:44.228610
9126,434.0,898,,add_to_cart,2025-08-04 13:06:24.228610
9127,621.0,377,sess_453,add_to_cart,2026-04-09 15:32:08.228610
9128,815.0,359,sess_3153,view,2025-08-12 04:36:56.228610
9129,155.0,344,sess_59,add_to_cart,2026-01-07 21:51:38.228610
9130,642.0,162,,purchase,2025-08-03 01:42:18.228610
9131,960.0,9,sess_1379,purchase,invalid_timestamp
9132,97.0,955,sess_427,purchase,2026-04-10 21:13:16.228610
9133,985.0,847,sess_1043,purchase,2025-09-28 10:06:49.228610
9134,722.0,369,sess_2954,view,2026-02-15 08:29:08.228610
9135,606.0,318,sess_1730,view,2025-08-01 07:53:33.228610
9136,618.0,753,,purchase,2025-10-04 14:52:09.228610
9137,1021.0,349,,purchase,2026-04-08 05:15:07.228610
9138,944.0,249,sess_4889,view,invalid_timestamp
9139,843.0,1103,sess_1233,add_to_cart,2026-01-08 21:50:10.228610
9140,263.0,117,sess_1505,purchase,2025-07-11 17:37:41.228610
9141,825.0,836,sess_843,purchase,2025-11-03 15:22:18.228610
9142,149.0,1105,sess_2377,add_to_cart,2025-07-11 17:24:06.228610
9143,714.0,185,sess_1246,purchase,2025-10-01 16:05:36.228610
9144,,926,sess_2041,add_to_cart,2025-08-04 12:38:04.228610
9145,326.0,1091,sess_1896,view,2025-09-10 10:52:09.228610
9146,110.0,294,sess_4784,view,2025-11-06 19:07:32.228610
9147,561.0,904,sess_3841,add_to_cart,2026-05-21 07:32:41.228610
9148,753.0,431,sess_3804,purchase,2025-07-24 03:58:09.228610
9149,534.0,402,sess_4536,view,2025-08-01 18:10:49.228610
9150,936.0,163,sess_3005,add_to_cart,2025-10-09 11:02:59.228610
9151,955.0,8,sess_1364,view,2025-09-28 01:18:04.228610
9152,122.0,569,sess_162,add_to_cart,2025-12-06 18:11:51.228610
9153,20.0,8,sess_175,view,2025-12-14 15:41:40.228610
9154,948.0,394,sess_210,add_to_cart,2025-12-25 07:12:41.228610
9155,1143.0,1022,sess_1741,purchase,2025-09-06 16:09:29.228610
9156,42.0,439,sess_4541,view,2026-03-29 22:32:13.228610
9157,1038.0,1139,sess_1841,view,2026-04-24 08:00:49.228610
9158,466.0,690,sess_632,add_to_cart,2025-09-08 22:59:14.228610
9159,966.0,999,sess_3262,add_to_cart,2026-05-11 16:34:19.228610
9160,805.0,830,sess_438,purchase,2025-09-24 18:53:47.228610
9161,1046.0,1016,sess_2372,view,2025-11-01 18:45:21.228610
9162,239.0,255,sess_2444,add_to_cart,2026-01-03 10:39:29.228610
9163,1186.0,912,sess_4204,purchase,2025-11-06 00:30:09.228610
9164,471.0,534,sess_4102,purchase,2025-08-31 04:33:35.228610
9165,,951,sess_1669,view,2025-09-28 16:42:30.228610
9166,,149,sess_4964,purchase,2026-01-17 03:22:33.228610
9167,1165.0,542,sess_3289,add_to_cart,2026-03-08 11:28:26.228610
9168,739.0,432,sess_639,purchase,invalid_timestamp
9169,367.0,1128,sess_3893,purchase,2026-01-19 17:37:13.228610
9170,53.0,1145,sess_3769,add_to_cart,2025-07-18 09:35:51.228610
9171,,1158,sess_3291,purchase,2025-12-17 12:21:07.228610
9172,217.0,802,sess_874,purchase,2025-09-14 00:00:32.228610
9173,410.0,380,sess_1851,view,2025-10-18 01:23:33.228610
9174,670.0,35,sess_2665,add_to_cart,2025-06-24 07:17:44.228610
9175,,708,sess_189,add_to_cart,2025-06-29 02:11:36.228610
9176,227.0,842,sess_1680,purchase,2025-06-30 12:11:09.228610
9177,484.0,717,sess_925,add_to_cart,2025-07-31 05:46:16.228610
9178,905.0,1080,sess_3854,view,2026-02-24 21:17:02.228610
9179,737.0,1058,sess_619,view,2026-05-20 03:56:55.228610
9180,1122.0,606,sess_2160,purchase,2025-12-20 05:46:14.228610
9181,758.0,714,sess_2632,add_to_cart,2025-06-12 02:05:47.228610
9182,158.0,1030,sess_2909,add_to_cart,2025-08-09 17:29:29.228610
9183,984.0,780,sess_4191,view,2026-02-04 12:09:54.228610
9184,982.0,403,sess_228,view,2026-01-16 13:49:35.228610
9185,670.0,13,,purchase,2025-07-16 11:12:17.228610
9186,430.0,198,sess_4948,view,2025-10-28 14:35:11.228610
9187,607.0,310,sess_4293,add_to_cart,2025-12-14 15:41:12.228610
9188,175.0,788,sess_2922,view,2025-08-15 01:47:42.228610
9189,626.0,466,sess_4619,add_to_cart,2025-10-29 19:36:56.228610
9190,1128.0,1037,sess_783,purchase,2026-05-09 06:24:52.228610
9191,333.0,467,sess_2460,view,2025-12-20 09:00:24.228610
9192,868.0,49,,purchase,2025-10-28 14:36:03.228610
9193,229.0,103,sess_4854,add_to_cart,2025-07-20 15:21:45.228610
9194,1043.0,1018,sess_4377,view,2026-05-25 02:42:36.228610
9195,189.0,137,sess_2796,view,2026-02-15 18:50:43.228610
9196,525.0,1016,sess_1673,purchase,2026-06-09 06:28:21.228610
9197,201.0,718,sess_3490,purchase,2026-03-04 09:39:58.228610
9198,52.0,679,sess_952,view,2026-06-05 15:54:07.228610
9199,902.0,243,sess_3714,add_to_cart,2025-09-16 01:45:01.228610
9200,746.0,126,sess_3602,purchase,2025-09-14 16:50:38.228610
9201,287.0,661,sess_182,add_to_cart,2026-06-07 09:23:21.228610
9202,1190.0,188,,view,2025-11-22 05:07:57.228610
9203,10.0,976,sess_878,purchase,2025-07-16 15:32:47.228610
9204,559.0,915,sess_2613,add_to_cart,2026-01-09 00:46:29.228610
9205,169.0,711,sess_181,purchase,2026-01-12 03:02:46.228610
9206,1160.0,286,sess_589,view,2026-04-12 22:23:19.228610
9207,68.0,1002,sess_769,view,2026-03-08 22:38:28.228610
9208,734.0,214,sess_1385,purchase,2025-08-03 05:49:08.228610
9209,1160.0,507,sess_1468,purchase,2025-11-09 23:48:49.228610
9210,991.0,799,sess_2482,view,2025-07-27 06:36:18.228610
9211,961.0,732,sess_1403,purchase,2025-09-03 06:45:04.228610
9212,1108.0,1080,sess_1910,add_to_cart,2025-10-25 05:28:46.228610
9213,1121.0,263,sess_2452,view,2025-11-22 14:48:54.228610
9214,855.0,531,sess_4860,purchase,2025-09-22 14:17:23.228610
9215,1048.0,15,sess_4690,add_to_cart,2026-04-01 13:07:34.228610
9216,1129.0,567,sess_1274,view,2025-11-22 11:15:45.228610
9217,581.0,724,sess_3147,add_to_cart,2025-11-30 15:46:47.228610
9218,1133.0,205,sess_4640,view,2025-06-15 09:17:27.228610
9219,411.0,775,sess_2583,purchase,2026-04-06 04:09:55.228610
9220,1024.0,822,sess_196,add_to_cart,2025-07-01 04:03:13.228610
9221,951.0,888,sess_4568,purchase,2025-09-17 01:32:42.228610
9222,599.0,392,sess_4565,view,2026-06-06 18:19:33.228610
9223,318.0,744,sess_1514,add_to_cart,2025-10-10 16:28:56.228610
9224,464.0,986,sess_2547,purchase,2026-01-10 08:18:18.228610
9225,1154.0,1198,sess_584,add_to_cart,2026-01-25 19:44:18.228610
9226,582.0,426,sess_653,view,2026-02-12 19:44:58.228610
165,967.0,488,sess_4365,add_to_cart,2026-04-29 15:06:37.228610
9228,97.0,206,sess_2735,purchase,invalid_timestamp
9229,112.0,981,sess_3835,view,2025-07-03 05:03:15.228610
9230,102.0,64,sess_3393,view,2025-09-21 11:53:03.228610
9231,837.0,877,sess_3673,view,2026-05-23 07:18:18.228610
9232,297.0,834,sess_1747,add_to_cart,2026-02-08 16:34:09.228610
9233,,295,sess_4409,add_to_cart,2026-05-30 09:04:26.228610
9234,204.0,312,sess_2571,add_to_cart,2025-12-13 03:52:44.228610
9235,892.0,636,sess_2213,view,invalid_timestamp
9236,1011.0,837,sess_2299,add_to_cart,2026-04-23 05:41:04.228610
9237,96.0,45,,add_to_cart,2025-12-20 00:49:00.228610
9238,734.0,932,sess_2232,purchase,2025-08-29 06:57:45.228610
9239,1037.0,43,sess_78,view,2026-02-26 22:53:06.228610
9240,836.0,904,sess_2173,add_to_cart,2025-08-24 12:16:36.228610
189,814.0,309,sess_1468,add_to_cart,2025-11-02 03:55:32.228610
9242,,1139,sess_3571,view,2026-01-14 14:16:06.228610
9243,646.0,1019,sess_4462,add_to_cart,2025-06-17 11:19:52.228610
9244,622.0,513,sess_870,add_to_cart,2025-10-07 13:28:30.228610
9245,,307,sess_3728,purchase,2025-08-05 23:35:48.228610
9246,439.0,895,sess_3652,add_to_cart,2025-10-30 05:04:02.228610
9247,735.0,719,sess_676,purchase,2025-12-25 17:40:12.228610
9248,987.0,984,sess_2994,purchase,2025-10-14 21:00:20.228610
9249,685.0,1092,sess_798,view,invalid_timestamp
9250,363.0,339,sess_3592,add_to_cart,2025-07-22 18:55:48.228610
9251,591.0,431,sess_939,add_to_cart,2025-12-27 08:35:51.228610
9252,,599,sess_2341,purchase,2025-08-11 18:04:37.228610
9253,1046.0,1109,sess_2155,purchase,2025-10-24 10:00:41.228610
9254,620.0,1097,sess_4261,view,2025-09-15 17:25:30.228610
9255,106.0,335,sess_1557,purchase,2026-03-23 16:57:15.228610
9256,73.0,36,sess_3853,view,invalid_timestamp
9257,1100.0,1019,sess_3412,purchase,2025-10-10 21:03:57.228610
9258,768.0,904,sess_3028,add_to_cart,2025-10-12 03:57:13.228610
9259,262.0,172,sess_2087,view,2025-12-01 11:45:13.228610
9260,148.0,512,sess_652,view,2026-02-21 20:54:59.228610
9261,928.0,352,sess_2806,purchase,invalid_timestamp
9262,1020.0,665,,add_to_cart,2025-09-20 10:25:44.228610
9263,236.0,1086,sess_656,view,2025-10-19 11:37:00.228610
152,471.0,936,sess_278,purchase,2025-09-25 00:37:04.228610
9265,798.0,266,sess_2726,purchase,2025-09-13 10:27:45.228610
30,781.0,139,sess_3838,add_to_cart,2025-12-26 05:33:09.228610
9267,294.0,418,,add_to_cart,2026-01-09 13:39:49.228610
9268,56.0,1035,sess_143,view,invalid_timestamp
9269,641.0,703,sess_4041,add_to_cart,2026-04-14 23:37:07.228610
9270,147.0,82,sess_940,purchase,2025-06-27 07:21:44.228610
9271,493.0,805,sess_4516,view,2025-12-11 18:24:10.228610
9272,251.0,598,,add_to_cart,2026-01-23 15:39:03.228610
9273,174.0,605,sess_2407,view,2025-10-27 13:25:55.228610
9274,39.0,893,sess_75,view,2026-03-26 18:27:48.228610
9275,712.0,184,sess_550,purchase,2025-10-19 18:02:49.228610
9276,724.0,1146,sess_4227,view,2026-01-20 23:20:20.228610
9277,320.0,199,,add_to_cart,2025-06-14 05:50:14.228610
9278,97.0,1151,sess_3088,view,2026-06-09 20:01:06.228610
9279,129.0,858,sess_812,view,2026-05-27 22:34:36.228610
9280,333.0,50,sess_1055,add_to_cart,2026-03-04 10:35:14.228610
109,851.0,556,sess_2426,view,2025-08-30 03:05:16.228610
12,288.0,328,sess_2364,purchase,2025-07-30 00:34:13.228610
9283,480.0,19,sess_2654,view,2025-07-15 10:12:55.228610
9284,790.0,1152,sess_1682,add_to_cart,2025-12-06 00:55:43.228610
9285,452.0,367,sess_3661,view,2025-07-05 00:15:04.228610
9286,348.0,622,sess_3016,purchase,2026-06-09 19:13:17.228610
9287,709.0,500,sess_1040,view,2025-10-09 07:28:10.228610
9288,157.0,1010,sess_862,purchase,2026-03-17 06:36:09.228610
9289,1131.0,24,sess_1579,view,2025-09-07 23:43:28.228610
9290,1147.0,576,sess_3225,add_to_cart,2025-06-18 13:10:45.228610
9291,302.0,898,sess_2303,purchase,2025-12-14 09:52:36.228610
9292,815.0,134,sess_64,add_to_cart,2025-07-18 13:02:17.228610
9293,641.0,166,sess_4656,view,2025-11-05 04:36:17.228610
9294,617.0,842,sess_267,purchase,2025-12-14 20:03:06.228610
9295,138.0,300,sess_3521,purchase,2026-04-25 12:33:30.228610
9296,910.0,142,,purchase,2025-07-03 00:36:36.228610
9297,608.0,1093,sess_2431,purchase,2025-12-22 13:33:29.228610
9298,164.0,1176,sess_1310,purchase,2025-06-26 23:59:53.228610
9299,105.0,645,sess_2553,purchase,2025-07-30 23:41:15.228610
9300,627.0,417,sess_3874,view,2026-04-08 16:07:51.228610
9301,339.0,1035,sess_4117,add_to_cart,2025-07-25 18:21:08.228610
9302,1194.0,303,sess_4201,purchase,2026-03-01 16:20:23.228610
9303,454.0,1008,sess_2566,add_to_cart,invalid_timestamp
9304,983.0,1069,sess_305,purchase,2026-02-20 06:46:03.228610
9305,17.0,904,sess_1638,purchase,2026-04-14 15:07:03.228610
9306,488.0,1125,sess_725,view,2026-02-28 13:06:45.228610
9307,735.0,144,sess_3432,view,2025-09-22 23:16:46.228610
9308,610.0,4,sess_2956,add_to_cart,invalid_timestamp
9309,953.0,1025,sess_4090,add_to_cart,2026-02-18 04:47:30.228610
9310,6.0,790,sess_32,purchase,2026-06-06 18:27:58.228610
9311,398.0,153,sess_820,view,2026-02-08 04:56:26.228610
9312,939.0,546,sess_4236,add_to_cart,2026-02-17 21:14:17.228610
9313,978.0,90,sess_2734,purchase,2025-12-22 18:25:56.228610
9314,1034.0,301,sess_702,view,2025-09-19 04:09:21.228610
9315,851.0,694,sess_4017,purchase,2025-09-29 16:25:50.228610
9316,945.0,1180,sess_4077,view,2025-11-20 12:42:44.228610
9317,1036.0,693,sess_3084,purchase,2025-11-14 20:58:22.228610
9318,421.0,534,sess_3946,view,2025-08-28 07:29:11.228610
9319,779.0,385,sess_4336,purchase,2025-06-29 11:19:10.228610
9320,359.0,315,sess_2741,purchase,invalid_timestamp
9321,,1194,sess_3232,purchase,2025-07-22 09:57:30.228610
9322,1096.0,769,sess_1108,add_to_cart,2025-10-15 12:09:09.228610
9323,1085.0,230,sess_1395,purchase,2026-06-02 12:42:21.228610
9324,667.0,584,sess_2671,add_to_cart,2025-07-10 17:23:50.228610
9325,789.0,768,sess_1004,add_to_cart,2025-12-04 04:02:42.228610
9326,415.0,493,sess_3168,add_to_cart,2026-03-23 12:43:56.228610
9327,845.0,623,sess_1701,view,2026-05-06 09:37:58.228610
9328,1193.0,637,sess_1502,add_to_cart,2025-10-06 16:57:58.228610
9329,830.0,490,sess_3318,view,2025-10-13 19:48:49.228610
9330,1083.0,357,,view,2026-02-17 13:12:41.228610
9331,244.0,219,sess_2296,purchase,2025-12-27 19:52:52.228610
9332,1134.0,274,sess_3041,view,2026-01-26 00:49:09.228610
9333,972.0,699,sess_1680,purchase,2026-06-11 22:03:15.228610
9334,385.0,895,sess_4248,add_to_cart,2025-12-22 13:38:56.228610
9335,767.0,542,sess_2983,purchase,2025-12-29 06:24:06.228610
9336,1019.0,870,sess_2851,view,2026-05-27 05:39:28.228610
9337,127.0,301,sess_4987,view,2025-07-29 07:23:45.228610
9338,715.0,223,sess_3390,add_to_cart,2026-01-12 12:29:55.228610
9339,121.0,527,sess_808,purchase,2025-06-18 14:37:40.228610
9340,871.0,349,sess_2677,view,2026-03-22 02:24:35.228610
9341,526.0,285,sess_3506,purchase,2026-06-07 05:14:05.228610
9342,180.0,387,sess_1734,view,2025-09-17 12:38:59.228610
9343,814.0,185,sess_1843,view,2026-03-17 02:29:58.228610
9344,483.0,274,sess_2370,purchase,2026-05-02 12:03:32.228610
9345,797.0,1007,,add_to_cart,2025-08-28 13:15:46.228610
9346,372.0,298,sess_1687,add_to_cart,invalid_timestamp
9347,846.0,1192,sess_76,add_to_cart,2025-08-04 08:50:57.228610
9348,942.0,120,sess_4040,view,2026-02-01 07:25:53.228610
9349,97.0,511,,add_to_cart,2026-02-02 09:31:58.228610
9350,966.0,939,sess_3883,add_to_cart,2025-09-23 17:48:19.228610
9351,170.0,790,sess_2531,purchase,2025-09-08 00:04:29.228610
9352,523.0,675,sess_4780,view,2026-01-28 01:23:24.228610
9353,328.0,174,sess_1152,view,2025-10-01 19:55:53.228610
9354,934.0,1079,sess_2259,add_to_cart,2026-01-18 13:54:48.228610
9355,,88,sess_4214,view,2025-12-05 07:34:50.228610
9356,393.0,1070,sess_4181,purchase,2026-01-10 14:38:57.228610
9357,289.0,279,sess_260,view,2025-10-09 21:58:10.228610
9358,827.0,605,sess_983,purchase,2026-03-03 07:23:23.228610
9359,107.0,371,sess_4879,add_to_cart,2026-02-11 10:36:08.228610
9360,629.0,1173,sess_803,add_to_cart,2025-06-24 01:12:03.228610
9361,441.0,716,sess_2612,purchase,2025-06-19 18:06:55.228610
9362,173.0,277,sess_2735,view,2025-08-09 13:42:24.228610
9363,946.0,238,,view,2025-10-07 03:41:58.228610
9364,926.0,487,sess_3344,add_to_cart,2026-04-18 01:16:08.228610
9365,594.0,777,sess_734,add_to_cart,2026-03-13 04:30:26.228610
9366,349.0,351,sess_3260,purchase,2025-08-07 01:43:45.228610
9367,1065.0,1150,sess_4389,purchase,2025-10-25 05:33:06.228610
9368,575.0,256,sess_4442,purchase,2026-02-02 20:36:47.228610
9369,,638,sess_781,view,2026-06-06 22:17:25.228610
9370,884.0,314,sess_3676,add_to_cart,2025-07-28 15:49:36.228610
9371,243.0,995,sess_2295,view,2026-05-14 17:42:31.228610
9372,1132.0,685,sess_26,view,2025-07-17 15:33:16.228610
9373,209.0,621,sess_2907,view,2025-09-25 11:48:40.228610
9374,1090.0,814,sess_4840,purchase,2025-12-18 16:53:12.228610
9375,,265,sess_4495,add_to_cart,invalid_timestamp
3,57.0,401,sess_4600,add_to_cart,2025-09-30 12:29:13.228610
9377,454.0,408,sess_4126,view,2025-08-27 17:53:13.228610
9378,94.0,633,sess_3017,add_to_cart,invalid_timestamp
9379,646.0,689,sess_2322,view,2025-07-01 09:02:51.228610
9380,762.0,658,sess_61,purchase,2025-11-04 07:58:34.228610
9381,397.0,43,sess_905,view,2025-09-02 04:49:48.228610
9382,434.0,406,sess_421,add_to_cart,invalid_timestamp
9383,969.0,789,,add_to_cart,2026-05-10 20:15:59.228610
9384,384.0,55,sess_1894,view,2026-05-11 09:43:00.228610
9385,545.0,1152,sess_556,add_to_cart,2025-12-22 05:13:54.228610
9386,404.0,1173,sess_1685,purchase,2025-06-18 21:49:07.228610
9387,180.0,569,sess_1531,add_to_cart,2025-12-28 03:47:57.228610
9388,54.0,907,sess_2308,purchase,2025-08-05 19:38:13.228610
9389,216.0,919,sess_3169,purchase,2026-01-10 10:13:50.228610
9390,9.0,1074,sess_4527,view,2025-09-16 14:35:12.228610
9391,1064.0,110,sess_2466,purchase,2025-08-12 03:40:51.228610
9392,111.0,996,sess_1613,view,2025-10-23 23:03:01.228610
9393,1023.0,1036,sess_728,purchase,2025-07-19 17:53:07.228610
9394,45.0,1022,,purchase,2026-05-23 21:12:04.228610
9395,1198.0,411,sess_4206,add_to_cart,2025-10-19 06:45:00.228610
9396,538.0,1129,sess_4538,add_to_cart,invalid_timestamp
9397,,1177,sess_123,view,2025-06-27 18:23:29.228610
9398,240.0,1152,sess_4416,add_to_cart,2026-05-26 14:14:15.228610
9399,154.0,127,sess_3452,add_to_cart,2025-11-07 04:45:38.228610
9400,1081.0,957,sess_755,view,2025-08-02 14:39:40.228610
9401,836.0,628,sess_308,purchase,2025-12-13 04:01:11.228610
9402,265.0,1100,sess_4814,view,2026-02-19 22:28:28.228610
9403,1012.0,875,sess_290,purchase,2026-03-31 09:27:50.228610
9404,536.0,334,sess_3546,add_to_cart,2026-05-28 14:14:53.228610
9405,674.0,945,sess_980,view,2025-10-14 04:24:40.228610
9406,1120.0,973,sess_2179,view,2025-09-06 03:27:03.228610
9407,303.0,875,sess_1891,purchase,2025-10-06 20:20:45.228610
9408,1148.0,423,sess_1487,view,2026-01-26 06:25:39.228610
9409,1099.0,968,sess_442,add_to_cart,2026-01-21 17:45:09.228610
9410,676.0,345,sess_4715,view,2026-05-18 17:42:07.228610
9411,541.0,552,sess_1500,add_to_cart,2026-03-21 10:54:46.228610
9412,935.0,173,sess_2629,view,2026-05-11 10:57:57.228610
9413,939.0,807,sess_3024,add_to_cart,2025-07-17 12:43:10.228610
9414,290.0,955,sess_2466,purchase,2026-01-13 06:22:15.228610
9415,15.0,255,sess_1590,view,2025-09-14 04:28:34.228610
9416,959.0,525,sess_1372,add_to_cart,2025-09-05 02:26:06.228610
9417,108.0,288,sess_1515,view,2026-01-27 07:46:59.228610
9418,675.0,757,sess_1439,purchase,2026-02-28 14:13:17.228610
9419,138.0,21,sess_4698,view,2025-08-21 14:35:03.228610
9420,155.0,4,sess_1956,view,2026-05-18 01:49:12.228610
9421,809.0,771,sess_173,view,2025-12-22 03:08:32.228610
9422,1145.0,981,sess_1844,purchase,2026-04-13 12:30:59.228610
9423,,914,sess_4907,purchase,2026-03-15 08:16:56.228610
9424,514.0,424,sess_50,view,2026-05-14 04:09:13.228610
9425,272.0,671,sess_2345,view,2025-12-09 21:20:14.228610
126,323.0,228,sess_841,purchase,2026-02-26 18:37:37.228610
9427,363.0,1175,sess_4185,purchase,2026-02-16 06:19:41.228610
9428,800.0,81,sess_625,purchase,2025-11-27 19:07:10.228610
9429,91.0,16,sess_4710,add_to_cart,2025-11-09 14:08:54.228610
9430,546.0,955,sess_3041,purchase,2025-11-26 15:22:50.228610
9431,,265,sess_380,view,2025-06-23 10:34:44.228610
9432,900.0,698,sess_4938,add_to_cart,2026-01-17 07:20:34.228610
9433,,588,sess_493,purchase,2026-01-13 23:30:19.228610
9434,320.0,312,sess_3530,add_to_cart,2025-10-18 01:17:57.228610
9435,,1175,,view,2025-09-11 23:47:40.228610
9436,1004.0,740,sess_4913,add_to_cart,2025-09-04 14:29:27.228610
9437,280.0,654,sess_276,view,2025-11-12 17:38:50.228610
9438,250.0,551,sess_4627,view,2026-03-17 07:58:05.228610
9439,838.0,49,sess_4297,add_to_cart,2025-08-11 16:25:14.228610
9440,1125.0,535,,add_to_cart,invalid_timestamp
9441,458.0,512,sess_1096,view,2026-04-18 08:00:24.228610
9442,1018.0,281,sess_3081,view,2026-05-18 03:08:06.228610
9443,301.0,269,sess_4998,purchase,2026-03-19 19:46:35.228610
9444,222.0,682,sess_498,view,2025-08-12 15:59:49.228610
9445,,368,sess_2653,add_to_cart,2026-03-24 05:28:27.228610
9446,,1161,sess_3878,view,2025-10-22 21:44:23.228610
9447,285.0,886,sess_1619,view,2025-09-14 02:24:31.228610
9448,672.0,980,,view,2026-04-22 03:37:50.228610
9449,516.0,1055,sess_490,purchase,2025-10-08 02:02:58.228610
9450,395.0,608,sess_3677,add_to_cart,2026-02-13 16:57:49.228610
9451,440.0,269,sess_1375,purchase,2025-11-04 13:38:10.228610
9452,149.0,53,sess_3748,purchase,2025-11-17 17:49:59.228610
9453,304.0,747,,add_to_cart,2026-01-20 17:22:50.228610
9454,857.0,261,sess_425,view,2026-03-11 01:32:34.228610
9455,963.0,584,sess_4577,add_to_cart,2025-12-16 09:36:09.228610
9456,549.0,493,sess_604,view,2026-03-21 01:18:05.228610
9457,180.0,919,sess_338,view,2026-01-26 19:13:42.228610
9458,1040.0,453,sess_2994,add_to_cart,2026-01-24 04:51:15.228610
9459,518.0,1126,sess_1716,add_to_cart,2026-06-01 00:54:28.228610
9460,217.0,1143,sess_192,purchase,2026-05-14 14:55:01.228610
9461,,265,sess_2436,add_to_cart,2025-06-14 13:31:12.228610
9462,1081.0,464,sess_109,purchase,2026-03-07 02:14:30.228610
9463,1.0,1124,sess_4863,purchase,2025-11-09 18:38:54.228610
9464,335.0,850,sess_697,add_to_cart,2026-05-22 03:46:39.228610
9465,137.0,52,sess_1331,view,2025-11-20 06:01:56.228610
9466,273.0,874,sess_2100,purchase,2025-10-22 21:05:38.228610
9467,422.0,869,,purchase,2025-12-06 06:57:46.228610
9468,524.0,51,sess_1092,add_to_cart,2026-03-31 12:10:52.228610
9469,777.0,591,sess_4430,add_to_cart,2026-03-04 09:43:27.228610
9470,1134.0,359,sess_2849,purchase,invalid_timestamp
9471,349.0,763,sess_77,purchase,2025-10-28 01:29:50.228610
9472,228.0,205,sess_2201,view,invalid_timestamp
9473,654.0,139,sess_480,purchase,2025-06-18 13:48:31.228610
9474,934.0,550,sess_4387,add_to_cart,2025-12-26 10:20:11.228610
9475,1092.0,955,sess_4485,view,2026-04-19 16:48:05.228610
9476,494.0,608,,purchase,2025-10-30 08:15:54.228610
9477,682.0,1184,sess_2853,purchase,2026-03-11 10:01:41.228610
9478,296.0,129,sess_3041,add_to_cart,2025-07-13 19:27:13.228610
9479,1149.0,332,sess_1560,purchase,2026-04-11 22:18:35.228610
9480,917.0,270,sess_1879,add_to_cart,2026-01-25 02:36:36.228610
9481,971.0,15,,view,2025-12-14 22:59:26.228610
9482,1059.0,1081,sess_3584,purchase,2025-08-18 00:35:04.228610
9483,129.0,336,sess_3051,view,2025-12-12 08:10:06.228610
195,1074.0,602,sess_327,view,2025-11-08 18:20:37.228610
9485,797.0,200,sess_135,add_to_cart,2026-04-25 16:47:39.228610
9486,886.0,35,sess_4652,purchase,2026-02-06 21:23:20.228610
45,639.0,875,sess_1738,add_to_cart,2026-01-09 05:58:40.228610
9488,515.0,987,sess_3275,purchase,2025-07-02 19:59:01.228610
9489,1006.0,175,sess_4806,view,2025-07-07 09:06:19.228610
9490,1176.0,1114,sess_1697,add_to_cart,2025-08-15 15:15:25.228610
9491,1077.0,454,sess_444,view,2026-05-25 08:13:50.228610
9492,748.0,111,sess_2972,view,2026-03-21 13:29:53.228610
9493,701.0,614,,add_to_cart,2026-04-09 18:04:36.228610
9494,159.0,733,sess_1907,add_to_cart,2025-11-20 09:24:36.228610
9495,927.0,1059,sess_1487,add_to_cart,2025-08-19 14:32:32.228610
9496,608.0,1022,sess_765,purchase,2025-12-21 12:43:56.228610
9497,875.0,1155,sess_1206,view,invalid_timestamp
9498,714.0,670,,add_to_cart,2026-05-28 13:45:52.228610
9499,385.0,36,sess_2475,view,2026-04-05 00:00:21.228610
9500,1136.0,579,sess_3119,add_to_cart,2026-02-02 09:54:06.228610
9501,64.0,701,sess_369,purchase,2025-10-22 08:50:03.228610
9502,464.0,510,sess_348,purchase,2026-02-07 17:56:19.228610
9503,199.0,127,sess_1821,add_to_cart,2025-11-13 14:02:15.228610
9504,633.0,278,sess_2241,view,2025-12-25 14:47:22.228610
9505,352.0,107,sess_1935,purchase,2026-05-01 03:02:50.228610
9506,759.0,229,sess_1751,add_to_cart,2025-10-16 19:11:10.228610
9507,57.0,1051,sess_2128,add_to_cart,2025-12-23 14:30:04.228610
9508,222.0,379,sess_2466,purchase,2026-04-07 16:59:19.228610
9509,668.0,510,sess_449,view,2026-01-25 22:10:11.228610
9510,563.0,484,sess_4389,purchase,2025-10-19 05:06:31.228610
9511,357.0,483,sess_4298,view,2026-05-21 18:39:04.228610
9512,137.0,892,sess_4318,add_to_cart,2025-07-02 16:37:42.228610
9513,149.0,832,sess_2860,purchase,2026-02-27 16:59:21.228610
9514,640.0,429,sess_4377,add_to_cart,2026-01-15 03:12:54.228610
9515,805.0,106,sess_2369,purchase,invalid_timestamp
9516,524.0,121,sess_1896,add_to_cart,2026-04-17 21:17:03.228610
9517,524.0,322,sess_4672,view,2026-03-04 23:15:29.228610
9518,225.0,631,sess_4353,view,2025-07-30 05:09:35.228610
9519,693.0,400,sess_1343,purchase,2026-05-26 15:58:19.228610
9520,628.0,762,sess_1603,purchase,2026-01-26 02:45:14.228610
9521,842.0,749,sess_1274,purchase,invalid_timestamp
9522,977.0,1124,sess_2482,add_to_cart,2025-09-01 16:03:51.228610
9523,950.0,1142,sess_23,purchase,2025-12-31 20:27:52.228610
9524,410.0,216,sess_1748,purchase,2026-02-05 17:43:24.228610
9525,137.0,422,sess_834,purchase,2026-04-12 00:00:33.228610
134,320.0,348,sess_1336,add_to_cart,2025-09-22 20:19:25.228610
9527,261.0,1160,sess_3388,add_to_cart,2026-05-02 04:09:32.228610
9528,682.0,988,sess_1686,purchase,2025-09-23 01:40:43.228610
9529,988.0,154,sess_1350,purchase,2025-08-29 11:45:52.228610
9530,420.0,548,sess_2492,add_to_cart,2026-01-02 08:12:27.228610
9531,1200.0,688,sess_3173,purchase,2026-01-26 05:04:47.228610
9532,31.0,1038,sess_2621,add_to_cart,2025-09-02 14:20:00.228610
55,967.0,499,sess_656,view,2025-09-26 10:10:13.228610
9534,639.0,423,sess_1226,view,2025-06-20 01:09:51.228610
9535,668.0,196,sess_4208,view,2026-05-16 10:02:30.228610
9536,325.0,763,,purchase,2025-09-16 01:05:54.228610
9537,293.0,142,sess_23,purchase,2026-05-30 17:39:54.228610
9538,1138.0,24,sess_2499,purchase,2026-06-05 15:10:21.228610
9539,304.0,460,sess_4816,view,2026-01-23 08:12:09.228610
9540,964.0,97,sess_1544,purchase,2025-12-27 22:46:04.228610
9541,980.0,516,sess_4893,add_to_cart,2025-08-12 12:20:37.228610
9542,314.0,786,sess_1009,purchase,2025-09-30 06:57:01.228610
9543,898.0,535,sess_2610,view,2026-01-30 18:46:28.228610
9544,36.0,840,sess_4372,add_to_cart,2025-07-09 07:51:22.228610
9545,981.0,864,sess_1659,add_to_cart,2025-09-02 19:26:06.228610
9546,1054.0,318,sess_1717,view,2026-05-07 22:00:25.228610
9547,796.0,982,sess_4571,purchase,2026-02-26 08:25:56.228610
9548,435.0,1124,sess_4835,purchase,2026-02-24 11:41:44.228610
9549,1173.0,868,sess_2608,add_to_cart,2025-11-20 03:16:16.228610
9550,826.0,8,sess_3453,purchase,2026-03-15 08:09:59.228610
9551,1112.0,207,sess_3969,view,2026-05-02 10:15:18.228610
9552,100.0,263,sess_3657,purchase,2025-11-11 04:26:00.228610
9553,682.0,161,sess_2297,add_to_cart,2026-04-07 21:56:54.228610
9554,957.0,229,sess_4055,add_to_cart,2025-10-25 05:24:45.228610
9555,578.0,758,sess_4168,view,2025-07-30 14:40:18.228610
9556,886.0,460,sess_1515,view,2025-10-29 06:37:10.228610
9557,1098.0,274,sess_2136,add_to_cart,2025-12-30 01:19:51.228610
9558,231.0,1047,sess_3351,purchase,2025-12-19 23:32:19.228610
9559,1086.0,324,sess_2567,view,2026-05-28 10:05:41.228610
9560,673.0,131,sess_41,view,invalid_timestamp
9561,375.0,198,sess_1440,purchase,2026-02-24 12:17:40.228610
9562,,926,sess_2502,add_to_cart,2026-05-27 18:30:20.228610
9563,89.0,1061,,view,2026-05-11 21:37:11.228610
9564,902.0,355,sess_850,purchase,2025-09-05 08:46:46.228610
9565,528.0,93,sess_4764,view,2025-06-28 22:10:39.228610
9566,102.0,794,sess_540,purchase,2026-02-14 19:20:09.228610
9567,239.0,29,sess_381,view,2025-11-28 07:22:55.228610
9568,917.0,137,sess_673,view,invalid_timestamp
133,,284,sess_1172,view,2026-04-14 04:17:09.228610
66,1092.0,970,,view,2025-06-14 08:30:48.228610
9571,4.0,876,sess_3559,purchase,2026-05-02 19:14:48.228610
9572,1165.0,308,sess_2659,add_to_cart,2026-03-04 13:37:21.228610
9573,126.0,680,sess_1017,add_to_cart,2025-11-28 06:36:38.228610
9574,726.0,173,sess_2485,add_to_cart,2026-02-28 03:52:00.228610
9575,982.0,31,sess_986,purchase,2025-07-18 05:01:17.228610
9576,608.0,367,,purchase,2026-01-24 21:26:01.228610
9577,686.0,251,sess_4318,view,2025-10-31 11:24:36.228610
9578,459.0,711,sess_2161,add_to_cart,2025-09-12 06:41:57.228610
9579,195.0,423,sess_4831,view,2026-06-06 23:45:39.228610
9580,695.0,697,sess_3148,purchase,2026-06-09 11:24:37.228610
9581,553.0,343,sess_2023,purchase,2026-04-27 16:17:34.228610
59,1109.0,1106,sess_4293,purchase,2025-12-07 04:41:19.228610
9583,1162.0,248,sess_2387,purchase,2026-05-11 12:42:51.228610
9584,58.0,632,sess_4671,view,2026-01-17 19:55:15.228610
9585,1044.0,761,,purchase,2025-09-30 19:12:19.228610
9586,251.0,553,,view,2025-10-25 13:10:55.228610
9587,658.0,118,sess_1657,add_to_cart,2025-07-24 07:29:01.228610
9588,547.0,878,sess_942,add_to_cart,2026-03-10 20:35:16.228610
9589,396.0,1082,,purchase,2025-08-17 06:27:07.228610
9590,1115.0,708,,add_to_cart,2025-08-16 06:29:55.228610
9591,7.0,1178,sess_769,purchase,2025-10-28 21:05:56.228610
9592,995.0,323,sess_3978,add_to_cart,2025-09-27 17:07:50.228610
9593,409.0,998,sess_4854,view,2025-08-19 09:41:23.228610
9594,1040.0,354,sess_4248,add_to_cart,2025-11-19 22:54:22.228610
9595,46.0,105,sess_182,view,2026-02-11 02:49:13.228610
9596,529.0,1189,sess_2507,add_to_cart,2026-04-13 18:37:00.228610
9597,343.0,1092,sess_489,purchase,2026-04-29 03:01:46.228610
9598,1120.0,754,sess_2674,purchase,2025-08-12 07:26:39.228610
9599,675.0,1168,,view,2026-03-14 07:29:00.228610
9600,647.0,584,sess_3236,add_to_cart,invalid_timestamp
9601,907.0,985,sess_3868,view,2025-12-29 11:42:44.228610
9602,847.0,1184,sess_4175,add_to_cart,2026-05-11 06:07:08.228610
9603,177.0,1007,sess_2795,purchase,2026-03-27 06:34:18.228610
9604,13.0,972,sess_1638,view,2025-12-06 05:14:12.228610
9605,292.0,770,sess_3059,add_to_cart,2025-08-13 23:52:54.228610
9606,19.0,35,sess_2301,purchase,2026-05-29 16:18:17.228610
9607,949.0,556,sess_3137,purchase,2025-06-29 20:18:57.228610
9608,1184.0,36,sess_1314,add_to_cart,2025-07-04 13:19:41.228610
9609,292.0,94,sess_2687,add_to_cart,2026-01-17 09:22:01.228610
9610,648.0,542,sess_4756,view,2026-05-14 14:45:43.228610
9611,953.0,920,sess_3337,view,2025-06-11 20:50:07.228610
9612,293.0,521,sess_2472,purchase,2025-12-01 18:56:08.228610
9613,636.0,939,sess_1610,view,2025-10-05 15:29:57.228610
9614,,919,sess_3617,purchase,2026-01-14 19:59:01.228610
9615,75.0,643,sess_1223,purchase,2025-10-03 16:27:25.228610
9616,1100.0,465,sess_612,add_to_cart,2025-10-22 02:37:52.228610
9617,727.0,541,sess_1857,view,2025-09-10 10:14:23.228610
9618,791.0,282,sess_4352,view,2025-06-20 07:37:41.228610
9619,431.0,1092,sess_1996,purchase,2026-03-13 21:44:01.228610
9620,1124.0,894,sess_3730,add_to_cart,2025-11-12 05:14:34.228610
9621,310.0,784,sess_480,purchase,2026-01-05 23:39:57.228610
9622,,754,sess_3540,purchase,2025-11-09 02:20:51.228610
9623,997.0,450,sess_1382,add_to_cart,2026-01-14 02:36:22.228610
9624,1006.0,233,sess_3642,view,2026-03-04 12:22:10.228610
9625,914.0,187,sess_3490,purchase,2025-10-19 14:12:36.228610
9626,184.0,211,sess_2545,view,2025-08-04 11:24:53.228610
9627,1048.0,1066,sess_766,add_to_cart,2025-08-02 11:44:00.228610
9628,603.0,1089,sess_391,add_to_cart,2025-09-21 07:47:41.228610
9629,1090.0,1163,sess_3209,add_to_cart,2025-09-29 00:51:25.228610
9630,386.0,1071,sess_2898,purchase,2025-08-10 05:14:11.228610
9631,824.0,562,sess_1652,purchase,2025-09-20 01:46:18.228610
9632,70.0,1163,sess_509,add_to_cart,2025-07-28 01:46:26.228610
9633,726.0,1186,sess_1846,add_to_cart,2025-07-20 12:32:07.228610
9634,41.0,993,sess_884,add_to_cart,2026-05-17 12:28:09.228610
9635,38.0,763,sess_3000,view,invalid_timestamp
9636,,582,sess_3790,purchase,2026-03-21 19:14:11.228610
9637,232.0,13,sess_2389,view,2026-05-30 10:27:06.228610
9638,947.0,94,sess_2874,view,invalid_timestamp
9639,551.0,781,sess_3596,purchase,2026-06-08 15:42:30.228610
9640,1115.0,881,sess_1974,view,2025-09-24 18:02:38.228610
9641,,298,sess_1804,view,2026-03-16 12:17:35.228610
9642,881.0,990,sess_199,add_to_cart,2026-05-06 03:07:54.228610
9643,617.0,751,sess_3662,purchase,2026-04-03 03:46:18.228610
9644,436.0,337,sess_3092,add_to_cart,2026-03-13 04:11:10.228610
9645,622.0,526,sess_788,purchase,2025-10-28 19:23:02.228610
9646,804.0,555,sess_3787,add_to_cart,2025-08-27 07:34:21.228610
9647,65.0,698,sess_4500,view,2025-09-29 02:28:12.228610
9648,737.0,60,sess_3899,add_to_cart,2025-12-20 11:46:23.228610
9649,264.0,718,sess_751,add_to_cart,2026-04-05 13:28:59.228610
9650,873.0,1029,sess_4267,view,2025-09-16 00:00:32.228610
9651,438.0,1188,sess_1462,view,2026-03-22 19:26:36.228610
81,444.0,726,sess_1114,add_to_cart,2026-03-18 07:43:24.228610
9653,768.0,1150,sess_734,add_to_cart,2026-01-15 20:27:43.228610
9654,592.0,442,sess_4638,purchase,2025-12-21 18:19:33.228610
9655,734.0,1040,sess_1552,purchase,2026-05-20 15:45:24.228610
9656,273.0,567,sess_768,view,2026-01-10 21:59:22.228610
9657,855.0,586,sess_4049,add_to_cart,2026-02-26 19:58:26.228610
9658,712.0,1190,sess_332,view,2026-01-01 16:34:18.228610
9659,696.0,216,sess_4198,view,2026-01-01 00:48:54.228610
9660,878.0,448,sess_2740,add_to_cart,2026-02-08 08:46:38.228610
9661,685.0,959,sess_364,purchase,2025-09-08 13:25:25.228610
9662,887.0,873,sess_3804,purchase,2025-09-08 22:30:58.228610
9663,861.0,986,sess_252,add_to_cart,2025-12-15 07:36:30.228610
11,620.0,720,sess_2857,purchase,2025-12-31 22:28:03.228610
9665,239.0,780,sess_2221,add_to_cart,2026-01-14 12:00:20.228610
9666,917.0,1142,sess_4542,add_to_cart,2026-03-26 05:00:42.228610
9667,,402,sess_494,view,2025-11-09 07:02:46.228610
9668,1131.0,1195,sess_1924,view,2026-04-03 07:36:35.228610
9669,1029.0,1087,sess_33,view,invalid_timestamp
9670,179.0,336,sess_1019,purchase,2025-09-22 08:10:01.228610
9671,378.0,272,sess_4741,view,2026-03-05 18:31:32.228610
9672,264.0,520,sess_4352,view,2025-11-19 01:06:09.228610
9673,166.0,101,sess_3185,purchase,2025-12-21 13:27:35.228610
9674,,207,sess_2511,view,2025-08-31 14:03:20.228610
9675,796.0,403,sess_3038,view,2025-08-28 17:23:18.228610
9676,403.0,979,sess_3625,purchase,2025-12-14 03:07:21.228610
9677,1022.0,92,sess_1490,purchase,2025-10-11 13:39:39.228610
9678,395.0,1053,sess_3580,purchase,2026-01-12 15:02:03.228610
9679,158.0,326,sess_3324,purchase,2025-09-23 16:59:05.228610
9680,324.0,869,sess_3131,view,2025-06-23 23:59:28.228610
9681,1040.0,997,sess_3883,purchase,2026-01-07 15:08:30.228610
9682,612.0,6,sess_1699,purchase,2025-09-08 17:47:39.228610
9683,,1156,sess_3848,add_to_cart,2025-12-02 15:13:30.228610
9684,352.0,215,sess_2459,add_to_cart,2026-05-14 05:35:22.228610
9685,1104.0,609,sess_2316,purchase,2026-04-12 16:23:54.228610
9686,956.0,76,sess_4833,add_to_cart,2025-10-08 06:32:10.228610
9687,446.0,379,sess_3363,view,2025-07-09 22:05:16.228610
9688,25.0,5,sess_2128,add_to_cart,2025-10-01 03:15:33.228610
96,174.0,628,sess_3542,view,2025-11-05 17:40:26.228610
9690,788.0,514,sess_3642,add_to_cart,2026-01-03 20:59:00.228610
9691,449.0,373,sess_1964,view,2025-06-27 13:23:49.228610
9692,527.0,264,sess_1315,view,invalid_timestamp
9693,141.0,1012,sess_163,add_to_cart,2025-12-16 10:50:45.228610
9694,388.0,1121,sess_1584,purchase,2026-04-28 04:36:46.228610
9695,500.0,283,sess_3692,add_to_cart,2026-04-24 12:17:58.228610
47,702.0,126,sess_206,add_to_cart,2025-06-11 10:20:50.228610
9697,554.0,587,sess_631,add_to_cart,2025-12-21 22:21:11.228610
9698,,1119,sess_2364,view,2026-01-23 13:14:24.228610
9699,632.0,941,sess_2541,view,2026-05-24 10:20:37.228610
9700,371.0,648,sess_2553,view,2025-12-25 02:51:18.228610
9701,474.0,969,sess_4098,add_to_cart,2026-02-08 11:24:15.228610
9702,261.0,794,sess_3351,add_to_cart,2025-11-09 14:01:27.228610
9703,533.0,1051,sess_2527,purchase,2026-04-16 02:23:13.228610
9704,9.0,426,sess_301,add_to_cart,2026-02-12 06:43:10.228610
9705,900.0,864,sess_3594,view,2026-03-08 08:30:32.228610
9706,201.0,900,sess_4813,view,2025-11-01 23:12:10.228610
9707,679.0,371,sess_2986,add_to_cart,2026-05-07 05:46:23.228610
9708,963.0,977,,add_to_cart,2025-11-14 23:42:23.228610
9709,535.0,80,sess_3700,add_to_cart,invalid_timestamp
9710,326.0,749,sess_3932,view,2026-06-03 15:38:00.228610
9711,877.0,877,sess_4230,add_to_cart,2025-10-11 14:28:29.228610
9712,243.0,86,sess_56,add_to_cart,2025-11-15 13:01:50.228610
9713,552.0,425,sess_3812,view,2026-05-10 21:02:58.228610
9714,231.0,649,sess_3720,add_to_cart,2025-06-18 17:21:19.228610
9715,796.0,455,,add_to_cart,2025-07-05 23:10:03.228610
9716,807.0,1039,sess_657,purchase,2026-04-05 11:26:58.228610
9717,1003.0,36,sess_4033,view,2025-06-21 23:31:25.228610
9718,833.0,363,sess_4850,add_to_cart,2025-07-29 10:55:28.228610
9719,1175.0,1110,sess_16,view,2026-05-21 08:44:38.228610
9720,1107.0,18,sess_1242,view,2025-09-14 23:49:19.228610
9721,884.0,432,,purchase,2025-09-28 21:12:14.228610
9722,1103.0,353,,add_to_cart,2026-01-29 06:51:04.228610
9723,1126.0,244,sess_2684,view,2025-11-03 01:08:16.228610
9724,1114.0,517,sess_1562,add_to_cart,2025-09-17 06:20:02.228610
9725,1191.0,806,sess_1676,view,2025-07-16 21:10:05.228610
9726,384.0,883,sess_4216,view,2025-10-22 20:58:06.228610
9727,115.0,1103,sess_3404,add_to_cart,2025-10-09 10:57:23.228610
9728,906.0,301,sess_751,purchase,2025-07-01 05:09:33.228610
9729,149.0,63,sess_1980,view,2026-05-06 00:28:07.228610
173,129.0,627,sess_360,view,2025-08-26 13:35:36.228610
9731,947.0,607,sess_1595,purchase,2025-07-25 12:29:15.228610
9732,1028.0,623,sess_2198,purchase,2026-04-14 21:56:46.228610
9733,1049.0,488,sess_4869,add_to_cart,2025-12-11 19:12:14.228610
9734,319.0,1108,sess_76,add_to_cart,2025-07-09 13:54:34.228610
9735,186.0,664,sess_2859,view,2025-06-25 11:21:15.228610
9736,718.0,462,sess_544,view,2025-12-07 07:54:55.228610
9737,381.0,482,sess_4773,view,2025-11-06 01:57:42.228610
9738,729.0,752,sess_3012,view,2026-05-14 01:50:43.228610
9739,377.0,691,sess_339,add_to_cart,2025-07-21 09:03:14.228610
9740,610.0,745,sess_981,purchase,2025-12-11 20:01:24.228610
72,1160.0,521,sess_4084,purchase,invalid_timestamp
9742,362.0,203,sess_170,purchase,2026-05-10 21:09:40.228610
9743,707.0,875,sess_3998,add_to_cart,2025-07-20 22:22:39.228610
9744,170.0,1082,sess_204,add_to_cart,2025-11-30 11:43:36.228610
9745,50.0,1200,sess_1438,add_to_cart,2026-02-17 02:24:22.228610
9746,1150.0,252,sess_4268,add_to_cart,2025-09-30 11:48:16.228610
9747,873.0,938,sess_1255,purchase,2025-09-08 22:34:54.228610
9748,687.0,777,sess_2198,view,2026-01-11 05:22:50.228610
9749,,101,sess_2954,add_to_cart,2025-12-07 02:54:11.228610
9750,431.0,10,sess_1850,view,2026-03-01 20:33:22.228610
9751,46.0,978,sess_4373,view,2025-12-06 10:03:46.228610
9752,156.0,408,sess_1121,add_to_cart,2025-07-23 03:05:16.228610
9753,671.0,391,sess_3331,view,2025-07-13 13:03:08.228610
9754,,347,sess_2083,purchase,2026-01-07 15:45:45.228610
9755,472.0,1083,sess_1410,add_to_cart,2025-08-05 22:54:55.228610
9756,192.0,795,sess_2610,view,invalid_timestamp
9757,979.0,439,sess_4636,view,2026-05-09 02:38:36.228610
9758,781.0,71,sess_3411,purchase,2026-04-05 08:24:09.228610
9759,744.0,1061,,add_to_cart,2026-05-26 20:41:30.228610
9760,123.0,835,sess_4772,add_to_cart,2025-07-12 20:42:58.228610
9761,860.0,1171,sess_3337,add_to_cart,2026-03-15 22:25:38.228610
9762,270.0,268,sess_2814,view,2026-02-18 21:29:22.228610
9763,865.0,999,sess_3199,purchase,invalid_timestamp
9764,692.0,1020,,view,2026-02-12 08:46:44.228610
184,817.0,450,sess_644,add_to_cart,2025-08-19 12:08:06.228610
9766,1046.0,1191,sess_1217,add_to_cart,2025-09-05 02:36:15.228610
9767,16.0,710,sess_4787,add_to_cart,2025-12-31 02:59:29.228610
9768,1108.0,37,sess_855,view,invalid_timestamp
9769,96.0,301,sess_2165,add_to_cart,2025-08-17 02:48:06.228610
9770,521.0,362,sess_4586,purchase,2025-07-01 09:43:18.228610
9771,343.0,241,sess_3274,view,2026-01-19 22:05:50.228610
9772,1148.0,808,sess_1036,view,2025-07-05 06:16:27.228610
9773,161.0,364,sess_4641,view,2026-01-31 14:45:36.228610
9774,484.0,957,sess_1407,view,2025-08-27 07:14:09.228610
9775,206.0,1072,sess_1373,view,2026-01-03 10:12:32.228610
9776,426.0,942,sess_2674,purchase,2025-10-28 13:39:50.228610
9777,505.0,1023,sess_4035,purchase,2025-11-02 18:23:27.228610
193,992.0,776,sess_1642,view,2025-07-13 00:22:32.228610
9779,,625,sess_4188,purchase,2026-03-03 02:02:48.228610
9780,283.0,656,sess_709,purchase,2026-02-20 00:14:50.228610
9781,1002.0,218,sess_479,add_to_cart,2026-05-02 10:09:36.228610
9782,860.0,413,sess_1675,add_to_cart,2026-05-13 04:47:19.228610
9783,635.0,806,,add_to_cart,2025-10-02 18:49:16.228610
9784,725.0,93,sess_634,view,2025-09-20 20:36:02.228610
9785,1159.0,210,sess_2732,view,2025-08-07 04:28:22.228610
9786,903.0,896,sess_1959,add_to_cart,invalid_timestamp
9787,969.0,21,sess_1514,purchase,2025-07-20 13:10:27.228610
9788,1157.0,611,sess_2716,purchase,2026-03-20 04:28:22.228610
9789,279.0,618,sess_3776,purchase,2026-01-24 21:00:21.228610
9790,728.0,810,sess_1096,purchase,2025-09-10 20:04:22.228610
9791,534.0,30,sess_4047,view,2025-10-29 06:01:48.228610
120,1136.0,799,sess_991,view,2025-11-25 08:00:45.228610
9793,847.0,1056,sess_3653,view,2025-07-23 08:02:14.228610
9794,850.0,523,sess_890,purchase,2025-06-11 13:45:55.228610
9795,471.0,52,sess_1558,purchase,2026-06-06 19:12:54.228610
9796,555.0,236,sess_1173,purchase,2025-12-10 12:40:03.228610
9797,233.0,501,sess_1992,purchase,2026-02-27 08:02:05.228610
9798,228.0,657,sess_1817,add_to_cart,2025-08-25 01:07:25.228610
9799,26.0,1191,sess_4356,add_to_cart,2025-12-14 17:20:43.228610
9800,1180.0,1040,sess_2373,purchase,2026-01-01 07:24:24.228610
9801,1052.0,515,sess_4027,add_to_cart,2025-10-01 14:56:07.228610
9802,789.0,1140,sess_2827,view,2025-07-25 05:41:55.228610
9803,812.0,808,sess_2319,view,2026-04-16 15:47:20.228610
9804,,794,sess_2850,add_to_cart,2026-02-11 13:26:00.228610
9805,488.0,328,sess_859,add_to_cart,2025-07-29 11:12:04.228610
9806,1073.0,993,sess_173,view,2026-05-05 21:50:43.228610
9807,553.0,302,sess_2268,add_to_cart,2026-02-16 04:01:23.228610
9808,,1015,,add_to_cart,2025-10-09 19:08:16.228610
9809,672.0,255,sess_326,view,invalid_timestamp
9810,190.0,682,sess_906,view,2025-12-23 15:02:49.228610
9811,1105.0,361,sess_4603,add_to_cart,2026-02-23 15:40:32.228610
9812,227.0,899,sess_902,view,2026-04-17 19:43:50.228610
9813,1053.0,721,sess_133,add_to_cart,2026-03-14 05:31:30.228610
9814,684.0,224,sess_3228,view,2026-06-11 06:06:57.228610
9815,141.0,1044,,view,2026-04-05 14:04:36.228610
9816,93.0,757,sess_3864,view,2025-11-24 08:25:51.228610
9817,315.0,779,sess_801,add_to_cart,2025-11-16 14:51:55.228610
9818,1124.0,953,sess_2539,purchase,2025-06-24 06:59:47.228610
9819,1106.0,850,sess_4666,purchase,2025-12-30 04:45:18.228610
9820,1016.0,307,sess_4324,view,2025-09-22 08:15:28.228610
9821,1170.0,778,sess_1597,view,2026-05-17 06:41:10.228610
9822,993.0,572,sess_3791,purchase,invalid_timestamp
9823,1107.0,847,sess_4675,view,2025-12-27 00:08:33.228610
9824,550.0,1078,sess_1670,add_to_cart,2025-12-11 04:29:59.228610
9825,1155.0,900,sess_4448,add_to_cart,2026-01-25 04:17:11.228610
9826,363.0,1038,sess_1039,purchase,2025-09-27 04:53:04.228610
9827,702.0,431,sess_4947,add_to_cart,2025-07-05 04:01:22.228610
9828,671.0,420,sess_625,view,2026-03-14 05:53:28.228610
9829,375.0,1111,sess_630,add_to_cart,2025-09-09 05:06:43.228610
9830,752.0,503,sess_2729,view,2025-07-30 02:09:20.228610
9831,678.0,988,sess_2825,add_to_cart,2025-07-12 04:30:03.228610
9832,280.0,795,sess_1886,add_to_cart,2025-08-03 16:13:27.228610
9833,686.0,988,sess_4453,purchase,2025-08-07 00:46:09.228610
9834,800.0,102,sess_660,add_to_cart,2026-06-06 05:25:18.228610
9835,481.0,448,sess_3427,purchase,2026-06-06 19:12:31.228610
9836,751.0,616,sess_1298,add_to_cart,2026-02-09 06:57:46.228610
9837,653.0,955,sess_757,add_to_cart,2026-01-26 03:28:30.228610
9838,188.0,521,sess_1005,add_to_cart,invalid_timestamp
9839,237.0,1112,sess_144,add_to_cart,2026-01-04 20:56:11.228610
9840,102.0,88,sess_3730,purchase,2025-08-12 10:18:21.228610
9841,669.0,956,sess_932,purchase,2026-01-18 08:39:00.228610
9842,206.0,440,sess_4642,add_to_cart,2025-10-13 20:03:26.228610
9843,436.0,390,sess_905,add_to_cart,2026-01-13 17:04:51.228610
9844,701.0,943,sess_4558,purchase,2026-01-18 03:56:25.228610
9845,126.0,1010,sess_3847,add_to_cart,2025-10-15 08:55:46.228610
9846,1164.0,63,sess_3534,view,2026-05-07 09:07:55.228610
9847,441.0,1194,sess_1978,add_to_cart,2025-11-17 03:24:14.228610
9848,1023.0,222,sess_4124,view,2025-07-15 02:01:56.228610
9849,1159.0,707,sess_397,view,2026-04-15 13:16:13.228610
9850,474.0,979,sess_532,purchase,2025-08-12 20:08:39.228610
9851,610.0,744,sess_3313,view,2025-08-01 21:15:37.228610
9852,776.0,876,sess_3884,add_to_cart,2025-06-25 07:47:26.228610
9853,779.0,1147,sess_869,purchase,2025-12-31 23:33:10.228610
9854,945.0,115,sess_4075,add_to_cart,2025-11-16 00:52:40.228610
9855,915.0,804,sess_104,purchase,2025-09-01 13:47:31.228610
9856,1182.0,475,sess_2661,add_to_cart,2025-11-23 22:27:23.228610
9857,864.0,569,sess_535,add_to_cart,2025-11-22 19:30:02.228610
9858,601.0,360,sess_4324,add_to_cart,2026-03-29 11:15:34.228610
9859,994.0,908,sess_359,add_to_cart,2026-05-18 18:37:22.228610
9860,867.0,577,sess_3967,view,2025-07-17 08:21:56.228610
74,499.0,959,sess_3486,add_to_cart,2026-05-13 21:01:02.228610
9862,367.0,146,sess_3421,purchase,2025-08-21 11:50:37.228610
9863,670.0,443,sess_3625,purchase,2026-03-21 02:28:07.228610
9864,578.0,1088,sess_4583,view,2026-03-24 04:13:04.228610
9865,251.0,422,sess_3780,add_to_cart,2026-03-21 04:52:52.228610
9866,534.0,1154,sess_1417,purchase,2025-10-15 15:37:07.228610
9867,877.0,976,sess_3721,view,2025-11-23 22:33:41.228610
9868,361.0,119,sess_4271,view,2025-09-02 09:30:23.228610
9869,378.0,449,sess_166,add_to_cart,2025-10-31 05:56:22.228610
9870,818.0,1094,sess_358,add_to_cart,invalid_timestamp
9871,1063.0,876,sess_4364,view,2026-06-01 20:51:42.228610
9872,333.0,427,,view,2025-10-02 03:18:54.228610
9873,416.0,706,sess_386,view,2025-06-28 04:07:16.228610
9874,306.0,526,sess_218,purchase,2026-03-01 17:01:06.228610
9875,700.0,121,sess_3491,add_to_cart,2026-03-31 17:06:40.228610
9876,860.0,240,sess_1567,add_to_cart,invalid_timestamp
9877,281.0,1166,sess_3047,view,2025-12-11 23:54:31.228610
9878,619.0,583,sess_3699,view,2025-08-26 03:00:06.228610
9879,1040.0,973,sess_4093,purchase,2025-10-13 09:27:08.228610
9880,808.0,728,sess_1625,view,2025-11-20 22:31:06.228610
9881,920.0,915,sess_4867,purchase,2026-04-01 01:53:19.228610
9882,246.0,685,sess_3152,view,2025-10-13 21:37:40.228610
9883,1131.0,108,sess_3152,view,2025-11-26 18:16:46.228610
9884,1048.0,419,sess_4262,purchase,2025-06-12 11:52:07.228610
9885,891.0,496,sess_358,view,2026-03-06 00:37:56.228610
9886,694.0,134,sess_3879,purchase,2025-09-29 20:25:11.228610
9887,331.0,652,sess_350,add_to_cart,2025-06-30 10:56:22.228610
9888,364.0,1059,sess_1072,purchase,2026-05-11 22:20:50.228610
9889,526.0,1039,sess_962,view,2025-06-21 13:00:06.228610
9890,780.0,939,sess_902,view,2026-01-29 20:38:01.228610
9891,1021.0,538,sess_397,view,2026-05-01 09:41:28.228610
9892,216.0,326,sess_989,view,2025-06-17 15:27:05.228610
46,1160.0,129,sess_4807,purchase,2026-05-03 17:27:50.228610
9894,977.0,1017,sess_2686,view,2025-09-06 01:33:49.228610
9895,754.0,577,sess_537,view,2026-03-12 05:12:44.228610
9896,705.0,545,sess_4929,add_to_cart,2025-07-10 00:17:40.228610
9897,934.0,1199,sess_1267,purchase,2025-07-20 02:41:44.228610
9898,869.0,1191,sess_3425,add_to_cart,2025-09-04 18:22:47.228610
9899,1072.0,653,sess_3676,add_to_cart,2026-04-20 17:29:06.228610
9900,804.0,96,sess_76,add_to_cart,2026-02-03 08:47:26.228610
9901,1116.0,520,sess_114,view,2025-06-22 07:13:36.228610
9902,259.0,51,sess_1237,purchase,2025-07-05 01:40:00.228610
9903,442.0,883,sess_4159,add_to_cart,2025-11-07 06:18:43.228610
9904,1184.0,287,sess_4380,view,2025-08-05 01:51:27.228610
9905,754.0,464,sess_2761,purchase,invalid_timestamp
9906,703.0,1055,sess_484,add_to_cart,2026-01-23 20:31:45.228610
9907,267.0,932,sess_700,add_to_cart,2026-04-06 11:23:41.228610
9908,569.0,792,sess_1860,purchase,2026-03-16 20:04:18.228610
9909,258.0,427,sess_829,purchase,2025-07-25 19:17:00.228610
9910,483.0,198,sess_4543,view,2026-04-09 14:39:42.228610
9911,1023.0,229,sess_4956,view,2025-11-03 20:26:11.228610
9912,870.0,518,sess_3670,purchase,2026-05-05 18:04:13.228610
9913,385.0,180,sess_3239,view,2025-11-15 01:30:38.228610
9914,669.0,31,sess_1477,view,2025-06-12 08:20:17.228610
9915,828.0,906,sess_4582,add_to_cart,2025-07-22 11:11:48.228610
9916,905.0,473,sess_2940,view,2026-02-15 10:32:36.228610
9917,224.0,125,sess_1530,add_to_cart,2025-09-28 13:03:28.228610
9918,1188.0,317,sess_1324,purchase,2026-04-08 06:18:34.228610
9919,,839,sess_541,add_to_cart,invalid_timestamp
9920,901.0,819,sess_748,add_to_cart,2025-07-03 16:43:41.228610
9921,652.0,1015,sess_1201,view,2026-01-03 22:03:17.228610
9922,865.0,439,sess_4349,add_to_cart,2026-06-09 00:08:29.228610
9923,508.0,1014,,purchase,2026-02-21 09:03:09.228610
9924,112.0,1198,sess_3530,add_to_cart,2025-12-19 04:59:47.228610
9925,1173.0,508,,purchase,2025-10-12 22:10:16.228610
9926,997.0,208,sess_286,add_to_cart,2025-07-03 22:52:08.228610
9927,952.0,655,sess_937,add_to_cart,2026-03-27 19:13:14.228610
9928,448.0,1125,sess_4855,purchase,invalid_timestamp
9929,1110.0,760,sess_3095,view,2026-04-28 23:00:05.228610
9930,993.0,1177,sess_2895,view,invalid_timestamp
166,848.0,808,sess_1097,add_to_cart,2026-03-14 09:14:14.228610
9932,500.0,89,sess_800,add_to_cart,2026-02-03 04:42:09.228610
9933,850.0,803,sess_4111,purchase,2025-06-17 06:44:31.228610
9934,1172.0,876,sess_2975,add_to_cart,invalid_timestamp
9935,994.0,362,sess_3525,add_to_cart,2026-02-08 13:39:15.228610
9936,613.0,722,sess_2845,add_to_cart,2026-02-24 14:01:05.228610
9937,1120.0,1,sess_988,view,2026-05-03 17:51:58.228610
180,1080.0,797,sess_2399,add_to_cart,2025-09-14 19:23:48.228610
9939,,1173,sess_4853,purchase,invalid_timestamp
9940,718.0,1062,sess_4247,add_to_cart,2026-01-17 17:14:36.228610
9941,1106.0,472,sess_4914,view,2025-12-18 09:12:14.228610
9942,219.0,35,sess_595,view,2025-06-17 17:42:30.228610
9943,452.0,225,,view,2025-12-07 22:32:06.228610
9944,1132.0,349,sess_1617,purchase,2026-02-18 15:09:16.228610
9945,323.0,267,sess_3138,view,2026-04-14 00:01:33.228610
9946,1059.0,714,sess_716,purchase,2026-02-16 00:17:48.228610
9947,,45,sess_4391,view,2025-07-26 21:56:46.228610
9948,1034.0,943,sess_3959,add_to_cart,invalid_timestamp
9949,323.0,30,sess_4047,view,2025-09-26 18:46:26.228610
9950,93.0,296,sess_2315,view,2025-10-04 07:21:29.228610
9951,776.0,221,sess_4506,add_to_cart,2025-07-16 16:46:01.228610
9952,96.0,558,sess_2210,add_to_cart,2025-07-22 20:08:04.228610
9953,319.0,230,sess_935,add_to_cart,2025-11-05 21:31:42.228610
9954,192.0,598,sess_3975,purchase,2025-06-12 12:44:20.228610
9955,1198.0,514,sess_4864,add_to_cart,2026-02-11 21:21:58.228610
9956,1130.0,698,sess_4943,view,2026-02-17 16:07:52.228610
9957,141.0,973,sess_1486,view,2025-09-17 06:19:33.228610
9958,445.0,149,sess_2463,add_to_cart,2026-04-27 01:07:17.228610
9959,742.0,856,sess_2492,add_to_cart,2025-10-23 02:00:30.228610
9960,957.0,130,,view,2026-04-06 07:53:06.228610
9961,1160.0,294,sess_4181,purchase,2025-10-18 21:48:59.228610
9962,1159.0,1200,sess_1931,add_to_cart,2026-04-05 05:32:56.228610
9963,720.0,294,sess_2704,purchase,2025-08-17 03:11:02.228610
9964,,589,sess_2159,view,2026-05-14 10:53:21.228610
9965,61.0,350,sess_2103,add_to_cart,2025-07-17 05:19:02.228610
9966,1042.0,734,sess_773,add_to_cart,2026-04-28 19:48:51.228610
9967,957.0,891,sess_3727,purchase,2026-01-11 02:08:22.228610
9968,93.0,153,sess_1471,add_to_cart,2026-02-05 14:54:42.228610
9969,266.0,745,sess_543,view,2025-06-27 16:27:26.228610
9970,751.0,100,sess_3776,purchase,2026-01-08 05:09:09.228610
9971,1073.0,845,sess_661,add_to_cart,2026-06-06 03:39:26.228610
9972,84.0,1197,sess_1079,purchase,2025-07-27 14:14:35.228610
9973,1050.0,179,sess_1026,purchase,2025-12-13 22:22:54.228610
9974,326.0,428,sess_3337,purchase,2025-06-18 05:33:53.228610
9975,867.0,892,sess_2203,add_to_cart,2025-10-18 21:44:40.228610
9976,629.0,294,sess_2297,add_to_cart,2026-05-04 20:08:29.228610
9977,,249,sess_2221,add_to_cart,2026-03-27 06:24:39.228610
9978,243.0,610,sess_2912,purchase,invalid_timestamp
9979,,681,sess_3277,add_to_cart,2026-01-03 18:50:07.228610
9980,105.0,1042,sess_4068,add_to_cart,2025-09-26 11:57:03.228610
9981,985.0,359,sess_986,purchase,2026-01-16 00:32:56.228610
9982,,586,sess_487,purchase,invalid_timestamp
9983,279.0,837,sess_1719,purchase,2025-08-12 11:16:11.228610
9984,888.0,54,sess_2750,view,2025-06-24 13:03:58.228610
9985,172.0,444,sess_3466,add_to_cart,2025-10-15 00:01:12.228610
9986,380.0,286,sess_2263,view,2026-05-05 04:29:32.228610
9987,,472,sess_390,view,2026-01-10 19:46:01.228610
9988,258.0,269,sess_1688,add_to_cart,2025-09-22 02:42:02.228610
9989,,1039,sess_2199,purchase,2025-09-01 10:59:01.228610
9990,1093.0,879,sess_1201,purchase,2025-11-19 15:47:37.228610
9991,1002.0,582,sess_3109,view,2026-04-23 08:25:26.228610
9992,1186.0,1059,sess_382,add_to_cart,2026-02-04 19:22:43.228610
9993,232.0,49,,view,2026-03-06 01:34:19.228610
9994,1198.0,402,sess_2465,purchase,2026-03-09 23:26:58.228610
9995,867.0,635,sess_398,add_to_cart,2025-11-05 10:31:40.228610
9996,180.0,950,sess_1076,view,2025-07-15 00:17:45.228610
9997,1168.0,1041,,view,2025-12-17 18:06:49.228610
9998,,366,sess_766,add_to_cart,2025-10-01 03:45:44.228610
9999,109.0,975,sess_2093,view,2025-09-07 03:37:48.228610
10000,103.0,545,sess_4553,view,2025-12-02 10:06:24.228610
10001,540.0,117,sess_419,purchase,2026-05-29 12:11:23.228610
10002,,942,sess_4669,add_to_cart,2025-11-23 06:03:01.228610
10003,690.0,528,sess_3000,view,2025-06-14 10:44:24.228610
10004,627.0,590,sess_2307,add_to_cart,2026-05-15 23:35:37.228610
10005,404.0,948,sess_557,purchase,2026-01-22 23:46:48.228610
10006,323.0,1132,sess_3083,add_to_cart,2026-06-08 03:39:48.228610
10007,23.0,453,sess_2647,purchase,2026-04-11 16:45:41.228610
10008,1028.0,277,sess_2032,add_to_cart,2025-10-18 11:01:48.228610
10009,577.0,443,sess_4165,purchase,2026-02-15 15:16:51.228610
10010,1168.0,997,sess_4546,add_to_cart,2025-09-24 14:37:14.228610
10011,372.0,329,sess_1289,view,2025-12-13 21:51:38.228610
10012,732.0,551,,add_to_cart,2025-09-09 09:14:16.228610
10013,1156.0,21,sess_2420,add_to_cart,2025-08-14 21:06:40.228610
10014,178.0,1190,sess_68,add_to_cart,2026-03-04 07:54:50.228610
10015,131.0,201,sess_3847,add_to_cart,2026-01-01 05:40:38.228610
10016,487.0,736,sess_1528,add_to_cart,2026-04-19 10:33:35.228610
10017,962.0,345,sess_1328,view,2026-02-06 12:09:35.228610
10018,71.0,154,sess_4433,add_to_cart,2025-07-15 16:03:26.228610
10019,984.0,891,,purchase,2025-07-17 19:29:01.228610
10020,70.0,533,sess_3180,purchase,2025-08-25 11:57:08.228610
10021,830.0,1099,sess_3975,add_to_cart,2026-02-19 18:12:30.228610
10022,129.0,629,sess_4279,purchase,2025-09-26 07:01:31.228610
10023,104.0,774,sess_2414,purchase,2026-02-20 20:31:45.228610
10024,596.0,1194,sess_3687,view,2026-03-04 05:14:14.228610
10025,1012.0,1196,sess_1260,purchase,2025-12-08 21:51:28.228610
10026,256.0,794,sess_2986,view,2025-12-17 15:24:36.228610
10027,564.0,532,sess_2091,view,2026-05-20 01:48:28.228610
10028,118.0,925,sess_1185,view,2026-02-09 22:48:03.228610
10029,270.0,159,sess_169,view,2025-07-08 19:57:59.228610
10030,334.0,616,sess_3312,view,2026-03-06 04:47:04.228610
10031,630.0,267,sess_3759,add_to_cart,2026-04-12 16:16:08.228610
10032,1182.0,1086,sess_3929,view,2026-02-24 07:15:46.228610
10033,486.0,932,sess_4575,purchase,2026-04-29 02:22:45.228610
10034,481.0,1087,sess_3444,purchase,2026-04-06 06:59:27.228610
10035,301.0,1103,sess_4979,purchase,2025-07-23 10:51:17.228610
10036,1114.0,97,sess_2658,add_to_cart,2026-04-05 17:57:23.228610
10037,1158.0,794,sess_1090,add_to_cart,2026-02-27 16:06:54.228610
10038,714.0,1163,sess_2946,purchase,2025-10-04 19:30:09.228610
10039,81.0,735,sess_1755,add_to_cart,invalid_timestamp
189,968.0,788,sess_1042,view,invalid_timestamp
10041,42.0,626,sess_817,add_to_cart,2025-08-07 08:08:08.228610
10042,192.0,445,sess_3931,add_to_cart,2026-05-12 14:32:15.228610
10043,595.0,851,,view,2026-01-01 23:15:22.228610
10044,264.0,25,sess_2293,view,invalid_timestamp
10045,943.0,709,sess_4293,view,2026-02-25 20:39:47.228610
10046,148.0,4,sess_4063,add_to_cart,2025-08-30 07:16:30.228610
10047,16.0,966,,purchase,2026-02-23 06:55:28.228610
10048,588.0,1096,sess_861,view,2025-08-13 03:12:22.228610
10049,289.0,477,sess_2245,purchase,2026-02-01 03:59:46.228610
10050,742.0,208,sess_4563,add_to_cart,invalid_timestamp
10051,,957,sess_329,add_to_cart,2026-03-14 01:53:54.228610
10052,1102.0,622,sess_3260,purchase,2026-01-18 09:44:18.228610
10053,274.0,210,sess_1283,add_to_cart,2026-02-25 13:22:32.228610
10054,1170.0,141,sess_4605,purchase,2026-01-24 04:03:55.228610
10055,326.0,1113,sess_3109,purchase,2025-12-18 02:07:54.228610
10056,963.0,1091,sess_4083,add_to_cart,2026-04-03 01:49:23.228610
10057,1031.0,639,sess_2755,view,2025-10-29 11:29:18.228610
10058,368.0,606,sess_2026,view,2025-07-20 00:35:30.228610
10059,96.0,29,sess_3058,add_to_cart,2025-11-01 16:57:25.228610
10060,571.0,679,sess_4919,purchase,2025-08-08 10:39:34.228610
10061,108.0,323,sess_3316,view,2025-06-15 09:55:01.228610
10062,529.0,130,sess_2195,add_to_cart,2026-02-12 10:58:29.228610
10063,936.0,161,sess_4517,purchase,invalid_timestamp
10064,436.0,233,sess_4639,purchase,2026-02-12 23:45:28.228610
10065,964.0,864,sess_2820,add_to_cart,2025-07-15 06:13:12.228610
10066,31.0,636,sess_1002,add_to_cart,2025-09-03 21:33:33.228610
10067,527.0,148,sess_3959,view,2026-01-29 15:12:12.228610
10068,696.0,1189,sess_2204,view,2026-04-07 12:33:53.228610
10069,433.0,796,,purchase,2025-12-29 13:04:48.228610
10070,587.0,323,sess_3280,add_to_cart,2025-07-26 16:26:09.228610
10071,164.0,1168,sess_2030,add_to_cart,2026-04-27 23:14:42.228610
10072,648.0,862,sess_383,add_to_cart,2026-02-17 22:42:16.228610
10073,478.0,933,sess_4057,view,2025-09-04 23:03:29.228610
10074,,793,sess_2782,view,2025-06-17 13:21:09.228610
10075,535.0,998,sess_2205,purchase,2026-01-22 18:12:03.228610
10076,66.0,80,sess_650,purchase,2025-11-30 02:13:05.228610
10077,493.0,938,sess_495,add_to_cart,2026-02-20 18:57:15.228610
10078,1156.0,854,sess_4677,view,2026-05-07 13:42:58.228610
10079,63.0,1186,sess_2547,add_to_cart,2026-02-07 17:01:03.228610
10080,403.0,583,sess_393,view,2025-08-03 01:21:03.228610
10081,250.0,302,,add_to_cart,2026-01-28 05:16:02.228610
81,66.0,592,sess_1807,add_to_cart,2026-01-30 09:32:31.228610
10083,875.0,772,sess_4638,view,2025-07-19 16:41:42.228610
10084,897.0,840,sess_4517,add_to_cart,2026-01-30 09:43:08.228610
10085,1156.0,668,sess_153,view,2026-06-07 16:28:00.228610
10086,,219,sess_3896,add_to_cart,2025-12-22 09:26:19.228610
10087,966.0,954,sess_4,add_to_cart,2025-12-30 12:47:35.228610
10088,712.0,897,sess_4411,purchase,2025-08-17 18:53:46.228610
10089,678.0,1131,sess_3659,add_to_cart,2026-03-09 20:13:22.228610
10090,946.0,915,sess_1105,purchase,2025-10-22 02:30:11.228610
10091,518.0,854,sess_153,view,2025-11-16 12:36:24.228610
10092,984.0,959,sess_1507,purchase,2025-09-05 01:41:13.228610
10093,891.0,107,sess_4572,purchase,2026-05-26 11:48:33.228610
10094,558.0,784,sess_3109,purchase,2026-05-18 00:07:39.228610
10095,26.0,1110,sess_2420,view,2025-07-04 00:43:18.228610
10096,918.0,95,sess_1894,view,2026-04-23 23:28:39.228610
10097,395.0,811,sess_3550,purchase,2026-02-24 06:14:16.228610
10098,28.0,630,sess_145,purchase,2025-10-21 23:30:00.228610
10099,876.0,698,sess_54,view,2026-04-08 12:07:43.228610
10100,444.0,346,sess_1815,add_to_cart,2025-06-18 04:13:24.228610
10101,1148.0,477,sess_4180,purchase,2026-01-05 11:14:43.228610
10102,533.0,404,sess_1080,purchase,2026-03-01 08:40:48.228610
10103,773.0,893,sess_4192,purchase,2025-11-20 05:19:42.228610
10104,876.0,721,sess_4265,purchase,2025-08-14 16:23:33.228610
10105,125.0,978,sess_2329,view,2025-08-02 03:30:18.228610
10106,567.0,1083,sess_4349,add_to_cart,2025-10-13 07:46:22.228610
10107,795.0,1025,sess_912,view,2025-10-05 18:54:24.228610
10108,229.0,301,sess_399,view,2025-08-24 20:26:51.228610
10109,1076.0,185,sess_4894,view,2025-07-26 17:35:58.228610
10110,671.0,995,sess_4210,view,2026-05-19 11:03:54.228610
10111,1189.0,985,sess_4924,add_to_cart,2025-08-21 22:59:33.228610
10112,665.0,53,sess_329,purchase,2026-03-17 02:14:39.228610
10113,437.0,546,sess_2181,add_to_cart,2026-04-05 03:47:21.228610
10114,555.0,756,sess_4112,add_to_cart,2026-04-28 01:53:00.228610
10115,783.0,30,sess_1454,view,2026-01-15 04:57:41.228610
10116,863.0,963,sess_2221,purchase,2025-06-20 20:06:08.228610
10117,907.0,342,,purchase,2025-06-30 10:22:21.228610
10118,716.0,564,sess_2195,purchase,2025-10-09 01:05:20.228610
10119,262.0,1110,sess_2726,add_to_cart,2025-07-02 12:20:59.228610
10120,689.0,922,sess_2774,view,2026-03-31 19:00:18.228610
10121,66.0,103,sess_3537,purchase,2025-08-30 21:29:50.228610
10122,836.0,855,sess_1794,add_to_cart,2026-01-03 10:34:37.228610
10123,1116.0,505,sess_4382,view,2025-11-22 07:49:00.228610
10124,350.0,233,sess_3953,purchase,2025-08-03 23:21:51.228610
10125,438.0,666,sess_3581,add_to_cart,2026-05-26 09:26:02.228610
10126,,451,sess_2737,purchase,2026-01-05 11:02:02.228610
10127,,51,sess_4796,purchase,2025-10-19 21:22:31.228610
10128,709.0,782,sess_2106,purchase,2025-08-13 18:27:14.228610
10129,490.0,217,sess_824,view,invalid_timestamp
10130,1049.0,577,sess_1842,purchase,2026-04-04 08:39:14.228610
10131,215.0,969,sess_1734,add_to_cart,2025-12-06 17:28:55.228610
10132,758.0,704,sess_2655,purchase,2026-05-13 11:48:06.228610
10133,909.0,272,sess_4585,view,2025-08-26 02:50:41.228610
10134,253.0,253,sess_3872,purchase,2025-06-22 10:56:42.228610
10135,1184.0,1089,sess_1225,purchase,2026-04-12 11:56:55.228610
10136,525.0,8,sess_1276,view,2025-09-23 11:25:29.228610
10137,681.0,1149,sess_2381,add_to_cart,2026-04-05 08:17:34.228610
10138,1009.0,871,sess_750,purchase,2026-06-08 23:06:02.228610
10139,1030.0,1055,sess_909,add_to_cart,2025-08-29 15:33:47.228610
10140,445.0,502,sess_4660,view,2025-12-28 02:51:56.228610
10141,388.0,843,sess_2551,purchase,2025-09-13 12:25:07.228610
10142,1077.0,814,sess_2308,view,2025-07-24 06:37:44.228610
10143,750.0,227,sess_1946,purchase,2026-06-10 09:35:10.228610
10144,433.0,269,sess_1005,add_to_cart,2025-11-14 03:26:02.228610
10145,,336,sess_4819,purchase,2025-10-29 06:17:50.228610
10146,707.0,231,sess_1547,view,2025-08-01 09:49:36.228610
10147,419.0,1178,sess_2363,purchase,2025-11-13 09:05:57.228610
10148,422.0,182,sess_4483,add_to_cart,2025-09-08 23:07:34.228610
10149,647.0,33,sess_2948,purchase,2026-01-30 01:20:17.228610
10150,136.0,539,,view,2026-05-22 02:12:46.228610
10151,220.0,11,sess_4625,view,2025-08-13 11:02:26.228610
10152,567.0,973,sess_766,view,2026-01-28 19:36:36.228610
10153,1198.0,789,sess_4485,add_to_cart,2025-11-23 00:03:10.228610
10154,993.0,1012,sess_2137,purchase,2026-06-11 15:06:35.228610
22,457.0,969,sess_4477,add_to_cart,2025-12-22 05:54:45.228610
87,815.0,343,sess_4651,add_to_cart,2026-06-04 19:54:01.228610
10157,390.0,671,sess_2058,purchase,2026-04-03 12:17:59.228610
10158,567.0,1171,sess_4668,view,2025-10-29 18:32:56.228610
10159,435.0,1023,sess_3974,add_to_cart,2025-09-24 11:59:39.228610
10160,736.0,1094,sess_1843,purchase,2026-03-06 00:28:26.228610
10161,1145.0,281,sess_2051,purchase,2026-02-17 08:42:38.228610
10162,1003.0,667,sess_3535,purchase,2025-08-23 19:54:44.228610
10163,394.0,889,sess_3165,purchase,2026-01-16 04:15:14.228610
10164,167.0,47,sess_1644,view,2026-04-28 14:00:01.228610
10165,559.0,815,sess_3984,add_to_cart,2026-01-30 07:17:32.228610
10166,178.0,168,sess_3250,add_to_cart,2025-07-08 19:46:14.228610
10167,527.0,501,sess_390,view,2026-01-04 16:22:22.228610
10168,1103.0,265,sess_4619,view,2025-06-30 17:23:06.228610
10169,779.0,8,sess_2666,view,2025-12-18 22:48:46.228610
10170,1045.0,920,sess_2207,purchase,2026-03-07 14:31:48.228610
10171,99.0,414,sess_2315,purchase,2026-04-25 22:11:34.228610
10172,25.0,346,sess_1128,purchase,2026-02-09 17:05:03.228610
10173,106.0,752,sess_325,view,2025-09-25 08:14:32.228610
10174,969.0,643,sess_321,view,2026-01-22 14:39:07.228610
10175,322.0,316,sess_3026,purchase,2025-10-06 07:54:34.228610
10176,701.0,409,sess_4534,view,2026-03-31 22:12:35.228610
10177,1153.0,1136,sess_963,view,2025-06-27 21:22:30.228610
10178,628.0,285,sess_2632,purchase,2025-07-31 09:30:18.228610
10179,398.0,529,sess_372,purchase,2025-09-15 14:20:19.228610
10180,110.0,995,sess_4395,view,2025-07-26 17:25:38.228610
10181,849.0,662,sess_3690,add_to_cart,2026-04-07 06:30:05.228610
10182,583.0,1182,sess_1810,view,2025-07-07 12:00:19.228610
10183,479.0,986,sess_1328,purchase,2025-09-06 01:47:44.228610
10184,1022.0,1142,sess_3021,add_to_cart,2025-07-01 10:31:07.228610
10185,56.0,1099,sess_1597,view,2026-04-22 10:16:55.228610
10186,612.0,1059,sess_3483,purchase,2026-03-23 21:18:38.228610
10187,616.0,1048,sess_2563,add_to_cart,2025-12-27 09:53:47.228610
10188,,457,sess_4291,view,2025-11-06 01:43:53.228610
10189,465.0,559,sess_4899,purchase,2025-12-18 00:57:12.228610
10190,47.0,665,sess_2056,purchase,2025-06-28 02:10:59.228610
10191,24.0,558,sess_2237,add_to_cart,2025-08-16 06:22:04.228610
10192,901.0,696,sess_4408,view,2025-10-19 17:40:17.228610
10193,1129.0,293,sess_4131,purchase,2025-10-11 15:24:32.228610
10194,653.0,343,sess_4667,purchase,2025-08-16 05:22:31.228610
10195,691.0,365,sess_1764,view,2025-12-04 12:54:52.228610
10196,666.0,207,sess_1280,purchase,2026-06-10 19:19:26.228610
10197,965.0,412,sess_3202,add_to_cart,2025-10-12 06:12:24.228610
10198,1050.0,443,sess_1788,view,2025-08-15 10:56:34.228610
10199,129.0,538,sess_3274,view,2026-01-10 20:02:34.228610
10200,226.0,151,sess_336,add_to_cart,2025-07-29 18:02:13.228610
10201,332.0,726,sess_3406,view,2025-09-13 17:57:19.228610
182,771.0,270,sess_3962,view,2025-08-03 18:55:44.228610
10203,744.0,754,sess_650,purchase,2025-07-02 16:45:48.228610
10204,899.0,857,sess_672,purchase,2026-05-12 16:26:04.228610
10205,949.0,1126,sess_3993,add_to_cart,2026-03-21 03:07:44.228610
10206,1087.0,472,sess_2673,purchase,2025-06-15 15:34:55.228610
10207,686.0,1153,sess_22,add_to_cart,2026-03-27 21:19:52.228610
10208,265.0,361,sess_4531,add_to_cart,2025-06-20 23:08:30.228610
48,82.0,687,sess_1056,purchase,2025-09-28 10:59:39.228610
10210,423.0,717,sess_4706,purchase,2025-07-03 18:46:10.228610
10211,27.0,565,sess_1971,add_to_cart,2026-05-14 07:58:51.228610
10212,674.0,876,sess_2411,purchase,2026-04-11 08:22:49.228610
10213,1055.0,750,sess_4102,add_to_cart,2025-07-05 22:08:49.228610
10214,574.0,602,sess_1540,add_to_cart,2026-05-29 11:41:34.228610
10215,1018.0,571,sess_3807,add_to_cart,2026-01-12 21:47:07.228610
10216,593.0,170,sess_4726,purchase,2025-07-04 22:40:50.228610
10217,889.0,504,sess_2342,view,invalid_timestamp
10218,207.0,914,sess_2291,view,2026-02-15 17:24:34.228610
10219,1000.0,921,sess_1137,view,2025-09-21 12:05:37.228610
10220,179.0,504,sess_969,add_to_cart,2026-04-20 09:48:38.228610
10221,3.0,409,sess_2108,purchase,2025-06-24 17:43:58.228610
10222,533.0,321,sess_2481,purchase,2026-01-11 02:57:12.228610
10223,124.0,717,sess_2331,purchase,2025-08-02 00:05:09.228610
10224,140.0,184,sess_3943,view,2025-11-10 09:02:20.228610
10225,365.0,470,sess_4015,add_to_cart,invalid_timestamp
10226,68.0,685,sess_1352,add_to_cart,2025-07-08 03:01:02.228610
10227,895.0,788,sess_844,view,2025-09-01 13:12:31.228610
10228,630.0,457,sess_3457,add_to_cart,2025-12-08 00:53:51.228610
10229,701.0,1083,sess_2704,view,2025-12-07 23:35:02.228610
10230,148.0,1096,,view,2025-09-05 02:28:42.228610
10231,1176.0,856,sess_1457,add_to_cart,2025-06-19 00:15:27.228610
10232,338.0,982,sess_862,purchase,2025-08-03 23:49:36.228610
10233,221.0,829,sess_4474,add_to_cart,2026-05-15 15:28:32.228610
10234,378.0,785,sess_579,purchase,2025-12-10 22:24:45.228610
10235,290.0,451,sess_4484,purchase,2026-02-10 17:53:58.228610
10236,978.0,530,sess_670,purchase,2025-09-17 00:16:57.228610
10237,889.0,198,sess_3427,purchase,2025-07-30 06:50:53.228610
10238,,267,sess_3266,purchase,2025-07-04 03:21:19.228610
10239,820.0,236,sess_4066,purchase,2026-01-21 09:51:45.228610
10240,1135.0,1040,sess_765,add_to_cart,2025-06-28 08:30:27.228610
10241,887.0,1108,sess_1114,purchase,2026-05-18 20:37:26.228610
10242,1198.0,741,sess_2673,add_to_cart,2025-08-04 01:12:23.228610
10243,722.0,944,sess_4149,add_to_cart,2025-07-04 05:05:50.228610
10244,580.0,423,sess_2860,purchase,invalid_timestamp
10245,702.0,1155,sess_4987,purchase,2026-04-17 09:56:29.228610
10246,398.0,497,sess_4515,add_to_cart,2026-01-27 06:58:41.228610
10247,1011.0,744,sess_533,purchase,invalid_timestamp
10248,851.0,281,sess_2301,view,2025-06-14 10:24:47.228610
10249,1116.0,774,sess_4511,add_to_cart,2025-08-21 13:39:43.228610
10250,190.0,736,,add_to_cart,2025-08-14 06:11:28.228610
10251,996.0,594,sess_1849,add_to_cart,2025-09-08 05:17:48.228610
10252,57.0,1191,sess_1766,view,2025-10-09 21:26:33.228610
10253,1047.0,80,sess_4738,purchase,2025-09-20 13:56:37.228610
10254,536.0,1052,sess_3708,view,2025-06-19 20:22:34.228610
10255,881.0,975,sess_983,purchase,2025-11-08 05:59:17.228610
10256,925.0,495,sess_207,purchase,2025-11-22 09:37:45.228610
10257,1190.0,949,sess_1043,view,2026-01-23 06:53:42.228610
10258,560.0,840,sess_1271,purchase,2026-06-07 04:17:56.228610
10259,48.0,148,sess_3,purchase,2025-06-11 16:09:33.228610
10260,467.0,539,sess_2843,view,2026-05-12 20:04:01.228610
10261,874.0,1115,sess_639,view,2025-09-11 00:00:11.228610
10262,564.0,668,sess_862,view,2025-12-26 17:18:07.228610
10263,734.0,863,sess_2965,purchase,2025-08-03 12:00:58.228610
10264,1128.0,163,sess_1806,purchase,2026-05-18 11:03:39.228610
10265,1188.0,270,sess_1294,purchase,2026-03-03 22:15:12.228610
10266,148.0,355,sess_3256,purchase,2025-11-15 16:29:42.228610
10267,848.0,758,sess_1550,purchase,2026-02-05 08:43:03.228610
10268,957.0,1149,sess_1423,view,2025-06-14 06:31:05.228610
10269,99.0,1123,sess_4951,view,2026-01-31 07:43:07.228610
10270,891.0,42,sess_466,add_to_cart,2025-08-07 05:46:24.228610
10271,50.0,877,sess_3251,purchase,2026-05-07 22:00:20.228610
10272,447.0,951,sess_1236,purchase,2025-10-22 20:01:13.228610
10273,,189,sess_2706,view,2025-07-07 17:59:50.228610
10274,778.0,1174,sess_3440,add_to_cart,2025-09-02 16:41:06.228610
10275,160.0,60,,purchase,2026-06-06 20:44:56.228610
10276,846.0,333,sess_3321,purchase,2025-06-21 00:27:12.228610
10277,1082.0,846,sess_4987,add_to_cart,2025-09-30 14:41:06.228610
10278,906.0,85,sess_2927,add_to_cart,2025-08-19 18:35:51.228610
10279,284.0,657,sess_1142,add_to_cart,2026-04-24 21:54:11.228610
10280,163.0,496,sess_3957,purchase,2025-07-31 14:56:06.228610
127,897.0,900,sess_2709,view,2025-09-10 09:31:25.228610
10282,695.0,566,sess_3961,purchase,2026-03-11 21:48:24.228610
10283,84.0,201,sess_2964,purchase,2025-11-15 07:17:47.228610
10284,386.0,905,sess_2817,view,2026-03-29 17:32:58.228610
10285,912.0,592,sess_2727,add_to_cart,2025-10-16 14:32:42.228610
10286,900.0,69,sess_2679,view,2025-10-25 23:03:05.228610
10287,116.0,972,sess_1364,view,2025-10-22 11:34:30.228610
10288,109.0,170,sess_4620,view,2025-11-24 15:22:17.228610
10289,857.0,186,sess_3808,purchase,2026-01-12 20:33:33.228610
10290,1181.0,308,sess_1950,add_to_cart,2026-03-16 21:12:01.228610
10291,43.0,595,sess_3998,purchase,2025-06-19 11:38:31.228610
10292,127.0,125,sess_2281,purchase,2025-09-22 04:11:29.228610
10293,587.0,1050,sess_3810,add_to_cart,2026-01-30 23:14:35.228610
10294,419.0,358,sess_2428,purchase,2026-01-09 05:21:19.228610
10295,936.0,1173,sess_915,add_to_cart,2026-05-14 03:10:47.228610
10296,421.0,154,sess_4936,purchase,2026-05-30 00:40:15.228610
10297,322.0,333,sess_481,purchase,2026-05-23 09:51:47.228610
10298,1034.0,525,sess_532,purchase,2026-05-02 20:51:34.228610
10299,40.0,1155,sess_353,view,2026-03-26 10:34:53.228610
10300,1062.0,24,sess_4206,add_to_cart,2026-05-24 11:22:07.228610
10301,620.0,902,sess_4327,view,2025-11-25 22:26:23.228610
10302,878.0,409,sess_1689,purchase,2025-06-22 01:49:36.228610
10303,1032.0,366,sess_2770,purchase,2026-05-08 15:14:45.228610
10304,231.0,225,sess_1129,view,2026-03-17 16:28:04.228610
10305,1189.0,269,sess_2054,purchase,invalid_timestamp
10306,301.0,715,sess_3787,view,2026-04-13 16:27:18.228610
10307,543.0,415,sess_1599,view,2025-12-03 16:17:57.228610
10308,1146.0,811,sess_1475,view,2025-06-20 14:06:17.228610
10309,243.0,741,sess_171,view,2025-09-19 05:24:29.228610
10310,963.0,780,sess_4973,purchase,2026-04-16 02:19:24.228610
10311,686.0,1173,sess_1230,view,2026-04-21 10:32:44.228610
10312,488.0,796,sess_116,add_to_cart,2025-08-16 22:43:57.228610
10313,465.0,882,sess_1828,add_to_cart,2025-10-28 00:45:00.228610
10314,473.0,902,sess_195,purchase,2026-01-20 13:58:44.228610
10315,76.0,793,sess_477,add_to_cart,2026-02-22 15:26:41.228610
10316,26.0,368,sess_2201,add_to_cart,2025-06-15 07:19:08.228610
10317,1072.0,592,sess_2157,view,2025-07-08 20:26:55.228610
10318,131.0,355,sess_3105,add_to_cart,2026-05-26 06:39:54.228610
10319,1158.0,716,,add_to_cart,2026-02-21 13:51:33.228610
10320,332.0,784,sess_689,purchase,2025-12-07 14:59:41.228610
10321,792.0,685,sess_3340,purchase,2026-03-29 16:29:56.228610
10322,160.0,693,sess_520,view,2026-06-02 08:19:10.228610
10323,311.0,542,sess_1561,purchase,2025-07-16 09:40:08.228610
10324,34.0,1196,sess_4696,purchase,2026-03-25 01:48:59.228610
10325,710.0,996,,view,2026-05-27 11:31:02.228610
10326,740.0,95,sess_1269,purchase,2026-04-05 12:59:02.228610
10327,1041.0,589,sess_3463,purchase,2025-07-19 01:36:13.228610
74,311.0,1047,sess_1759,view,2025-07-14 12:01:52.228610
10329,136.0,235,sess_357,purchase,2026-01-25 05:53:11.228610
10330,372.0,1032,sess_156,purchase,2025-07-18 07:12:35.228610
10331,1063.0,502,sess_3532,purchase,2025-08-01 09:10:45.228610
10332,1091.0,338,sess_4852,view,2025-12-16 23:54:39.228610
10333,72.0,541,sess_2725,add_to_cart,2026-06-09 01:01:40.228610
10334,508.0,608,sess_3152,view,2025-12-03 04:33:09.228610
10335,881.0,1076,sess_2969,add_to_cart,2025-08-03 05:54:38.228610
10336,1150.0,834,sess_4530,view,2026-04-16 08:33:33.228610
10337,1054.0,1091,sess_4666,purchase,2025-11-01 13:38:49.228610
10338,,964,sess_670,add_to_cart,2025-08-20 02:59:03.228610
10339,306.0,1128,sess_3710,view,2025-09-28 00:42:47.228610
10340,268.0,131,sess_1144,view,2026-04-01 06:54:39.228610
10341,180.0,114,sess_4438,purchase,2026-01-03 10:23:04.228610
10342,1076.0,171,sess_4195,view,2025-07-04 22:56:08.228610
79,831.0,247,sess_4370,add_to_cart,2025-07-10 14:53:24.228610
10344,120.0,482,sess_613,add_to_cart,2025-10-07 14:32:29.228610
10345,661.0,1124,sess_3516,purchase,2026-02-11 22:12:38.228610
10346,538.0,385,sess_2181,purchase,2025-09-21 12:04:11.228610
10347,866.0,623,sess_3428,view,2026-01-05 03:54:14.228610
10348,561.0,112,sess_1448,view,invalid_timestamp
10349,551.0,419,sess_4405,view,2025-09-17 16:11:09.228610
10350,908.0,337,sess_1217,purchase,2025-12-06 09:22:41.228610
10351,248.0,96,sess_151,purchase,2025-09-23 21:46:16.228610
10352,293.0,16,sess_1156,purchase,2025-09-12 00:51:23.228610
10353,18.0,884,sess_3120,purchase,2025-10-11 23:07:54.228610
10354,870.0,829,sess_4942,add_to_cart,2026-03-20 18:09:03.228610
10355,932.0,1086,sess_3860,view,2025-06-12 00:35:56.228610
10356,611.0,147,sess_4571,add_to_cart,2026-03-04 15:34:39.228610
10357,537.0,1052,sess_980,add_to_cart,2025-10-29 04:30:40.228610
10358,466.0,509,sess_4236,add_to_cart,2025-12-22 14:49:55.228610
10359,569.0,597,sess_2770,purchase,2026-03-17 05:26:44.228610
10360,82.0,657,sess_743,add_to_cart,invalid_timestamp
10361,882.0,130,sess_4637,view,2025-10-15 02:17:31.228610
10362,850.0,774,sess_4646,purchase,2025-12-10 15:34:40.228610
10363,166.0,336,sess_224,purchase,2026-05-07 07:59:11.228610
10364,504.0,921,sess_4983,purchase,2025-11-20 11:47:59.228610
10365,556.0,127,sess_3135,view,2026-04-09 15:08:54.228610
10366,542.0,482,sess_2104,purchase,2026-06-03 04:18:41.228610
10367,753.0,1133,sess_2306,add_to_cart,2026-05-09 07:57:46.228610
10368,14.0,899,sess_3718,add_to_cart,2026-02-05 01:57:32.228610
10369,1122.0,1178,sess_1723,view,2026-04-12 00:39:16.228610
10370,689.0,1137,sess_3584,view,2025-09-09 16:55:01.228610
10371,402.0,182,sess_4536,purchase,2025-12-08 07:49:09.228610
10372,1188.0,366,sess_4296,add_to_cart,2025-10-12 13:21:17.228610
10373,50.0,643,sess_3422,add_to_cart,2026-04-16 10:14:07.228610
10374,614.0,228,sess_1252,add_to_cart,2026-05-29 03:39:32.228610
10375,765.0,835,sess_4467,view,2026-02-18 09:05:56.228610
10376,797.0,1032,sess_2231,view,2026-05-22 00:38:22.228610
10377,181.0,976,sess_4484,add_to_cart,2025-10-09 12:08:34.228610
10378,1100.0,319,sess_4631,add_to_cart,2026-02-21 22:24:13.228610
10379,593.0,357,sess_4704,add_to_cart,2026-01-22 18:00:14.228610
10380,198.0,476,sess_569,view,2025-07-29 16:23:06.228610
10381,586.0,747,sess_2236,purchase,2026-02-28 14:05:23.228610
10382,911.0,838,sess_2553,purchase,2025-09-24 04:46:35.228610
10383,1182.0,1045,,purchase,2025-07-06 04:47:43.228610
10384,462.0,442,sess_4505,add_to_cart,2025-08-04 12:43:37.228610
10385,121.0,1112,,purchase,2025-10-28 01:12:54.228610
10386,642.0,681,sess_2537,view,2026-01-08 03:26:41.228610
10387,873.0,142,sess_3888,add_to_cart,2026-01-24 18:25:54.228610
10388,907.0,19,sess_813,purchase,2025-10-27 04:39:35.228610
10389,411.0,669,sess_1289,purchase,2026-02-13 23:01:04.228610
10390,705.0,268,sess_2144,add_to_cart,2026-01-14 06:06:08.228610
10391,91.0,1041,sess_3214,purchase,2025-12-29 03:21:48.228610
7,500.0,429,sess_4211,add_to_cart,2025-07-21 20:24:39.228610
10393,680.0,331,sess_3364,purchase,2025-10-20 09:45:58.228610
10394,245.0,199,sess_3498,view,2026-05-14 19:54:13.228610
10395,,344,sess_3135,purchase,2025-10-23 00:50:21.228610
10396,1118.0,10,sess_1799,purchase,2026-02-21 10:37:50.228610
10397,692.0,875,sess_553,purchase,2025-07-18 01:02:11.228610
10398,1127.0,778,sess_3492,view,2026-06-10 00:32:16.228610
10399,195.0,850,sess_6,view,2026-05-27 11:46:01.228610
10400,1065.0,444,sess_3857,view,2025-12-28 15:42:17.228610
10401,587.0,621,sess_2422,add_to_cart,2025-11-11 07:55:22.228610
10402,208.0,609,sess_3900,add_to_cart,2026-02-08 04:05:39.228610
10403,40.0,1163,sess_1500,view,2025-11-18 07:56:36.228610
10404,80.0,161,sess_3914,purchase,2025-08-06 19:17:03.228610
10405,217.0,1192,sess_2101,purchase,2025-07-28 15:59:49.228610
10406,995.0,446,sess_4664,view,2025-07-10 19:13:29.228610
10407,340.0,881,sess_551,purchase,2026-05-20 08:25:54.228610
10408,,1085,sess_1421,view,2026-05-21 17:23:07.228610
10409,74.0,396,sess_4570,purchase,2025-08-20 22:52:31.228610
10410,865.0,212,sess_822,view,2025-07-02 11:47:32.228610
10411,1059.0,889,sess_828,add_to_cart,2026-01-29 05:53:16.228610
10412,1178.0,332,sess_1425,add_to_cart,2025-07-20 08:15:14.228610
10413,328.0,999,,add_to_cart,invalid_timestamp
10414,500.0,825,sess_4483,purchase,2026-03-04 08:32:22.228610
10415,,967,sess_1272,purchase,2026-01-01 11:23:02.228610
10416,641.0,754,sess_618,purchase,2026-01-24 14:57:24.228610
10417,772.0,209,sess_1333,add_to_cart,2026-01-23 19:33:45.228610
97,220.0,1127,sess_614,add_to_cart,2025-08-02 04:39:53.228610
10419,547.0,162,sess_4031,add_to_cart,2025-09-25 02:04:43.228610
10420,963.0,1170,sess_3833,purchase,2026-04-01 13:47:41.228610
10421,974.0,143,sess_3453,purchase,2025-12-18 22:12:19.228610
10422,506.0,829,sess_2748,add_to_cart,2025-09-08 11:21:00.228610
10423,34.0,637,sess_2560,purchase,2025-08-21 03:16:52.228610
10424,692.0,590,sess_2314,add_to_cart,invalid_timestamp
10425,180.0,657,sess_3787,add_to_cart,2025-10-30 03:51:44.228610
158,1186.0,486,,purchase,2026-02-21 21:07:56.228610
10427,974.0,830,sess_4398,view,2025-08-30 09:04:02.228610
10428,1062.0,747,sess_4373,purchase,2025-06-16 02:52:47.228610
10429,701.0,866,sess_4742,view,2025-08-28 19:26:07.228610
10430,1176.0,63,sess_137,add_to_cart,2026-01-24 20:08:54.228610
10431,746.0,441,sess_2149,view,2026-01-02 17:02:17.228610
10432,,286,sess_2649,view,2026-01-17 09:19:08.228610
10433,764.0,656,sess_2717,add_to_cart,2026-02-04 06:04:38.228610
10434,113.0,784,sess_3303,add_to_cart,2025-10-12 05:17:00.228610
10435,1143.0,870,sess_1239,view,2025-09-08 11:40:18.228610
10436,450.0,541,sess_4930,view,2025-08-23 19:45:56.228610
10437,457.0,44,sess_239,view,2025-10-08 23:44:10.228610
10438,,40,sess_726,view,2025-10-28 06:16:39.228610
10439,165.0,1172,,purchase,2026-02-01 07:04:12.228610
10440,,971,sess_4289,add_to_cart,2025-11-28 17:33:05.228610
10441,30.0,351,sess_555,purchase,2026-03-20 19:10:35.228610
10442,635.0,397,sess_3536,add_to_cart,2025-08-31 12:36:20.228610
10443,963.0,973,sess_4864,view,2025-10-12 03:54:02.228610
10444,,1024,sess_2617,view,2026-02-07 07:57:27.228610
10445,1080.0,457,sess_2131,view,2026-01-30 15:00:50.228610
10446,304.0,359,sess_494,view,2025-07-01 01:04:27.228610
10447,117.0,246,sess_4351,purchase,2026-01-25 18:29:31.228610
10448,609.0,380,sess_1078,purchase,invalid_timestamp
10449,277.0,367,sess_2179,view,2026-03-11 17:12:40.228610
10450,881.0,342,sess_2871,view,2025-07-07 16:55:10.228610
10451,711.0,1058,sess_1557,view,2025-10-03 01:54:02.228610
10452,533.0,837,sess_1398,view,2026-05-14 17:34:28.228610
10453,567.0,901,sess_2723,view,2026-02-02 08:49:17.228610
10454,39.0,1007,sess_1062,purchase,2025-09-07 17:51:22.228610
10455,415.0,1171,sess_4102,add_to_cart,2025-06-29 22:25:00.228610
10456,397.0,952,sess_4118,view,2026-02-02 00:58:31.228610
10457,280.0,272,sess_1907,add_to_cart,2026-03-16 05:10:30.228610
10458,878.0,996,sess_1899,add_to_cart,2025-09-13 23:12:15.228610
10459,937.0,240,sess_4861,add_to_cart,invalid_timestamp
10460,1196.0,862,sess_3416,add_to_cart,2025-06-11 02:43:18.228610
10461,975.0,1165,sess_273,add_to_cart,2026-01-13 20:24:00.228610
55,767.0,233,sess_880,purchase,2026-04-12 08:49:00.228610
10463,909.0,1182,sess_1459,add_to_cart,2025-09-03 08:43:58.228610
10464,110.0,666,sess_2510,view,2026-01-12 04:53:43.228610
10465,648.0,42,sess_4017,view,2026-03-31 20:00:54.228610
10466,188.0,893,sess_3065,view,2026-02-12 02:06:48.228610
10467,1171.0,1050,sess_514,add_to_cart,2025-12-24 18:12:03.228610
10468,266.0,579,sess_1285,view,2025-12-19 03:52:00.228610
10469,492.0,990,sess_4697,view,2025-06-12 05:13:55.228610
10470,839.0,926,sess_1829,purchase,2026-05-26 01:20:15.228610
10471,1119.0,672,sess_3371,purchase,2025-06-16 12:41:20.228610
10472,,1097,sess_1994,view,2025-12-12 14:02:16.228610
10473,1055.0,449,sess_977,add_to_cart,2026-03-29 17:21:54.228610
10474,34.0,614,sess_4111,add_to_cart,2026-05-01 14:38:32.228610
10475,405.0,561,sess_3315,purchase,2025-10-24 03:41:23.228610
10476,119.0,178,sess_2924,add_to_cart,2025-06-25 07:24:51.228610
10477,646.0,193,sess_4002,view,2025-12-16 02:13:44.228610
10478,277.0,469,sess_4242,add_to_cart,2025-09-07 04:19:36.228610
67,153.0,1010,sess_1939,purchase,2026-06-01 19:43:50.228610
10480,602.0,830,sess_2546,view,2026-04-03 17:09:51.228610
10481,1128.0,374,sess_179,view,2025-11-03 07:57:11.228610
10482,300.0,1172,sess_1605,purchase,2026-04-24 22:44:10.228610
10483,498.0,1002,sess_30,add_to_cart,2026-02-28 21:00:08.228610
10484,1026.0,784,sess_4758,add_to_cart,2026-01-21 13:16:57.228610
10485,763.0,909,sess_3362,purchase,2026-01-13 22:58:21.228610
10486,1184.0,1081,sess_3168,add_to_cart,invalid_timestamp
10487,1001.0,1158,sess_3462,view,2026-02-20 09:05:57.228610
10488,600.0,795,sess_2423,add_to_cart,2025-09-28 01:50:55.228610
10489,586.0,318,sess_38,purchase,2026-05-15 06:20:30.228610
10490,,473,sess_3336,view,2026-04-01 04:16:14.228610
10491,780.0,290,sess_1170,add_to_cart,2025-06-12 16:02:14.228610
10492,141.0,889,sess_1818,add_to_cart,2025-12-15 15:42:36.228610
10493,171.0,214,sess_4626,view,2026-05-11 22:23:45.228610
10494,34.0,841,sess_2461,view,2026-01-17 06:56:04.228610
10495,787.0,1064,sess_1161,add_to_cart,2026-03-13 05:15:40.228610
10496,616.0,110,sess_3077,add_to_cart,2025-08-18 09:21:31.228610
10497,146.0,390,sess_1285,purchase,2026-05-18 21:34:43.228610
10498,266.0,1165,sess_2831,add_to_cart,invalid_timestamp
10499,805.0,1097,sess_1272,add_to_cart,2025-08-10 02:46:46.228610
10500,765.0,980,sess_2485,purchase,2026-04-20 13:10:15.228610
10501,1027.0,1017,sess_2966,view,2025-10-12 19:30:42.228610
10502,1059.0,665,sess_1144,view,2026-02-01 21:12:22.228610
10503,491.0,271,sess_4472,purchase,2025-07-29 17:09:15.228610
10504,713.0,1030,sess_2073,add_to_cart,2026-03-02 15:32:10.228610
10505,805.0,437,sess_1436,add_to_cart,2025-10-31 13:54:36.228610
10506,30.0,343,sess_1665,view,2026-05-22 18:00:10.228610
10507,33.0,1131,sess_2778,purchase,2025-07-18 05:21:11.228610
10508,565.0,1114,sess_2300,add_to_cart,2025-07-04 21:57:42.228610
10509,243.0,606,sess_4081,view,2025-07-28 21:06:20.228610
10510,116.0,962,sess_29,add_to_cart,2026-06-05 08:47:14.228610
10511,106.0,341,sess_3712,purchase,2026-02-19 04:21:21.228610
10512,140.0,163,sess_1950,purchase,2026-02-21 18:18:59.228610
10513,620.0,119,sess_3837,view,2025-09-23 12:40:35.228610
10514,116.0,539,sess_2588,view,2026-02-19 12:23:42.228610
10515,1035.0,211,sess_3456,add_to_cart,2025-11-22 04:57:11.228610
10516,159.0,283,sess_4943,purchase,2026-03-08 04:23:50.228610
10517,1073.0,1122,sess_233,purchase,2026-04-18 06:28:37.228610
10518,25.0,838,sess_1095,purchase,2026-04-23 18:57:57.228610
10519,493.0,1166,sess_2350,add_to_cart,2025-07-08 08:29:32.228610
10520,387.0,618,sess_2387,purchase,invalid_timestamp
10521,672.0,508,sess_3839,add_to_cart,2025-07-28 02:25:03.228610
10522,,439,sess_3940,purchase,2025-11-16 12:52:19.228610
10523,178.0,48,sess_4981,add_to_cart,2026-03-11 18:55:36.228610
10524,553.0,223,sess_3994,add_to_cart,2025-12-07 01:32:27.228610
10525,392.0,1049,sess_4651,purchase,2025-07-31 05:20:48.228610
10526,893.0,491,sess_511,view,2025-10-19 06:53:54.228610
10527,344.0,1154,sess_4090,view,2026-04-04 23:32:30.228610
10528,325.0,429,,purchase,2026-01-02 07:24:29.228610
10529,870.0,601,sess_3296,add_to_cart,2025-12-15 04:22:38.228610
10530,693.0,543,sess_1274,add_to_cart,2025-10-22 21:19:39.228610
10531,834.0,863,sess_4877,add_to_cart,2026-04-18 00:38:06.228610
10532,554.0,899,sess_4563,view,2025-10-02 15:03:37.228610
10533,848.0,217,,add_to_cart,invalid_timestamp
10534,964.0,945,sess_2486,purchase,2025-11-28 08:28:34.228610
10535,,273,sess_549,purchase,2026-01-28 10:44:46.228610
10536,329.0,115,sess_4063,add_to_cart,2025-11-08 02:59:14.228610
10537,958.0,827,sess_3944,add_to_cart,2025-07-24 10:36:03.228610
10538,345.0,402,sess_2530,purchase,2025-12-09 09:41:40.228610
10539,106.0,1074,sess_3488,add_to_cart,2026-03-16 00:17:14.228610
10540,719.0,1021,sess_3719,view,2025-07-20 10:07:25.228610
10541,590.0,672,sess_2651,view,2026-01-03 13:57:36.228610
10542,641.0,480,sess_2028,add_to_cart,2025-08-22 00:42:24.228610
10543,140.0,129,sess_2166,add_to_cart,invalid_timestamp
10544,794.0,1037,sess_4349,add_to_cart,2025-06-16 01:19:39.228610
10545,315.0,80,sess_772,add_to_cart,2025-09-17 17:12:04.228610
10546,736.0,724,sess_3275,add_to_cart,2025-11-25 19:04:55.228610
10547,1008.0,600,sess_116,purchase,2026-03-23 06:20:44.228610
10548,201.0,330,sess_638,purchase,2025-09-16 12:33:13.228610
10549,,368,sess_1650,add_to_cart,2025-10-13 23:40:17.228610
10550,1161.0,605,sess_1199,add_to_cart,2026-03-11 10:54:09.228610
10551,591.0,482,sess_1433,purchase,2025-11-26 10:08:48.228610
10552,503.0,843,sess_147,view,2026-01-11 08:09:47.228610
10553,,177,sess_2654,add_to_cart,2025-09-15 22:35:57.228610
10554,,833,sess_4661,add_to_cart,2025-07-01 08:05:01.228610
10555,,194,sess_1433,purchase,2026-02-07 00:45:12.228610
10556,1011.0,750,sess_2003,view,2025-08-02 02:18:48.228610
10557,450.0,745,sess_250,view,2025-10-20 08:51:29.228610
10558,980.0,86,sess_3143,add_to_cart,2026-01-13 22:44:56.228610
10559,,1189,sess_631,view,2026-01-15 22:31:42.228610
10560,990.0,81,sess_4133,view,2026-04-17 05:31:41.228610
10561,794.0,781,sess_139,view,2026-04-17 22:01:40.228610
10562,119.0,222,sess_1014,purchase,2025-09-20 02:22:13.228610
10563,1114.0,832,sess_2231,add_to_cart,2026-02-12 12:09:10.228610
10564,530.0,948,sess_1761,view,2026-05-18 17:21:02.228610
10565,829.0,1038,sess_2265,add_to_cart,2026-05-05 23:00:25.228610
10566,578.0,66,sess_1949,add_to_cart,2025-09-08 17:37:15.228610
10567,622.0,23,sess_1218,add_to_cart,2025-07-28 22:06:17.228610
10568,637.0,961,sess_4862,view,2025-11-14 14:06:41.228610
10569,1015.0,277,sess_3737,view,2026-04-12 01:30:58.228610
10570,3.0,634,sess_3794,view,2025-08-11 09:58:52.228610
10571,1199.0,297,sess_2073,purchase,2025-09-10 11:45:04.228610
10572,861.0,256,sess_1869,view,2026-05-10 16:34:56.228610
10573,817.0,803,sess_2327,purchase,invalid_timestamp
10574,1007.0,52,sess_1698,purchase,2025-10-06 17:31:26.228610
10575,249.0,159,sess_1790,add_to_cart,2025-09-21 19:38:43.228610
10576,1174.0,1137,sess_2879,add_to_cart,2026-01-16 00:23:46.228610
10577,282.0,692,sess_3219,view,2025-08-05 05:52:11.228610
10578,525.0,606,sess_1216,view,2026-04-25 02:23:19.228610
10579,956.0,300,sess_3284,purchase,2025-12-24 10:18:41.228610
10580,499.0,67,,add_to_cart,2026-05-11 04:21:53.228610
10581,1143.0,13,sess_1740,add_to_cart,2026-05-18 15:20:25.228610
10582,96.0,539,sess_1724,add_to_cart,2025-10-17 07:17:00.228610
10583,709.0,214,sess_1323,add_to_cart,invalid_timestamp
10584,1153.0,142,sess_2437,view,2026-05-13 02:35:53.228610
10585,977.0,12,sess_1999,purchase,2025-08-16 09:01:23.228610
10586,378.0,24,sess_1250,add_to_cart,2025-07-09 15:12:25.228610
10587,,1109,sess_1347,view,2026-06-11 12:18:05.228610
10588,397.0,448,,purchase,2025-07-25 17:53:22.228610
10589,513.0,146,sess_1853,add_to_cart,2026-03-09 03:07:27.228610
10590,429.0,844,sess_4266,view,invalid_timestamp
10591,115.0,566,sess_3259,purchase,2026-01-25 17:48:23.228610
10592,730.0,637,sess_2888,add_to_cart,2026-04-25 06:52:04.228610
10593,,197,sess_4555,add_to_cart,2025-07-21 18:32:39.228610
10594,426.0,727,sess_1469,add_to_cart,2026-01-10 10:08:51.228610
10595,549.0,1,sess_3187,add_to_cart,2026-05-21 12:24:29.228610
10596,946.0,744,sess_2886,view,2025-08-18 05:00:30.228610
10597,737.0,263,sess_2010,view,2026-04-27 10:38:50.228610
10598,1103.0,1172,sess_3271,purchase,2026-02-03 22:51:46.228610
10599,265.0,602,sess_2462,purchase,2026-01-08 03:53:29.228610
10600,689.0,379,sess_1764,purchase,2026-06-05 08:51:32.228610
10601,286.0,566,sess_4833,view,2026-01-27 10:28:08.228610
10602,418.0,761,,view,2025-12-28 05:15:08.228610
10603,505.0,217,sess_3728,view,2026-01-19 18:43:43.228610
10604,220.0,589,sess_1327,add_to_cart,2026-03-31 22:17:06.228610
10605,1138.0,140,,add_to_cart,2026-05-26 07:45:05.228610
10606,547.0,776,sess_4130,add_to_cart,2025-10-20 18:23:22.228610
10607,65.0,463,sess_1315,purchase,2025-09-16 00:45:45.228610
10608,373.0,597,sess_1210,view,2026-01-08 10:41:05.228610
10609,1035.0,265,sess_1398,view,2025-09-15 06:23:19.228610
10610,1127.0,636,sess_408,add_to_cart,2026-02-04 06:22:40.228610
10611,,1088,,add_to_cart,2026-02-07 12:08:18.228610
10612,602.0,573,sess_4876,view,2026-01-30 22:06:42.228610
10613,893.0,1075,sess_4763,purchase,2025-06-15 12:32:26.228610
10614,424.0,455,sess_2499,add_to_cart,2025-10-25 01:19:56.228610
10615,665.0,924,sess_88,view,2025-07-17 22:47:06.228610
10616,306.0,416,sess_2536,view,2025-11-05 09:23:09.228610
10617,475.0,1053,sess_4181,add_to_cart,2025-11-30 06:27:51.228610
10618,,649,sess_592,purchase,2026-04-10 16:43:17.228610
10619,498.0,1118,sess_1504,purchase,2025-10-25 03:08:24.228610
10620,562.0,1082,sess_3143,purchase,2025-07-27 04:34:39.228610
10621,362.0,192,,add_to_cart,2026-03-01 02:48:34.228610
10622,527.0,550,sess_4669,view,2025-11-22 09:27:26.228610
10623,600.0,254,sess_4243,view,2026-04-21 21:37:58.228610
10624,818.0,840,sess_2604,add_to_cart,2026-05-26 09:47:31.228610
10625,341.0,1094,sess_1700,add_to_cart,2025-07-28 08:23:11.228610
10626,730.0,249,sess_102,purchase,2026-05-09 11:22:25.228610
10627,257.0,566,sess_403,purchase,2026-04-07 03:13:41.228610
10628,983.0,652,sess_3502,view,2025-12-30 18:14:32.228610
10629,55.0,1043,sess_1371,purchase,2025-11-25 18:18:11.228610
10630,649.0,365,sess_1617,purchase,2025-10-27 23:53:26.228610
10631,718.0,998,sess_388,purchase,2025-12-19 21:43:51.228610
10632,520.0,1114,sess_1125,view,2026-05-27 17:43:54.228610
10633,777.0,226,sess_2511,purchase,2026-01-21 22:23:00.228610
10634,,412,sess_1036,view,2026-01-11 22:40:34.228610
10635,100.0,121,sess_1222,add_to_cart,2025-09-20 16:51:59.228610
10636,1066.0,1188,sess_4663,add_to_cart,2025-12-26 11:57:29.228610
10637,448.0,7,sess_1106,purchase,2025-12-08 08:31:17.228610
10638,409.0,144,sess_2403,purchase,2025-07-04 06:53:57.228610
10639,514.0,592,sess_1908,purchase,2026-04-05 17:17:15.228610
10640,,9,sess_3587,add_to_cart,2025-07-23 13:07:01.228610
100,331.0,30,sess_804,add_to_cart,2025-12-31 08:00:34.228610
10642,267.0,831,sess_193,view,2025-09-21 11:16:47.228610
10643,719.0,1012,sess_3337,purchase,2025-11-21 15:53:26.228610
10644,385.0,795,sess_3887,purchase,2026-03-10 15:24:53.228610
98,255.0,810,sess_4988,view,2025-12-19 01:50:30.228610
10646,987.0,1136,sess_3638,purchase,2026-01-15 19:58:58.228610
10647,757.0,1021,sess_2456,view,2026-01-10 20:58:07.228610
10648,893.0,691,sess_2554,purchase,2025-10-03 18:37:22.228610
10649,339.0,500,sess_2492,view,2026-03-12 07:27:21.228610
10650,539.0,502,sess_3953,purchase,2026-04-12 00:00:38.228610
10651,482.0,705,,purchase,2026-01-19 07:50:07.228610
10652,,989,sess_4503,view,2026-05-05 17:58:33.228610
10653,105.0,107,sess_1599,add_to_cart,2026-04-05 11:43:55.228610
10654,679.0,476,sess_1877,view,2026-05-27 18:00:11.228610
10655,286.0,367,sess_4546,add_to_cart,2026-05-12 12:19:54.228610
10656,801.0,954,sess_740,purchase,2025-12-10 19:33:03.228610
10657,986.0,594,sess_4722,purchase,2025-10-01 05:55:51.228610
10658,463.0,60,sess_1056,view,2025-10-16 15:58:20.228610
10659,335.0,802,sess_4090,purchase,2026-04-22 05:36:46.228610
10660,270.0,896,sess_2778,add_to_cart,2026-04-26 00:35:21.228610
13,1095.0,809,sess_2261,purchase,2026-04-29 04:49:05.228610
10662,63.0,1107,sess_455,purchase,2025-07-24 13:00:41.228610
10663,214.0,612,sess_2384,purchase,2026-06-08 04:21:51.228610
10664,,1062,sess_1597,add_to_cart,2025-12-22 02:48:25.228610
10665,178.0,563,sess_3326,view,2025-08-13 20:49:26.228610
116,42.0,560,sess_4614,purchase,2025-09-10 22:27:32.228610
10667,205.0,425,sess_1249,add_to_cart,2026-01-31 14:49:09.228610
10668,125.0,293,sess_1231,add_to_cart,2026-05-18 12:34:47.228610
10669,983.0,330,sess_3112,purchase,2025-12-18 09:06:13.228610
10670,,205,sess_1648,view,2025-06-29 02:13:23.228610
10671,1145.0,467,sess_3285,view,2025-07-03 22:23:27.228610
10672,75.0,296,sess_2424,add_to_cart,2025-10-13 10:21:38.228610
10673,1156.0,107,sess_1446,view,2025-08-31 09:18:59.228610
10674,850.0,698,sess_657,view,2025-10-29 02:41:53.228610
10675,1065.0,453,sess_1231,purchase,2025-07-12 16:50:08.228610
10676,1102.0,18,sess_3532,purchase,2025-11-06 05:42:08.228610
10677,603.0,431,sess_991,view,2025-11-18 01:09:08.228610
79,271.0,483,sess_1231,add_to_cart,2025-08-13 09:44:55.228610
10679,761.0,234,sess_2894,purchase,2025-06-26 18:54:54.228610
10680,138.0,388,sess_338,view,2025-11-15 21:48:38.228610
10681,485.0,1167,sess_1187,add_to_cart,2025-08-11 08:04:54.228610
39,942.0,598,sess_2057,add_to_cart,invalid_timestamp
10683,222.0,556,sess_735,purchase,2026-03-13 16:30:34.228610
10684,1157.0,848,sess_4258,add_to_cart,2026-05-06 15:55:57.228610
10685,411.0,1021,sess_652,view,2026-05-21 23:24:59.228610
10686,802.0,1070,sess_2074,add_to_cart,2026-06-08 19:15:55.228610
10687,1091.0,791,sess_2746,view,2026-05-03 01:11:46.228610
10688,814.0,265,sess_2907,view,2025-09-08 13:29:38.228610
10689,192.0,301,sess_1694,view,2025-08-27 03:10:24.228610
10690,743.0,1123,sess_4385,view,2025-09-29 10:46:23.228610
10691,193.0,103,sess_1424,purchase,2025-12-08 19:29:01.228610
10692,1143.0,622,sess_4216,view,2025-07-14 12:57:09.228610
10693,348.0,217,sess_4085,purchase,2026-01-24 04:08:00.228610
10694,392.0,196,sess_101,view,2025-07-14 01:02:31.228610
10695,288.0,926,sess_2298,add_to_cart,invalid_timestamp
10696,990.0,882,sess_3648,add_to_cart,2026-02-15 05:17:56.228610
10697,782.0,673,sess_1460,add_to_cart,2025-09-20 06:50:24.228610
10698,1058.0,609,sess_509,add_to_cart,2025-10-15 15:41:22.228610
10699,296.0,106,sess_2603,add_to_cart,2026-01-05 06:17:55.228610
10700,745.0,806,sess_445,view,2026-03-30 15:41:35.228610
10701,565.0,105,sess_4139,view,2025-08-16 18:21:36.228610
10702,625.0,138,sess_3800,purchase,2026-02-14 16:51:29.228610
10703,572.0,305,sess_82,purchase,2026-05-06 10:29:47.228610
10704,240.0,144,sess_4892,add_to_cart,2026-05-11 10:16:24.228610
10705,762.0,257,sess_386,view,2025-11-21 04:27:26.228610
10706,283.0,929,sess_4784,view,2026-06-08 04:40:34.228610
10707,438.0,107,sess_1332,add_to_cart,2025-08-30 12:16:49.228610
10708,,296,sess_1923,add_to_cart,2025-07-16 10:43:25.228610
10709,846.0,450,sess_2799,view,2026-04-02 11:06:40.228610
10710,931.0,1081,sess_1281,add_to_cart,2026-02-15 05:15:14.228610
10711,377.0,677,sess_3458,view,2025-06-24 12:36:10.228610
10712,371.0,719,sess_2037,purchase,2025-10-07 13:47:30.228610
10713,775.0,776,sess_863,purchase,2025-12-08 07:55:26.228610
10714,688.0,360,sess_522,add_to_cart,2025-07-26 08:07:11.228610
10715,844.0,449,,purchase,2025-09-12 03:27:39.228610
10716,447.0,971,sess_1179,view,2025-08-10 09:55:27.228610
10717,979.0,381,sess_4632,add_to_cart,2026-06-02 09:31:55.228610
10718,861.0,826,sess_621,purchase,2025-10-15 06:13:53.228610
10719,194.0,823,,add_to_cart,2025-08-28 01:33:05.228610
10720,203.0,41,sess_65,add_to_cart,2025-07-14 10:12:04.228610
10721,348.0,95,sess_3772,purchase,2025-08-27 11:26:55.228610
10722,442.0,720,,purchase,2026-02-18 03:56:34.228610
10723,946.0,130,sess_4876,add_to_cart,2025-08-14 01:23:06.228610
10724,692.0,666,sess_3941,view,2025-12-24 01:30:42.228610
10725,,12,sess_3678,purchase,2025-07-11 05:10:10.228610
10726,1165.0,591,sess_1331,view,2025-07-01 02:22:57.228610
10727,882.0,473,sess_2910,purchase,2026-01-15 18:05:44.228610
10728,506.0,1088,sess_549,purchase,2026-05-09 01:09:07.228610
10729,313.0,57,sess_3898,add_to_cart,2025-11-09 09:13:35.228610
10730,879.0,338,sess_3396,add_to_cart,2025-11-03 11:54:35.228610
10731,10.0,71,sess_4816,view,2025-06-18 23:47:54.228610
10732,1176.0,232,sess_2442,add_to_cart,2025-11-04 07:51:27.228610
10733,79.0,513,sess_2616,add_to_cart,invalid_timestamp
10734,379.0,383,sess_2215,add_to_cart,2025-08-19 09:54:31.228610
10735,617.0,326,sess_1695,view,2026-02-03 21:52:51.228610
10736,1198.0,912,sess_916,purchase,2026-04-23 23:43:06.228610
10737,470.0,445,sess_3261,view,2025-11-05 01:56:13.228610
10738,623.0,957,sess_332,add_to_cart,2026-04-25 04:15:48.228610
10739,1165.0,731,sess_2601,view,2025-10-13 06:04:55.228610
10740,521.0,659,sess_4964,view,2026-04-27 06:50:41.228610
10741,724.0,763,sess_644,add_to_cart,2025-08-16 09:23:24.228610
10742,945.0,137,sess_4502,add_to_cart,2026-01-10 05:03:03.228610
10743,728.0,520,sess_4838,view,2026-03-22 11:58:37.228610
10744,195.0,1031,sess_1304,view,2026-06-03 05:14:44.228610
10745,1091.0,765,sess_2259,view,2025-10-12 21:41:45.228610
10746,,532,sess_1523,view,2025-09-19 03:29:37.228610
10747,799.0,131,sess_1019,purchase,2025-10-06 20:36:41.228610
10748,1141.0,936,sess_1371,add_to_cart,2026-04-18 21:52:32.228610
10749,244.0,799,sess_2662,purchase,invalid_timestamp
10750,1088.0,80,sess_3651,view,2026-03-09 05:17:35.228610
10751,1008.0,974,sess_2900,view,2025-07-06 10:59:59.228610
10752,989.0,1,sess_20,view,2025-11-16 13:28:30.228610
10753,969.0,332,sess_2148,add_to_cart,2025-12-22 13:13:39.228610
10754,160.0,531,sess_2183,view,2025-06-11 13:15:32.228610
10755,74.0,914,sess_876,add_to_cart,invalid_timestamp
10756,1078.0,506,sess_2346,purchase,2025-07-09 11:57:16.228610
10757,33.0,89,sess_3433,view,2025-11-12 07:59:28.228610
10758,1139.0,167,sess_3992,add_to_cart,2025-12-27 13:31:04.228610
10759,106.0,218,sess_1546,purchase,2025-07-26 23:59:05.228610
10760,242.0,467,sess_2284,view,2026-05-02 01:11:28.228610
10761,378.0,829,sess_1178,view,2025-06-16 13:41:35.228610
10762,246.0,808,sess_1043,purchase,2026-02-13 03:21:44.228610
10763,112.0,344,sess_2162,view,2025-12-10 02:44:51.228610
10764,1059.0,223,sess_1875,purchase,2026-03-13 14:42:26.228610
10765,663.0,397,sess_3019,view,2025-09-09 13:14:57.228610
10766,322.0,413,,view,2025-11-23 20:55:00.228610
10767,352.0,200,sess_4881,add_to_cart,2025-09-02 11:32:59.228610
10768,881.0,83,sess_1206,purchase,2025-11-07 17:00:19.228610
10769,906.0,842,sess_4738,view,2026-04-03 18:26:53.228610
10770,1055.0,1166,sess_4182,view,2026-01-14 12:36:36.228610
10771,904.0,375,sess_4343,add_to_cart,2026-03-09 00:06:50.228610
10772,952.0,750,sess_4777,purchase,2026-05-20 01:09:56.228610
10773,904.0,467,sess_1964,add_to_cart,2025-08-07 10:39:50.228610
10774,377.0,1047,sess_4278,purchase,2025-07-28 08:36:33.228610
10775,335.0,1138,sess_2590,purchase,2026-05-06 12:14:42.228610
10776,1198.0,1200,sess_3165,add_to_cart,2025-07-06 09:26:36.228610
10777,880.0,226,sess_1699,add_to_cart,2025-10-19 13:02:12.228610
10778,206.0,514,sess_4230,purchase,2026-02-04 21:57:38.228610
10779,1065.0,933,sess_3845,purchase,2025-12-05 06:22:56.228610
10780,164.0,834,sess_2650,purchase,2026-02-13 01:05:57.228610
10781,36.0,218,sess_1046,purchase,2026-04-03 21:00:33.228610
10782,1148.0,312,sess_1256,view,2026-05-30 04:12:09.228610
160,172.0,545,sess_2000,purchase,2026-02-02 19:55:02.228610
10784,914.0,1005,sess_2244,add_to_cart,2025-12-26 21:40:45.228610
10785,663.0,916,sess_4630,view,2025-08-10 08:53:47.228610
10786,782.0,963,sess_967,view,2026-06-05 11:32:02.228610
10787,,1126,sess_1636,view,2026-05-26 18:06:42.228610
10788,297.0,872,sess_1078,add_to_cart,2025-10-04 21:25:04.228610
10789,,776,sess_2515,view,2026-03-16 18:42:30.228610
10790,727.0,1128,sess_117,purchase,2025-11-11 09:57:32.228610
10791,303.0,107,sess_4358,view,2025-12-23 09:11:31.228610
10792,352.0,688,sess_1493,add_to_cart,2026-01-12 05:52:48.228610
10793,481.0,592,sess_3199,view,2025-10-17 15:07:35.228610
10794,140.0,151,sess_4788,add_to_cart,2026-02-26 10:56:16.228610
10795,78.0,1097,sess_4835,view,2025-09-02 11:56:10.228610
10796,318.0,158,sess_3947,purchase,2025-07-06 21:21:56.228610
10797,1142.0,204,sess_1910,add_to_cart,2025-07-07 23:41:15.228610
10798,583.0,543,sess_938,add_to_cart,2025-07-24 14:44:39.228610
10799,504.0,299,sess_3683,add_to_cart,2026-03-01 05:20:39.228610
10800,620.0,88,sess_4046,add_to_cart,2025-06-18 10:58:45.228610
10801,1069.0,710,sess_552,add_to_cart,invalid_timestamp
10802,1162.0,56,sess_788,view,2026-06-07 17:07:51.228610
10803,535.0,919,sess_940,view,2026-04-09 12:07:29.228610
10804,33.0,471,sess_3050,view,2025-08-17 12:20:02.228610
178,1071.0,883,sess_1261,view,2025-11-25 14:57:49.228610
10806,579.0,332,sess_1429,view,2026-05-17 05:40:18.228610
10807,1127.0,301,sess_4680,purchase,2025-10-16 11:23:33.228610
10808,628.0,1177,sess_3675,add_to_cart,2025-08-17 03:35:22.228610
10809,613.0,339,sess_3068,view,invalid_timestamp
10810,,714,sess_2175,view,2025-12-08 23:09:42.228610
10811,138.0,958,sess_2637,view,2025-11-26 15:40:11.228610
10812,586.0,496,sess_3004,add_to_cart,2026-04-20 19:28:59.228610
10813,923.0,52,sess_3848,purchase,2026-01-06 07:04:07.228610
10814,1104.0,720,sess_1576,purchase,2026-03-22 06:58:09.228610
10815,1139.0,520,sess_2667,purchase,2025-12-18 12:32:59.228610
10816,246.0,915,sess_304,view,2026-01-10 12:34:16.228610
10817,467.0,371,sess_2629,view,2025-12-29 07:20:43.228610
10818,262.0,1064,sess_2482,purchase,2026-04-27 18:40:31.228610
10819,937.0,503,sess_1679,add_to_cart,2025-09-25 09:01:21.228610
10820,,299,sess_776,add_to_cart,2025-10-09 18:10:00.228610
10821,920.0,146,sess_1402,add_to_cart,2025-08-02 11:49:14.228610
10822,498.0,283,sess_2387,purchase,2026-02-16 12:19:30.228610
10823,605.0,476,sess_1832,view,2026-03-22 01:37:22.228610
10824,384.0,650,sess_3288,view,2026-01-13 23:47:34.228610
10825,712.0,1194,sess_3175,purchase,invalid_timestamp
10826,1145.0,604,sess_2562,purchase,2025-09-14 11:27:59.228610
10827,648.0,576,sess_2855,add_to_cart,2025-12-27 10:35:12.228610
10828,57.0,433,sess_4074,view,2026-06-01 19:47:17.228610
10829,36.0,286,sess_1429,view,2026-01-18 09:52:19.228610
10830,193.0,570,sess_761,purchase,2025-12-04 02:28:17.228610
10831,916.0,1083,sess_4679,purchase,2025-12-26 17:50:44.228610
10832,348.0,1010,sess_1180,add_to_cart,2025-09-15 22:54:23.228610
10833,1025.0,280,sess_2959,add_to_cart,2025-10-17 17:15:57.228610
10834,120.0,342,sess_3243,view,2025-11-28 23:22:13.228610
10835,64.0,236,sess_3944,purchase,2026-04-03 00:38:31.228610
10836,1066.0,1028,sess_4933,purchase,2025-08-13 19:58:19.228610
10837,1134.0,188,sess_1799,view,2025-12-26 15:49:17.228610
10838,428.0,1047,sess_261,purchase,2026-05-28 01:09:13.228610
10839,800.0,705,sess_964,add_to_cart,invalid_timestamp
10840,676.0,1102,sess_4679,purchase,invalid_timestamp
10841,576.0,734,sess_4506,purchase,2026-05-27 12:00:49.228610
10842,805.0,738,sess_1758,purchase,2025-07-11 07:02:04.228610
10843,131.0,640,sess_323,purchase,2026-06-08 04:22:42.228610
10844,32.0,352,,purchase,2025-09-04 14:40:00.228610
10845,1151.0,944,sess_189,purchase,2025-12-28 14:03:21.228610
10846,1086.0,288,sess_4833,add_to_cart,2025-07-29 21:59:39.228610
10847,20.0,959,sess_3103,purchase,2026-05-23 00:16:19.228610
10848,,1023,sess_2896,view,2026-03-03 19:37:16.228610
10849,409.0,1178,sess_616,view,2026-03-08 00:00:01.228610
10850,65.0,451,sess_302,view,2025-09-13 04:42:49.228610
10851,155.0,976,sess_2779,add_to_cart,2025-11-07 21:58:04.228610
10852,761.0,463,sess_3742,view,invalid_timestamp
10853,465.0,1141,sess_298,add_to_cart,2026-03-19 18:57:01.228610
10854,238.0,1115,sess_3995,add_to_cart,2026-03-31 22:47:42.228610
10855,833.0,628,sess_726,add_to_cart,2026-03-09 09:38:39.228610
10856,,130,sess_3080,add_to_cart,2025-12-31 07:39:33.228610
10857,520.0,370,sess_2588,purchase,2026-04-23 14:59:21.228610
10858,806.0,399,sess_2504,view,2026-04-26 07:26:10.228610
10859,1049.0,928,sess_1811,view,2026-02-12 12:48:26.228610
10860,1024.0,1004,sess_3962,view,2026-04-04 02:44:04.228610
10861,931.0,589,sess_205,add_to_cart,2026-03-25 16:43:17.228610
10862,831.0,935,sess_1974,add_to_cart,2025-08-08 19:47:41.228610
10863,151.0,903,sess_3830,view,2026-06-10 06:09:46.228610
10864,70.0,225,sess_1656,purchase,2025-12-16 22:42:06.228610
10865,427.0,385,sess_3598,view,2026-01-06 00:03:20.228610
10866,631.0,17,sess_2191,purchase,invalid_timestamp
10867,83.0,1196,sess_1208,add_to_cart,2026-05-18 01:15:48.228610
10868,80.0,529,sess_3144,view,2025-07-19 03:26:31.228610
10869,1088.0,1196,sess_582,view,2025-11-07 08:04:27.228610
10870,1164.0,1118,sess_1218,add_to_cart,2025-10-25 09:46:21.228610
10871,690.0,501,sess_3763,view,2026-01-12 16:34:59.228610
10872,927.0,685,sess_2197,purchase,2025-08-19 13:30:31.228610
10873,804.0,646,sess_2163,purchase,invalid_timestamp
10874,715.0,458,sess_1166,add_to_cart,2025-10-09 21:24:54.228610
10875,888.0,348,sess_4881,add_to_cart,2025-10-20 18:52:33.228610
10876,861.0,679,sess_387,add_to_cart,2026-01-10 11:11:34.228610
10877,1026.0,1181,sess_3469,view,2025-11-05 21:32:51.228610
10878,944.0,381,sess_1516,purchase,2026-04-04 12:53:43.228610
10879,971.0,569,,purchase,2026-03-14 17:04:35.228610
10880,371.0,665,sess_3382,view,invalid_timestamp
10881,48.0,877,sess_1814,add_to_cart,2026-03-02 19:22:22.228610
10882,256.0,1018,sess_1345,purchase,2026-05-18 21:06:39.228610
10883,995.0,1093,sess_1485,view,2025-08-10 23:34:17.228610
10884,32.0,984,sess_4998,purchase,2025-12-30 21:24:08.228610
10885,86.0,510,sess_651,purchase,2025-12-27 10:33:16.228610
10886,779.0,813,sess_2978,view,2026-02-19 21:36:57.228610
10887,1055.0,1111,sess_62,view,2025-08-01 00:26:49.228610
10888,705.0,358,sess_3972,add_to_cart,2025-11-10 14:04:39.228610
10889,1037.0,1004,sess_1055,view,2026-01-19 17:21:57.228610
10890,539.0,411,sess_3495,purchase,2025-10-30 03:03:49.228610
10891,492.0,15,sess_387,view,2026-01-08 21:31:22.228610
10892,1185.0,647,sess_4485,purchase,2026-05-31 09:09:56.228610
10893,1050.0,828,sess_2174,add_to_cart,2025-10-18 01:11:47.228610
10894,627.0,993,sess_2677,add_to_cart,2025-12-20 18:40:01.228610
10895,,950,sess_982,view,2025-12-02 08:50:03.228610
10896,1105.0,236,sess_3979,add_to_cart,2026-01-10 17:49:39.228610
10897,64.0,141,sess_4052,purchase,2025-12-12 03:38:07.228610
10898,370.0,772,sess_2119,purchase,2026-04-07 16:53:32.228610
10899,883.0,871,sess_34,view,2026-04-11 00:29:27.228610
10900,84.0,646,sess_1082,view,2025-09-21 15:28:26.228610
10901,987.0,57,sess_4066,add_to_cart,2026-01-06 01:21:00.228610
10902,351.0,1013,sess_341,purchase,2026-05-01 04:46:27.228610
10903,302.0,285,sess_1860,purchase,invalid_timestamp
10904,1197.0,355,sess_2242,purchase,2025-10-07 12:56:14.228610
10905,109.0,30,sess_4067,view,2026-01-19 02:06:59.228610
10906,401.0,366,sess_4368,view,2025-07-23 17:58:42.228610
10907,353.0,769,sess_4455,add_to_cart,invalid_timestamp
10908,408.0,563,sess_4307,add_to_cart,2026-05-22 19:17:13.228610
10909,818.0,1154,sess_516,view,2025-06-20 16:09:33.228610
10910,460.0,262,sess_727,add_to_cart,2026-04-18 17:09:24.228610
10911,1133.0,803,sess_4329,add_to_cart,2025-12-27 00:00:46.228610
10912,,1008,sess_2128,purchase,2026-05-02 18:39:59.228610
10913,184.0,848,sess_3122,purchase,2026-01-01 21:39:19.228610
10914,784.0,628,,purchase,2026-05-04 10:03:04.228610
10915,732.0,48,sess_69,purchase,2025-07-24 17:30:54.228610
10916,910.0,501,sess_3958,add_to_cart,2026-05-21 09:37:38.228610
10917,793.0,168,sess_384,purchase,2025-10-11 07:03:16.228610
10918,82.0,482,,view,2026-04-22 23:20:16.228610
10919,133.0,791,sess_2393,purchase,2026-03-02 13:48:09.228610
10920,355.0,634,,purchase,2026-05-10 03:08:45.228610
10921,687.0,980,sess_992,purchase,2025-11-09 01:03:03.228610
164,163.0,1022,sess_3187,purchase,2025-11-09 18:38:58.228610
10923,,362,sess_981,view,2025-09-06 13:01:31.228610
10924,703.0,81,sess_3553,add_to_cart,2025-07-12 20:47:35.228610
10925,879.0,85,sess_712,add_to_cart,2025-10-17 00:20:38.228610
10926,720.0,708,sess_460,view,2026-01-14 07:51:36.228610
10927,377.0,418,,view,2026-01-28 19:09:48.228610
10928,1009.0,1094,sess_3938,purchase,2026-06-02 03:54:44.228610
10929,,716,sess_3795,view,2025-09-11 23:38:57.228610
10930,916.0,256,sess_3612,add_to_cart,invalid_timestamp
10931,480.0,505,sess_201,add_to_cart,2026-01-16 10:27:42.228610
10932,47.0,1138,sess_4963,purchase,2025-11-11 13:47:40.228610
10933,527.0,698,sess_2154,purchase,2025-07-30 11:24:55.228610
10934,594.0,660,,purchase,2025-12-09 11:42:28.228610
10935,208.0,333,sess_4675,add_to_cart,2025-07-02 19:20:45.228610
10936,762.0,122,sess_4785,purchase,2026-03-11 12:39:24.228610
10937,1129.0,748,sess_3344,view,2025-07-21 12:19:39.228610
10938,941.0,417,sess_12,purchase,2025-08-09 05:28:55.228610
10939,598.0,459,sess_2980,purchase,2026-01-07 00:55:10.228610
80,334.0,1143,sess_2163,add_to_cart,2026-05-08 15:12:03.228610
10941,735.0,834,sess_68,add_to_cart,2025-12-25 01:45:06.228610
10942,225.0,1084,sess_2105,purchase,2026-03-20 10:46:34.228610
10943,881.0,1013,sess_3837,purchase,2025-08-20 02:53:37.228610
10944,760.0,496,sess_2102,view,2026-03-09 22:26:41.228610
10945,232.0,954,,purchase,2026-06-09 23:41:05.228610
10946,68.0,58,sess_101,add_to_cart,2026-03-23 16:54:01.228610
190,183.0,769,sess_4475,add_to_cart,2025-12-08 10:28:49.228610
10948,157.0,229,sess_358,view,2026-03-31 18:14:01.228610
10949,185.0,1079,sess_4001,add_to_cart,invalid_timestamp
10950,139.0,931,sess_4736,view,2025-12-07 23:24:55.228610
10951,200.0,692,sess_3030,view,2026-02-20 08:25:38.228610
21,909.0,1035,sess_1282,purchase,2025-06-21 01:48:09.228610
10953,552.0,593,sess_3729,purchase,2025-07-08 23:19:35.228610
10954,,1132,,view,2026-03-12 14:02:51.228610
10955,,911,,view,2026-04-03 04:57:47.228610
10956,397.0,174,sess_4132,add_to_cart,2025-11-09 14:54:08.228610
10957,425.0,795,sess_4179,view,2026-01-28 03:18:11.235934
10958,108.0,590,sess_1606,purchase,2025-11-10 13:26:27.235934
10959,692.0,355,sess_616,add_to_cart,invalid_timestamp
10960,313.0,297,sess_4931,add_to_cart,2025-09-08 09:05:57.235934
10961,507.0,673,sess_3723,add_to_cart,2026-01-07 18:41:52.235934
10962,1088.0,133,sess_4786,purchase,2025-07-17 02:15:23.235934
10963,,854,sess_130,view,2026-04-25 17:01:45.235934
94,496.0,1117,sess_4256,view,invalid_timestamp
10965,249.0,184,sess_2149,view,2025-10-08 01:22:04.235934
10966,929.0,276,sess_2352,purchase,2025-11-05 21:47:29.235934
10967,305.0,614,sess_3800,view,2026-04-14 21:09:17.235934
10968,866.0,1043,sess_3846,purchase,2025-11-07 09:41:58.235934
10969,93.0,597,sess_3035,add_to_cart,2026-04-03 16:21:59.235934
10970,,685,sess_2062,purchase,2025-12-07 19:12:13.235934
10971,250.0,509,sess_2801,add_to_cart,2026-03-04 13:43:26.235934
10972,144.0,646,sess_1196,purchase,2025-11-06 11:02:30.235934
10973,730.0,98,sess_4718,purchase,2026-02-23 16:05:31.235934
10974,328.0,321,sess_3160,purchase,2026-03-10 17:49:20.235934
10975,,613,sess_3184,add_to_cart,2025-10-06 15:40:48.235934
10976,665.0,768,sess_1803,view,2025-10-28 21:40:19.235934
10977,276.0,884,sess_461,view,2026-01-25 19:02:10.235934
10978,393.0,980,sess_477,add_to_cart,2026-06-05 00:11:19.235934
10979,790.0,151,sess_2983,purchase,2026-02-24 05:10:37.235934
10980,445.0,494,sess_2276,purchase,2026-01-13 19:19:03.235934
10981,375.0,457,sess_2854,view,invalid_timestamp
10982,26.0,756,,view,2025-12-26 11:01:25.235934
10983,79.0,644,,purchase,2025-06-20 23:20:06.235934
10984,840.0,24,sess_3040,view,2025-08-27 10:17:03.235934
10985,650.0,626,sess_1257,add_to_cart,2026-01-25 18:25:13.235934
10986,150.0,726,sess_4964,view,2025-07-04 15:13:16.235934
10987,,139,sess_417,add_to_cart,2026-03-30 02:24:41.235934
10988,1155.0,1094,sess_2487,view,2025-12-07 00:08:47.235934
10989,921.0,131,sess_2006,add_to_cart,2025-10-25 22:04:28.235934
10990,699.0,759,sess_3215,purchase,invalid_timestamp
10991,952.0,1048,sess_4254,view,2025-07-16 03:22:20.235934
10992,383.0,290,sess_248,purchase,invalid_timestamp
10993,297.0,810,sess_2378,add_to_cart,2025-11-25 10:04:17.235934
10994,1105.0,844,sess_4816,view,2026-01-15 07:08:54.235934
10995,975.0,591,sess_2161,view,2026-03-18 07:03:45.235934
10996,592.0,227,sess_2949,purchase,2026-02-03 01:33:52.235934
10997,746.0,1006,sess_3632,purchase,2026-02-11 05:00:13.235934
10998,517.0,967,sess_2189,view,2025-08-03 17:54:30.235934
10999,94.0,985,,add_to_cart,2026-05-18 20:30:35.235934
11000,,369,sess_2229,purchase,2026-04-09 08:12:53.235934
11001,333.0,941,sess_3175,add_to_cart,2026-03-14 10:37:14.235934
11002,113.0,326,sess_3112,view,2025-12-04 04:56:34.235934
11003,325.0,753,sess_3467,view,2026-05-29 11:38:55.235934
11004,67.0,810,sess_4021,view,2025-12-22 13:25:45.235934
11005,713.0,714,sess_3813,purchase,2026-02-19 16:50:45.235934
11006,917.0,939,sess_1051,view,2026-03-16 05:50:41.235934
11007,215.0,515,sess_251,add_to_cart,2026-03-12 21:46:27.235934
11008,20.0,791,sess_2805,purchase,invalid_timestamp
11009,773.0,714,sess_379,add_to_cart,2025-09-02 23:23:43.235934
11010,451.0,441,sess_3349,add_to_cart,2025-09-20 18:28:04.235934
11011,440.0,456,sess_1835,view,2025-10-08 23:44:49.235934
11012,973.0,853,sess_678,view,invalid_timestamp
11013,411.0,66,sess_340,add_to_cart,2026-05-10 10:57:05.235934
11014,1166.0,615,sess_1415,purchase,2025-08-24 03:40:37.235934
11015,294.0,1141,sess_1310,view,2025-09-18 06:52:54.235934
11016,941.0,203,sess_4094,add_to_cart,2025-11-02 23:24:08.235934
11017,242.0,830,sess_1967,view,2026-05-22 14:21:18.235934
11018,638.0,983,sess_4384,view,2025-10-13 13:51:44.235934
11019,1066.0,92,sess_230,purchase,2026-04-24 10:36:06.235934
11020,49.0,568,sess_1994,add_to_cart,2026-05-07 00:41:07.235934
11021,382.0,1157,sess_1346,purchase,2025-09-12 01:53:11.235934
11022,1127.0,1138,sess_1267,add_to_cart,2025-09-23 14:57:21.235934
11023,807.0,907,sess_1745,add_to_cart,2025-10-26 10:30:25.235934
11024,34.0,310,sess_4805,add_to_cart,2025-11-24 04:08:36.235934
11025,148.0,458,sess_1057,add_to_cart,2025-07-19 07:17:08.235934
11026,1154.0,488,sess_3089,purchase,2025-09-05 22:14:43.235934
11027,53.0,339,sess_3528,view,2026-02-14 06:02:01.235934
11028,1094.0,688,sess_1579,add_to_cart,2026-03-26 19:18:42.235934
11029,145.0,351,,view,2026-02-19 03:51:42.235934
11030,362.0,547,sess_23,purchase,2026-02-16 10:05:53.235934
11031,809.0,829,sess_4403,purchase,2026-02-07 13:51:09.235934
11032,270.0,149,sess_3154,purchase,2025-08-13 08:35:56.235934
167,,1088,sess_2950,view,2026-03-31 23:38:02.235934
11034,624.0,914,sess_1427,view,2025-12-13 22:56:54.235934
11035,793.0,979,sess_690,view,2025-12-05 19:42:24.235934
11036,824.0,668,sess_3835,view,2026-06-04 06:39:48.235934
160,459.0,638,sess_4538,purchase,2026-04-07 01:17:47.235934
11038,1106.0,181,sess_665,purchase,2025-09-12 15:42:58.235934
11039,290.0,887,sess_4153,view,2025-08-15 01:20:04.235934
11040,,82,sess_2144,view,2026-01-07 23:47:49.235934
11041,684.0,311,,purchase,2025-06-14 18:19:31.235934
11042,1139.0,468,sess_3968,add_to_cart,2026-01-12 22:00:57.235934
11043,893.0,82,sess_3330,view,2025-10-24 10:04:03.235934
11044,632.0,825,,add_to_cart,2026-05-02 05:48:57.235934
11045,,929,sess_2144,view,2026-02-10 13:16:13.235934
11046,924.0,507,sess_4642,add_to_cart,invalid_timestamp
11047,252.0,331,sess_1701,view,2025-08-23 14:07:45.235934
11048,1181.0,1014,sess_842,view,2026-04-18 22:43:41.235934
11049,166.0,173,sess_646,add_to_cart,2025-06-13 03:01:38.235934
11050,493.0,587,sess_3415,purchase,2026-04-04 02:21:04.235934
11051,148.0,896,sess_1769,purchase,2025-07-21 01:38:55.235934
11052,60.0,652,sess_197,add_to_cart,invalid_timestamp
11053,835.0,240,sess_1545,purchase,2026-03-30 02:33:30.235934
11054,1004.0,1195,sess_756,purchase,2025-10-02 17:05:01.235934
11055,1116.0,714,sess_2429,view,2026-03-17 06:11:59.235934
11056,,706,sess_3670,add_to_cart,2025-06-23 10:53:49.235934
11057,18.0,1149,sess_902,add_to_cart,2025-10-05 10:33:10.235934
11058,790.0,216,sess_2493,view,2026-01-23 01:17:30.235934
11059,144.0,159,sess_1641,add_to_cart,2025-12-13 22:12:11.235934
11060,1053.0,1057,sess_3079,purchase,2025-07-15 04:10:23.235934
11061,1181.0,293,sess_2635,purchase,2025-07-05 08:34:44.235934
11062,1135.0,362,sess_3071,purchase,2026-01-17 07:52:54.235934
11063,711.0,443,sess_2655,purchase,2025-07-09 12:24:26.235934
11064,607.0,119,sess_4375,view,2025-09-01 07:08:54.235934
11065,1066.0,285,,view,2025-07-07 11:32:44.235934
11066,1114.0,549,,add_to_cart,2025-06-21 17:33:41.235934
11067,1191.0,831,sess_405,purchase,2026-05-07 08:54:21.235934
11068,865.0,334,sess_908,purchase,2026-04-03 17:24:47.235934
11069,878.0,1036,sess_1780,add_to_cart,2025-08-13 06:02:34.235934
11070,,946,sess_3660,purchase,2025-12-04 11:34:38.235934
11071,909.0,976,sess_28,add_to_cart,2026-03-05 07:47:50.235934
11072,964.0,408,sess_1242,purchase,2026-05-14 06:34:06.235934
11073,716.0,266,sess_2054,view,2026-03-26 02:34:13.235934
11074,334.0,635,,view,2026-02-09 20:09:54.235934
11075,,1030,sess_3700,purchase,2026-05-16 09:22:35.235934
11076,69.0,898,sess_1963,purchase,2025-10-02 14:58:18.235934
11077,1060.0,497,sess_4869,add_to_cart,2025-09-04 14:12:12.235934
11078,73.0,516,sess_448,view,2026-03-28 12:43:12.235934
11079,511.0,856,sess_4559,view,2025-07-30 14:46:20.235934
11080,980.0,589,sess_2639,add_to_cart,2026-03-13 09:07:27.235934
11081,171.0,785,sess_3959,view,2025-09-02 19:24:29.235934
11082,,854,sess_763,view,2025-06-29 00:04:22.235934
11083,834.0,810,sess_4335,add_to_cart,2026-05-28 21:19:19.235934
11084,521.0,176,sess_616,purchase,2026-01-17 09:45:36.235934
11085,955.0,892,sess_1670,add_to_cart,2025-11-25 20:34:08.235934
11086,529.0,234,sess_4951,add_to_cart,2026-02-24 21:53:01.235934
11087,346.0,496,sess_61,view,2025-09-09 21:11:19.235934
11088,77.0,425,sess_2725,purchase,2025-08-21 14:00:45.235934
11089,692.0,482,,view,2025-10-14 05:20:55.235934
11090,581.0,892,sess_1566,purchase,2026-01-04 18:21:52.235934
104,160.0,1158,sess_2737,purchase,2025-07-28 14:12:36.235934
11092,1135.0,659,sess_2665,purchase,2025-12-09 10:45:02.235934
11093,,1137,sess_4841,view,2025-09-29 12:09:51.235934
11094,528.0,664,sess_818,view,2025-10-03 11:42:23.235934
11095,263.0,361,,add_to_cart,2025-12-30 02:10:00.235934
11096,107.0,1054,sess_4357,add_to_cart,2025-07-15 02:26:22.235934
11097,232.0,844,,view,2025-11-11 10:36:00.235934
11098,1092.0,521,sess_2279,view,2025-10-25 12:56:50.235934
11099,844.0,421,,add_to_cart,2026-04-10 00:06:45.235934
11100,331.0,292,sess_2190,add_to_cart,2025-08-22 04:01:27.235934
11101,572.0,488,sess_397,add_to_cart,2026-02-23 06:07:41.235934
11102,983.0,911,,view,2026-01-18 23:15:08.235934
11103,354.0,272,sess_4735,add_to_cart,2025-06-25 07:28:06.235934
11104,878.0,83,sess_36,purchase,2026-03-02 00:53:38.235934
11105,346.0,945,sess_4813,add_to_cart,2025-08-30 20:42:34.235934
11106,441.0,780,sess_4573,view,2025-07-19 17:12:28.235934
11107,13.0,325,sess_4245,view,2025-06-16 08:54:50.235934
11108,408.0,658,sess_215,add_to_cart,2026-02-10 00:34:20.235934
11109,242.0,154,sess_274,view,2026-02-26 17:02:07.235934
11110,79.0,1079,sess_1342,purchase,2025-12-24 03:35:47.235934
11111,474.0,407,sess_1609,view,2025-10-08 20:50:45.235934
11112,64.0,590,sess_4834,view,2025-06-18 23:04:21.235934
11113,903.0,2,sess_1291,view,2026-04-09 22:12:11.235934
11114,1178.0,561,sess_975,purchase,2026-03-29 06:24:02.235934
11115,1145.0,600,sess_1278,add_to_cart,2026-02-05 20:22:50.235934
11116,161.0,897,sess_2618,purchase,2026-06-11 12:43:16.235934
11117,923.0,349,sess_2405,purchase,2025-11-09 14:11:24.235934
11118,1008.0,32,sess_2852,view,2025-10-26 13:09:11.235934
11119,559.0,787,sess_4338,add_to_cart,2026-03-04 01:21:51.235934
11120,298.0,985,sess_4140,purchase,2026-05-12 05:55:07.235934
11121,504.0,313,sess_404,view,2026-03-08 14:40:25.235934
11122,989.0,800,sess_1057,purchase,2025-06-21 21:30:42.235934
11123,977.0,142,sess_1654,purchase,2025-09-21 16:22:30.235934
11124,968.0,786,sess_2176,view,2025-09-09 11:54:14.235934
11125,218.0,724,sess_1957,purchase,2025-10-03 07:40:01.235934
11126,371.0,534,sess_1397,purchase,2026-02-06 15:20:07.235934
11127,911.0,828,sess_2523,view,2026-01-28 03:49:39.235934
11128,29.0,799,sess_3098,view,2026-06-02 06:22:48.235934
11129,852.0,247,sess_1066,view,2026-01-17 00:48:45.235934
11130,1118.0,1032,sess_426,purchase,2025-09-25 04:23:26.235934
11131,780.0,871,sess_1139,purchase,2026-04-22 17:28:12.235934
11132,434.0,573,sess_1287,add_to_cart,2025-07-12 08:33:05.235934
11133,729.0,911,sess_4698,add_to_cart,2026-01-28 22:30:20.235934
11134,894.0,1109,sess_4891,purchase,2026-06-02 23:36:48.235934
11135,33.0,511,sess_4205,purchase,2026-04-04 13:18:29.235934
11136,1008.0,1040,,add_to_cart,2025-07-27 09:37:27.235934
11137,644.0,644,sess_4950,view,2026-04-04 08:20:56.235934
11138,767.0,391,sess_1269,add_to_cart,2025-07-24 08:52:01.235934
11139,1186.0,1034,sess_2042,add_to_cart,2025-12-20 02:49:30.235934
11140,489.0,89,sess_2875,add_to_cart,2026-05-06 21:52:25.235934
11141,227.0,649,sess_1102,purchase,2025-09-09 20:41:18.235934
11142,617.0,259,sess_1895,view,2025-06-13 08:04:17.235934
11143,1002.0,709,sess_738,add_to_cart,2026-05-16 11:44:01.235934
11144,436.0,338,sess_2917,purchase,2025-09-03 20:14:37.235934
11145,1144.0,589,sess_3405,view,2026-05-12 05:46:51.235934
11146,,419,sess_3480,purchase,2025-10-19 02:28:53.235934
11147,845.0,1027,sess_244,add_to_cart,2025-06-29 23:30:39.235934
11148,622.0,927,sess_2774,add_to_cart,2026-05-22 09:24:47.235934
11149,1105.0,571,sess_2225,add_to_cart,2026-04-10 10:50:06.235934
11150,466.0,1074,sess_4313,add_to_cart,2025-06-23 20:06:39.235934
11151,1001.0,754,sess_3697,purchase,2025-10-06 08:56:23.235934
11152,855.0,329,sess_707,purchase,2025-08-19 03:33:25.235934
11153,287.0,1160,sess_529,purchase,2026-02-22 00:15:02.235934
11154,886.0,1036,sess_451,view,invalid_timestamp
11155,94.0,1175,sess_235,add_to_cart,2026-03-13 01:19:44.235934
11156,725.0,265,sess_3489,view,2025-06-14 13:08:30.235934
11157,632.0,167,sess_1075,purchase,2025-10-19 04:40:32.235934
11158,439.0,632,sess_1462,add_to_cart,2025-11-10 13:40:53.235934
11159,474.0,228,sess_1265,purchase,2026-02-23 18:28:02.235934
11160,810.0,1018,sess_4263,add_to_cart,2025-10-01 09:52:34.235934
11161,125.0,765,sess_801,purchase,2026-01-06 17:07:31.235934
11162,,455,sess_2012,view,2025-10-11 06:16:56.235934
11163,851.0,86,sess_4078,view,2026-06-10 04:32:16.235934
11164,690.0,764,,purchase,2025-08-21 23:50:27.235934
11165,811.0,516,sess_3409,add_to_cart,2026-02-11 18:08:39.235934
11166,214.0,537,sess_380,purchase,2025-12-16 18:09:51.235934
11167,948.0,645,sess_2284,purchase,2025-11-02 02:18:21.235934
11168,985.0,133,sess_3978,purchase,2026-05-18 00:53:49.235934
11169,83.0,1022,sess_942,purchase,2026-05-20 19:23:16.235934
11170,48.0,1055,sess_3666,add_to_cart,2026-02-05 21:31:43.235934
11171,990.0,717,sess_3980,add_to_cart,2026-01-30 18:40:04.235934
11172,1061.0,861,sess_830,view,2025-09-09 07:27:22.235934
11173,593.0,164,sess_3531,add_to_cart,2026-04-07 17:41:27.235934
11174,542.0,447,sess_2429,purchase,2026-05-24 00:54:16.235934
11175,743.0,1022,sess_2140,purchase,2026-05-01 04:36:38.235934
11176,979.0,459,sess_3164,add_to_cart,2026-04-09 22:21:19.235934
11177,836.0,109,sess_1771,view,2026-02-04 20:12:57.235934
11178,322.0,666,sess_2265,purchase,2026-05-01 15:26:45.235934
11179,1093.0,210,,add_to_cart,2026-04-30 17:57:54.235934
11180,356.0,94,sess_4105,add_to_cart,2025-08-14 17:50:43.235934
11181,659.0,133,sess_3271,view,2026-03-15 20:18:51.237113
11182,367.0,663,sess_3186,view,2026-02-21 07:52:35.237113
143,443.0,295,sess_1672,view,2026-01-23 04:15:21.237113
11184,930.0,1001,sess_1788,view,2025-11-15 22:26:25.237113
11185,258.0,388,sess_275,view,2026-06-04 10:42:20.237113
11186,948.0,470,sess_1235,view,2025-07-05 11:04:39.237113
11187,1151.0,878,sess_2542,add_to_cart,2026-04-22 22:51:32.237113
11188,403.0,305,sess_599,purchase,2025-11-08 00:28:50.237113
11189,329.0,855,sess_5000,add_to_cart,2025-11-22 02:32:48.237113
11190,1190.0,1193,sess_4821,add_to_cart,2025-10-29 05:24:17.237113
11191,111.0,977,sess_3305,purchase,2026-01-20 08:11:47.237113
11192,393.0,624,,view,2026-03-13 16:37:43.237113
11193,966.0,512,sess_887,purchase,2025-07-19 17:40:59.237113
11194,1049.0,832,sess_3728,view,2025-11-24 03:37:35.237113
11195,1134.0,476,sess_1241,add_to_cart,invalid_timestamp
11196,46.0,654,sess_2481,purchase,2025-09-23 11:13:01.237113
11197,686.0,725,sess_2725,add_to_cart,2025-08-23 04:57:14.237113
11198,212.0,585,sess_4183,view,2026-01-31 06:32:03.237113
11199,1198.0,509,sess_3772,view,2025-12-04 06:01:31.237113
11200,713.0,476,sess_3964,purchase,2026-01-05 03:29:12.237113
11201,,1075,sess_171,add_to_cart,2025-06-15 15:14:18.237113
11202,453.0,836,sess_3036,view,2025-11-07 06:09:32.237113
11203,429.0,530,,add_to_cart,2025-08-15 05:17:33.237113
11204,,194,sess_2070,purchase,2026-06-04 08:07:28.237113
22,820.0,168,sess_3890,add_to_cart,2025-08-28 01:57:30.237113
11206,384.0,661,sess_412,add_to_cart,2025-08-20 15:05:18.237113
11207,23.0,1006,sess_2303,view,2025-08-30 14:03:56.237113
11208,592.0,582,sess_2152,view,2025-07-04 09:34:34.237113
11209,720.0,116,sess_3968,purchase,2025-11-02 13:42:32.237113
11210,601.0,153,sess_3432,purchase,2026-02-24 15:36:09.237113
11211,467.0,1189,sess_2637,purchase,2025-10-09 02:47:05.237113
11212,971.0,592,sess_1983,add_to_cart,2026-01-25 23:12:50.237113
11213,671.0,159,sess_2452,add_to_cart,2025-12-16 14:17:40.237113
11214,266.0,721,sess_4671,purchase,2025-10-25 20:14:33.237113
11215,1147.0,1011,sess_998,view,2026-03-06 05:24:44.237113
11216,405.0,1003,sess_395,view,2026-02-23 08:22:05.237113
11217,290.0,908,sess_2511,purchase,2026-02-14 07:16:20.237113
11218,322.0,752,sess_2254,purchase,2025-08-25 22:32:16.237113
11219,546.0,83,sess_3595,view,2026-01-31 11:52:03.237113
11220,704.0,214,sess_4046,view,2026-01-03 13:00:14.237113
48,298.0,956,sess_3635,add_to_cart,2026-02-17 21:20:39.237113
11222,410.0,530,sess_4861,purchase,2026-03-06 04:06:42.237113
11223,994.0,1132,sess_4411,purchase,2025-09-11 06:32:03.237113
11224,,900,,view,2026-01-11 19:09:47.237113
11225,,430,sess_1434,add_to_cart,2026-01-19 02:38:05.237113
11226,1111.0,725,,purchase,2025-12-27 10:09:26.237113
11227,731.0,671,sess_4702,purchase,2026-01-21 03:18:06.237113
11228,1087.0,996,sess_751,view,2025-11-27 06:37:24.237113
11229,751.0,1141,sess_4832,purchase,2026-01-03 08:23:19.237113
11230,997.0,518,sess_3502,view,2026-04-28 09:49:15.237113
11231,329.0,552,sess_4543,purchase,2025-09-20 12:12:40.237113
11232,102.0,1034,sess_3693,purchase,2026-04-20 00:06:24.237113
11233,91.0,126,sess_3380,view,2026-02-27 14:20:14.237113
11234,366.0,3,sess_3997,view,2025-09-16 06:35:52.237113
11235,979.0,68,sess_3900,view,2026-04-05 15:07:57.237113
11236,971.0,885,sess_4542,view,2026-06-04 14:59:21.237113
11237,355.0,328,sess_3001,view,2026-05-15 04:03:40.237113
11238,494.0,655,sess_1247,add_to_cart,2025-07-31 14:59:14.237113
11239,704.0,221,sess_3334,view,2025-09-28 09:56:37.237113
11240,650.0,817,sess_813,view,2025-11-30 03:49:23.237113
11241,884.0,465,sess_867,purchase,2025-08-16 09:30:21.237113
11242,706.0,1166,sess_4217,purchase,2025-10-08 17:01:49.237113
11243,238.0,294,sess_624,add_to_cart,2025-08-16 18:51:34.237113
11244,991.0,665,sess_1346,add_to_cart,2025-06-26 02:36:53.237113
11245,268.0,546,sess_2589,add_to_cart,2025-06-29 05:36:31.237113
11246,690.0,828,sess_1986,purchase,2025-09-26 15:41:09.237113
198,10.0,746,sess_1931,purchase,2026-05-23 10:15:20.237113
11248,1112.0,1015,sess_4349,view,2026-03-28 11:26:07.237113
11249,1052.0,939,sess_1397,add_to_cart,2025-10-06 18:28:13.237113
11250,613.0,502,sess_4910,add_to_cart,2026-06-03 11:16:17.237113
11251,759.0,212,sess_3566,purchase,2025-10-25 05:13:47.237113
11252,594.0,853,sess_1829,add_to_cart,2026-04-13 09:12:16.237113
11253,872.0,63,sess_257,purchase,2026-04-29 09:10:59.237113
11254,828.0,97,sess_1164,view,2025-07-15 06:41:58.237113
11255,485.0,562,,view,2026-03-15 13:44:34.237113
11256,806.0,269,sess_606,purchase,2025-07-14 11:09:51.237113
11257,1094.0,444,sess_2238,add_to_cart,2025-09-09 18:10:22.237113
11258,481.0,779,sess_1047,purchase,2025-09-10 04:27:59.237113
11259,982.0,173,sess_1116,purchase,2025-09-12 20:03:03.237113
11260,1088.0,171,sess_2580,view,2025-12-22 15:43:32.237113
11261,513.0,115,sess_3303,add_to_cart,2026-01-17 19:05:10.237113
11262,1030.0,751,sess_519,view,2026-05-20 16:27:04.237113
11263,,365,sess_786,add_to_cart,2026-04-05 13:52:37.237113
11264,255.0,523,sess_4556,purchase,2026-01-11 18:05:29.237113
11265,671.0,643,sess_1851,purchase,2025-07-29 04:44:43.237113
11266,662.0,491,sess_3255,purchase,2025-09-25 21:50:42.237113
11267,129.0,1078,sess_728,purchase,2026-06-03 08:35:09.237113
11268,416.0,269,sess_3761,view,2025-07-26 08:19:57.237113
11269,543.0,583,sess_3006,purchase,2026-02-09 12:09:56.237113
11270,695.0,1013,sess_1827,purchase,2025-06-19 08:23:44.237113
11271,1098.0,832,sess_2224,view,2026-03-24 08:18:33.237113
11272,149.0,139,sess_4422,add_to_cart,2026-01-23 22:32:44.237113
11273,1156.0,16,sess_2156,add_to_cart,2025-12-26 06:17:53.237113
11274,456.0,929,sess_19,add_to_cart,2025-09-07 11:55:37.237113
11275,323.0,87,sess_2490,add_to_cart,2025-09-24 12:04:38.237113
11276,1109.0,620,sess_2652,add_to_cart,2026-05-26 18:47:25.237113
11277,404.0,158,sess_4311,purchase,invalid_timestamp
11278,886.0,220,sess_464,add_to_cart,2025-08-02 11:54:42.237113
11279,261.0,1132,sess_1650,view,2025-08-18 14:00:58.237113
11280,856.0,126,sess_1971,view,2025-10-06 19:35:49.237113
11281,597.0,19,sess_2294,view,2025-07-26 18:11:28.237113
11282,1055.0,233,sess_3275,add_to_cart,2026-01-07 14:51:02.237113
11283,702.0,13,sess_4477,add_to_cart,2025-09-26 08:34:54.237113
11284,533.0,122,sess_2448,view,2025-06-14 17:29:54.237113
180,614.0,963,sess_4279,purchase,2025-08-04 05:55:47.237113
11286,,998,sess_2688,view,2026-06-05 03:16:51.237113
11287,348.0,87,sess_3591,view,2026-04-13 11:00:03.237113
11288,277.0,650,sess_4335,add_to_cart,2025-06-29 08:02:07.237113
11289,641.0,395,sess_850,view,2025-10-13 02:44:43.237113
11290,756.0,847,sess_4478,add_to_cart,2025-12-31 10:56:48.237113
11291,757.0,386,sess_2718,view,2026-06-10 16:37:53.237113
11292,365.0,750,sess_1179,purchase,2025-10-03 01:00:39.237113
11293,352.0,814,sess_3169,add_to_cart,2026-02-28 13:04:21.237113
11294,455.0,279,sess_3057,add_to_cart,2025-11-20 04:27:13.237113
11295,392.0,614,,purchase,2025-12-16 20:37:05.237113
11296,548.0,269,,add_to_cart,2025-06-16 09:37:25.237113
11297,871.0,39,sess_1657,purchase,2025-08-17 18:37:37.237113
11298,131.0,43,sess_1693,add_to_cart,2025-07-17 05:37:56.237113
11299,1000.0,1185,sess_4671,add_to_cart,2025-12-25 19:12:16.237113
11300,441.0,1039,sess_2277,purchase,2026-03-30 02:19:57.237113
11301,951.0,1064,sess_793,view,2025-11-11 05:00:34.237113
11302,522.0,597,sess_596,add_to_cart,2026-03-20 23:53:34.237113
11303,452.0,693,sess_4711,add_to_cart,2026-03-15 21:22:12.237113
11304,1165.0,413,sess_4009,purchase,2026-05-15 11:36:07.237113
11305,1196.0,788,sess_1172,add_to_cart,2025-10-23 08:38:51.237113
11306,495.0,229,sess_678,add_to_cart,2026-01-03 23:07:09.237113
11307,984.0,242,sess_3643,purchase,2026-05-12 16:43:23.237113
11308,308.0,39,,purchase,2025-06-22 12:05:41.237113
11309,514.0,792,sess_1388,add_to_cart,2025-07-16 17:49:49.237113
11310,555.0,1179,sess_4238,view,2025-08-08 03:25:48.237113
11311,585.0,598,sess_4006,view,2025-09-10 12:59:43.237113
11312,571.0,1154,sess_1295,purchase,2025-09-13 18:32:01.237113
11313,622.0,1117,sess_3722,add_to_cart,2025-06-15 16:01:29.237113
11314,1033.0,221,sess_748,add_to_cart,2025-10-13 10:03:06.237113
11315,488.0,770,,view,2025-12-31 10:35:14.237113
11316,1153.0,501,sess_2812,add_to_cart,2026-02-19 01:13:11.237113
11317,895.0,438,sess_1017,view,2025-10-23 09:38:10.237113
11318,759.0,906,sess_1421,view,2026-03-29 09:25:52.237113
11319,751.0,724,sess_3673,add_to_cart,2026-03-24 05:34:54.237113
11320,434.0,425,sess_4756,add_to_cart,2025-08-04 20:15:21.237113
11321,1099.0,951,sess_3263,view,2026-05-16 12:00:04.237113
11322,903.0,280,sess_4092,view,2026-01-18 04:20:34.237113
11323,642.0,592,sess_302,view,2026-03-14 03:51:43.237113
11324,802.0,611,sess_482,view,2025-11-12 16:51:57.237113
11325,776.0,1145,sess_1696,purchase,2025-07-15 13:12:53.237113
11326,409.0,96,sess_4750,view,2026-05-07 23:56:56.237113
124,875.0,64,sess_564,purchase,2026-03-09 17:33:42.237113
11328,437.0,697,sess_2618,view,2026-06-04 07:37:19.237113
11329,19.0,1046,sess_89,add_to_cart,invalid_timestamp
11330,1081.0,35,sess_2269,view,2026-02-15 09:22:04.237113
11331,354.0,229,sess_806,purchase,2026-05-11 19:07:35.237113
11332,174.0,246,sess_3512,purchase,2025-07-04 23:29:07.237113
11333,,587,sess_2018,purchase,2026-03-08 17:19:46.237113
11334,25.0,419,,purchase,2026-05-02 16:14:52.237113
11335,69.0,702,sess_4342,purchase,invalid_timestamp
11336,569.0,608,sess_1018,purchase,2026-02-25 00:41:27.237113
11337,616.0,207,sess_187,add_to_cart,2026-03-31 01:31:11.237113
11338,20.0,689,sess_72,add_to_cart,2026-03-31 01:30:16.237113
11339,820.0,893,sess_2807,add_to_cart,2026-04-08 22:57:05.237113
11340,,31,sess_2610,view,invalid_timestamp
11341,1158.0,443,sess_2794,add_to_cart,2025-09-03 10:36:23.237113
11342,564.0,3,sess_1337,purchase,2025-07-21 22:55:12.237113
11343,142.0,406,sess_3561,view,2026-02-04 10:29:20.237113
11344,133.0,47,sess_1077,add_to_cart,2025-09-17 13:56:19.237113
11345,1027.0,942,sess_3795,add_to_cart,2025-08-06 16:24:44.237113
11346,134.0,868,sess_1403,add_to_cart,2026-03-02 01:50:15.237113
11347,261.0,601,sess_2957,add_to_cart,2026-05-13 20:02:45.237113
11348,494.0,519,sess_3904,view,2025-11-18 19:13:54.237113
11349,935.0,800,sess_1700,purchase,2025-08-02 03:46:55.237113
11350,1176.0,1092,sess_1524,add_to_cart,2026-02-09 20:09:03.237113
11351,865.0,457,sess_903,purchase,2025-08-11 22:58:03.237113
11352,762.0,1001,sess_3384,purchase,2026-02-09 05:53:23.237113
173,826.0,977,sess_4033,view,2025-12-30 15:23:41.237113
11354,1190.0,494,sess_3969,view,2026-03-15 09:30:08.237113
11355,815.0,987,sess_3332,add_to_cart,invalid_timestamp
36,279.0,470,sess_4228,add_to_cart,2025-08-03 22:15:46.237113
53,1042.0,1149,sess_3846,purchase,2025-10-19 08:07:46.237113
11358,421.0,283,sess_2575,add_to_cart,2026-05-07 00:13:24.237113
11359,790.0,1048,sess_4320,view,2025-06-17 18:13:50.237113
162,989.0,665,sess_3257,add_to_cart,2025-07-18 09:33:44.237113
11361,378.0,947,sess_2618,view,2025-10-28 20:22:55.237113
11362,847.0,359,sess_719,add_to_cart,2025-07-19 03:41:13.237113
11363,826.0,293,sess_81,purchase,2025-11-19 19:14:49.237113
11364,,490,sess_2265,view,2025-06-25 03:24:17.237113
11365,472.0,86,sess_2448,purchase,2025-06-25 23:33:52.237113
11366,664.0,543,sess_3280,view,2026-01-18 02:11:13.237113
11367,,564,sess_2678,view,2025-06-11 03:50:56.237113
11368,951.0,949,sess_4695,purchase,2026-05-13 21:51:43.237113
11369,787.0,151,sess_3292,purchase,2025-08-25 04:42:34.237113
11370,297.0,956,sess_260,purchase,2025-07-17 10:05:27.237113
11371,474.0,936,sess_966,view,2025-09-24 15:45:23.237113
11372,359.0,79,sess_912,purchase,2026-02-19 03:27:47.237113
11373,647.0,1099,sess_1547,purchase,2026-03-15 01:43:11.237113
11374,993.0,398,sess_329,purchase,2026-04-28 22:49:59.237113
11375,549.0,119,sess_2338,add_to_cart,2026-05-18 05:16:45.237113
11376,377.0,500,sess_4416,purchase,2026-04-12 06:42:09.237113
11377,,107,,view,2025-06-28 21:09:01.237113
11378,287.0,1172,sess_1866,add_to_cart,2026-04-03 05:43:48.237113
11379,64.0,418,sess_1182,view,2025-09-12 03:24:25.237113
11380,1079.0,299,sess_2928,add_to_cart,2025-12-14 18:43:49.237113
11381,650.0,1176,sess_3499,purchase,2025-11-16 00:11:02.237113
11382,740.0,71,sess_4226,purchase,2026-03-12 01:24:25.237113
11383,1042.0,173,sess_2903,view,2026-05-25 19:09:05.237113
11384,495.0,346,sess_961,purchase,2025-07-25 14:52:09.237113
11385,36.0,831,sess_1987,purchase,2026-04-05 02:33:49.237113
11386,1097.0,673,sess_1046,purchase,2025-11-13 15:01:10.237113
11387,,616,sess_4283,view,2025-06-21 11:03:41.237113
11388,785.0,668,sess_3059,add_to_cart,2025-09-01 20:17:45.237113
11389,,717,,purchase,2025-12-04 02:15:01.237113
11390,335.0,544,sess_2517,view,2026-04-19 16:08:36.237113
11391,122.0,1057,sess_762,add_to_cart,2025-08-26 21:12:34.237113
11392,836.0,929,sess_2988,view,2026-05-17 07:10:25.237113
11393,,212,sess_3432,purchase,2025-08-07 03:22:37.237113
11394,1178.0,939,sess_2418,add_to_cart,2025-06-12 13:59:19.237113
11395,1056.0,535,sess_3018,add_to_cart,2025-09-02 19:31:11.237113
11396,1136.0,848,sess_1609,add_to_cart,2026-02-28 20:31:18.237113
11397,730.0,927,sess_725,purchase,2025-10-28 23:17:57.237113
11398,654.0,397,sess_2319,view,2025-10-12 01:55:36.237113
11399,61.0,189,sess_2753,purchase,2026-02-15 13:05:40.237113
11400,755.0,972,sess_4797,view,2026-05-18 06:45:58.237113
11401,951.0,1015,sess_3367,purchase,2026-05-14 14:29:31.237113
11402,760.0,337,sess_2505,view,2026-01-11 13:11:45.237113
11403,169.0,421,sess_2597,add_to_cart,2026-04-22 15:36:23.237113
11404,1017.0,991,sess_1058,view,2025-10-09 22:33:33.237113
11405,839.0,807,sess_4943,purchase,2026-01-30 17:47:43.237113
11406,11.0,53,sess_2183,view,2026-02-27 20:11:17.237113
11407,63.0,460,sess_1593,view,2026-01-23 04:20:48.237113
11408,976.0,888,sess_4135,view,2026-03-01 16:26:06.237113
11409,603.0,1057,sess_799,purchase,2025-06-28 05:41:55.237113
11410,766.0,233,sess_4813,purchase,2025-08-22 06:35:32.237113
11411,821.0,542,sess_2074,add_to_cart,2025-10-20 06:00:10.237113
11412,562.0,829,sess_2206,add_to_cart,2026-01-05 05:45:13.237113
11413,1122.0,137,sess_37,add_to_cart,2026-04-01 07:41:11.237113
11414,957.0,108,sess_357,purchase,2025-10-24 02:36:05.237113
11415,281.0,1089,sess_2772,view,invalid_timestamp
11416,408.0,105,sess_3318,view,2025-10-09 06:20:28.237113
11417,588.0,385,sess_2883,view,2026-04-19 13:33:19.237113
11418,977.0,239,sess_244,view,2025-10-07 05:37:16.237113
11419,,936,sess_550,add_to_cart,2026-04-14 13:54:30.237113
11420,328.0,700,sess_2841,purchase,invalid_timestamp
11421,790.0,1087,sess_1768,view,2026-05-14 21:42:56.237113
11422,310.0,264,sess_1821,purchase,2025-11-17 14:41:26.237113
11423,1029.0,2,sess_1481,purchase,2025-08-19 21:28:02.237113
11424,850.0,951,sess_795,purchase,2026-01-21 03:55:25.237113
11425,538.0,797,sess_761,purchase,2026-06-08 10:32:27.237113
11426,1008.0,515,sess_2823,purchase,2026-02-24 22:35:49.237113
11427,92.0,583,sess_3760,add_to_cart,2025-12-03 06:19:28.237113
11428,,26,sess_777,add_to_cart,2025-09-07 10:20:05.237113
11429,1150.0,1011,sess_4587,view,2026-06-09 17:01:44.237113
11430,385.0,616,sess_2897,purchase,2025-11-10 13:21:35.237113
11431,458.0,788,sess_2071,purchase,2026-02-12 09:47:36.237113
11432,746.0,974,sess_1898,view,2026-04-12 01:50:07.237113
11433,230.0,193,sess_3290,view,2026-03-28 04:26:44.237113
11434,381.0,1101,sess_4856,purchase,2026-06-02 03:21:40.237113
11435,539.0,1195,sess_1168,add_to_cart,2026-04-15 11:39:58.237113
11436,1113.0,379,sess_4795,purchase,2025-12-14 10:01:05.237113
11437,1174.0,814,sess_4472,view,2026-06-11 21:22:55.237113
11438,1131.0,660,sess_3458,add_to_cart,2025-12-13 20:26:56.237113
11439,325.0,319,sess_3607,purchase,2025-07-06 15:37:11.237113
11440,283.0,914,sess_3749,view,2026-05-09 00:30:23.237113
11441,467.0,1005,sess_3912,purchase,2026-03-02 22:21:50.237113
11442,214.0,1160,sess_3948,purchase,2026-06-01 02:24:32.237113
11443,74.0,617,sess_3278,purchase,2025-11-07 20:16:15.237113
11444,1126.0,719,,view,2025-11-21 21:11:40.237113
11445,921.0,95,sess_4785,view,2025-11-12 17:14:15.237113
11446,1044.0,462,sess_2827,view,2026-06-09 15:03:25.237113
11447,623.0,14,sess_459,view,2025-11-02 22:37:00.237113
11448,1133.0,662,sess_1073,add_to_cart,2026-02-28 00:11:46.237113
11449,132.0,348,sess_2609,view,2026-05-09 02:33:54.237113
11450,39.0,248,sess_824,add_to_cart,2025-10-22 15:09:40.237113
11451,67.0,1151,sess_3197,add_to_cart,2026-03-21 13:56:30.237113
11452,728.0,485,sess_583,purchase,2025-10-26 15:29:37.237113
11453,247.0,925,sess_3444,view,2026-03-02 00:46:54.237113
11454,480.0,145,sess_2215,view,2026-04-30 20:23:22.237113
11455,961.0,308,sess_2886,purchase,2025-10-24 10:52:21.237113
11456,34.0,201,sess_1624,view,2025-12-25 22:07:00.237113
11457,1136.0,757,sess_2318,add_to_cart,2025-08-07 07:10:48.237113
11458,234.0,713,sess_4623,purchase,2026-03-12 10:59:18.237113
11459,111.0,862,sess_1022,add_to_cart,2026-03-15 07:14:17.237113
11460,771.0,485,sess_3998,purchase,2026-05-26 06:43:33.237113
11461,983.0,618,sess_4169,view,2025-11-21 15:44:23.237113
11462,757.0,39,sess_3900,add_to_cart,2025-09-17 12:45:37.237113
11463,970.0,917,sess_2574,add_to_cart,2026-05-16 10:28:53.237113
11464,861.0,996,sess_3717,view,2025-08-05 20:49:04.237113
11465,409.0,1166,sess_928,purchase,invalid_timestamp
11466,301.0,979,sess_3164,purchase,2025-11-26 13:10:02.237113
11467,1191.0,597,sess_1393,add_to_cart,2025-11-16 20:32:14.237113
11468,275.0,148,sess_1295,view,2026-04-14 13:34:24.237113
11469,209.0,792,sess_3727,purchase,2025-07-30 02:59:17.237113
11470,909.0,721,sess_3596,add_to_cart,2026-04-11 19:18:52.237113
11471,321.0,489,sess_2943,add_to_cart,2025-06-21 23:52:36.237113
11472,628.0,1062,sess_4893,add_to_cart,2026-04-01 23:58:24.237113
11473,1065.0,1092,sess_3036,add_to_cart,2025-10-17 19:46:34.237113
11474,,964,sess_2440,purchase,2026-02-10 12:27:33.237113
11475,929.0,953,sess_4522,view,2025-09-05 12:52:34.237113
11476,53.0,950,sess_1639,add_to_cart,2026-05-14 14:47:48.237113
11477,614.0,889,sess_1423,view,2026-02-18 22:42:38.237113
11478,643.0,384,sess_3018,view,2025-12-20 12:47:23.237113
11479,227.0,275,sess_1102,add_to_cart,2025-12-07 01:38:58.237113
42,1141.0,765,sess_1285,view,2026-04-07 15:29:57.237113
11481,1184.0,942,sess_1403,add_to_cart,2026-05-12 13:08:49.237113
11482,753.0,1020,sess_2511,add_to_cart,2025-09-04 14:59:11.237113
11483,630.0,103,sess_2405,purchase,2026-04-12 07:59:20.237113
11484,437.0,295,sess_2623,add_to_cart,2025-11-15 05:09:45.237113
11485,409.0,91,sess_22,add_to_cart,2026-05-26 00:27:39.237113
11486,1074.0,301,sess_3467,add_to_cart,2025-11-05 18:50:57.237113
11487,1161.0,479,sess_2842,add_to_cart,2026-02-11 11:06:38.237113
11488,16.0,1134,sess_3212,view,2026-01-23 06:10:54.237113
11489,470.0,465,sess_2837,purchase,2025-12-24 19:08:46.237113
11490,1048.0,804,sess_4242,purchase,2026-05-11 18:17:34.237113
11491,784.0,303,,add_to_cart,2025-07-30 05:33:38.237113
11492,1128.0,332,sess_192,purchase,2026-01-06 16:03:58.237113
11493,953.0,790,sess_4976,add_to_cart,invalid_timestamp
11494,117.0,1069,sess_2586,purchase,2025-11-25 19:40:25.237113
11495,717.0,55,,purchase,2025-12-18 22:03:07.237113
11496,1000.0,85,sess_1496,purchase,2026-04-26 15:09:22.237113
11497,752.0,1198,sess_4207,purchase,2026-04-30 07:58:36.237113
11498,340.0,502,,add_to_cart,2025-10-06 19:06:25.237113
11499,1179.0,1034,sess_3452,view,2025-09-26 03:11:14.237113
11500,246.0,72,sess_2238,purchase,2025-10-01 22:58:56.237113
11501,544.0,767,sess_2970,add_to_cart,2025-11-13 12:57:17.237113
11502,357.0,322,sess_4802,add_to_cart,2025-09-01 17:20:27.237113
11503,512.0,710,sess_1056,view,2025-12-06 21:56:09.237113
11504,1071.0,54,sess_922,purchase,2026-04-10 16:34:11.237113
11505,6.0,880,sess_4734,add_to_cart,2025-12-29 01:44:16.237113
11506,695.0,1038,sess_2599,purchase,invalid_timestamp
11507,18.0,639,sess_3412,view,2025-09-23 06:10:29.237113
11508,1039.0,31,sess_4500,add_to_cart,2026-05-21 23:36:25.237113
11509,786.0,1190,sess_3851,purchase,2025-11-02 02:26:58.237113
11510,613.0,451,sess_4284,purchase,2025-08-14 19:33:34.237113
11511,772.0,184,sess_2790,add_to_cart,2026-01-21 22:12:33.237113
11512,1130.0,103,sess_4883,purchase,2026-06-04 19:24:32.237113
11513,267.0,902,sess_1292,add_to_cart,2026-02-06 18:10:06.237113
11514,711.0,1003,sess_3920,purchase,2026-05-04 19:33:16.237113
11515,167.0,897,sess_2996,view,2025-11-30 09:43:00.237113
11516,665.0,503,sess_1851,view,2025-11-25 22:55:37.237113
11517,1133.0,225,sess_2711,purchase,2025-08-23 16:15:16.237113
11518,308.0,1196,sess_4352,purchase,2025-11-13 18:53:56.237113
11519,457.0,71,sess_1314,add_to_cart,2025-09-19 04:14:46.237113
11520,852.0,1001,sess_1217,purchase,invalid_timestamp
11521,1050.0,487,sess_363,add_to_cart,2025-10-04 02:01:17.237113
11522,3.0,291,sess_1357,add_to_cart,2026-01-06 22:32:58.237113
11523,1060.0,852,sess_727,purchase,2025-11-10 16:56:43.237113
11524,205.0,596,sess_1338,view,2025-07-19 04:07:31.237113
11525,320.0,543,sess_593,view,2026-04-26 18:27:19.237113
11526,628.0,868,sess_4882,view,2025-10-21 19:05:27.237113
11527,520.0,1130,sess_1045,view,2025-06-21 22:06:00.237113
11528,982.0,243,sess_1803,add_to_cart,2025-08-26 05:12:02.237113
11529,150.0,869,sess_1046,purchase,2026-05-09 10:07:58.237113
11530,,419,sess_1442,add_to_cart,2025-06-20 20:23:55.237113
11531,334.0,402,sess_2990,add_to_cart,2026-05-20 22:06:46.237113
11532,551.0,514,sess_561,add_to_cart,2026-04-26 17:16:12.237113
11533,525.0,37,sess_1269,purchase,2026-02-03 00:54:33.237113
11534,926.0,854,sess_3681,purchase,2025-11-20 13:31:16.237113
11535,649.0,239,sess_1004,purchase,2025-11-10 06:04:51.237113
11536,545.0,850,sess_1595,purchase,2026-03-14 23:28:36.237113
11537,834.0,752,sess_520,add_to_cart,2025-10-24 23:08:26.237113
11538,162.0,920,sess_492,purchase,2026-02-13 13:28:37.237113
11539,956.0,906,sess_4721,add_to_cart,2026-04-08 11:54:37.237113
11540,361.0,157,sess_4732,purchase,2026-04-15 09:19:40.237113
11541,1122.0,1010,sess_3477,purchase,invalid_timestamp
11542,187.0,653,sess_367,purchase,invalid_timestamp
11543,443.0,84,sess_3960,purchase,invalid_timestamp
11544,154.0,601,sess_4971,view,2026-01-17 16:36:07.237113
11545,822.0,1065,sess_954,add_to_cart,2025-08-04 06:31:57.237113
11546,852.0,410,sess_4346,view,2026-01-01 20:02:01.237113
11547,1184.0,441,sess_1579,view,2026-03-21 12:01:23.237113
11548,10.0,864,sess_3487,view,2026-05-08 17:23:16.237113
11549,52.0,147,,purchase,2025-11-10 13:37:16.237113
11550,,62,sess_1719,view,2025-06-12 06:06:00.237113
11551,914.0,721,sess_2834,add_to_cart,2025-07-03 06:43:19.237113
11552,566.0,193,sess_199,add_to_cart,2026-04-01 09:53:30.237113
11553,1077.0,648,sess_4108,add_to_cart,2025-09-26 06:03:45.237113
11554,575.0,524,sess_4394,view,2026-05-05 09:42:19.237113
196,467.0,136,sess_571,add_to_cart,2025-08-29 04:15:29.237113
11556,886.0,320,sess_4419,add_to_cart,2025-09-19 13:57:53.237113
11557,696.0,28,sess_418,add_to_cart,2025-09-09 12:00:44.237113
11558,67.0,311,sess_1217,view,2026-01-18 19:25:19.237113
11559,348.0,306,sess_95,view,2025-07-28 20:58:16.237113
11560,695.0,1097,sess_1267,purchase,2026-01-14 11:54:03.237113
11561,510.0,1033,sess_1443,add_to_cart,2025-12-09 01:47:30.237113
11562,,843,sess_3908,view,2025-09-29 20:00:12.237113
11563,525.0,567,sess_2494,add_to_cart,2025-10-12 04:23:04.237113
11564,294.0,616,sess_1485,view,2025-12-03 13:34:10.237113
11565,767.0,587,sess_2476,add_to_cart,2026-04-18 20:59:34.237113
11566,467.0,339,sess_3205,view,2025-07-15 19:47:15.237113
11567,1091.0,869,sess_4100,view,2025-12-25 05:22:47.237113
11568,871.0,763,sess_2959,purchase,2026-04-10 02:54:41.237113
11569,718.0,211,sess_3722,purchase,invalid_timestamp
120,429.0,44,sess_4683,purchase,invalid_timestamp
11571,565.0,478,sess_2358,purchase,2025-08-23 09:36:26.237113
11572,791.0,1194,sess_3536,purchase,2026-05-09 01:55:33.237113
11573,143.0,506,sess_4160,view,2025-07-13 08:36:18.237113
11574,986.0,587,sess_616,add_to_cart,2025-07-21 19:43:00.237113
11575,1076.0,835,sess_2679,purchase,2026-02-01 00:29:45.237113
11576,1040.0,612,sess_3905,add_to_cart,2025-12-25 05:25:19.237113
11577,570.0,960,sess_851,add_to_cart,invalid_timestamp
11578,9.0,714,sess_1302,purchase,2025-09-28 02:19:13.237113
11579,632.0,1027,sess_866,add_to_cart,2026-04-29 01:51:26.237113
11580,498.0,18,sess_419,add_to_cart,2025-10-09 02:34:11.237113
11581,1094.0,1146,sess_1749,add_to_cart,2026-02-11 11:56:52.237113
11582,24.0,1104,sess_4588,purchase,2026-04-30 16:31:50.237113
11583,485.0,960,sess_3893,add_to_cart,2025-06-17 15:59:25.237113
11584,132.0,1172,sess_1452,purchase,2026-02-10 16:17:52.237113
11585,126.0,1146,sess_4214,add_to_cart,2026-03-26 16:02:07.237113
11586,700.0,783,sess_434,add_to_cart,2026-06-03 15:19:38.237113
11587,271.0,614,sess_1143,purchase,2026-05-22 05:34:25.237113
11588,364.0,898,sess_3143,purchase,2026-01-28 15:08:18.237113
11589,248.0,758,sess_998,view,2025-10-11 08:02:57.237113
11590,243.0,108,sess_3902,view,2026-05-05 16:31:57.237113
11591,111.0,816,sess_1544,purchase,2025-10-14 22:38:22.237113
11592,1168.0,1032,sess_288,purchase,2025-08-13 09:19:56.237113
11593,928.0,1093,sess_3131,purchase,2026-01-04 08:09:09.237113
11594,651.0,442,sess_3454,view,2026-01-20 11:05:13.237113
11595,607.0,413,sess_1148,purchase,2026-01-18 13:17:14.237113
11596,209.0,118,sess_3403,add_to_cart,2026-05-12 21:18:56.237113
11597,902.0,676,sess_2717,purchase,2025-11-11 19:58:20.237113
11598,352.0,464,sess_4810,purchase,2025-11-17 01:56:10.237113
11599,487.0,1186,sess_4455,view,2025-11-20 01:06:56.238931
11600,51.0,536,sess_427,view,2025-07-01 11:55:33.238931
11601,276.0,655,sess_3542,add_to_cart,invalid_timestamp
11602,1180.0,1168,sess_3011,view,2025-07-18 13:15:31.238931
11603,536.0,303,sess_2301,add_to_cart,2026-04-10 21:22:58.238931
11604,73.0,535,sess_1566,purchase,2026-05-15 16:38:25.238931
11605,59.0,271,sess_4110,purchase,invalid_timestamp
11606,842.0,653,sess_3669,view,2026-04-14 14:36:58.238931
11607,876.0,320,sess_2882,purchase,2026-06-10 16:29:12.238931
11608,190.0,188,,add_to_cart,2025-10-11 08:56:40.238931
11609,384.0,344,sess_2989,purchase,2025-10-13 07:18:05.238931
11610,105.0,974,sess_4817,purchase,2025-06-22 19:59:36.238931
11611,742.0,42,sess_1395,view,2025-11-12 14:38:24.238931
11612,93.0,20,sess_2622,add_to_cart,2025-11-10 09:53:07.238931
11613,744.0,452,sess_4846,add_to_cart,2025-10-10 01:29:37.238931
11614,212.0,748,sess_2490,add_to_cart,2025-06-15 01:39:58.238931
11615,297.0,248,sess_4067,view,2025-09-02 06:56:06.238931
11616,371.0,934,sess_589,view,2026-03-07 04:18:40.238931
11617,137.0,262,sess_439,add_to_cart,2025-08-26 10:47:27.238931
11618,12.0,300,sess_196,add_to_cart,2026-03-09 11:20:56.238931
11619,330.0,241,sess_3070,add_to_cart,2025-11-09 03:27:36.238931
11620,613.0,1200,sess_4259,add_to_cart,2026-05-21 08:35:26.238931
11621,1017.0,571,sess_995,add_to_cart,2025-09-20 12:19:28.238931
11622,694.0,609,sess_2170,view,2025-12-13 03:36:40.238931
11623,485.0,493,sess_4439,add_to_cart,2026-05-21 15:38:19.238931
11624,492.0,546,sess_557,add_to_cart,2026-04-25 06:02:21.238931
11625,642.0,449,sess_2731,purchase,2026-03-13 07:39:32.238931
11626,1065.0,47,sess_2776,add_to_cart,2025-08-31 20:20:26.238931
11627,396.0,1044,sess_1790,purchase,2025-09-27 11:45:37.238931
11628,418.0,84,sess_632,view,2026-06-02 13:17:14.238931
11629,812.0,532,sess_2565,add_to_cart,2026-04-21 11:53:07.238931
11630,882.0,366,sess_204,view,2026-01-18 01:00:00.238931
11631,141.0,819,sess_1790,purchase,2026-03-15 10:53:49.238931
11632,1133.0,822,sess_1135,view,2026-01-16 20:11:21.238931
11633,1063.0,1195,sess_2297,purchase,2025-09-02 02:46:02.238931
11634,1019.0,282,sess_273,add_to_cart,2026-05-02 21:30:28.238931
11635,1076.0,115,sess_3844,view,2025-06-26 04:09:05.238931
11636,975.0,263,sess_452,add_to_cart,2025-07-21 13:49:10.238931
11637,240.0,1059,sess_3146,view,2026-03-06 06:50:06.238931
11638,977.0,119,sess_1337,add_to_cart,2025-11-14 04:32:38.238931
11639,530.0,1026,sess_2413,add_to_cart,2025-12-06 06:59:06.238931
11640,555.0,917,sess_1786,add_to_cart,2025-10-10 23:05:03.238931
11641,987.0,333,sess_3239,add_to_cart,2025-06-27 20:06:43.238931
11642,912.0,922,sess_2649,view,2025-10-11 00:40:24.238931
11643,,665,sess_2160,view,2025-08-09 01:27:28.238931
11644,281.0,1073,sess_236,add_to_cart,2025-07-11 04:08:59.238931
11645,639.0,143,sess_3664,add_to_cart,2026-02-26 03:22:29.238931
178,983.0,149,sess_4016,purchase,2026-03-20 18:04:18.238931
11647,45.0,1037,sess_2887,purchase,2026-04-05 03:21:44.238931
11648,281.0,578,sess_2966,view,2026-01-10 15:09:02.238931
11649,901.0,944,sess_581,purchase,2026-03-18 18:49:15.238931
11650,485.0,741,sess_4984,view,2025-07-08 02:22:52.238931
11651,478.0,951,sess_196,add_to_cart,2025-12-06 08:27:07.238931
11652,496.0,125,sess_4484,add_to_cart,2025-12-02 15:02:52.238931
11653,208.0,1028,sess_1528,view,2025-09-08 08:13:32.238931
11654,185.0,518,sess_3279,add_to_cart,2025-09-26 02:37:26.238931
11655,,442,sess_4792,add_to_cart,2026-03-31 11:52:40.238931
11656,955.0,1100,sess_262,add_to_cart,2026-03-15 11:45:00.238931
11657,1162.0,349,sess_1912,view,2025-07-21 09:37:33.238931
11658,1084.0,162,sess_4009,add_to_cart,2026-01-20 18:19:22.238931
11659,336.0,999,sess_1426,view,2026-03-05 02:01:47.238931
11660,548.0,324,sess_3201,add_to_cart,2025-08-29 05:33:15.238931
11661,463.0,1115,sess_1611,view,2025-12-02 11:20:24.238931
11662,572.0,278,sess_3187,view,2025-11-09 19:10:00.238931
11663,825.0,312,sess_3940,view,2026-03-08 22:22:57.238931
91,293.0,498,sess_1942,purchase,2025-06-28 08:56:13.238931
11665,710.0,207,,purchase,2026-01-09 04:18:58.238931
11666,643.0,139,sess_1120,add_to_cart,2025-11-06 10:36:21.238931
11667,205.0,364,sess_3367,view,2025-11-16 02:29:23.238931
11668,931.0,631,sess_354,add_to_cart,2025-07-01 07:30:26.238931
18,292.0,1019,sess_477,add_to_cart,2026-03-01 17:26:56.238931
11670,1137.0,178,sess_2703,add_to_cart,2025-11-16 19:15:38.238931
11671,1180.0,931,sess_3033,view,2026-05-15 14:15:37.238931
11672,154.0,219,sess_3656,purchase,2026-05-12 21:01:10.238931
11673,1181.0,661,sess_3118,view,2025-10-31 08:16:49.238931
11674,988.0,35,,add_to_cart,2025-06-16 07:34:02.238931
11675,618.0,496,sess_4986,add_to_cart,2026-02-23 08:04:15.238931
11676,797.0,937,,add_to_cart,2025-08-25 12:58:41.238931
11677,629.0,1144,sess_3723,view,2026-06-11 10:43:14.238931
11678,1174.0,133,sess_1129,add_to_cart,2026-05-02 07:48:54.238931
11679,502.0,64,sess_3176,purchase,2025-07-25 07:40:53.238931
11680,733.0,754,sess_3237,add_to_cart,2026-04-18 18:12:29.238931
11681,966.0,328,sess_4430,view,2026-01-29 10:47:53.238931
11682,792.0,431,sess_4729,add_to_cart,2025-06-30 12:10:12.238931
11683,1051.0,398,sess_1396,add_to_cart,2026-02-18 15:45:28.238931
11684,724.0,233,sess_2129,view,2026-03-09 17:08:34.238931
11685,736.0,958,sess_938,add_to_cart,2025-12-29 00:48:56.238931
11686,30.0,14,sess_1909,view,2026-01-04 04:29:09.238931
11687,738.0,211,sess_1089,add_to_cart,2025-09-10 19:16:16.238931
11688,620.0,632,,view,2025-07-27 09:31:24.238931
11689,32.0,422,,add_to_cart,2026-02-26 09:29:59.238931
11690,,661,sess_3699,purchase,2025-08-14 14:59:49.238931
11691,1001.0,1194,sess_2965,purchase,2026-01-22 04:48:29.238931
11692,163.0,933,sess_91,add_to_cart,2025-08-19 05:57:11.238931
11693,910.0,635,sess_1785,view,2026-01-14 11:56:55.238931
11694,906.0,880,sess_1124,view,2026-01-24 10:19:35.238931
11695,1116.0,196,sess_2775,purchase,2026-02-16 06:04:46.238931
11696,620.0,47,sess_2437,purchase,2026-05-15 21:32:27.238931
11697,73.0,1115,sess_471,view,2025-07-20 07:05:33.238931
11698,31.0,36,sess_4749,purchase,2026-04-20 07:37:26.238931
11699,868.0,1022,sess_843,purchase,2025-12-25 19:16:03.238931
11700,133.0,1100,sess_1698,view,invalid_timestamp
11701,697.0,924,sess_1664,add_to_cart,2026-04-15 23:42:48.238931
11702,75.0,531,sess_2571,add_to_cart,2025-11-30 16:10:56.238931
11703,193.0,952,sess_2562,add_to_cart,2026-03-28 21:05:56.238931
11704,283.0,1095,sess_2735,view,2025-11-24 20:57:23.238931
11705,761.0,871,sess_468,purchase,2026-04-28 08:26:39.238931
11706,830.0,1079,sess_88,view,2025-12-09 22:57:10.238931
11707,1104.0,762,sess_2380,add_to_cart,2026-04-19 22:17:38.238931
11708,620.0,319,sess_4210,add_to_cart,2025-08-14 21:16:54.238931
11709,960.0,686,sess_1656,purchase,2025-10-21 06:19:40.238931
11710,988.0,936,sess_4783,view,2025-11-14 15:18:08.238931
11711,275.0,149,sess_3718,add_to_cart,2026-03-11 07:26:13.238931
3,560.0,970,sess_3391,add_to_cart,2026-03-16 08:13:27.238931
11713,1054.0,1176,sess_349,purchase,2025-10-21 10:34:10.238931
11714,229.0,1178,sess_2203,view,2025-08-11 17:38:32.238931
11715,665.0,596,sess_1497,add_to_cart,2025-09-11 11:10:40.238931
11716,1188.0,837,sess_3578,view,2025-09-04 03:01:41.238931
11717,1029.0,333,sess_3455,view,2026-05-11 18:01:16.238931
11718,100.0,102,sess_4718,add_to_cart,2025-11-21 01:25:58.238931
11719,673.0,167,sess_691,add_to_cart,2026-05-21 13:19:13.238931
11720,621.0,41,,add_to_cart,invalid_timestamp
11721,484.0,512,sess_1427,view,2026-04-17 09:41:54.238931
11722,450.0,1096,sess_2805,view,2026-03-12 14:06:26.238931
80,,599,sess_3824,purchase,2025-07-11 03:47:41.238931
11724,54.0,577,sess_688,add_to_cart,2025-09-05 11:36:56.238931
11725,,494,sess_579,add_to_cart,2025-12-04 03:03:04.238931
11726,247.0,996,sess_4174,view,2025-06-19 00:16:57.238931
11727,137.0,88,sess_4919,add_to_cart,invalid_timestamp
68,464.0,1196,sess_2048,view,2025-12-20 00:36:21.238931
11729,184.0,375,sess_2752,add_to_cart,2025-06-27 23:02:45.238931
11730,670.0,719,sess_2804,view,2026-04-03 00:39:10.238931
11731,718.0,44,sess_4867,view,2025-10-28 07:48:53.238931
11732,580.0,647,sess_3573,view,2025-12-24 10:17:11.238931
72,755.0,898,sess_3705,purchase,2025-11-09 16:55:43.238931
11734,1117.0,933,sess_404,view,2025-12-10 21:44:59.238931
22,163.0,1128,sess_3745,view,2025-10-04 19:46:45.238931
11736,859.0,744,sess_4476,view,2025-09-05 13:14:54.238931
11737,933.0,639,sess_1266,add_to_cart,2026-02-06 04:19:34.238931
11738,957.0,269,sess_2956,view,2026-02-08 03:00:40.238931
11739,330.0,993,sess_4868,view,2026-01-17 09:28:20.238931
11740,972.0,577,sess_4047,purchase,2025-12-24 02:57:40.238931
11741,1066.0,552,sess_2010,add_to_cart,2025-06-12 14:38:30.238931
11742,746.0,77,sess_4142,view,2025-12-08 21:39:00.238931
11743,392.0,107,,add_to_cart,2025-11-11 06:12:48.238931
11744,170.0,38,sess_1594,purchase,invalid_timestamp
11745,436.0,693,sess_550,add_to_cart,2025-06-17 17:10:51.238931
11746,772.0,630,sess_28,add_to_cart,2026-04-05 23:23:32.238931
11747,32.0,3,sess_2593,add_to_cart,2025-08-07 02:50:59.238931
11748,817.0,759,sess_4505,add_to_cart,2026-02-21 09:31:45.238931
11749,598.0,820,sess_4095,view,2025-12-19 20:49:12.238931
11750,476.0,974,sess_1185,add_to_cart,2025-07-14 23:51:04.238931
11751,1004.0,651,,add_to_cart,2026-03-27 12:44:39.238931
11752,362.0,540,,view,2026-02-13 15:38:19.238931
11753,1154.0,619,sess_3850,purchase,2025-09-30 07:38:04.238931
11754,268.0,973,sess_4908,add_to_cart,2025-12-24 22:28:25.238931
11755,324.0,385,sess_2917,purchase,2026-01-16 23:10:48.238931
11756,928.0,457,sess_245,purchase,2025-12-17 06:07:30.238931
11757,,400,sess_1938,view,2025-09-21 07:19:31.238931
11758,1185.0,327,sess_4060,add_to_cart,invalid_timestamp
11759,118.0,86,sess_3852,view,2025-12-29 08:14:01.238931
11760,843.0,1161,sess_1272,purchase,2026-06-01 21:22:01.238931
156,152.0,311,sess_1858,add_to_cart,2025-11-29 04:39:13.238931
11762,323.0,724,sess_3845,view,2025-07-05 17:34:51.238931
11763,994.0,5,sess_1529,add_to_cart,2025-09-18 05:41:24.238931
11764,261.0,60,sess_914,view,2026-03-31 09:05:57.238931
11765,872.0,662,sess_2610,view,2025-10-21 00:41:09.238931
11766,40.0,872,sess_1050,view,2025-09-17 13:17:49.238931
11767,582.0,246,sess_3620,purchase,invalid_timestamp
11768,343.0,93,sess_318,add_to_cart,2025-09-06 11:32:38.238931
11769,,307,sess_3491,purchase,2025-07-12 20:59:06.238931
11770,855.0,474,sess_3660,view,2025-07-24 14:54:35.238931
11771,227.0,681,sess_4963,view,2026-02-12 08:54:08.238931
11772,842.0,34,sess_4309,purchase,2025-11-27 00:00:02.238931
11773,909.0,601,sess_3281,purchase,2026-05-04 19:33:59.238931
11774,493.0,1001,sess_4124,add_to_cart,2026-03-31 07:55:12.238931
11775,146.0,1005,sess_1270,add_to_cart,2026-01-15 18:43:22.238931
11776,259.0,625,sess_1307,add_to_cart,2026-03-08 00:59:23.238931
11777,1000.0,738,,purchase,2025-08-21 11:08:39.238931
11778,823.0,231,sess_450,view,2026-04-29 21:32:20.238931
11779,412.0,469,sess_327,add_to_cart,2026-02-21 13:02:16.238931
11780,564.0,1178,sess_33,add_to_cart,2025-07-13 17:09:17.238931
11781,838.0,557,sess_1228,purchase,2025-10-15 02:50:25.238931
11782,,895,sess_1325,add_to_cart,2025-07-18 06:50:06.238931
11783,952.0,309,sess_3188,purchase,2026-01-15 15:06:32.238931
11784,824.0,435,sess_1042,purchase,2026-05-15 22:45:28.238931
11785,1103.0,425,sess_1750,purchase,invalid_timestamp
11786,800.0,605,sess_2259,view,2026-01-24 04:12:23.238931
11787,612.0,712,sess_3593,purchase,invalid_timestamp
11788,1138.0,678,sess_1446,add_to_cart,2026-04-04 12:04:57.238931
11789,372.0,675,sess_661,view,2025-08-28 09:16:59.238931
11790,347.0,857,sess_3853,purchase,2026-04-22 05:32:33.238931
11791,830.0,490,sess_4168,purchase,2026-04-20 09:22:46.238931
11792,637.0,131,sess_3886,add_to_cart,2025-07-05 04:31:36.238931
11793,937.0,1147,,add_to_cart,invalid_timestamp
11794,634.0,298,sess_1758,add_to_cart,2025-06-25 03:52:56.238931
11795,668.0,213,sess_1505,purchase,2025-10-12 11:48:08.238931
11796,707.0,653,sess_2535,purchase,2026-01-15 09:32:12.238931
11797,1038.0,1164,sess_772,add_to_cart,2025-08-16 18:21:15.238931
11798,186.0,74,sess_3505,purchase,2026-05-20 06:48:18.238931
11799,980.0,366,sess_433,add_to_cart,2025-09-14 08:23:56.238931
11800,753.0,796,sess_2196,purchase,2026-05-24 04:19:34.238931
11801,625.0,468,sess_1172,add_to_cart,2026-02-13 17:11:27.238931
11802,636.0,580,sess_1029,view,2025-12-29 14:56:45.238931
11803,166.0,1134,sess_3762,add_to_cart,2026-01-27 14:49:06.238931
11804,824.0,358,sess_1738,add_to_cart,2026-03-15 22:10:48.238931
11805,100.0,970,sess_2781,view,2025-11-30 20:26:44.238931
11806,547.0,452,sess_4753,add_to_cart,2025-09-13 03:20:50.238931
11807,1178.0,1161,sess_770,add_to_cart,2026-03-01 09:59:17.238931
11808,1152.0,146,sess_4156,purchase,2026-02-04 05:02:22.238931
11809,460.0,979,sess_1428,purchase,2025-12-25 03:19:01.238931
11810,206.0,396,sess_2606,view,2025-09-22 03:36:04.238931
11811,55.0,247,sess_179,purchase,invalid_timestamp
11812,1034.0,131,sess_4510,view,2026-01-24 14:04:51.238931
11813,1194.0,391,sess_4983,view,2026-06-01 13:27:36.238931
11814,1168.0,477,sess_1558,add_to_cart,2026-06-06 19:28:43.238931
11815,244.0,1057,sess_4844,purchase,invalid_timestamp
11816,866.0,918,sess_2841,purchase,2025-10-29 16:57:06.238931
11817,1178.0,930,sess_3319,purchase,2025-12-27 20:29:19.238931
11818,989.0,575,sess_658,add_to_cart,2026-02-18 21:44:37.238931
11819,704.0,778,,add_to_cart,2026-02-11 17:00:10.238931
11820,843.0,614,sess_4256,view,2025-08-03 14:53:24.238931
11821,61.0,1060,sess_3500,view,2026-04-14 18:52:50.238931
11822,45.0,873,sess_3084,view,2025-11-20 18:48:42.238931
11823,166.0,430,,purchase,2026-04-24 06:34:40.238931
11824,246.0,139,sess_1998,view,2025-09-05 23:55:12.238931
11825,245.0,1024,sess_1758,add_to_cart,2026-06-04 23:05:21.238931
11826,441.0,1062,sess_843,add_to_cart,2025-11-27 00:23:31.238931
11827,822.0,799,sess_2039,add_to_cart,2026-01-21 05:20:22.238931
11828,257.0,1032,sess_4312,add_to_cart,2026-06-03 21:37:43.238931
11829,193.0,273,sess_2884,view,2026-02-06 22:26:14.238931
11830,631.0,31,sess_3449,purchase,2025-07-22 06:33:32.238931
11831,1050.0,243,sess_2631,view,2025-12-18 08:12:29.238931
11832,319.0,439,sess_4613,add_to_cart,2025-06-20 06:50:25.238931
11833,228.0,191,sess_3670,purchase,invalid_timestamp
11834,420.0,270,sess_2405,purchase,2026-05-02 17:13:16.238931
11835,759.0,615,sess_2284,view,2025-08-23 23:39:32.238931
11836,6.0,1018,sess_4295,add_to_cart,2026-04-03 01:29:41.238931
137,681.0,486,sess_3166,purchase,2025-10-05 10:07:34.238931
11838,1189.0,1029,sess_4379,view,2026-05-13 17:25:31.238931
11839,663.0,1078,sess_3536,add_to_cart,2025-09-18 05:55:44.238931
11840,363.0,240,sess_451,add_to_cart,2025-06-26 07:37:07.238931
11841,1115.0,323,,view,2026-05-17 18:31:27.238931
11842,919.0,707,sess_1406,add_to_cart,2025-12-12 12:01:36.238931
11843,628.0,1111,sess_2670,add_to_cart,2026-01-14 13:28:09.238931
11844,960.0,1143,sess_4933,add_to_cart,2026-04-04 09:11:54.238931
11845,1126.0,705,sess_4413,add_to_cart,2026-04-04 08:08:06.238931
11846,3.0,633,sess_3271,view,2026-03-31 04:58:01.238931
11847,1063.0,743,sess_3985,purchase,invalid_timestamp
11848,1026.0,108,,add_to_cart,2026-05-25 18:39:08.238931
11849,374.0,602,sess_4369,view,2026-01-06 16:26:33.238931
11850,545.0,1108,sess_2673,view,2025-07-25 06:02:05.238931
11851,602.0,389,sess_4501,purchase,2026-05-03 16:10:34.238931
11852,392.0,283,sess_3453,view,2025-12-16 19:35:26.238931
11853,1060.0,613,sess_3467,purchase,2025-09-02 03:55:42.238931
11854,1143.0,876,sess_4463,view,2025-09-09 20:56:36.238931
11855,784.0,868,sess_2570,view,2026-01-22 04:58:50.238931
11856,370.0,696,sess_3521,purchase,2025-08-27 08:32:07.238931
11857,320.0,622,sess_1577,add_to_cart,2025-08-01 16:30:40.238931
11858,591.0,1200,sess_4430,add_to_cart,2025-12-02 02:16:04.238931
11859,1137.0,1199,sess_1061,view,2025-11-13 15:25:45.238931
11860,1117.0,525,sess_930,view,2025-12-27 06:15:16.238931
11861,871.0,1180,sess_2768,purchase,2025-11-25 20:48:02.238931
11862,705.0,816,sess_3359,view,2025-08-14 23:22:43.238931
11863,141.0,906,sess_2053,add_to_cart,2025-07-21 09:26:45.238931
11864,257.0,92,sess_2613,view,2025-10-08 16:12:00.238931
11865,70.0,949,sess_1119,view,2025-10-29 22:08:52.238931
11866,1026.0,396,sess_2657,add_to_cart,2025-07-30 05:13:17.238931
11867,477.0,228,,add_to_cart,2026-01-30 22:39:43.238931
11868,319.0,125,sess_3553,view,2025-08-09 08:24:10.238931
11869,117.0,689,sess_4507,view,2025-08-28 06:20:18.238931
11870,303.0,750,sess_3042,view,2025-09-19 22:38:06.238931
11871,743.0,1108,,purchase,2025-11-21 04:08:14.238931
11872,691.0,627,sess_2784,purchase,2025-08-25 06:03:17.238931
11873,1113.0,381,sess_967,view,2025-12-15 19:15:39.238931
11874,144.0,585,sess_4828,add_to_cart,2026-04-23 03:16:41.238931
11875,1032.0,855,sess_3495,add_to_cart,2025-12-18 19:24:34.238931
11876,535.0,929,sess_481,add_to_cart,2026-01-13 03:47:14.238931
11877,739.0,24,sess_1561,view,2025-07-09 17:32:21.238931
11878,59.0,1020,sess_3197,purchase,2025-07-24 04:31:28.238931
11879,663.0,715,sess_1783,purchase,2026-05-19 06:52:59.238931
11880,80.0,306,,add_to_cart,2025-11-24 05:51:01.238931
11881,1115.0,1146,sess_2007,purchase,2026-04-21 19:17:39.238931
11882,444.0,1035,sess_3036,view,2026-06-07 23:27:36.238931
11883,344.0,8,sess_590,view,2026-01-30 20:06:54.238931
11884,326.0,699,sess_2473,purchase,2026-05-04 00:02:01.238931
11885,1003.0,400,sess_2495,purchase,invalid_timestamp
11886,1168.0,158,sess_4033,add_to_cart,2025-12-21 13:28:43.238931
11887,,26,sess_4206,purchase,2025-06-26 18:46:21.238931
11888,588.0,217,sess_1654,view,2025-08-24 23:33:18.238931
11889,822.0,488,sess_4299,purchase,2025-10-29 12:01:21.238931
11890,1021.0,665,sess_3516,view,2026-05-14 15:06:57.238931
11891,360.0,556,sess_3403,view,2025-11-21 08:16:05.238931
11892,,803,sess_3308,view,2026-03-14 03:56:57.238931
11893,475.0,764,sess_80,purchase,2025-07-03 09:54:12.238931
11894,335.0,1089,sess_3467,add_to_cart,2025-10-18 11:15:15.238931
11895,147.0,277,sess_3554,purchase,2026-03-22 10:55:13.238931
11896,462.0,410,sess_2827,view,2025-10-10 07:37:34.238931
11897,897.0,619,sess_4006,add_to_cart,2026-03-25 04:08:15.238931
11898,182.0,445,sess_3185,purchase,2025-08-15 08:01:54.238931
11899,1029.0,86,sess_4680,view,2026-05-27 13:05:39.238931
11900,1080.0,30,sess_1165,add_to_cart,2025-09-12 20:00:27.238931
97,790.0,819,sess_1386,add_to_cart,2026-01-19 12:56:58.238931
11902,1107.0,64,sess_653,add_to_cart,2025-06-22 21:45:06.238931
11903,199.0,94,sess_2181,purchase,2026-06-08 08:13:42.238931
11904,406.0,56,sess_3809,purchase,2026-02-18 22:33:09.238931
11905,333.0,866,sess_4618,purchase,2025-06-11 03:06:28.238931
11906,1199.0,495,sess_3735,view,2026-02-27 14:57:51.238931
11907,,1048,sess_4769,purchase,2026-03-08 00:19:08.238931
11908,357.0,356,sess_4928,add_to_cart,2026-03-08 16:21:18.238931
11909,443.0,238,sess_133,purchase,2026-02-27 02:06:53.238931
11910,584.0,1105,sess_4660,view,2026-05-04 02:07:24.238931
11911,810.0,143,sess_2804,add_to_cart,invalid_timestamp
11912,670.0,1161,sess_2386,purchase,invalid_timestamp
11913,792.0,852,sess_1042,view,2025-10-27 08:00:08.238931
11914,974.0,1188,sess_2525,view,2026-03-19 23:36:19.238931
11915,863.0,21,sess_4773,add_to_cart,invalid_timestamp
11916,956.0,1171,sess_4446,view,2025-10-03 14:26:01.238931
11917,956.0,139,sess_3258,purchase,2026-03-07 20:35:05.238931
11918,39.0,908,sess_672,purchase,2026-03-19 14:51:42.238931
11919,349.0,221,sess_559,purchase,2026-04-07 11:32:21.238931
11920,787.0,464,sess_928,view,2025-12-14 22:19:17.238931
11921,146.0,1169,sess_1305,view,2025-10-16 23:37:02.238931
11922,612.0,1046,sess_4807,view,2026-02-11 22:27:36.238931
11923,43.0,685,sess_3297,add_to_cart,2025-06-29 01:14:40.238931
11924,627.0,1074,sess_3486,add_to_cart,2025-08-25 02:37:50.238931
11925,803.0,483,sess_1581,view,2025-11-22 13:38:47.238931
11926,303.0,881,sess_3848,purchase,2025-12-11 18:15:21.238931
11927,314.0,814,sess_4336,add_to_cart,invalid_timestamp
11928,1172.0,250,sess_1059,view,2025-09-18 15:51:56.238931
11929,955.0,1178,sess_3895,add_to_cart,2025-09-20 14:36:30.238931
11930,725.0,612,,add_to_cart,2025-08-03 13:13:46.238931
11931,974.0,944,sess_1148,add_to_cart,2026-02-10 05:34:19.238931
11932,803.0,1016,sess_4828,view,2025-09-12 14:16:52.238931
11933,901.0,426,sess_3109,purchase,2026-04-17 14:18:20.238931
11934,338.0,403,sess_4581,add_to_cart,2026-04-18 18:30:41.238931
11935,707.0,844,sess_1517,add_to_cart,2026-06-09 03:47:55.238931
11936,,1076,sess_1037,purchase,2025-08-16 15:59:19.238931
11937,1022.0,388,sess_2400,add_to_cart,2025-12-10 09:53:07.238931
11938,779.0,1093,sess_1390,purchase,2025-12-14 13:51:30.238931
11939,1076.0,606,,view,2026-04-17 22:11:00.238931
11940,173.0,1000,sess_2623,view,2025-07-12 07:15:21.238931
11941,333.0,923,sess_4926,view,2026-01-28 00:09:14.238931
11942,1057.0,164,sess_3106,add_to_cart,2025-09-20 18:09:07.238931
11943,150.0,745,sess_1417,view,2025-08-20 14:40:15.238931
11944,101.0,800,sess_136,add_to_cart,2025-09-26 14:51:09.238931
11945,238.0,204,sess_530,purchase,2026-04-25 03:10:47.238931
11946,707.0,2,sess_3582,view,2026-04-13 13:04:47.238931
11947,1099.0,488,sess_3920,view,2025-11-07 14:34:25.238931
11948,965.0,186,sess_2396,view,2026-03-09 00:27:35.238931
11949,1076.0,993,sess_1922,add_to_cart,2025-09-12 05:26:56.238931
11950,820.0,242,sess_1514,purchase,2025-10-19 20:19:19.238931
11951,1040.0,691,sess_4199,add_to_cart,2026-02-01 08:24:10.238931
11952,981.0,817,sess_1090,purchase,2025-12-24 23:25:46.238931
11953,750.0,1008,sess_556,view,2026-02-15 05:25:35.238931
11954,554.0,54,sess_1996,purchase,2025-10-29 07:02:30.238931
11955,488.0,853,,view,2025-12-08 02:38:10.238931
11956,6.0,788,sess_915,add_to_cart,2025-07-06 15:27:48.238931
11957,579.0,48,sess_329,add_to_cart,2026-02-21 10:43:31.238931
11958,1075.0,823,sess_3632,add_to_cart,2025-09-23 00:55:43.238931
11959,198.0,365,sess_3107,view,2025-11-06 05:42:47.238931
11960,936.0,759,sess_2300,add_to_cart,2026-05-16 11:38:33.238931
11961,1018.0,370,sess_1699,view,2026-04-12 21:45:07.238931
11962,487.0,785,sess_3862,view,invalid_timestamp
11963,1185.0,1060,sess_1823,purchase,2026-04-22 10:05:04.238931
11964,349.0,571,sess_3647,view,2025-09-01 12:14:08.238931
11965,736.0,723,sess_2482,add_to_cart,2025-06-12 18:57:38.238931
11966,29.0,191,sess_3264,purchase,2026-03-14 06:48:03.238931
11967,667.0,769,sess_1140,view,2025-07-25 16:57:49.238931
11968,341.0,372,sess_1402,view,2026-06-01 16:45:27.238931
11969,1080.0,237,sess_4584,purchase,2026-03-19 02:54:22.238931
11970,642.0,1114,sess_4120,purchase,2026-02-03 09:53:15.238931
11971,1148.0,943,sess_3086,purchase,2026-02-25 10:22:43.238931
11972,965.0,569,sess_4392,purchase,2026-01-26 21:26:57.238931
11973,36.0,447,sess_517,view,2025-09-09 05:51:50.238931
11974,717.0,189,sess_3789,view,2026-05-03 05:27:16.238931
11975,495.0,662,sess_675,view,2025-11-17 02:58:25.238931
11976,1193.0,566,sess_245,view,2025-10-25 22:55:21.238931
11977,,1032,sess_3996,add_to_cart,2026-03-01 19:21:07.238931
11978,238.0,71,sess_277,add_to_cart,2026-03-01 11:36:42.238931
11979,521.0,493,sess_3842,add_to_cart,2025-12-24 04:27:20.238931
11980,606.0,779,sess_4446,view,2025-08-24 06:16:37.238931
100,641.0,824,sess_1631,view,2026-06-04 04:48:05.238931
11982,373.0,879,sess_3588,add_to_cart,2025-10-04 08:44:15.238931
11983,600.0,312,sess_4227,purchase,2025-07-27 07:16:56.238931
11984,916.0,878,sess_3492,view,invalid_timestamp
11985,53.0,676,sess_4884,view,2025-09-29 19:57:10.238931
11986,984.0,133,sess_811,add_to_cart,2025-06-20 04:53:53.238931
11987,59.0,124,sess_1104,view,2025-11-25 10:26:55.238931
11988,1057.0,194,sess_2031,add_to_cart,2026-05-31 11:13:05.238931
11989,338.0,229,sess_1817,add_to_cart,2025-09-11 15:56:48.238931
11990,1136.0,1180,sess_1489,add_to_cart,2026-05-30 19:07:02.238931
11991,509.0,917,sess_1215,view,2026-01-11 00:11:09.238931
11992,563.0,385,sess_3458,view,2025-06-18 22:46:13.238931
11993,506.0,252,sess_1323,view,2025-10-20 17:46:05.238931
11994,515.0,86,sess_3642,add_to_cart,2026-01-26 04:14:10.238931
11995,687.0,1044,sess_1501,add_to_cart,invalid_timestamp
11996,557.0,431,sess_378,purchase,2025-10-01 00:46:47.238931
11997,645.0,1074,sess_2652,view,2025-06-17 15:05:46.238931
11998,643.0,915,sess_269,add_to_cart,2025-11-12 14:02:15.238931
11999,249.0,969,sess_1691,view,invalid_timestamp
12000,333.0,107,sess_3104,purchase,2026-01-17 01:43:17.238931
12001,637.0,414,sess_76,view,2026-01-01 14:11:13.238931
12002,519.0,690,sess_2510,add_to_cart,2026-03-31 12:07:15.238931
12003,498.0,19,sess_1725,view,2025-10-01 21:27:17.238931
12004,,981,sess_2543,view,2026-01-29 11:32:02.238931
12005,545.0,708,sess_3595,add_to_cart,2025-12-05 19:04:28.238931
12006,377.0,193,sess_2151,view,2026-02-28 20:06:11.238931
12007,391.0,242,sess_4614,view,2025-07-14 00:05:29.238931
12008,1146.0,916,sess_3983,add_to_cart,2025-11-02 19:40:47.238931
12009,627.0,190,sess_3274,add_to_cart,2025-09-09 12:18:01.238931
12010,,253,sess_3926,view,2025-11-07 22:42:09.238931
12011,942.0,922,,purchase,2025-07-31 18:41:44.238931
12012,676.0,428,sess_1059,purchase,2026-05-31 17:59:32.238931
12013,993.0,484,sess_254,view,2025-08-23 17:49:26.238931
12014,958.0,243,sess_1233,add_to_cart,2025-07-11 07:42:07.238931
12015,654.0,728,,add_to_cart,2026-05-22 08:13:28.238931
12016,740.0,392,sess_1139,view,2026-04-27 10:59:51.238931
12017,350.0,1038,sess_3344,view,2025-10-19 04:32:23.238931
12018,735.0,145,,view,2025-08-25 00:37:54.238931
12019,117.0,466,sess_3880,add_to_cart,2025-11-11 11:10:56.238931
12020,485.0,531,sess_1956,view,2026-04-07 23:46:06.238931
12021,1076.0,289,,purchase,2026-05-21 14:27:47.238931
12022,,482,sess_1138,add_to_cart,2026-04-28 04:10:03.238931
12023,237.0,100,sess_3291,view,2026-05-10 00:36:13.238931
12024,865.0,1066,sess_2607,purchase,2025-10-29 02:21:17.238931
12025,331.0,141,sess_1353,add_to_cart,2026-02-27 19:50:07.238931
12026,1085.0,389,sess_1655,add_to_cart,2025-09-17 16:23:36.238931
12027,892.0,101,sess_745,add_to_cart,2025-07-29 16:43:42.238931
12028,421.0,840,sess_2615,add_to_cart,2025-11-23 07:51:56.238931
12029,272.0,866,sess_3077,add_to_cart,2025-09-29 19:27:17.238931
12030,689.0,188,sess_3655,view,2025-12-11 10:57:06.238931
12031,353.0,736,sess_2450,view,2025-12-10 03:44:19.238931
12032,46.0,122,sess_2373,add_to_cart,2026-04-07 15:14:15.238931
12033,676.0,300,sess_1412,view,2025-07-17 19:14:42.238931
12034,281.0,772,,purchase,2026-04-07 14:42:51.238931
12035,1066.0,444,sess_4262,view,2026-06-11 17:51:26.238931
12036,,407,sess_4221,view,2025-09-05 15:10:10.238931
12037,253.0,778,sess_2261,purchase,2026-06-01 17:12:32.238931
12038,227.0,840,sess_4458,view,2026-01-24 03:51:44.238931
12039,1102.0,1060,sess_433,add_to_cart,2026-04-26 07:41:30.238931
12040,1133.0,342,sess_4646,add_to_cart,2025-12-31 09:41:32.238931
12041,185.0,689,sess_1942,view,2026-04-08 07:20:25.238931
12042,761.0,642,sess_2985,add_to_cart,2025-07-16 14:31:16.238931
12043,,807,sess_2194,view,2026-03-03 07:37:22.238931
12044,503.0,723,sess_4219,view,2025-12-13 15:00:06.238931
12045,1126.0,363,sess_1932,add_to_cart,2025-06-17 05:04:16.238931
12046,309.0,1093,sess_1232,add_to_cart,2025-10-23 17:10:20.238931
12047,1119.0,655,sess_2654,purchase,2025-06-29 05:22:50.238931
12048,459.0,135,sess_1542,purchase,2026-06-01 00:10:39.238931
12049,510.0,555,sess_833,purchase,2026-06-11 17:12:50.238931
12050,915.0,428,sess_3041,purchase,2025-12-23 07:28:05.238931
12051,324.0,833,sess_1200,purchase,2026-05-13 02:02:02.238931
12052,1125.0,26,sess_1150,view,2026-01-22 16:17:30.238931
12053,1191.0,203,sess_2428,add_to_cart,2026-01-20 11:35:28.238931
12054,379.0,1060,sess_4355,view,2025-12-17 17:15:13.238931
12055,1010.0,1077,sess_2079,view,2026-03-11 19:47:52.238931
12056,1168.0,256,sess_3618,view,2025-06-13 21:40:24.238931
12057,840.0,41,sess_4307,add_to_cart,2025-10-03 08:36:02.238931
12058,657.0,1155,sess_4986,purchase,2025-11-15 01:35:38.238931
12059,110.0,1160,sess_3694,add_to_cart,2025-10-13 07:05:52.238931
12060,964.0,566,sess_1143,add_to_cart,2026-05-29 11:15:41.238931
12061,396.0,971,sess_3270,add_to_cart,2025-11-28 05:35:50.238931
12062,186.0,820,sess_2493,view,2025-10-17 02:11:36.238931
12063,55.0,569,sess_2633,view,2025-08-15 08:39:38.238931
12064,1055.0,745,sess_2625,view,2026-01-11 06:18:36.238931
12065,908.0,434,sess_2919,add_to_cart,2026-02-06 02:31:14.238931
12066,925.0,956,sess_2789,add_to_cart,2025-08-11 14:59:42.238931
12067,448.0,304,sess_4895,view,2026-03-07 17:43:51.238931
12068,563.0,136,sess_4316,view,2026-05-21 04:15:21.238931
12069,137.0,778,sess_1549,purchase,2026-04-09 17:41:41.238931
12070,940.0,438,sess_1187,purchase,2025-12-19 18:03:48.238931
12071,,940,sess_2083,view,2025-07-01 03:11:05.238931
12072,701.0,12,sess_4933,add_to_cart,2025-11-21 22:57:27.238931
12073,145.0,654,sess_3030,add_to_cart,invalid_timestamp
12074,1062.0,1196,sess_3157,add_to_cart,2025-12-01 02:21:19.238931
12075,550.0,805,sess_2496,purchase,invalid_timestamp
12076,590.0,192,sess_1574,purchase,2025-07-20 04:31:00.238931
12077,253.0,934,sess_4711,add_to_cart,2026-02-05 11:46:10.238931
12078,,427,sess_4215,view,2025-06-30 22:07:17.238931
12079,,733,sess_682,add_to_cart,2025-06-13 17:09:26.238931
12080,1134.0,453,sess_1845,view,2026-02-15 14:19:04.238931
12081,934.0,40,sess_1611,add_to_cart,2025-06-23 17:40:08.238931
12082,123.0,401,sess_1088,purchase,2025-06-26 17:19:37.238931
12083,177.0,267,,add_to_cart,2025-08-20 20:20:03.238931
12084,877.0,546,sess_1071,view,2026-01-15 21:52:10.238931
12085,979.0,1151,sess_215,add_to_cart,2026-04-22 01:16:47.238931
12086,701.0,646,sess_897,view,2026-05-28 13:57:56.238931
12087,,444,,view,2025-11-27 00:09:33.238931
12088,1133.0,1088,sess_4871,add_to_cart,2025-11-24 07:10:18.238931
12089,804.0,725,sess_728,add_to_cart,2025-11-15 13:55:05.238931
12090,649.0,1186,sess_2450,view,2026-06-10 04:55:39.238931
12091,705.0,1095,sess_1462,purchase,2025-12-12 21:12:26.238931
12092,1018.0,901,sess_4554,view,2025-12-24 08:25:40.238931
12093,393.0,698,sess_4140,add_to_cart,2025-07-16 16:44:32.238931
12094,1069.0,65,sess_2494,add_to_cart,2026-02-22 14:21:39.238931
12095,756.0,920,sess_3290,add_to_cart,2026-04-10 19:03:34.238931
12096,47.0,739,sess_2817,purchase,2026-02-10 05:45:15.238931
12097,1091.0,134,sess_3192,purchase,2025-11-14 13:20:34.238931
12098,134.0,585,sess_178,add_to_cart,2026-06-11 02:53:39.238931
12099,674.0,798,sess_3162,view,2026-02-09 11:44:04.238931
12100,879.0,60,sess_1376,view,2025-11-26 05:00:09.238931
12101,758.0,585,sess_4901,view,2026-01-28 09:40:52.238931
12102,1102.0,246,sess_1230,view,2025-06-28 12:13:42.238931
12103,591.0,9,sess_1922,add_to_cart,2026-04-10 19:38:58.238931
12104,777.0,363,sess_1737,purchase,2026-01-10 08:53:02.238931
12105,494.0,179,sess_4668,view,2025-09-05 22:11:49.238931
12106,1129.0,536,sess_1298,view,2026-02-09 01:36:14.238931
12107,763.0,44,sess_3213,purchase,2026-05-17 17:11:16.238931
12108,1131.0,392,sess_844,purchase,2026-06-05 05:06:39.238931
12109,496.0,674,sess_3562,purchase,2025-09-23 07:16:02.238931
12110,184.0,1163,sess_2480,add_to_cart,2026-02-21 13:26:10.238931
12111,5.0,764,sess_256,add_to_cart,2026-02-03 18:55:56.238931
12112,728.0,466,sess_4699,view,2025-11-30 02:45:30.238931
12113,452.0,658,sess_4085,purchase,2025-11-29 02:49:18.238931
12114,580.0,1190,sess_247,add_to_cart,2026-01-06 05:30:37.240934
12115,994.0,273,sess_1831,view,2025-09-24 09:29:39.240934
12116,939.0,303,sess_3033,add_to_cart,2025-07-20 14:32:49.240934
12117,264.0,738,sess_4221,add_to_cart,2025-07-27 13:29:59.240934
189,451.0,550,sess_470,add_to_cart,2025-11-03 11:02:06.240934
12119,87.0,512,sess_3897,view,2026-06-07 05:37:44.240934
12120,960.0,108,sess_1516,add_to_cart,2026-01-23 15:25:03.240934
12121,654.0,182,sess_2938,purchase,2025-12-11 19:41:13.240934
12122,538.0,805,sess_454,purchase,invalid_timestamp
12123,1087.0,1015,sess_3903,add_to_cart,2025-12-02 06:13:00.240934
12124,489.0,28,sess_432,purchase,2025-12-28 05:14:12.240934
12125,434.0,129,sess_1680,purchase,2025-10-05 02:40:12.240934
12126,124.0,47,sess_4961,add_to_cart,2025-10-29 12:36:45.240934
12127,370.0,8,sess_1929,purchase,2026-01-11 02:45:13.240934
12128,474.0,352,sess_2357,purchase,2025-11-14 04:41:12.240934
12129,857.0,619,sess_2701,view,2026-05-22 01:29:15.240934
12130,192.0,652,sess_2754,purchase,2025-09-25 04:31:53.240934
12131,331.0,524,sess_1188,view,2026-02-27 02:13:57.240934
12132,330.0,598,sess_768,purchase,2025-10-08 23:33:00.240934
12133,1057.0,793,sess_378,purchase,2025-12-20 18:27:51.240934
12134,1058.0,473,sess_1330,purchase,2026-05-01 11:12:03.240934
12135,496.0,569,sess_2930,add_to_cart,2026-05-07 23:23:35.240934
12136,497.0,368,,purchase,2025-08-06 09:17:36.240934
12137,960.0,668,sess_463,add_to_cart,2025-12-28 07:08:02.240934
12138,92.0,202,sess_3026,add_to_cart,2026-03-06 18:16:36.240934
12139,146.0,609,sess_173,add_to_cart,2025-11-04 11:24:19.240934
12140,888.0,158,sess_3012,view,2026-05-04 06:14:09.240934
12141,634.0,924,sess_3702,view,2026-04-14 17:58:37.240934
12142,173.0,464,sess_2098,view,2025-10-09 20:16:59.240934
12143,204.0,1015,sess_3975,view,2025-11-06 07:34:03.240934
12144,241.0,788,sess_459,add_to_cart,2026-04-15 12:19:46.240934
12145,245.0,1053,sess_2523,purchase,2025-10-03 08:45:24.240934
12146,787.0,144,sess_4044,add_to_cart,2025-06-20 16:03:15.240934
12147,601.0,1142,sess_403,add_to_cart,2026-01-25 02:00:48.240934
12148,666.0,379,sess_2090,add_to_cart,2025-08-15 22:38:18.240934
12149,526.0,508,sess_3655,view,2025-12-02 06:41:14.240934
12150,26.0,928,sess_4358,add_to_cart,2026-04-14 17:15:52.240934
12151,1000.0,941,sess_3457,purchase,2026-02-07 09:28:54.240934
12152,622.0,25,sess_1108,purchase,2025-09-15 15:42:27.240934
12153,210.0,310,sess_4435,add_to_cart,2025-12-28 23:01:37.240934
12154,1006.0,266,sess_3031,purchase,2026-05-31 03:23:14.240934
12155,72.0,429,,purchase,2026-04-04 13:58:46.240934
12156,667.0,752,sess_634,add_to_cart,2026-05-27 02:00:44.240934
12157,833.0,421,sess_2167,view,2025-10-08 11:02:27.240934
12158,443.0,439,sess_745,add_to_cart,2026-04-20 22:00:17.240934
12159,142.0,366,sess_3323,view,2025-12-06 06:13:31.240934
12160,15.0,397,sess_162,add_to_cart,2025-12-31 14:57:13.240934
12161,428.0,957,sess_900,view,2025-07-04 10:55:12.240934
12162,94.0,533,sess_1213,view,2025-12-24 09:00:06.240934
12163,391.0,450,sess_4840,view,2025-10-25 09:36:15.240934
12164,872.0,176,sess_1375,add_to_cart,2025-08-27 23:24:57.240934
12165,1176.0,1161,sess_168,purchase,2025-09-02 05:48:07.240934
12166,,214,sess_1055,view,2026-05-12 21:27:47.240934
12167,608.0,569,sess_1597,view,2026-05-13 14:14:10.240934
12168,504.0,827,sess_55,view,2026-02-05 07:20:56.240934
12169,1067.0,512,sess_1964,view,2025-08-02 21:03:58.240934
12170,944.0,495,sess_2377,view,2025-11-25 13:59:03.240934
12171,787.0,124,sess_3743,purchase,2025-10-17 17:42:34.240934
12172,206.0,432,sess_312,add_to_cart,2025-09-21 00:19:02.240934
12173,466.0,176,sess_588,purchase,2026-02-19 05:52:05.240934
12174,1177.0,4,sess_4381,view,2025-11-16 19:34:21.240934
12175,837.0,931,sess_4652,view,2025-07-05 22:46:53.240934
12176,177.0,342,sess_4115,purchase,2026-02-02 22:16:52.240934
12177,378.0,39,sess_3881,view,2025-10-22 14:27:25.240934
12178,908.0,406,sess_4148,view,2026-03-13 16:31:14.240934
12179,956.0,1073,sess_3988,view,2025-11-29 03:43:02.240934
12180,733.0,621,sess_3414,add_to_cart,2025-07-11 08:30:39.240934
12181,528.0,765,sess_33,purchase,2025-10-11 16:16:26.240934
67,1055.0,90,sess_254,add_to_cart,2025-12-21 08:00:18.240934
12183,1185.0,347,sess_2707,purchase,invalid_timestamp
12184,,1112,sess_1086,purchase,2025-07-12 16:45:42.240934
12185,1052.0,155,sess_221,add_to_cart,2025-10-29 22:16:59.240934
34,447.0,2,sess_4857,add_to_cart,2026-03-17 15:50:14.240934
12187,1004.0,888,sess_2312,purchase,2025-06-15 14:03:23.240934
12188,1193.0,430,sess_876,view,2025-10-27 00:11:33.240934
12189,809.0,1153,sess_4049,purchase,2026-04-22 03:03:01.240934
12190,130.0,589,sess_2543,add_to_cart,2025-11-30 04:16:29.240934
12191,545.0,822,sess_4960,view,2026-02-13 15:53:50.240934
12192,1174.0,517,sess_1090,add_to_cart,2025-10-06 17:50:58.240934
12193,1012.0,981,sess_3600,add_to_cart,2026-04-30 05:24:29.240934
12194,994.0,633,sess_3744,add_to_cart,2025-11-03 19:26:34.240934
12195,611.0,883,sess_2745,purchase,2026-06-06 09:03:04.240934
12196,1107.0,768,sess_140,add_to_cart,invalid_timestamp
12197,115.0,82,sess_961,view,2026-01-11 15:05:51.240934
12198,686.0,681,sess_859,add_to_cart,2026-01-18 13:10:25.240934
12199,169.0,1164,sess_1073,purchase,2026-05-10 04:09:55.240934
12200,639.0,230,sess_2796,add_to_cart,2025-07-02 01:35:19.240934
12201,459.0,589,sess_3785,purchase,2026-04-28 10:09:44.240934
12202,390.0,198,sess_2813,add_to_cart,2026-02-27 08:01:40.240934
12203,1063.0,860,sess_2843,add_to_cart,2026-04-13 08:09:36.240934
12204,1152.0,58,sess_3270,purchase,2026-03-14 17:03:49.240934
12205,1158.0,48,sess_4616,purchase,2025-07-09 11:32:38.240934
12206,303.0,308,sess_291,view,2025-06-27 04:02:13.240934
12207,,1004,sess_1473,view,2026-05-09 20:05:29.240934
12208,641.0,56,sess_1610,view,2026-03-19 20:40:08.240934
12209,1007.0,459,sess_1239,purchase,2025-11-12 07:48:36.240934
12210,316.0,912,sess_3755,purchase,2025-09-02 20:20:42.240934
12211,372.0,658,sess_2501,purchase,2026-01-30 16:20:58.240934
12212,1116.0,698,,add_to_cart,2026-06-08 05:38:23.240934
179,1035.0,1084,sess_1929,view,2025-07-17 05:00:27.240934
12214,1114.0,1074,sess_3248,add_to_cart,2026-05-30 10:57:04.240934
12215,81.0,444,sess_891,add_to_cart,2026-04-16 03:40:45.240934
12216,1179.0,811,sess_1954,add_to_cart,2025-12-12 16:41:01.240934
12217,682.0,491,sess_1057,view,2025-11-23 05:01:25.240934
12218,278.0,273,sess_1746,add_to_cart,2025-08-05 23:24:20.240934
12219,721.0,1188,sess_2789,add_to_cart,2026-05-07 06:16:17.240934
12220,126.0,736,sess_1607,add_to_cart,2025-08-30 08:23:03.240934
12221,774.0,730,sess_2356,add_to_cart,invalid_timestamp
12222,626.0,264,sess_3511,add_to_cart,2025-12-23 06:07:49.240934
12223,975.0,670,sess_1588,purchase,2025-11-04 20:26:30.240934
12224,863.0,162,sess_1437,purchase,2025-08-03 11:54:37.240934
12225,128.0,1072,sess_2997,purchase,2026-04-24 20:37:18.240934
12226,1186.0,39,sess_1859,view,2025-10-04 02:50:58.240934
12227,614.0,871,sess_1198,view,2025-07-19 12:26:51.240934
12228,173.0,1076,sess_2946,view,2025-09-05 04:35:05.240934
12229,997.0,750,sess_652,purchase,2025-11-27 08:07:24.240934
133,103.0,1144,sess_2834,purchase,2026-02-14 12:20:36.240934
12231,332.0,1,,purchase,2025-09-05 04:54:25.240934
12232,678.0,27,sess_4908,purchase,2025-08-08 17:50:15.240934
12233,906.0,908,sess_1407,purchase,2025-11-23 14:44:06.240934
12234,993.0,958,sess_3239,view,2025-09-05 20:31:18.240934
12235,311.0,824,,purchase,invalid_timestamp
12236,1045.0,103,sess_444,view,2025-06-28 23:17:27.240934
12237,608.0,853,sess_4049,view,2025-10-10 07:17:53.240934
12238,769.0,253,sess_2780,add_to_cart,2026-04-06 00:26:52.240934
12239,562.0,845,sess_2885,view,2026-01-19 06:02:54.240934
12240,501.0,292,sess_2215,view,invalid_timestamp
12241,563.0,1108,sess_658,view,2025-08-16 08:11:14.240934
196,693.0,556,sess_2083,view,2026-03-25 17:55:47.240934
12243,1030.0,982,sess_2442,view,2026-05-06 19:27:54.240934
12244,66.0,339,sess_4310,purchase,2025-08-16 03:45:49.240934
12245,,21,sess_2095,purchase,2026-02-10 00:38:08.240934
12246,678.0,982,sess_4382,purchase,2026-05-12 11:28:21.240934
12247,584.0,810,sess_3090,add_to_cart,2026-05-14 04:59:45.240934
12248,914.0,989,sess_2152,view,2025-08-24 02:55:33.240934
12249,477.0,1138,sess_2662,view,2025-11-11 20:14:12.240934
12250,586.0,600,sess_3995,purchase,2025-07-18 16:18:29.240934
12251,1175.0,735,sess_2621,view,2025-08-03 05:02:16.240934
12252,851.0,890,sess_2663,view,2025-12-13 23:45:51.240934
12253,406.0,221,sess_2501,view,2026-01-26 20:33:56.240934
12254,307.0,311,sess_4913,add_to_cart,2025-09-13 12:52:09.240934
12255,757.0,231,sess_4415,add_to_cart,2025-06-19 09:01:21.240934
12256,189.0,263,sess_4593,view,2025-08-02 08:38:26.240934
12257,1055.0,588,sess_3314,add_to_cart,2026-05-12 22:05:23.240934
12258,,340,sess_4758,view,2026-02-02 20:18:10.240934
12259,225.0,1187,sess_4115,purchase,2025-06-27 12:14:39.240934
12260,705.0,994,sess_2404,purchase,2026-05-08 23:57:46.240934
12261,658.0,120,sess_4110,add_to_cart,2026-02-10 19:59:38.240934
12262,56.0,517,sess_2927,add_to_cart,2026-02-17 09:51:58.240934
12263,187.0,692,sess_4295,purchase,2025-09-08 00:20:42.240934
12264,,106,sess_3203,view,2025-11-21 05:54:26.240934
12265,306.0,651,sess_3541,purchase,2026-05-21 23:14:08.240934
12266,632.0,844,sess_1094,view,2026-04-17 21:40:26.240934
12267,551.0,1113,sess_3087,view,2025-10-05 20:28:59.240934
12268,980.0,1038,sess_2115,purchase,2025-07-08 01:27:46.240934
12269,487.0,600,sess_1081,add_to_cart,2025-10-11 02:00:19.240934
12270,699.0,312,sess_525,purchase,2026-05-04 02:25:53.240934
12271,100.0,1078,sess_3,add_to_cart,2026-01-05 19:39:48.240934
12272,623.0,859,sess_4914,add_to_cart,2025-09-11 14:36:52.240934
12273,948.0,935,sess_878,view,2026-02-24 14:51:59.240934
12274,592.0,887,sess_3737,add_to_cart,2025-11-19 05:39:16.240934
12275,545.0,28,sess_333,purchase,2026-02-26 16:14:03.240934
12276,532.0,993,sess_3665,add_to_cart,2025-10-31 05:26:04.240934
12277,185.0,691,sess_1892,purchase,2026-04-09 13:36:59.240934
12278,311.0,21,sess_2760,purchase,2025-10-21 08:45:15.240934
12279,921.0,476,sess_4255,purchase,2026-05-23 22:33:45.240934
12280,1036.0,428,sess_2534,view,2025-08-16 05:31:53.240934
12281,1117.0,1093,sess_2867,purchase,2026-03-08 13:57:14.240934
12282,4.0,1070,sess_86,view,2025-12-26 00:03:22.240934
12283,908.0,191,sess_3209,purchase,2026-02-12 17:08:11.240934
12284,700.0,1014,sess_1859,purchase,2025-10-24 08:12:22.240934
12285,523.0,745,sess_3577,add_to_cart,2026-03-17 18:09:02.240934
12286,626.0,1060,sess_1310,purchase,2025-11-22 19:44:33.240934
12287,55.0,742,sess_4741,purchase,2026-02-21 09:38:59.240934
12288,650.0,438,sess_4242,view,2025-10-23 10:31:51.240934
12289,593.0,538,sess_3097,purchase,2025-12-30 15:18:29.240934
12290,823.0,18,sess_4570,purchase,2026-02-08 18:37:40.240934
12291,680.0,434,sess_1932,add_to_cart,2026-06-09 16:43:05.240934
194,902.0,438,sess_4052,purchase,2025-09-17 02:50:18.240934
12293,115.0,463,sess_482,view,invalid_timestamp
12294,,777,sess_2497,add_to_cart,2025-10-11 03:06:53.240934
12295,983.0,727,sess_1342,add_to_cart,2026-04-25 19:53:16.240934
12296,301.0,154,sess_3718,view,invalid_timestamp
12297,644.0,180,sess_3441,add_to_cart,2026-03-07 02:41:32.240934
12298,1017.0,384,sess_1464,purchase,2026-05-24 04:41:58.240934
12299,552.0,541,sess_3020,purchase,2025-11-29 07:25:42.240934
12300,622.0,1100,sess_3595,add_to_cart,2026-04-30 21:56:27.240934
12301,110.0,405,sess_2383,add_to_cart,2025-08-21 21:00:17.240934
12302,965.0,5,sess_225,add_to_cart,2025-09-05 05:57:15.240934
12303,1185.0,1071,sess_2191,add_to_cart,2026-02-10 00:05:25.240934
12304,247.0,386,sess_2918,add_to_cart,2026-04-26 01:24:54.240934
12305,808.0,682,sess_2402,view,invalid_timestamp
12306,877.0,357,sess_3480,purchase,invalid_timestamp
12307,638.0,210,sess_1333,purchase,2025-06-24 00:03:07.240934
12308,593.0,564,sess_4195,view,2025-08-02 23:11:33.240934
12309,1006.0,8,sess_4746,view,2026-03-02 03:24:21.240934
12310,687.0,1177,sess_3145,add_to_cart,2026-04-01 10:46:28.240934
12311,459.0,249,sess_3155,view,2025-11-06 11:50:05.240934
12312,221.0,558,sess_642,purchase,2025-11-01 03:10:52.240934
12313,567.0,443,sess_4412,purchase,2026-04-21 11:06:26.240934
12314,296.0,837,sess_133,view,2025-12-28 11:01:04.240934
12315,65.0,234,sess_522,view,2025-12-21 14:14:52.240934
12316,407.0,818,sess_2472,add_to_cart,2026-06-06 22:52:45.240934
12317,1069.0,404,sess_2374,view,2025-07-03 03:14:44.240934
12318,176.0,1174,sess_3069,add_to_cart,2026-03-07 13:25:07.240934
12319,50.0,141,sess_821,add_to_cart,2025-09-05 01:43:14.240934
12320,600.0,402,sess_4285,purchase,2025-09-10 03:27:31.240934
12321,90.0,207,sess_1586,view,2026-02-21 03:15:35.240934
12322,,242,sess_4526,add_to_cart,2025-10-04 04:31:45.240934
12323,171.0,258,sess_4604,view,2025-12-31 20:28:23.240934
12324,24.0,1072,sess_3012,add_to_cart,2026-05-03 21:53:00.240934
12325,112.0,539,sess_1316,view,2026-05-25 12:28:33.240934
12326,1004.0,735,sess_3136,add_to_cart,2025-07-07 10:09:39.240934
12327,1085.0,317,sess_15,add_to_cart,2025-10-08 18:54:02.240934
12328,704.0,1163,,add_to_cart,2026-01-03 02:18:59.240934
12329,,98,sess_2593,add_to_cart,2026-06-09 08:28:02.240934
12330,,71,sess_3536,purchase,2025-12-30 00:32:44.240934
12331,581.0,586,sess_4095,view,2025-08-03 13:20:17.240934
12332,948.0,897,sess_2954,view,2026-05-22 03:16:35.240934
12333,817.0,359,sess_4899,purchase,2025-09-23 13:39:58.240934
12334,1101.0,597,sess_2036,add_to_cart,2026-02-14 05:31:19.240934
12335,746.0,43,sess_2616,view,2025-11-25 13:53:04.240934
12336,227.0,414,sess_1009,purchase,2026-03-06 01:42:10.240934
12337,1064.0,483,sess_2779,view,2025-10-15 02:26:52.240934
12338,,1076,sess_1868,view,2025-08-22 09:54:20.240934
12339,1041.0,321,sess_2734,view,2025-06-21 08:06:45.240934
12340,919.0,286,sess_620,add_to_cart,2025-07-20 00:42:11.240934
12341,676.0,266,sess_161,add_to_cart,2026-05-04 13:40:29.240934
12342,284.0,653,sess_4142,purchase,2026-01-20 12:37:37.240934
12343,,773,sess_1459,add_to_cart,2025-09-26 07:27:47.240934
12344,787.0,1010,sess_3239,add_to_cart,2026-04-17 12:45:44.240934
12345,93.0,312,sess_3276,view,2026-01-14 23:50:19.240934
12346,1186.0,1120,sess_2493,purchase,2025-07-02 22:07:53.240934
12347,943.0,209,sess_3521,purchase,2025-09-28 12:29:38.240934
12348,633.0,35,sess_3191,add_to_cart,2025-12-05 16:38:58.240934
12349,276.0,1032,sess_674,view,2025-06-21 20:51:45.240934
12350,180.0,358,sess_4734,add_to_cart,2025-12-16 19:41:46.240934
191,,341,sess_3216,view,2025-09-03 21:57:25.240934
12352,252.0,393,sess_2592,add_to_cart,2026-06-04 18:13:53.240934
12353,189.0,925,sess_2707,add_to_cart,invalid_timestamp
12354,461.0,939,sess_1109,purchase,2025-09-05 02:57:22.240934
12355,,1102,sess_3539,purchase,2026-04-22 21:41:57.240934
12356,,1066,sess_312,add_to_cart,2025-07-01 06:47:39.240934
12357,,468,sess_4278,purchase,2025-10-05 07:02:19.240934
12358,441.0,546,sess_3767,view,2026-01-26 05:43:01.240934
12359,830.0,465,,view,2025-07-05 13:13:32.240934
12360,730.0,555,sess_1480,purchase,2026-02-19 16:21:09.240934
12361,885.0,588,sess_162,purchase,2026-05-13 05:57:41.240934
12362,993.0,710,sess_193,purchase,2025-07-07 14:12:39.240934
12363,,1005,sess_3818,add_to_cart,2025-07-13 09:58:09.240934
12364,,1021,sess_1974,add_to_cart,2026-05-14 04:21:49.240934
12365,809.0,531,sess_3052,add_to_cart,2026-01-25 08:14:50.240934
12366,529.0,1168,,view,invalid_timestamp
12367,11.0,1127,sess_1642,add_to_cart,2026-02-06 00:18:10.240934
12368,1018.0,773,sess_2452,purchase,2025-07-22 17:37:46.240934
12369,546.0,932,sess_1388,purchase,2026-05-03 07:24:04.240934
12370,426.0,1030,sess_1090,purchase,2025-08-27 14:24:25.240934
12371,198.0,29,sess_1532,view,2026-04-14 09:56:32.240934
12372,440.0,757,sess_4554,add_to_cart,2025-07-12 21:06:36.240934
12373,,696,sess_2907,view,2026-05-08 08:07:07.240934
12374,113.0,1028,sess_4563,purchase,2025-06-15 16:16:02.240934
12375,820.0,1113,sess_3966,add_to_cart,2025-12-31 21:09:30.240934
12376,1141.0,332,sess_433,add_to_cart,2026-05-14 22:14:47.240934
12377,101.0,1119,sess_3992,purchase,2026-04-10 06:08:13.240934
12378,362.0,9,sess_4671,add_to_cart,2026-04-21 07:05:00.240934
12379,189.0,490,sess_2151,add_to_cart,2025-09-16 21:10:40.240934
12380,1147.0,291,sess_4034,add_to_cart,2026-04-08 02:09:01.240934
12381,460.0,172,sess_132,add_to_cart,2026-02-05 06:34:31.240934
12382,1116.0,74,sess_2316,purchase,2026-05-14 04:01:46.240934
12383,1065.0,764,sess_5000,view,invalid_timestamp
12384,723.0,415,sess_718,purchase,2025-08-08 01:08:33.240934
12385,874.0,1054,sess_3401,add_to_cart,2025-08-09 14:54:26.240934
12386,,985,sess_3021,purchase,2026-01-16 05:44:34.240934
12387,265.0,373,sess_3904,view,2025-10-14 22:10:34.240934
12388,1163.0,786,sess_2596,purchase,2025-07-20 19:00:46.240934
12389,270.0,1058,sess_1866,purchase,2026-03-25 22:14:04.240934
12390,349.0,1007,sess_191,view,2026-01-31 08:10:38.240934
12391,998.0,466,sess_1642,add_to_cart,2025-09-14 17:25:05.240934
25,333.0,729,sess_2540,view,2025-08-28 21:32:43.240934
12393,528.0,267,sess_2317,purchase,2025-08-16 11:46:58.240934
12394,398.0,102,sess_811,add_to_cart,2025-12-20 10:34:32.240934
12395,897.0,24,,view,2025-11-21 22:56:23.240934
12396,735.0,1148,sess_4196,purchase,2025-11-25 02:10:36.240934
12397,198.0,478,sess_4583,view,2026-01-20 11:21:28.240934
12398,27.0,952,sess_4020,view,2025-09-11 08:39:32.240934
60,739.0,645,sess_1748,purchase,2025-12-28 19:17:47.240934
12400,106.0,887,sess_3614,purchase,2026-01-24 15:59:23.240934
12401,1144.0,349,sess_2396,purchase,2025-08-16 00:01:37.240934
12402,1143.0,505,sess_3886,view,2026-01-10 06:39:51.240934
12403,1011.0,455,sess_1009,view,2026-04-03 10:54:08.240934
12404,808.0,731,sess_2699,purchase,2026-05-28 15:15:24.240934
12405,414.0,423,sess_713,add_to_cart,2025-07-05 16:18:55.240934
12406,999.0,261,sess_3781,purchase,2025-07-20 15:12:07.240934
12407,123.0,41,sess_2882,purchase,2025-09-06 18:28:32.240934
12408,972.0,337,sess_4,view,2026-03-12 10:02:52.240934
12409,288.0,144,sess_260,add_to_cart,2025-10-17 08:37:35.240934
12410,,742,sess_1300,add_to_cart,2025-10-03 13:27:44.240934
12411,,772,sess_2185,purchase,2026-02-03 16:12:50.240934
12412,2.0,755,sess_1458,add_to_cart,2026-03-08 04:56:54.240934
12413,594.0,832,sess_4629,add_to_cart,2025-11-14 05:44:38.240934
12414,872.0,968,sess_4468,purchase,2025-08-07 21:20:41.240934
12415,600.0,397,sess_3529,add_to_cart,2025-11-05 21:50:27.240934
12416,1070.0,1097,sess_1507,add_to_cart,2026-01-10 13:26:16.240934
12417,459.0,902,sess_3358,add_to_cart,2026-01-05 04:06:41.240934
12418,174.0,697,sess_4987,purchase,2026-02-13 21:02:32.240934
12419,876.0,1071,sess_4348,purchase,2025-09-25 05:20:56.240934
12420,968.0,258,sess_3479,add_to_cart,2026-03-01 10:34:59.240934
12421,229.0,1195,sess_452,purchase,2025-06-14 03:19:56.240934
12422,910.0,728,sess_3219,view,2026-05-13 01:19:54.240934
12423,785.0,632,sess_3261,view,2026-01-25 22:55:12.240934
12424,515.0,1082,sess_2990,purchase,invalid_timestamp
12425,586.0,737,sess_96,view,2025-12-04 05:40:31.240934
12426,81.0,837,sess_2599,purchase,2026-04-30 12:59:13.240934
12427,985.0,567,sess_4733,add_to_cart,2025-12-30 20:12:11.240934
12428,675.0,624,sess_3359,purchase,2026-05-27 11:27:02.240934
12429,830.0,126,sess_783,purchase,2026-04-27 17:50:39.240934
12430,632.0,750,sess_268,purchase,2026-05-13 18:47:27.240934
12431,,554,sess_3893,view,2026-01-29 16:49:02.240934
12432,304.0,424,sess_31,add_to_cart,2025-10-13 13:49:07.240934
12433,709.0,96,sess_1905,purchase,2025-10-17 06:04:25.240934
12434,299.0,348,sess_3600,purchase,2026-06-08 15:37:55.240934
12435,157.0,600,sess_3576,view,2025-12-02 00:26:40.240934
12436,344.0,310,sess_1892,add_to_cart,2026-02-16 05:27:32.240934
12437,198.0,616,sess_1392,purchase,2026-02-16 15:20:23.240934
12438,1058.0,904,,view,2025-06-15 14:29:42.240934
12439,159.0,894,sess_4668,add_to_cart,2025-09-16 15:50:43.240934
12440,903.0,111,sess_84,purchase,2025-10-29 23:19:26.240934
12441,364.0,846,sess_1155,view,2025-07-11 22:00:19.240934
12442,1189.0,632,sess_2343,purchase,2025-08-19 16:14:23.240934
12443,696.0,1159,sess_2010,purchase,2026-04-02 04:01:33.240934
12444,875.0,361,sess_344,purchase,2026-01-31 09:15:27.240934
12445,989.0,704,,purchase,2025-11-26 00:50:10.240934
12446,1151.0,226,sess_4359,view,2026-05-23 21:46:54.240934
12447,495.0,392,sess_3898,purchase,2026-04-19 04:43:33.240934
12448,,268,sess_3458,view,2025-07-16 20:48:28.240934
12449,675.0,113,sess_3721,purchase,2026-04-11 20:34:37.240934
12450,649.0,1162,sess_2645,purchase,2026-04-07 02:15:08.240934
12451,1133.0,1005,sess_3416,view,2025-07-11 05:23:04.240934
12452,662.0,1195,sess_2290,view,2026-02-28 16:35:58.240934
12453,1146.0,611,sess_3773,view,2025-10-16 07:44:07.240934
12454,525.0,504,sess_1053,view,2026-05-31 03:13:16.240934
12455,942.0,559,sess_3731,purchase,2025-08-19 01:18:41.240934
12456,203.0,696,,view,2025-09-03 08:37:32.240934
12457,1182.0,253,sess_1102,view,2025-09-13 11:54:40.240934
12458,17.0,832,,add_to_cart,2025-09-23 00:57:46.240934
12459,202.0,810,sess_4480,purchase,2025-08-09 02:55:42.240934
12460,392.0,578,sess_1061,add_to_cart,2025-11-12 10:43:28.240934
12461,724.0,655,sess_3023,purchase,2025-12-31 04:05:42.240934
12462,492.0,1108,sess_1185,view,2025-09-06 03:07:31.240934
12463,789.0,808,sess_271,view,2025-09-11 16:29:19.240934
12464,271.0,328,,add_to_cart,2025-08-19 18:15:34.240934
12465,362.0,534,sess_1869,view,2025-09-16 20:26:08.240934
12466,483.0,7,sess_3319,purchase,2025-10-25 00:57:03.240934
12467,977.0,277,sess_4899,add_to_cart,2026-04-24 00:08:28.240934
12468,402.0,124,sess_3251,add_to_cart,2026-02-13 05:58:26.240934
12469,900.0,982,sess_2109,purchase,2025-08-26 07:24:21.240934
12470,798.0,205,sess_2868,purchase,2026-02-28 01:47:29.240934
12471,458.0,906,sess_4154,purchase,invalid_timestamp
12472,293.0,1183,sess_2982,view,2025-11-29 20:25:58.240934
12473,623.0,397,sess_2670,view,2025-11-02 01:47:06.240934
12474,214.0,243,sess_1002,view,2025-11-02 16:35:07.240934
12475,418.0,287,sess_3409,view,2026-03-26 20:09:22.240934
12476,447.0,55,sess_3192,add_to_cart,2025-12-08 17:18:48.240934
12477,127.0,628,sess_4479,view,2025-12-05 16:21:03.240934
12478,267.0,971,sess_3235,view,invalid_timestamp
12479,630.0,154,sess_4173,view,2026-05-27 09:47:31.240934
12480,314.0,496,sess_4765,view,2026-01-20 13:44:15.240934
12481,840.0,445,sess_4691,view,2026-05-12 07:52:02.240934
12482,885.0,330,sess_556,add_to_cart,2025-06-27 10:40:29.240934
12483,714.0,274,,view,2025-07-04 19:25:23.240934
12484,,218,sess_2164,view,2026-01-17 05:20:45.240934
12485,317.0,727,sess_4536,view,2025-09-10 06:08:53.240934
12486,966.0,965,sess_2698,purchase,2025-07-28 20:47:22.240934
12487,619.0,691,sess_187,purchase,2026-04-07 16:58:40.240934
12488,372.0,799,sess_1363,add_to_cart,2025-09-14 03:07:05.240934
12489,785.0,366,sess_228,add_to_cart,2025-12-11 19:57:32.240934
12490,940.0,1046,sess_1399,add_to_cart,2025-07-06 23:02:19.240934
12491,749.0,269,sess_1616,add_to_cart,2025-06-21 10:34:12.240934
12492,206.0,515,sess_3929,add_to_cart,2025-06-25 11:05:56.240934
12493,1164.0,1020,sess_4245,purchase,2026-03-23 18:15:18.240934
12494,558.0,117,sess_1043,view,2026-04-30 07:38:23.240934
12495,941.0,988,sess_658,purchase,2025-06-28 18:59:26.240934
12496,585.0,1007,sess_2357,purchase,2025-08-05 19:43:42.240934
12497,608.0,413,sess_1521,purchase,2026-02-10 12:52:18.240934
12498,291.0,1137,sess_997,add_to_cart,2025-11-25 16:16:03.240934
12499,204.0,1184,sess_1291,add_to_cart,2025-12-04 16:54:01.240934
12500,213.0,1120,sess_2671,add_to_cart,2025-09-18 13:13:25.240934
12501,68.0,1163,sess_3808,view,2026-05-02 13:29:49.240934
12502,1161.0,321,,view,2025-11-03 05:30:29.240934
12503,28.0,334,sess_4891,view,2025-09-07 11:07:13.240934
12504,1095.0,1152,sess_3586,view,2025-09-17 19:01:18.240934
12505,434.0,1159,sess_2316,purchase,2025-12-13 20:17:12.240934
12506,478.0,234,sess_3321,purchase,2025-08-21 09:31:46.240934
12507,86.0,798,,view,2025-06-13 05:28:22.240934
12508,279.0,909,sess_1826,purchase,2025-09-19 20:08:26.240934
12509,523.0,989,sess_3442,view,2025-10-20 00:11:25.240934
12510,331.0,1170,sess_2581,add_to_cart,2026-02-05 02:15:10.240934
12511,296.0,261,sess_2224,purchase,2026-01-13 11:53:45.240934
12512,496.0,382,sess_3482,view,2025-08-23 07:30:50.240934
12513,789.0,398,sess_3401,purchase,2026-01-21 22:10:45.240934
12514,1152.0,880,sess_2941,add_to_cart,2025-08-07 08:09:01.240934
12515,3.0,182,sess_1869,add_to_cart,2025-09-08 02:40:01.240934
12516,870.0,714,sess_1808,view,2025-08-20 16:37:21.240934
12517,598.0,537,sess_2196,add_to_cart,2025-09-28 20:27:37.240934
12518,960.0,695,sess_420,purchase,2025-12-04 14:20:36.240934
12519,1062.0,68,,purchase,2025-11-06 00:18:19.240934
12520,348.0,1004,sess_1991,add_to_cart,2026-03-14 22:40:23.240934
12521,582.0,1132,sess_1290,add_to_cart,2026-05-27 20:14:34.240934
12522,341.0,34,sess_2475,add_to_cart,2025-08-16 13:27:28.240934
12523,808.0,394,sess_1533,add_to_cart,2026-04-06 09:10:07.240934
12524,406.0,291,sess_2735,add_to_cart,2026-05-19 23:35:41.240934
12525,191.0,331,sess_31,view,2026-02-25 11:54:47.240934
12526,250.0,207,sess_3743,add_to_cart,2025-12-13 04:17:19.240934
12527,1068.0,884,sess_4685,view,2025-11-18 18:15:02.240934
12528,44.0,463,sess_2701,purchase,2026-05-20 23:57:25.240934
12529,876.0,283,sess_542,add_to_cart,2025-10-20 02:53:59.240934
12530,276.0,324,sess_1406,view,2026-04-21 15:38:54.240934
12531,,685,sess_1624,add_to_cart,2025-10-30 00:05:13.240934
12532,422.0,347,sess_3742,add_to_cart,2025-09-04 01:12:14.240934
12533,,622,sess_3818,view,2026-02-28 17:29:28.240934
12534,1094.0,915,sess_2235,purchase,2025-12-06 09:30:06.240934
12535,963.0,339,sess_4196,purchase,2026-04-14 16:35:19.240934
12536,1154.0,294,sess_1860,view,2026-03-02 20:01:43.240934
12537,351.0,498,sess_927,view,2026-02-19 07:50:42.240934
12538,976.0,1070,sess_2977,view,2025-11-26 14:15:51.240934
12539,618.0,56,sess_344,view,2026-06-05 06:09:19.240934
12540,877.0,641,sess_4937,add_to_cart,2026-03-14 09:57:49.240934
12541,496.0,4,sess_2743,purchase,2025-09-20 21:51:20.240934
12542,1012.0,82,sess_2707,view,2025-09-30 05:42:55.240934
12543,267.0,855,sess_4314,purchase,2025-11-12 08:07:47.240934
12544,908.0,556,sess_3707,add_to_cart,2026-02-25 09:33:30.240934
12545,54.0,880,sess_1540,view,2025-08-02 21:39:59.240934
12546,750.0,576,sess_1596,purchase,2025-12-14 03:22:21.240934
12547,610.0,968,sess_2171,view,2026-05-03 07:41:59.240934
12548,389.0,853,sess_1346,purchase,2026-04-23 05:44:05.240934
12549,138.0,667,sess_4408,add_to_cart,2025-07-01 02:29:45.240934
12550,614.0,402,sess_292,add_to_cart,2025-12-07 08:43:45.240934
12551,,25,sess_1092,view,2026-04-22 15:43:57.240934
12552,1070.0,816,sess_86,add_to_cart,2026-05-07 03:14:35.240934
12553,20.0,1170,sess_3115,view,2025-11-08 14:09:34.240934
12554,143.0,169,sess_3738,purchase,2026-01-27 13:56:17.240934
12555,1056.0,1072,sess_2649,add_to_cart,2026-01-24 03:19:59.240934
12556,295.0,737,sess_3429,view,2026-03-01 03:53:23.240934
12557,263.0,1079,sess_1786,view,2026-03-26 11:21:50.240934
12558,621.0,344,sess_3860,view,2025-08-05 07:35:30.240934
12559,116.0,570,sess_2242,add_to_cart,2026-04-16 00:21:38.240934
12560,710.0,402,,view,2025-09-21 04:38:11.240934
12561,1137.0,670,sess_554,add_to_cart,2025-12-12 00:05:15.240934
12562,500.0,377,sess_1839,view,2025-07-10 20:56:14.240934
12563,100.0,624,sess_155,add_to_cart,2026-01-28 02:44:53.240934
12564,644.0,302,sess_4498,purchase,2026-01-31 10:31:06.240934
12565,525.0,789,sess_2418,add_to_cart,2025-12-28 10:21:18.240934
12566,635.0,849,sess_1831,add_to_cart,2025-08-25 03:08:06.240934
120,1049.0,663,sess_2217,purchase,2026-01-06 05:06:02.240934
12568,1157.0,1051,sess_4579,add_to_cart,2026-01-28 11:55:22.240934
12569,939.0,528,sess_4584,purchase,2025-09-03 21:13:15.240934
12570,1169.0,675,sess_4248,purchase,2026-02-25 22:55:31.240934
12571,58.0,1006,,view,2026-02-13 21:48:38.240934
12572,144.0,1054,sess_99,purchase,2025-08-01 21:28:36.240934
12573,641.0,743,sess_3366,add_to_cart,2026-05-10 20:12:43.240934
12574,281.0,419,sess_3970,add_to_cart,2026-05-01 14:14:35.240934
12575,1030.0,932,sess_4362,add_to_cart,invalid_timestamp
12576,735.0,1191,,view,2025-11-14 23:59:35.240934
12577,774.0,191,sess_4621,purchase,2025-07-13 01:05:41.240934
12578,153.0,916,sess_4170,purchase,2025-11-17 23:22:39.240934
12579,,3,sess_4491,add_to_cart,2026-02-13 21:14:45.240934
12580,535.0,1031,sess_2637,purchase,2025-08-31 12:13:00.240934
12581,24.0,425,sess_2245,add_to_cart,2025-07-27 04:05:00.240934
12582,568.0,323,sess_4984,add_to_cart,2025-07-21 23:47:40.240934
12583,180.0,1011,sess_1670,view,2026-03-06 17:35:04.240934
12584,819.0,554,,add_to_cart,invalid_timestamp
12585,400.0,536,sess_1049,purchase,2025-11-04 23:03:44.240934
12586,443.0,573,sess_4106,purchase,2026-06-04 07:30:17.240934
12587,905.0,416,sess_978,add_to_cart,2026-04-19 04:24:57.240934
12588,1115.0,473,sess_3429,purchase,2025-07-21 23:39:05.240934
12589,985.0,608,sess_1191,view,2025-08-09 03:29:33.240934
12590,706.0,991,sess_4586,view,2025-11-28 17:46:20.240934
12591,814.0,889,sess_4834,purchase,2025-11-12 07:56:24.240934
12592,773.0,413,sess_2198,add_to_cart,2025-10-22 03:57:51.240934
12593,749.0,16,sess_3480,purchase,2025-08-09 14:09:44.240934
12594,644.0,814,sess_422,purchase,2025-09-09 20:41:57.240934
12595,1170.0,520,sess_2990,add_to_cart,2025-09-21 00:14:19.240934
12596,901.0,423,sess_3673,purchase,2026-03-18 12:04:19.240934
12597,1170.0,1177,sess_1434,purchase,2025-07-09 17:40:03.240934
12598,1192.0,85,sess_2248,purchase,2026-04-01 10:51:17.240934
12599,724.0,806,sess_3169,purchase,2026-01-05 13:35:13.240934
12600,669.0,360,sess_99,view,2025-08-01 09:24:38.240934
12601,722.0,111,sess_1510,view,2026-04-11 03:48:05.240934
12602,1076.0,678,sess_3448,purchase,2025-11-23 16:08:09.240934
12603,964.0,1150,sess_3483,purchase,2026-02-19 12:44:56.240934
12604,870.0,886,sess_4699,view,2026-01-03 00:43:51.240934
12605,305.0,597,sess_426,add_to_cart,2025-12-16 12:28:09.240934
12606,343.0,1143,sess_1699,add_to_cart,2025-11-28 04:47:54.240934
12607,1050.0,1071,sess_3619,view,2026-01-22 02:51:53.240934
12608,1067.0,1085,sess_1868,purchase,2025-10-09 17:42:11.240934
12609,58.0,726,sess_2326,view,2026-05-03 04:27:17.240934
12610,1108.0,965,sess_1123,view,2026-01-25 20:25:53.240934
102,357.0,837,sess_1349,purchase,2025-11-23 00:28:31.240934
12612,128.0,158,sess_819,add_to_cart,2025-09-06 14:20:22.240934
12613,688.0,6,sess_482,view,2025-06-23 16:14:03.240934
12614,831.0,348,sess_253,purchase,2025-07-21 00:05:54.240934
12615,566.0,625,sess_1515,purchase,2026-05-04 08:15:11.240934
184,295.0,807,sess_3744,add_to_cart,2026-01-10 02:43:08.240934
12617,1080.0,377,sess_13,view,2026-01-30 16:09:39.240934
12618,993.0,1098,sess_1513,add_to_cart,2026-04-24 23:34:22.240934
12619,773.0,246,sess_4472,add_to_cart,2025-06-24 07:31:27.240934
12620,386.0,386,sess_3631,add_to_cart,2026-05-10 04:01:01.240934
12621,163.0,32,sess_1647,view,2025-07-08 22:58:40.240934
12622,481.0,944,sess_703,purchase,2025-07-31 09:27:09.240934
12623,1048.0,841,sess_2726,purchase,2026-03-30 00:57:28.240934
12624,882.0,563,sess_1846,purchase,2025-11-03 03:21:13.240934
12625,1034.0,1134,sess_3654,add_to_cart,2026-01-22 04:04:55.240934
12626,789.0,12,sess_1267,purchase,2025-09-09 22:22:08.240934
12627,959.0,44,sess_2801,view,2025-10-28 15:53:56.240934
12628,981.0,284,sess_953,purchase,2026-01-10 23:31:26.240934
12629,542.0,811,,add_to_cart,invalid_timestamp
12630,864.0,169,sess_937,add_to_cart,2026-03-18 13:52:46.240934
12631,346.0,599,sess_1240,purchase,2025-06-16 00:46:47.240934
12632,439.0,1168,sess_3457,view,2025-06-19 04:56:40.240934
12633,1103.0,653,sess_3697,view,2025-08-10 12:17:49.240934
12634,1130.0,319,sess_936,view,2025-10-29 05:22:57.240934
12635,972.0,995,sess_1140,view,2026-05-26 16:44:46.240934
12636,567.0,813,sess_3002,add_to_cart,2025-08-31 00:18:01.242937
12637,212.0,748,sess_443,add_to_cart,2026-04-08 18:52:35.242937
12638,1160.0,238,sess_4702,purchase,2026-04-30 06:09:17.242937
12639,288.0,997,sess_3201,view,2026-01-16 10:50:34.242937
53,848.0,330,sess_1246,view,2025-12-07 14:44:49.242937
12641,1018.0,866,sess_4220,view,2025-10-24 12:46:57.242937
12642,887.0,789,sess_4776,purchase,2026-02-11 23:09:29.242937
12643,329.0,1102,sess_4501,view,2026-06-04 06:44:34.242937
12644,197.0,523,sess_2221,add_to_cart,2025-08-20 16:21:56.242937
12645,807.0,1155,sess_1600,add_to_cart,2025-10-24 07:11:20.242937
12646,1024.0,1054,sess_3407,add_to_cart,2026-05-02 18:00:47.242937
12647,996.0,916,sess_2877,view,2026-04-23 21:36:22.242937
12648,390.0,743,sess_674,purchase,2025-12-31 09:57:18.242937
12649,654.0,522,sess_224,add_to_cart,2026-03-26 09:41:05.242937
12650,702.0,589,sess_3057,view,invalid_timestamp
12651,802.0,1032,sess_646,view,2026-05-29 13:30:20.242937
12652,873.0,759,sess_1198,add_to_cart,invalid_timestamp
12653,,717,,purchase,2026-05-31 23:36:17.242937
12654,168.0,617,sess_378,add_to_cart,2025-12-12 17:08:54.242937
12655,1118.0,179,sess_3322,add_to_cart,2025-12-01 06:06:47.242937
12656,263.0,1063,sess_4433,add_to_cart,2025-06-20 17:23:01.242937
12657,308.0,135,sess_2160,view,2026-02-01 14:07:41.242937
12658,577.0,164,sess_2492,view,2025-10-31 03:49:22.242937
12659,842.0,41,sess_4320,purchase,2026-03-31 09:23:50.242937
12660,736.0,703,sess_915,view,2026-02-01 04:19:22.242937
12661,866.0,1059,sess_3781,purchase,2025-12-14 23:48:27.242937
12662,671.0,1089,sess_3504,purchase,invalid_timestamp
12663,777.0,1198,sess_797,view,2025-11-15 15:02:16.242937
12664,1031.0,559,sess_2261,add_to_cart,2025-09-19 10:07:49.242937
12665,224.0,281,sess_1036,add_to_cart,2025-08-14 18:41:39.242937
12666,607.0,153,sess_2685,add_to_cart,2025-11-02 17:07:55.242937
12667,,1138,sess_2660,add_to_cart,2026-06-02 11:05:35.242937
12668,265.0,74,sess_767,purchase,2025-09-19 23:43:23.242937
12669,223.0,582,sess_4682,purchase,2025-10-14 19:45:16.242937
12670,514.0,565,sess_792,add_to_cart,2025-07-19 23:39:51.242937
12671,21.0,432,sess_2758,add_to_cart,invalid_timestamp
12672,526.0,314,sess_3824,view,2026-02-09 20:01:30.242937
33,,63,sess_4839,purchase,2026-04-05 17:30:37.242937
126,625.0,205,sess_4573,purchase,2025-08-28 19:39:20.242937
12675,497.0,983,sess_1109,view,2025-08-07 22:11:59.242937
12676,267.0,86,sess_765,purchase,2025-06-30 21:06:58.242937
12677,543.0,1057,sess_3807,purchase,2025-09-03 00:43:38.242937
12678,43.0,985,sess_4405,add_to_cart,2026-04-10 01:20:20.242937
12679,578.0,1000,sess_606,view,2025-11-08 13:53:07.242937
12680,214.0,566,sess_4093,view,2025-09-11 00:27:46.242937
12681,54.0,141,sess_1702,add_to_cart,invalid_timestamp
12682,544.0,143,sess_1760,purchase,2025-10-08 01:28:10.242937
12683,175.0,504,sess_2209,add_to_cart,2026-03-08 07:14:03.242937
12684,834.0,911,sess_3007,add_to_cart,2025-10-15 15:43:57.242937
12685,469.0,1032,sess_2753,purchase,2025-09-02 09:50:22.242937
12686,1026.0,554,sess_2179,purchase,2026-01-18 21:32:37.242937
12687,909.0,807,sess_1456,add_to_cart,2025-11-17 04:47:59.242937
12688,696.0,1092,sess_4751,view,2026-04-03 04:54:59.242937
12689,,903,sess_1030,add_to_cart,2026-06-02 02:41:08.242937
12690,522.0,716,sess_2947,purchase,2026-01-24 10:11:56.242937
12691,391.0,638,sess_1012,purchase,2025-07-05 15:33:00.242937
12692,347.0,538,sess_1042,purchase,2026-03-14 04:46:01.242937
12693,,433,sess_2816,add_to_cart,2025-07-23 23:18:25.242937
12694,199.0,792,sess_4959,view,2025-11-29 21:01:42.242937
12695,400.0,7,sess_164,add_to_cart,2026-03-15 01:59:21.242937
12696,367.0,736,sess_3929,purchase,2025-08-14 04:42:32.242937
12697,1128.0,340,,view,2025-09-30 23:45:59.242937
12698,127.0,833,sess_1481,purchase,2026-04-21 20:52:13.242937
100,966.0,303,sess_1662,purchase,2026-05-21 02:36:25.242937
157,895.0,442,sess_577,add_to_cart,invalid_timestamp
12701,583.0,192,sess_729,purchase,2025-11-17 14:55:02.242937
12702,418.0,276,sess_444,view,2026-05-29 19:11:45.242937
12703,80.0,700,sess_1670,purchase,2025-10-11 01:05:29.242937
12704,393.0,583,sess_284,view,2026-02-07 08:44:11.242937
12705,379.0,174,sess_142,view,2026-02-08 15:19:46.242937
12706,820.0,640,sess_3044,view,2026-06-06 04:23:14.242937
12707,482.0,353,sess_4259,purchase,2025-07-21 19:06:40.242937
12708,900.0,517,sess_3246,purchase,2025-08-07 12:06:21.242937
12709,543.0,759,sess_3782,view,2025-08-31 21:52:03.242937
12710,693.0,212,sess_2696,view,2025-10-22 06:59:26.242937
12711,1039.0,401,sess_918,view,2025-12-07 22:16:55.242937
12712,358.0,962,sess_1877,view,2026-05-09 03:24:41.242937
12713,679.0,886,sess_4762,view,2026-02-11 17:01:16.242937
12714,766.0,1074,sess_2967,add_to_cart,2025-12-24 03:07:19.242937
12715,573.0,676,sess_3446,add_to_cart,2026-03-17 12:56:30.242937
12716,735.0,337,sess_4215,view,2025-10-19 08:09:17.242937
12717,240.0,522,sess_151,add_to_cart,2025-07-08 12:13:01.242937
12718,1174.0,327,sess_2563,purchase,2025-10-25 06:52:25.242937
12719,366.0,139,sess_4222,purchase,2026-01-12 14:25:34.242937
12720,64.0,151,sess_2154,purchase,2026-01-31 01:53:53.242937
12721,418.0,168,sess_374,add_to_cart,2025-12-14 17:09:40.242937
12722,468.0,261,sess_3387,view,2026-05-16 10:10:57.242937
12723,596.0,873,sess_4129,add_to_cart,2026-05-05 15:40:40.242937
12724,431.0,817,sess_2013,purchase,2026-03-11 20:13:46.242937
12725,346.0,1132,sess_1574,add_to_cart,2025-11-22 13:36:59.242937
12726,356.0,661,sess_1904,purchase,2026-04-27 09:42:59.242937
12727,369.0,675,sess_4899,purchase,2025-07-02 02:45:46.242937
12728,570.0,1067,,view,2025-11-01 09:56:27.242937
12729,490.0,576,sess_2790,purchase,2025-08-03 05:55:16.242937
12730,,575,sess_4186,purchase,2026-04-01 23:07:35.242937
12731,845.0,1173,sess_711,view,2025-07-07 03:34:53.242937
12732,356.0,413,sess_4132,purchase,2025-11-23 15:24:05.242937
12733,218.0,14,sess_850,purchase,2026-05-27 02:59:17.242937
12734,1196.0,428,,add_to_cart,2025-09-03 23:35:08.242937
12735,338.0,372,,purchase,2025-11-09 09:01:47.242937
12736,557.0,740,sess_1868,add_to_cart,2025-08-25 03:55:56.242937
12737,772.0,245,sess_857,add_to_cart,invalid_timestamp
12738,,803,sess_1068,purchase,2025-09-07 06:49:04.242937
12739,1062.0,254,sess_4665,purchase,2025-07-02 04:41:48.242937
12740,613.0,69,sess_10,purchase,2026-04-12 09:44:38.242937
12741,619.0,1120,sess_4399,add_to_cart,2026-04-04 11:10:39.242937
12742,251.0,1164,sess_78,purchase,2026-05-03 21:10:27.242937
12743,596.0,687,sess_464,purchase,2026-01-27 05:23:03.242937
12744,1191.0,1076,sess_4942,add_to_cart,2026-02-14 07:24:20.242937
12745,,648,sess_4257,view,2025-11-17 18:55:31.242937
12746,1133.0,76,sess_2898,purchase,2025-08-20 14:57:06.242937
12747,931.0,924,sess_457,add_to_cart,2025-11-13 10:05:37.242937
12748,,477,sess_4788,purchase,2026-03-18 05:21:27.242937
12749,1067.0,1194,sess_2402,view,2025-12-17 20:22:13.242937
12750,214.0,299,sess_2165,view,2025-11-18 21:23:26.242937
12751,1052.0,535,sess_3224,view,2025-08-29 23:55:51.242937
12752,1072.0,916,sess_4224,view,2026-05-14 06:07:12.242937
12753,1002.0,1051,sess_4533,view,2025-10-14 09:42:44.242937
12754,,900,sess_1047,purchase,2025-12-01 02:33:32.242937
12755,228.0,261,sess_3959,add_to_cart,2026-02-17 11:33:32.242937
12756,59.0,182,sess_4279,add_to_cart,2026-02-14 11:10:14.242937
12757,1171.0,354,sess_920,purchase,2025-11-27 08:31:14.242937
12758,706.0,80,sess_3078,view,2025-08-06 14:18:24.242937
12759,1082.0,863,sess_3280,add_to_cart,2025-08-05 13:23:29.242937
12760,363.0,840,sess_2361,view,2025-11-28 03:23:47.242937
12761,353.0,350,sess_1736,purchase,2026-03-14 07:48:38.242937
12762,866.0,520,sess_4131,view,2026-01-01 05:42:04.242937
12763,798.0,104,sess_3193,view,2026-01-30 19:03:00.242937
12764,1194.0,1064,sess_2800,add_to_cart,2026-04-06 05:03:58.242937
12765,818.0,437,sess_4859,purchase,2026-05-24 21:46:56.242937
12766,290.0,652,sess_2327,add_to_cart,2025-07-14 16:53:40.242937
196,545.0,171,,view,2026-01-06 12:58:33.242937
12768,339.0,684,sess_2392,purchase,2025-08-06 01:38:02.242937
12769,61.0,167,,purchase,2025-07-13 05:01:31.242937
12770,454.0,139,sess_4833,purchase,2026-01-13 23:06:18.242937
12771,514.0,825,sess_1651,purchase,2025-12-24 21:27:31.242937
12772,62.0,461,sess_4295,add_to_cart,2025-07-12 08:42:21.242937
12773,771.0,511,sess_886,purchase,2025-07-22 09:33:48.242937
12774,597.0,354,sess_621,add_to_cart,2025-09-06 02:39:35.242937
12775,488.0,218,sess_4889,purchase,2026-05-28 22:08:59.242937
179,215.0,446,sess_3304,purchase,2025-08-07 09:46:26.242937
12777,428.0,76,sess_1147,purchase,2026-01-14 05:19:58.242937
12778,741.0,107,sess_3376,purchase,invalid_timestamp
12779,807.0,10,sess_2387,add_to_cart,2026-01-18 03:52:48.242937
12780,594.0,779,sess_4971,add_to_cart,2025-09-18 02:11:59.242937
12781,621.0,1182,sess_3212,purchase,2026-01-04 02:40:57.242937
12782,438.0,980,sess_752,view,2026-04-21 18:16:25.242937
12783,997.0,213,sess_1230,view,2026-02-10 22:48:18.242937
12784,557.0,1146,sess_184,add_to_cart,2025-07-22 21:24:49.242937
12785,116.0,237,sess_4782,purchase,2025-11-28 22:57:35.242937
12786,666.0,1119,sess_3672,view,2025-08-05 09:54:04.242937
12787,241.0,952,sess_1936,view,2025-07-20 11:23:50.242937
12788,696.0,72,sess_470,purchase,2025-10-19 11:47:18.242937
12789,1004.0,618,sess_4047,purchase,2025-07-14 16:53:38.242937
42,,646,sess_4091,view,2025-11-06 20:04:41.242937
12791,,965,sess_365,view,invalid_timestamp
12792,858.0,1145,sess_1072,add_to_cart,2025-12-05 03:27:50.242937
12793,681.0,1184,sess_2273,add_to_cart,2026-05-30 19:17:17.242937
12794,476.0,861,sess_1281,add_to_cart,2026-02-20 13:07:33.242937
12795,674.0,439,sess_1325,view,2026-06-01 12:06:20.242937
12796,876.0,289,sess_290,purchase,2026-03-24 18:38:02.242937
12797,173.0,535,sess_1163,purchase,2026-01-14 08:38:06.242937
12798,177.0,898,sess_3332,add_to_cart,2026-03-28 19:13:57.242937
12799,925.0,221,sess_1086,view,2026-04-25 14:47:35.242937
12800,754.0,662,sess_78,add_to_cart,2026-02-01 06:47:24.242937
12801,867.0,1173,sess_3884,view,2025-07-06 18:42:54.242937
12802,295.0,37,sess_4492,add_to_cart,2026-04-29 19:54:56.242937
12803,319.0,831,sess_1165,view,2026-04-19 21:28:30.242937
12804,747.0,200,sess_4173,purchase,2026-03-26 11:07:18.242937
12805,152.0,352,sess_4827,purchase,2026-06-10 23:49:55.242937
12806,642.0,658,sess_1199,purchase,2025-06-25 10:07:07.242937
12807,43.0,1003,sess_4468,view,2025-07-19 22:56:56.242937
12808,185.0,47,sess_1489,purchase,2025-10-01 14:42:26.242937
12809,747.0,367,sess_3134,add_to_cart,2025-12-16 16:23:25.242937
12810,845.0,332,sess_2497,add_to_cart,2026-03-10 09:43:26.242937
12811,1040.0,408,sess_4573,view,2025-08-24 14:30:10.242937
12812,247.0,221,sess_1473,view,2026-05-02 15:02:31.242937
12813,313.0,733,sess_1500,add_to_cart,2025-08-12 03:25:05.242937
12814,1162.0,1161,sess_1190,view,2025-08-31 17:47:00.242937
12815,351.0,290,sess_3465,add_to_cart,2025-09-30 20:48:51.242937
12816,576.0,1152,sess_3986,purchase,2026-04-06 03:52:50.242937
12817,492.0,1008,sess_4736,purchase,2026-02-27 22:31:12.242937
12818,1086.0,597,sess_448,add_to_cart,2025-10-24 22:45:59.242937
12819,756.0,477,sess_4569,purchase,2026-03-25 07:37:32.242937
12820,461.0,215,sess_4526,view,2025-10-21 06:10:09.242937
12821,637.0,1008,sess_2082,purchase,2026-01-03 06:37:03.242937
12822,824.0,225,sess_3042,purchase,2026-02-07 02:36:38.242937
12823,652.0,1083,sess_1276,view,2025-12-28 05:09:49.242937
12824,948.0,397,sess_3660,add_to_cart,2025-08-29 23:12:57.242937
12825,100.0,924,sess_2196,purchase,2026-02-17 05:53:08.242937
12826,1199.0,185,,purchase,2025-10-13 19:40:20.242937
12827,14.0,338,sess_991,add_to_cart,invalid_timestamp
12828,1100.0,459,sess_2229,add_to_cart,2025-12-29 22:53:08.242937
12829,1134.0,776,sess_1161,purchase,2026-03-01 03:57:47.242937
12830,833.0,352,sess_944,purchase,2025-06-21 12:54:14.242937
12831,961.0,865,,add_to_cart,invalid_timestamp
12832,643.0,67,,purchase,2026-03-10 01:45:45.242937
12833,893.0,1028,sess_4452,add_to_cart,2026-05-04 08:45:59.242937
12834,642.0,563,sess_2870,purchase,2026-03-13 00:19:48.242937
12835,899.0,470,sess_1402,view,2025-07-24 21:00:43.242937
12836,198.0,599,sess_3300,view,2026-05-13 03:10:39.242937
12837,83.0,819,sess_684,view,2026-03-03 11:27:05.242937
12838,,982,sess_2227,view,2025-12-12 11:09:24.242937
12839,663.0,481,sess_612,purchase,2026-04-28 07:37:40.242937
12840,875.0,772,sess_3657,purchase,2026-01-03 04:50:19.242937
12841,24.0,570,sess_4819,view,2025-06-20 22:42:41.242937
12842,513.0,963,sess_1769,add_to_cart,2026-05-21 03:09:27.242937
12843,949.0,809,sess_3938,view,2025-09-26 10:06:32.242937
12844,282.0,601,sess_4911,view,2026-06-07 22:43:39.242937
12845,457.0,415,sess_3799,add_to_cart,2025-06-17 11:45:44.242937
12846,147.0,732,sess_1796,add_to_cart,2026-04-13 05:17:58.242937
12847,486.0,568,sess_4157,view,2025-09-02 18:47:06.242937
12848,357.0,275,sess_1019,add_to_cart,2025-07-03 06:34:16.242937
12849,575.0,902,sess_1780,view,2026-03-16 20:13:44.242937
12850,517.0,1030,sess_1401,purchase,2026-03-13 00:30:14.242937
12851,814.0,1068,sess_1739,view,2025-08-10 08:04:23.242937
12852,355.0,41,sess_2704,purchase,2026-01-21 14:04:30.242937
12853,702.0,187,sess_3895,purchase,2025-08-23 01:13:02.242937
12854,70.0,310,sess_870,view,2025-11-30 03:39:34.242937
12855,517.0,754,sess_4817,view,2026-03-08 01:43:59.242937
12856,216.0,897,sess_2884,purchase,2026-02-26 00:34:47.242937
12857,628.0,17,sess_1807,add_to_cart,2025-11-01 04:52:49.242937
12858,926.0,1016,sess_2892,view,2025-06-14 09:15:36.242937
12859,728.0,509,sess_3792,purchase,2026-01-12 16:42:47.242937
12860,910.0,906,sess_4707,add_to_cart,2025-12-24 08:10:18.242937
12861,269.0,446,sess_2266,view,2026-02-14 14:39:40.242937
12862,1058.0,824,sess_2561,purchase,2025-09-25 15:58:32.242937
12863,586.0,207,sess_1400,view,2026-05-19 09:44:51.242937
12864,1189.0,621,sess_1173,purchase,2025-08-02 11:07:06.242937
12865,708.0,919,sess_3468,add_to_cart,2025-06-24 03:21:36.242937
12866,1000.0,34,sess_1525,add_to_cart,2025-07-18 03:18:10.242937
12867,245.0,298,sess_3371,add_to_cart,2026-04-26 20:40:03.242937
12868,968.0,336,sess_3037,purchase,2026-01-13 20:04:09.242937
12869,1108.0,446,sess_4892,add_to_cart,2026-04-06 14:38:01.242937
12870,1073.0,553,sess_3817,view,2026-03-10 04:07:37.242937
12871,80.0,911,sess_2503,add_to_cart,2025-08-10 05:45:08.242937
12872,381.0,370,sess_3394,purchase,2026-05-08 09:06:09.242937
12873,127.0,1097,sess_1622,add_to_cart,2025-11-15 11:23:55.242937
12874,1151.0,1090,sess_4958,view,2025-08-10 02:00:59.242937
12875,551.0,222,sess_2563,view,2025-12-17 12:07:05.242937
12876,,836,sess_684,purchase,2025-09-08 16:22:05.242937
12877,988.0,916,sess_3328,add_to_cart,2025-07-28 15:19:02.242937
12878,954.0,914,sess_3996,view,2026-01-05 04:30:29.242937
12879,,103,sess_3450,purchase,2026-02-24 14:11:30.242937
12880,101.0,915,sess_3743,view,2025-12-26 12:41:00.242937
12881,1198.0,901,sess_2313,purchase,2025-10-06 02:49:17.242937
12882,988.0,657,sess_2278,add_to_cart,2026-04-11 14:19:36.242937
12883,133.0,1198,sess_2251,view,invalid_timestamp
12884,147.0,248,,view,2026-04-19 09:14:12.242937
12885,594.0,985,sess_1678,view,2025-07-03 00:39:04.242937
12886,524.0,925,sess_2505,purchase,2025-09-03 16:18:10.242937
12887,749.0,526,sess_2471,purchase,2025-12-28 10:23:33.242937
12888,634.0,369,sess_2319,purchase,2025-10-16 13:06:24.242937
12889,1136.0,783,sess_514,purchase,2025-12-01 22:18:31.242937
12890,104.0,240,sess_3034,add_to_cart,2026-04-21 04:54:14.242937
12891,490.0,25,sess_1901,add_to_cart,2025-07-24 01:50:58.242937
12892,278.0,276,sess_365,view,2025-12-30 05:32:32.242937
12893,846.0,579,sess_888,add_to_cart,2026-06-02 21:30:46.242937
144,845.0,995,sess_1835,view,2026-04-11 11:20:21.242937
12895,513.0,99,sess_3470,view,invalid_timestamp
12896,,1113,sess_4987,add_to_cart,2026-04-27 00:02:03.242937
12897,465.0,454,sess_4889,purchase,2026-02-28 23:33:50.242937
12898,951.0,464,sess_4671,purchase,2026-02-21 13:08:05.242937
12899,929.0,789,sess_4763,add_to_cart,2025-08-09 04:19:53.243940
12900,319.0,1113,sess_2292,add_to_cart,2026-01-02 01:58:56.243940
12901,,187,sess_1738,purchase,2025-07-12 12:36:05.243940
12902,513.0,530,sess_726,view,2025-06-18 07:07:37.243940
12903,400.0,227,sess_3077,purchase,invalid_timestamp
12904,611.0,314,,purchase,2026-04-30 17:17:51.243940
12905,391.0,284,sess_4013,add_to_cart,2025-08-01 05:34:25.243940
12906,1083.0,645,sess_3532,add_to_cart,2026-02-18 10:06:23.243940
12907,795.0,545,sess_787,purchase,2026-05-24 15:10:04.243940
12908,9.0,801,sess_4350,add_to_cart,2026-01-01 10:36:26.243940
12909,148.0,1166,sess_163,view,2025-07-20 01:02:54.243940
12910,714.0,521,sess_2680,view,invalid_timestamp
12911,829.0,1113,sess_2503,view,2026-03-20 01:30:58.243940
12912,171.0,520,sess_1531,add_to_cart,2025-11-25 12:07:34.243940
12913,164.0,654,sess_2187,add_to_cart,2025-10-14 17:35:03.243940
12914,675.0,287,sess_2906,add_to_cart,2026-01-10 19:18:18.243940
12915,216.0,380,sess_4742,purchase,invalid_timestamp
12916,384.0,784,sess_3257,view,2026-04-12 08:49:20.243940
12917,531.0,563,sess_3619,view,2026-05-20 04:12:03.243940
12918,9.0,1174,sess_2891,view,2026-03-06 04:50:49.243940
12919,918.0,380,sess_2908,add_to_cart,2025-08-11 14:46:04.243940
12920,120.0,71,sess_3940,view,invalid_timestamp
12921,781.0,668,sess_4667,view,2026-02-14 01:37:10.243940
12922,802.0,436,sess_958,purchase,2025-11-04 01:43:29.243940
12923,488.0,640,sess_3983,view,2026-01-06 22:48:42.243940
12924,276.0,377,sess_166,add_to_cart,2025-10-24 22:36:37.243940
12925,67.0,441,sess_1361,purchase,2025-08-04 19:46:04.243940
12926,643.0,385,sess_824,purchase,2025-12-12 01:14:15.243940
12927,59.0,932,sess_2641,view,2025-11-16 14:47:12.243940
12928,744.0,83,sess_2840,view,2026-03-13 22:54:11.243940
12929,662.0,1080,sess_1662,view,2026-01-11 18:18:48.243940
12930,56.0,382,sess_1063,view,2025-08-07 08:43:38.243940
12931,516.0,1117,sess_3401,purchase,2026-02-17 12:35:31.243940
12932,1010.0,1139,sess_1739,add_to_cart,2026-01-10 22:50:01.243940
12933,,200,sess_3699,view,2026-03-28 09:14:20.243940
12934,514.0,129,sess_3570,add_to_cart,2026-05-26 03:40:07.243940
12935,292.0,712,,purchase,2025-10-15 21:29:46.243940
12936,1085.0,1145,sess_3075,purchase,invalid_timestamp
12937,,1056,sess_3832,add_to_cart,2025-06-26 00:11:37.243940
12938,418.0,7,sess_4667,add_to_cart,2025-11-20 20:00:45.243940
12939,911.0,403,sess_4999,add_to_cart,2026-05-21 16:21:21.243940
89,860.0,1030,sess_3280,purchase,2025-07-18 16:20:57.243940
12941,242.0,558,sess_2684,view,2026-01-25 10:36:32.243940
12942,366.0,319,sess_1278,purchase,2026-02-17 06:56:05.243940
12943,983.0,198,sess_584,view,2026-02-26 18:39:35.243940
12944,364.0,1082,sess_3991,purchase,2025-12-09 04:22:20.243940
12945,561.0,103,sess_1954,purchase,2025-10-01 19:20:19.243940
12946,604.0,688,sess_876,add_to_cart,2025-07-09 06:58:30.243940
12947,168.0,33,sess_3818,add_to_cart,2025-12-04 00:58:12.243940
12948,633.0,997,sess_2245,add_to_cart,2025-12-18 01:02:45.243940
12949,189.0,987,sess_1255,purchase,2025-12-21 22:47:59.243940
12950,501.0,786,sess_3633,view,2026-03-15 06:30:00.243940
12951,184.0,1099,sess_1452,purchase,2025-11-12 00:37:07.243940
12952,,354,sess_890,add_to_cart,2026-03-10 19:05:43.243940
12953,381.0,534,sess_1164,add_to_cart,2026-02-13 01:59:44.243940
12954,974.0,853,sess_1288,add_to_cart,2025-07-25 07:51:16.243940
20,341.0,419,sess_3025,add_to_cart,2026-01-25 20:29:50.243940
12956,1056.0,238,sess_2125,add_to_cart,2026-03-06 00:53:38.243940
12957,1113.0,1082,sess_2143,view,2025-09-23 22:01:15.243940
12958,1040.0,621,sess_4788,purchase,2026-02-06 13:38:34.243940
12959,,153,sess_1196,purchase,2026-05-10 04:50:45.243940
12960,337.0,1003,sess_4679,add_to_cart,2026-03-30 20:47:17.243940
12961,669.0,742,sess_40,view,2026-03-12 22:34:45.243940
12962,776.0,179,sess_3114,purchase,2025-08-17 23:07:56.243940
12963,453.0,48,sess_1812,add_to_cart,2026-01-11 21:30:46.243940
12964,76.0,1103,,view,2026-03-09 09:18:16.243940
12965,970.0,1163,sess_2075,add_to_cart,2025-09-03 00:02:55.243940
12966,1195.0,439,sess_4073,add_to_cart,2025-12-04 14:01:58.243940
12967,636.0,254,,add_to_cart,2026-04-20 00:52:12.243940
12968,1080.0,458,sess_134,purchase,2025-08-12 07:28:44.243940
12969,410.0,623,sess_4343,add_to_cart,2025-12-06 00:59:04.243940
12970,162.0,83,,add_to_cart,2025-06-20 21:08:51.243940
12971,732.0,704,sess_4802,add_to_cart,2025-12-31 11:08:36.243940
12972,159.0,602,,add_to_cart,2026-02-21 16:05:07.243940
12973,1076.0,281,sess_1318,purchase,2025-06-30 15:32:00.243940
12974,453.0,1174,,purchase,2026-06-11 02:51:33.243940
12975,289.0,843,sess_1644,view,2025-07-21 10:47:27.243940
12976,,359,sess_1721,add_to_cart,invalid_timestamp
12977,434.0,150,sess_4725,purchase,2025-12-03 16:34:10.243940
12978,883.0,184,sess_789,add_to_cart,2025-10-01 05:16:48.243940
12979,603.0,220,sess_3636,view,2026-02-23 00:31:26.243940
12980,1062.0,618,sess_2194,view,2025-11-08 17:03:32.243940
12981,218.0,13,sess_1810,add_to_cart,2025-06-23 12:44:12.243940
12982,596.0,356,sess_3853,view,2025-07-29 12:15:18.243940
12983,28.0,13,sess_2291,add_to_cart,2026-01-17 14:00:14.243940
12984,185.0,858,sess_4473,view,2025-11-20 16:07:00.243940
12985,215.0,279,sess_1137,view,2025-10-10 07:49:52.243940
12986,916.0,63,sess_4162,view,2025-08-30 06:37:09.243940
12987,325.0,880,sess_2791,view,2025-11-16 08:55:05.243940
12988,,424,sess_3367,add_to_cart,2025-06-14 11:30:03.243940
12989,886.0,589,sess_2054,purchase,2026-03-05 16:44:23.243940
12990,489.0,420,sess_4597,purchase,2026-03-12 08:58:52.243940
12991,843.0,164,sess_4599,purchase,invalid_timestamp
12992,896.0,997,,add_to_cart,2025-07-10 16:14:12.243940
12993,236.0,217,sess_137,view,2026-05-25 07:35:06.243940
12994,25.0,58,sess_4097,add_to_cart,2025-11-16 13:48:04.243940
12995,785.0,659,sess_3792,purchase,2026-01-01 22:48:48.243940
12996,,1067,sess_4570,view,2026-04-29 17:01:54.243940
12997,561.0,313,sess_4404,purchase,2026-02-02 15:02:15.243940
12998,996.0,240,sess_627,purchase,2025-09-02 04:53:35.243940
12999,755.0,230,,purchase,2025-08-13 07:00:07.243940
13000,914.0,1067,sess_1788,view,2025-12-22 04:34:42.243940
13001,1147.0,487,sess_3293,add_to_cart,2025-09-17 11:36:02.243940
13002,1179.0,513,sess_4896,view,2026-02-15 00:10:54.243940
13003,421.0,84,sess_2498,add_to_cart,2025-07-06 08:54:03.243940
13004,555.0,951,sess_1122,view,2025-06-17 17:56:17.243940
13005,29.0,961,sess_4997,purchase,2025-11-20 09:34:27.243940
13006,177.0,115,sess_615,view,2025-08-25 04:26:29.243940
13007,730.0,618,sess_4581,add_to_cart,2026-04-04 15:01:48.243940
13008,682.0,1056,sess_3169,view,2026-01-28 12:05:05.243940
13009,10.0,739,sess_3607,add_to_cart,2025-09-22 11:53:45.243940
13010,703.0,747,sess_392,purchase,2026-04-06 01:44:47.243940
13011,583.0,684,sess_393,add_to_cart,2026-01-06 09:53:20.243940
13012,,1149,sess_3753,add_to_cart,2026-02-16 17:21:55.243940
13013,1172.0,994,sess_313,view,2026-03-16 20:20:53.243940
13014,116.0,385,sess_4723,purchase,2026-02-27 04:05:02.243940
13015,184.0,408,sess_3382,purchase,2025-11-04 23:10:35.243940
13016,373.0,146,sess_4514,add_to_cart,2026-06-11 18:29:07.243940
13017,1155.0,390,sess_3610,purchase,2026-03-13 04:44:48.243940
13018,979.0,8,sess_621,view,2026-03-04 00:17:34.243940
13019,779.0,464,sess_1648,view,2026-02-28 12:57:26.243940
13020,562.0,1077,sess_617,view,2026-02-02 11:46:35.243940
13021,786.0,139,sess_790,view,2026-02-12 01:13:35.243940
13022,689.0,150,sess_2439,add_to_cart,2026-04-13 15:07:04.243940
13023,887.0,206,sess_2905,view,2025-07-26 13:47:52.243940
13024,,581,sess_3815,purchase,2026-02-21 08:14:09.243940
13025,1121.0,947,sess_462,view,2025-10-04 16:29:32.243940
13026,1100.0,1116,sess_4926,purchase,2025-10-07 10:37:24.243940
13027,762.0,741,sess_2672,purchase,2025-12-14 04:17:56.243940
13028,642.0,493,sess_2470,add_to_cart,2026-05-25 13:51:22.243940
13029,1006.0,752,sess_2906,purchase,2026-02-24 02:10:14.243940
13030,313.0,761,sess_2293,purchase,2025-07-10 04:56:19.243940
13031,454.0,328,sess_2641,purchase,2025-09-27 19:25:55.243940
13032,700.0,108,sess_4651,view,2026-04-07 05:09:17.243940
13033,166.0,200,sess_389,add_to_cart,2025-10-24 18:55:06.243940
13034,877.0,1076,sess_382,view,2026-04-05 01:51:16.243940
13035,108.0,1178,sess_3596,purchase,invalid_timestamp
13036,829.0,19,sess_2531,purchase,2026-02-19 20:30:08.243940
13037,800.0,876,sess_375,purchase,2026-06-08 21:00:10.243940
13038,598.0,706,,view,2025-12-20 15:46:55.243940
13039,699.0,957,sess_2210,view,2025-06-28 18:07:06.243940
13040,1072.0,671,sess_1909,add_to_cart,2025-10-16 05:24:42.243940
13041,101.0,189,sess_4995,add_to_cart,2025-07-09 14:50:20.243940
13042,459.0,560,sess_1267,purchase,2026-05-02 09:54:14.243940
13043,493.0,358,sess_1572,add_to_cart,2025-08-06 11:05:43.243940
13044,1144.0,1140,sess_2313,purchase,2025-11-20 00:13:56.243940
13045,,560,sess_2755,view,invalid_timestamp
13046,578.0,655,sess_2041,add_to_cart,2026-04-13 18:12:03.243940
13047,1046.0,1034,sess_4142,add_to_cart,2026-02-08 16:46:20.243940
13048,,565,sess_2649,add_to_cart,2025-07-14 19:48:39.243940
13049,1096.0,221,sess_43,view,2026-02-03 18:30:45.243940
13050,135.0,206,sess_1191,purchase,2026-03-23 22:05:28.243940
13051,239.0,810,sess_2938,purchase,2026-05-12 08:05:44.243940
13052,840.0,273,sess_818,view,2026-05-16 17:12:11.243940
13053,661.0,1000,sess_2392,add_to_cart,2026-03-22 06:57:33.243940
13054,135.0,115,sess_2056,purchase,2026-01-27 01:58:37.243940
13055,259.0,231,sess_912,purchase,2025-08-06 14:06:37.243940
13056,338.0,154,sess_2989,purchase,2025-09-05 17:16:53.243940
13057,400.0,311,sess_4098,add_to_cart,invalid_timestamp
13058,1003.0,814,sess_4645,view,2026-02-05 13:40:18.243940
13059,957.0,1134,sess_2786,purchase,2025-11-13 05:24:48.243940
13060,171.0,475,sess_4158,add_to_cart,2025-12-18 14:11:16.243940
13061,360.0,853,sess_257,purchase,2025-06-20 15:48:02.243940
13062,517.0,734,sess_2904,view,2025-06-24 02:28:51.243940
13063,,178,sess_3978,purchase,2026-05-17 08:58:26.243940
13064,,329,sess_2649,add_to_cart,2026-01-12 11:36:56.243940
13065,306.0,124,sess_925,purchase,2025-07-15 14:11:24.243940
13066,92.0,1168,sess_1495,view,2026-04-22 00:03:52.243940
13067,883.0,824,sess_4343,view,2026-02-21 07:29:37.243940
13068,1183.0,1100,sess_866,purchase,2025-10-07 10:54:02.243940
13069,320.0,379,sess_738,add_to_cart,2025-08-10 07:05:14.243940
13070,283.0,92,sess_4638,purchase,2025-09-18 22:47:59.243940
13071,28.0,614,sess_849,view,2026-05-13 04:25:18.243940
13072,59.0,586,sess_4586,view,2025-09-19 20:16:44.243940
13073,550.0,173,,add_to_cart,2025-06-16 00:36:09.243940
13074,661.0,404,sess_2683,add_to_cart,2026-03-19 05:51:33.243940
13075,761.0,755,sess_3079,view,2025-10-13 22:51:24.243940
13076,438.0,756,,purchase,2025-07-25 13:37:34.243940
13077,504.0,191,sess_3837,view,2025-09-01 11:04:29.243940
13078,3.0,559,sess_689,view,2026-05-18 02:20:23.243940
13079,1174.0,983,sess_3329,view,2026-05-22 17:12:17.243940
13080,154.0,821,sess_2051,view,2026-05-04 17:33:39.243940
13081,661.0,150,sess_2771,add_to_cart,2025-08-04 10:25:13.243940
13082,708.0,670,sess_4427,view,2026-05-02 03:35:04.243940
13083,123.0,366,sess_2028,add_to_cart,2025-11-10 04:04:03.243940
13084,601.0,817,sess_1173,purchase,2025-06-14 06:11:35.243940
13085,1068.0,10,sess_2082,view,invalid_timestamp
13086,178.0,1115,sess_1314,add_to_cart,2025-08-21 20:59:04.243940
13087,,777,sess_2071,purchase,2026-02-16 14:02:47.243940
13088,,904,sess_394,view,2025-11-16 14:23:31.243940
13089,1071.0,296,sess_4386,view,2025-12-17 17:22:13.243940
13090,980.0,121,sess_4529,view,2025-09-09 16:23:50.243940
13091,84.0,461,sess_4757,view,2025-12-27 10:52:10.243940
13092,829.0,926,sess_2402,view,2025-07-15 10:28:44.243940
13093,815.0,1094,sess_4967,view,2026-02-08 10:58:52.243940
13094,296.0,526,sess_1454,add_to_cart,2025-09-16 10:07:43.243940
13095,447.0,710,sess_1075,view,2025-10-31 17:35:02.243940
13096,898.0,544,sess_1547,purchase,2026-06-10 03:33:46.243940
13097,519.0,1164,sess_1838,add_to_cart,2025-12-11 15:58:56.243940
13098,311.0,859,sess_1250,view,2025-10-11 09:31:07.243940
13099,840.0,920,,purchase,2025-10-21 09:11:28.243940
13100,811.0,353,sess_1051,add_to_cart,2026-02-05 14:18:33.243940
13101,211.0,553,sess_3253,purchase,2025-09-11 19:31:26.243940
13102,885.0,74,sess_4363,add_to_cart,2025-12-14 16:32:59.243940
13103,692.0,85,sess_77,purchase,2026-04-27 07:01:05.243940
13104,1014.0,522,sess_752,view,2026-01-25 20:35:50.243940
13105,297.0,522,sess_1251,purchase,2026-02-09 10:09:06.243940
13106,1055.0,116,sess_4494,add_to_cart,2026-01-24 17:37:32.243940
13107,826.0,1120,sess_1011,purchase,2026-04-01 14:49:32.243940
13108,411.0,928,sess_3520,add_to_cart,2025-10-18 13:46:25.243940
67,265.0,84,sess_1293,purchase,2025-10-11 23:18:12.243940
13110,,642,sess_128,purchase,2026-03-11 20:58:48.243940
13111,764.0,215,sess_3081,purchase,2025-07-24 20:44:08.243940
13112,571.0,686,sess_2753,purchase,2025-06-25 02:30:42.243940
13113,649.0,630,sess_3612,purchase,2026-03-17 16:30:34.243940
13114,404.0,403,sess_943,purchase,2025-10-01 11:19:47.243940
13115,104.0,883,sess_2569,add_to_cart,2025-12-10 09:07:36.243940
13116,856.0,761,sess_1653,purchase,2025-07-02 14:07:39.243940
13117,394.0,612,sess_2602,purchase,2025-10-05 04:32:38.243940
13118,670.0,799,sess_4899,add_to_cart,2025-12-15 12:24:10.243940
13119,303.0,516,sess_2329,add_to_cart,invalid_timestamp
13120,506.0,1067,sess_2799,purchase,2025-10-03 02:12:56.243940
13121,451.0,1016,sess_438,purchase,2025-10-15 01:48:03.243940
13122,129.0,576,sess_4693,view,2026-05-26 22:47:38.243940
13123,823.0,184,,purchase,2025-11-28 02:42:52.243940
13124,353.0,1074,sess_998,purchase,2025-06-25 02:24:06.245946
13125,1119.0,35,,purchase,2025-09-23 21:12:04.245946
13126,647.0,177,sess_2973,add_to_cart,2025-10-26 02:25:12.245946
13127,241.0,1199,sess_3642,purchase,2026-03-09 01:19:04.245946
13128,930.0,1069,sess_4800,purchase,2025-10-06 06:16:14.245946
13129,1093.0,232,,view,2026-06-11 18:25:25.245946
13130,679.0,861,sess_4495,view,2025-11-10 03:02:39.245946
13131,296.0,928,sess_4982,view,2025-06-16 10:34:44.245946
13132,924.0,1131,sess_3275,add_to_cart,2025-07-20 10:32:54.245946
13133,882.0,870,,add_to_cart,2025-08-26 04:34:07.245946
13134,21.0,284,sess_1289,view,2025-10-30 23:55:06.245946
13135,479.0,907,sess_4600,add_to_cart,2026-05-30 01:36:18.245946
13136,567.0,613,sess_2231,view,2026-03-17 19:53:45.245946
13137,395.0,56,,add_to_cart,2026-03-13 23:12:34.245946
13138,974.0,607,sess_777,view,2025-06-26 12:20:48.245946
13139,1052.0,306,sess_1769,view,2025-08-09 07:41:27.245946
13140,541.0,708,sess_4522,add_to_cart,2025-06-27 13:06:04.245946
13141,140.0,458,sess_2193,view,2025-11-28 00:10:09.245946
13142,614.0,97,sess_2370,add_to_cart,2025-07-03 17:45:37.245946
13143,461.0,292,sess_2664,add_to_cart,2025-11-09 02:17:04.245946
13144,1017.0,405,sess_151,add_to_cart,2025-12-26 00:20:29.245946
13145,577.0,595,sess_2901,view,2026-05-26 06:50:22.245946
13146,427.0,865,sess_2868,purchase,2026-02-15 14:47:14.245946
13147,389.0,822,sess_2201,purchase,2025-09-01 10:36:19.245946
13148,257.0,981,sess_522,purchase,2026-02-22 22:38:51.245946
13149,494.0,7,sess_275,add_to_cart,invalid_timestamp
13150,684.0,453,sess_298,view,2025-08-13 02:28:17.245946
13151,199.0,132,sess_4030,add_to_cart,2025-10-13 15:05:01.245946
13152,13.0,673,sess_1730,purchase,2025-11-14 19:52:18.245946
13153,242.0,799,sess_2338,add_to_cart,2025-09-16 23:59:50.245946
13154,1198.0,229,sess_2495,purchase,2025-11-02 15:02:38.245946
138,883.0,916,sess_205,view,2025-11-23 03:28:00.245946
13156,842.0,448,sess_709,add_to_cart,invalid_timestamp
13157,964.0,704,sess_3005,purchase,2026-02-15 09:19:36.245946
13158,1028.0,627,sess_1515,add_to_cart,2025-09-27 21:51:33.245946
13159,,698,sess_960,add_to_cart,2026-04-19 08:29:22.245946
176,1043.0,320,sess_1266,view,2025-09-16 20:12:19.245946
13161,534.0,1184,sess_197,purchase,2026-05-31 08:16:33.245946
13162,137.0,639,sess_321,purchase,2025-11-11 04:19:14.245946
13163,408.0,498,sess_4181,add_to_cart,2025-09-03 23:19:17.245946
13164,776.0,1045,sess_4410,purchase,2025-09-14 19:52:12.245946
13165,647.0,523,sess_1935,view,2025-08-09 13:09:02.245946
13166,658.0,56,sess_3597,purchase,2025-06-28 10:42:56.245946
13167,392.0,902,sess_9,purchase,2025-10-18 14:29:02.245946
13168,318.0,668,sess_2303,view,2025-09-22 10:19:12.245946
13169,432.0,30,sess_1462,add_to_cart,2026-04-20 20:49:27.245946
13170,1166.0,126,sess_565,add_to_cart,2026-01-09 04:37:57.245946
13171,,540,sess_714,add_to_cart,2026-02-21 09:53:17.245946
13172,285.0,824,sess_1553,add_to_cart,2026-03-09 19:29:19.245946
13173,400.0,687,sess_735,add_to_cart,invalid_timestamp
13174,108.0,570,sess_3648,view,2025-08-06 12:44:40.245946
13175,831.0,827,sess_3392,view,2025-12-22 17:53:10.245946
13176,423.0,267,sess_2599,add_to_cart,2025-09-16 08:29:18.245946
13177,945.0,392,sess_4497,add_to_cart,2026-03-22 13:44:14.245946
13178,953.0,269,sess_3929,add_to_cart,2025-11-01 22:13:49.245946
13179,80.0,280,sess_419,purchase,2026-06-07 16:54:18.245946
13180,635.0,853,sess_3796,purchase,2025-08-05 16:29:59.245946
13181,196.0,813,sess_4196,view,2026-04-30 06:09:23.245946
13182,812.0,1140,sess_4335,add_to_cart,2026-04-09 04:55:34.245946
13183,870.0,854,sess_2853,add_to_cart,2025-09-07 14:45:26.245946
13184,803.0,1090,sess_484,add_to_cart,2025-07-03 03:35:09.245946
13185,733.0,278,sess_1455,add_to_cart,2026-04-26 22:48:48.245946
13186,207.0,634,sess_1315,add_to_cart,2026-05-11 17:38:24.245946
13187,1101.0,470,sess_4306,view,2026-01-25 13:38:51.245946
13188,121.0,717,sess_3964,view,2025-11-28 02:54:17.245946
13189,1046.0,625,sess_4314,add_to_cart,2025-09-18 23:11:13.245946
13190,941.0,53,sess_299,view,2026-04-28 03:25:48.245946
13191,142.0,133,sess_4501,add_to_cart,2025-10-14 21:11:06.245946
13192,1045.0,695,sess_4855,view,invalid_timestamp
13193,1018.0,164,sess_2707,add_to_cart,2026-02-08 08:21:53.245946
13194,82.0,1083,sess_2387,purchase,2025-10-26 14:31:15.245946
13195,52.0,218,sess_4785,add_to_cart,2026-01-14 09:33:20.245946
13196,1081.0,1077,sess_1482,view,2026-01-06 22:55:11.245946
13197,719.0,1133,sess_236,view,2025-09-25 06:20:37.245946
13198,609.0,365,sess_2187,add_to_cart,2025-12-13 08:10:13.245946
13199,5.0,258,sess_537,view,2025-12-27 03:13:31.245946
13200,895.0,940,sess_1648,view,2025-06-22 09:57:08.245946
13201,211.0,893,sess_1979,add_to_cart,2025-12-15 01:54:12.245946
13202,101.0,676,sess_3800,view,2025-12-18 23:28:38.245946
13203,1197.0,781,sess_1733,purchase,2025-10-31 04:01:09.245946
13204,730.0,58,sess_750,purchase,invalid_timestamp
13205,134.0,905,sess_679,add_to_cart,2025-06-29 20:27:39.245946
13206,543.0,931,sess_3537,add_to_cart,2025-09-18 07:09:57.245946
13207,1189.0,224,sess_2294,add_to_cart,2026-04-25 12:25:42.245946
13208,579.0,1164,sess_4089,view,2025-12-31 18:57:50.245946
13209,895.0,253,sess_2399,add_to_cart,2025-08-19 03:28:13.245946
13210,692.0,377,sess_4229,purchase,2025-10-13 20:57:40.245946
13211,203.0,712,sess_742,add_to_cart,2025-09-27 07:28:53.245946
13212,875.0,815,sess_3314,add_to_cart,2026-03-09 00:29:02.245946
13213,512.0,879,sess_1226,add_to_cart,2025-07-26 17:23:47.245946
13214,973.0,263,sess_1738,purchase,2025-06-14 05:57:18.245946
13215,928.0,112,sess_429,view,2025-07-08 06:25:32.245946
13216,967.0,1064,sess_2550,view,2025-12-20 19:50:18.245946
13217,1194.0,733,sess_334,purchase,2025-09-10 17:49:35.245946
13218,1109.0,396,sess_1130,view,2025-12-16 15:53:11.245946
13219,242.0,955,sess_4254,add_to_cart,2026-01-13 19:36:19.245946
13220,693.0,655,sess_665,purchase,2026-03-06 23:24:23.245946
13221,1105.0,408,sess_2717,add_to_cart,2026-03-31 22:33:54.245946
13222,399.0,956,sess_1607,add_to_cart,invalid_timestamp
13223,35.0,1065,sess_2415,add_to_cart,2026-01-22 11:30:26.245946
13224,708.0,821,sess_2279,add_to_cart,2025-11-19 09:31:43.245946
13225,37.0,377,sess_2388,view,2026-02-12 21:31:42.245946
13226,378.0,599,sess_1335,add_to_cart,2025-06-12 08:10:43.245946
13227,378.0,204,sess_4470,purchase,invalid_timestamp
13228,265.0,951,sess_2462,add_to_cart,2025-08-31 01:15:58.245946
13229,1131.0,766,sess_3296,add_to_cart,2026-01-24 13:11:46.245946
13230,,116,sess_834,add_to_cart,2025-12-09 11:31:16.245946
13231,654.0,1093,sess_4872,view,2025-09-25 01:59:38.245946
13232,1120.0,1048,sess_1297,view,2026-02-26 09:51:40.245946
13233,852.0,652,sess_810,view,2026-04-13 13:14:16.245946
13234,313.0,10,sess_4561,add_to_cart,2026-05-11 07:58:18.245946
13235,708.0,898,sess_2134,add_to_cart,2026-03-01 03:37:35.245946
13236,1057.0,166,sess_4716,view,2025-07-23 22:52:31.245946
13237,907.0,1159,sess_3738,add_to_cart,invalid_timestamp
13238,244.0,1121,sess_2040,view,2025-06-13 21:12:58.245946
13239,489.0,907,sess_4682,view,2026-03-25 11:03:07.245946
13240,757.0,858,sess_1100,add_to_cart,2026-05-04 11:10:43.245946
13241,1073.0,363,sess_1735,add_to_cart,2025-08-28 02:39:46.245946
13242,1015.0,287,sess_4940,add_to_cart,2025-11-14 22:52:22.245946
13243,363.0,767,,add_to_cart,2026-04-25 15:04:46.245946
13244,711.0,57,sess_4736,add_to_cart,2025-07-23 23:56:06.245946
13245,419.0,382,sess_2499,purchase,2026-03-25 21:40:07.245946
13246,459.0,491,sess_2524,add_to_cart,2025-07-23 04:23:06.245946
13247,423.0,772,sess_1352,view,2025-10-11 16:51:30.245946
13248,788.0,986,sess_3482,view,2025-09-02 14:36:35.245946
13249,190.0,190,,purchase,2025-12-19 23:36:00.245946
13250,946.0,1047,sess_2999,add_to_cart,2026-01-14 20:36:53.245946
13251,724.0,391,sess_1841,add_to_cart,invalid_timestamp
13252,1049.0,36,sess_3906,purchase,2026-04-04 04:03:17.245946
13253,159.0,760,sess_290,purchase,invalid_timestamp
146,199.0,843,sess_2632,purchase,2026-05-24 11:02:16.245946
13255,603.0,42,sess_821,view,invalid_timestamp
97,1013.0,650,sess_1956,view,2026-01-05 14:46:34.245946
13257,1010.0,582,sess_279,view,2025-11-09 18:47:25.245946
13258,187.0,153,sess_691,add_to_cart,2026-04-01 19:34:54.245946
13259,,61,sess_3302,add_to_cart,2025-09-03 18:03:51.245946
13260,602.0,270,sess_4523,purchase,2026-02-24 00:30:53.245946
13261,416.0,610,sess_4660,view,2026-04-20 13:04:34.245946
13262,700.0,86,,purchase,2025-07-15 15:43:54.245946
13263,33.0,59,sess_4256,view,2025-12-07 21:28:55.245946
13264,269.0,672,sess_299,view,2026-03-04 14:12:48.245946
13265,199.0,889,sess_2131,purchase,2026-04-04 07:38:27.245946
13266,680.0,1104,sess_655,add_to_cart,2025-10-08 09:37:35.245946
13267,772.0,1098,sess_1406,view,2026-01-07 06:39:26.245946
13268,,211,sess_3294,view,2025-09-15 06:47:10.245946
13269,1041.0,1191,sess_691,view,2026-04-18 06:13:44.245946
13270,627.0,390,sess_4674,view,2025-06-29 05:59:10.245946
13271,432.0,362,sess_4050,view,2026-03-10 23:05:53.245946
13272,332.0,1121,sess_2560,purchase,2026-06-08 06:44:43.245946
13273,377.0,892,,add_to_cart,2025-09-21 11:14:08.245946
13274,209.0,296,sess_2561,purchase,2025-12-12 18:44:53.245946
13275,414.0,8,sess_2751,purchase,2025-06-14 21:47:11.245946
13276,913.0,556,sess_4418,view,2025-12-29 01:11:35.245946
13277,412.0,577,sess_3535,view,2025-12-11 06:01:23.245946
13278,255.0,622,,purchase,2026-03-28 07:18:35.245946
13279,63.0,779,sess_1334,view,2026-01-20 12:40:55.245946
13280,197.0,27,sess_4895,add_to_cart,2025-08-27 17:31:00.245946
13281,524.0,251,sess_4625,view,2026-02-16 12:19:07.245946
13282,27.0,932,sess_627,add_to_cart,2025-07-24 18:10:19.245946
13283,782.0,1155,sess_361,add_to_cart,2026-02-27 16:11:55.245946
13284,719.0,399,sess_3406,add_to_cart,2026-01-31 12:09:02.245946
13285,745.0,781,sess_3944,view,2025-11-21 16:20:38.245946
13286,407.0,1077,sess_3858,add_to_cart,2025-07-05 10:22:34.245946
13287,417.0,338,sess_4680,add_to_cart,invalid_timestamp
13288,678.0,851,sess_3764,purchase,2026-06-02 04:48:19.245946
13289,168.0,738,sess_3495,view,2026-05-04 19:37:15.245946
13290,362.0,282,sess_349,purchase,2026-03-18 06:18:23.245946
13291,1120.0,936,,add_to_cart,2026-06-01 03:04:26.245946
13292,1071.0,293,sess_769,purchase,2026-02-05 19:53:28.245946
13293,598.0,415,sess_1360,add_to_cart,2025-10-11 17:41:04.245946
13294,552.0,473,sess_585,add_to_cart,2025-09-08 01:47:50.245946
13295,839.0,840,sess_1523,view,2025-06-30 15:17:39.245946
13296,602.0,332,sess_416,purchase,2025-09-16 07:49:19.245946
13297,1199.0,463,,view,2025-06-16 07:37:09.245946
13298,720.0,375,sess_1778,add_to_cart,2025-08-01 15:20:30.245946
13299,1069.0,983,sess_4722,view,2025-11-03 08:27:48.245946
13300,763.0,717,sess_4619,view,2025-06-27 15:33:46.245946
13301,791.0,928,sess_3150,add_to_cart,2026-03-11 21:52:14.245946
13302,,169,sess_1195,add_to_cart,2025-06-19 06:51:44.245946
13303,,419,sess_950,view,2026-01-01 05:54:21.245946
13304,255.0,80,sess_1565,view,2025-07-10 07:35:09.245946
13305,,747,sess_4738,purchase,invalid_timestamp
13306,87.0,880,sess_966,add_to_cart,2026-01-05 18:16:29.245946
13307,1017.0,828,sess_2952,view,2025-08-13 20:11:48.245946
13308,199.0,764,sess_4801,view,2025-07-16 15:19:51.245946
13309,362.0,1008,sess_3542,view,invalid_timestamp
13310,639.0,1048,sess_2226,add_to_cart,2026-02-12 08:16:23.245946
13311,144.0,282,sess_3248,add_to_cart,2025-12-26 18:32:33.245946
13312,382.0,803,sess_4611,purchase,2026-04-04 13:30:58.245946
13313,,65,,purchase,2025-07-20 04:44:49.245946
13314,403.0,6,sess_4753,view,2026-02-13 04:01:52.245946
13315,1127.0,1147,sess_1846,purchase,2026-01-05 22:29:17.245946
13316,202.0,704,sess_3052,purchase,2025-09-17 19:44:39.245946
13317,554.0,1087,sess_1201,purchase,2026-05-01 10:54:57.245946
13318,348.0,189,sess_1281,purchase,2025-06-28 00:24:47.245946
13319,700.0,173,sess_1218,add_to_cart,2025-10-15 03:47:42.245946
13320,872.0,612,sess_3615,view,2025-11-17 14:30:33.245946
13321,244.0,525,sess_143,add_to_cart,2026-03-24 18:31:36.245946
13322,301.0,310,sess_1979,view,2026-04-19 00:07:26.245946
13323,810.0,682,sess_2549,purchase,2026-02-24 12:55:36.245946
13324,1071.0,257,sess_1053,add_to_cart,2026-02-11 11:43:26.245946
13325,1139.0,220,,view,2026-02-09 13:22:41.245946
13326,925.0,594,sess_4800,purchase,invalid_timestamp
13327,83.0,772,sess_3257,view,2026-04-24 16:48:35.245946
13328,778.0,692,sess_292,add_to_cart,2025-08-11 14:08:48.245946
13329,974.0,993,sess_1262,add_to_cart,2025-11-14 09:48:35.245946
13330,935.0,742,sess_3359,add_to_cart,2025-08-09 04:43:49.245946
13331,1075.0,289,sess_3520,purchase,2025-11-22 18:21:15.245946
13332,1102.0,428,sess_4841,add_to_cart,2025-08-26 23:13:18.245946
13333,247.0,1102,sess_4976,add_to_cart,invalid_timestamp
13334,526.0,986,sess_3680,add_to_cart,2026-04-22 23:35:39.245946
13335,,60,sess_928,add_to_cart,2025-07-07 13:50:18.245946
13336,214.0,645,sess_2935,add_to_cart,2026-05-05 23:31:58.245946
13337,545.0,515,sess_2963,view,2025-12-01 01:46:41.245946
13338,578.0,147,sess_465,view,2026-02-28 01:21:31.245946
13339,5.0,818,sess_131,view,2025-08-28 09:49:40.245946
13340,115.0,14,sess_2886,purchase,2026-04-10 07:50:52.245946
13341,207.0,732,sess_4467,view,2026-03-03 22:15:41.245946
13342,782.0,195,sess_136,add_to_cart,2025-06-28 02:14:32.245946
80,860.0,1142,sess_1895,purchase,2025-08-09 19:13:50.245946
13344,509.0,363,sess_2664,add_to_cart,2025-11-13 02:44:48.245946
13345,201.0,499,sess_1703,purchase,2025-11-21 12:19:55.245946
13346,437.0,613,sess_2559,add_to_cart,2026-01-13 08:06:28.245946
13347,937.0,266,sess_25,add_to_cart,2026-02-08 07:06:48.245946
13348,443.0,1144,sess_622,view,invalid_timestamp
13349,449.0,1170,sess_3270,add_to_cart,2026-05-14 21:18:57.245946
13350,,1098,sess_4240,add_to_cart,2026-02-25 17:33:08.245946
13351,227.0,565,sess_274,add_to_cart,2026-01-21 07:43:58.245946
13352,470.0,388,sess_4084,purchase,2026-05-10 03:13:50.245946
13353,59.0,954,sess_1617,add_to_cart,2026-03-18 06:16:47.245946
13354,283.0,268,sess_4587,purchase,2026-05-28 14:16:30.245946
13355,593.0,610,sess_2091,add_to_cart,2026-02-06 13:04:39.245946
38,34.0,403,sess_4554,view,2025-11-18 14:57:10.245946
13357,361.0,71,sess_1297,view,2026-01-23 23:55:18.245946
13358,55.0,1026,,add_to_cart,2026-03-29 23:53:40.245946
13359,1178.0,141,sess_3124,view,2025-11-19 02:19:15.245946
13360,894.0,220,sess_2379,view,2026-01-21 14:17:31.245946
13361,283.0,491,sess_1381,purchase,2025-11-18 22:16:36.245946
13362,1106.0,1129,sess_4102,purchase,2026-01-11 09:41:11.245946
13363,260.0,43,sess_3702,view,2026-01-26 19:06:23.245946
13364,462.0,76,sess_1045,purchase,2026-03-28 15:38:49.245946
43,329.0,498,sess_1663,purchase,2025-12-09 11:37:34.245946
13366,,287,sess_4265,add_to_cart,2025-11-29 22:19:59.245946
13367,1180.0,974,sess_4422,purchase,2025-08-03 06:57:41.245946
13368,963.0,439,sess_83,purchase,2025-08-14 13:57:33.245946
13369,401.0,773,sess_2620,view,2026-04-28 03:50:18.245946
13370,594.0,602,sess_4629,view,2026-03-09 21:42:08.245946
13371,268.0,656,sess_1087,add_to_cart,2026-05-21 16:35:51.245946
13372,1056.0,86,sess_1902,view,2025-11-05 07:19:16.245946
13373,109.0,440,sess_1258,add_to_cart,2026-02-19 07:28:15.245946
13374,823.0,133,sess_503,add_to_cart,2026-05-31 02:34:41.245946
13375,114.0,380,sess_2869,add_to_cart,2026-04-30 06:46:26.245946
13376,799.0,1044,sess_3028,view,2026-06-11 04:11:53.245946
13377,469.0,970,sess_3245,purchase,2026-01-20 03:29:57.245946
13378,119.0,112,sess_1222,add_to_cart,2025-10-09 11:49:50.245946
13379,440.0,980,sess_52,purchase,2025-10-03 01:34:25.245946
13380,542.0,678,,add_to_cart,2026-04-10 12:23:50.245946
13381,1075.0,417,sess_525,purchase,2025-10-14 20:35:59.245946
13382,1176.0,749,sess_3388,view,2025-12-16 19:03:18.245946
13383,1151.0,1,sess_2970,add_to_cart,2025-07-01 04:25:44.245946
13384,1188.0,730,sess_2517,view,2025-07-21 01:24:22.245946
13385,123.0,978,sess_2577,view,2025-08-10 20:40:52.245946
13386,645.0,626,sess_1203,view,invalid_timestamp
13387,74.0,1018,sess_782,add_to_cart,2026-03-31 05:36:27.245946
13388,219.0,1086,,purchase,2025-08-27 20:06:41.245946
13389,397.0,996,sess_2941,purchase,2025-09-18 17:04:12.245946
13390,802.0,283,sess_2672,add_to_cart,2025-12-23 23:04:34.245946
13391,1173.0,966,sess_685,add_to_cart,2026-04-16 19:01:51.245946
13392,424.0,1100,sess_3886,add_to_cart,2026-01-12 16:03:02.245946
13393,504.0,943,sess_240,purchase,2025-11-23 02:46:12.245946
13394,524.0,1157,sess_166,purchase,2026-03-27 05:17:50.245946
13395,498.0,600,sess_3779,view,2025-07-26 20:34:19.245946
13396,1070.0,849,sess_36,add_to_cart,2025-09-01 17:51:13.245946
13397,212.0,1109,sess_2981,add_to_cart,2025-08-29 20:03:40.245946
13398,495.0,837,sess_3300,view,2025-08-26 17:15:49.245946
13399,971.0,1177,sess_3667,add_to_cart,2025-07-07 15:17:57.245946
13400,598.0,930,sess_119,purchase,2026-06-04 04:20:53.245946
13401,539.0,533,sess_408,add_to_cart,2025-06-17 06:12:32.245946
13402,639.0,1082,sess_2473,purchase,2025-10-02 08:08:49.245946
13403,465.0,130,sess_3045,add_to_cart,2025-09-10 04:42:01.245946
13404,1178.0,603,sess_4201,purchase,2025-06-27 09:48:01.245946
13405,962.0,689,sess_3963,add_to_cart,2026-04-08 22:39:54.245946
13406,197.0,178,sess_1195,view,2025-09-20 04:25:09.245946
13407,417.0,305,sess_1388,add_to_cart,2026-04-21 19:45:27.245946
13408,925.0,433,sess_1164,purchase,2026-02-13 14:45:56.245946
13409,998.0,1059,sess_3153,add_to_cart,2026-04-26 16:30:13.245946
13410,1062.0,438,sess_336,view,2025-11-17 23:58:23.245946
13411,926.0,626,sess_1599,add_to_cart,2025-09-05 18:49:09.245946
13412,1139.0,657,sess_3340,view,2026-02-16 22:41:18.245946
13413,514.0,243,sess_1614,add_to_cart,2025-07-27 19:15:35.245946
13414,382.0,889,sess_1322,purchase,2025-09-06 06:46:50.245946
13415,154.0,22,sess_829,add_to_cart,2025-12-25 06:57:00.245946
13416,139.0,1061,sess_4156,view,2025-11-24 11:13:09.245946
13417,936.0,124,sess_3086,view,2026-05-26 08:06:28.245946
13418,,611,sess_4299,add_to_cart,2026-05-16 20:14:40.245946
13419,1050.0,639,sess_3528,purchase,2025-11-22 05:17:05.245946
13420,120.0,1024,sess_3279,view,2026-05-16 11:38:58.245946
13421,959.0,762,sess_2942,add_to_cart,2025-08-01 00:37:51.245946
13422,372.0,533,sess_4722,purchase,2025-08-05 13:49:56.245946
13423,471.0,63,sess_4681,purchase,2025-06-25 04:16:34.245946
13424,683.0,1135,sess_4268,view,2026-04-07 19:41:20.245946
13425,335.0,405,sess_2060,view,2026-05-19 20:21:55.245946
13426,791.0,133,sess_1224,add_to_cart,2025-07-30 22:11:51.245946
13427,493.0,71,sess_158,purchase,2025-08-27 01:29:59.245946
13428,782.0,949,sess_1785,purchase,2026-04-26 10:32:39.245946
13429,850.0,971,sess_2214,add_to_cart,2025-11-06 00:38:00.245946
13430,1047.0,579,sess_3741,purchase,2026-06-01 13:46:33.245946
13431,883.0,701,sess_2641,purchase,2026-04-08 00:11:52.245946
13432,187.0,296,sess_878,add_to_cart,2026-01-30 20:48:27.245946
13433,168.0,620,sess_1580,purchase,2025-07-20 19:21:30.245946
13434,176.0,163,sess_1492,purchase,2025-09-15 08:47:38.245946
13435,591.0,260,sess_36,purchase,2025-06-14 09:31:41.245946
13436,526.0,564,sess_368,add_to_cart,2025-06-20 01:09:15.245946
13437,767.0,108,sess_3988,add_to_cart,2026-05-20 05:39:27.245946
13438,61.0,555,sess_1055,purchase,2025-11-26 14:30:32.245946
13439,323.0,215,sess_2007,add_to_cart,2025-06-19 12:05:59.245946
13440,898.0,297,sess_4269,view,2026-03-07 19:03:03.245946
13441,351.0,862,sess_1638,add_to_cart,2026-04-07 03:19:01.245946
13442,,603,sess_1233,view,2025-11-05 19:39:38.245946
13443,850.0,1028,,purchase,2025-10-07 13:19:25.245946
13444,76.0,402,sess_1876,purchase,2025-07-23 08:14:59.245946
13445,549.0,721,sess_3992,add_to_cart,invalid_timestamp
13446,44.0,667,sess_1707,view,2025-08-19 16:53:15.245946
13447,549.0,979,sess_1960,view,2026-05-03 17:42:41.245946
13448,782.0,871,,add_to_cart,2025-12-05 06:43:21.245946
13449,391.0,800,sess_2693,add_to_cart,2026-01-06 01:00:52.245946
13450,386.0,920,sess_426,view,2026-03-04 05:57:22.245946
13451,929.0,291,sess_4004,view,2026-02-25 04:55:30.245946
13452,249.0,277,sess_3916,purchase,2026-01-21 18:28:12.245946
13453,1073.0,505,sess_796,add_to_cart,2026-04-24 00:26:04.245946
13454,921.0,35,sess_4338,add_to_cart,2026-05-11 22:57:42.245946
13455,726.0,673,sess_4260,view,2026-06-10 17:37:26.245946
13456,129.0,3,sess_4885,add_to_cart,2026-04-01 21:37:22.245946
13457,445.0,422,sess_2865,view,2025-10-07 07:00:52.245946
13458,996.0,27,sess_3914,add_to_cart,2025-11-20 07:11:16.245946
13459,249.0,438,sess_3609,add_to_cart,2026-03-01 16:30:55.245946
13460,534.0,119,sess_3199,view,2025-12-03 07:36:53.245946
13461,124.0,647,sess_4445,purchase,2026-02-08 18:07:36.245946
13462,1079.0,333,sess_824,view,2025-10-25 22:25:51.245946
13463,532.0,924,sess_1122,view,2025-08-21 00:37:44.245946
13464,676.0,359,sess_1297,view,2026-02-28 17:57:28.245946
13465,581.0,1147,sess_3647,purchase,2025-09-14 02:24:53.245946
13466,417.0,303,sess_1765,add_to_cart,2025-10-24 19:12:22.245946
13467,998.0,743,sess_143,view,2025-07-12 12:41:53.245946
13468,517.0,315,sess_3003,add_to_cart,2026-05-07 02:43:48.245946
13469,156.0,560,sess_1708,purchase,2026-04-09 08:49:55.245946
13470,1035.0,596,sess_2905,purchase,2025-12-02 11:48:16.245946
13471,1141.0,462,sess_4905,purchase,2026-01-06 16:35:43.245946
13472,419.0,477,sess_3580,view,invalid_timestamp
13473,,439,sess_2738,view,2025-12-12 10:33:52.245946
13474,798.0,1183,sess_1304,add_to_cart,2026-05-19 13:53:49.245946
13475,496.0,252,sess_1053,purchase,2025-10-29 18:33:12.245946
13476,108.0,246,sess_2082,add_to_cart,2025-10-09 07:11:49.245946
199,560.0,356,,add_to_cart,2025-09-03 17:43:34.245946
13478,312.0,215,sess_4667,view,2025-12-01 15:20:33.245946
13479,28.0,1071,sess_858,add_to_cart,2025-10-06 08:09:37.245946
13480,651.0,763,sess_756,view,2025-10-29 15:16:35.245946
13481,1011.0,622,sess_128,add_to_cart,2025-10-01 14:42:55.245946
13482,419.0,847,sess_4376,add_to_cart,2025-10-20 23:28:59.245946
13483,489.0,551,sess_3795,add_to_cart,2026-06-01 07:15:01.245946
13484,161.0,490,sess_3261,add_to_cart,2025-12-14 01:45:28.245946
13485,739.0,451,sess_391,view,2025-12-29 05:00:36.245946
13486,844.0,897,sess_3317,view,2025-07-06 01:42:44.245946
13487,367.0,284,sess_2339,add_to_cart,2026-04-21 14:45:12.245946
13488,247.0,724,sess_2964,purchase,2025-09-02 13:34:25.245946
13489,276.0,1185,sess_375,view,2025-10-19 01:15:03.245946
13490,840.0,127,sess_3378,view,2026-06-09 12:52:56.245946
13491,883.0,353,sess_133,add_to_cart,2025-11-14 22:18:28.245946
13492,627.0,1009,sess_1059,purchase,2026-04-30 06:30:24.245946
13493,535.0,996,sess_585,add_to_cart,2025-11-07 09:55:05.245946
113,304.0,449,sess_517,purchase,2026-05-18 02:56:30.245946
13495,98.0,1196,sess_4259,purchase,2025-07-07 23:24:07.245946
13496,183.0,709,sess_2707,purchase,2025-11-07 02:48:48.245946
13497,717.0,718,sess_3738,add_to_cart,2026-03-25 07:53:43.245946
13498,506.0,834,sess_2246,purchase,2025-06-17 17:20:14.245946
13499,1105.0,736,sess_4553,purchase,2025-08-29 11:10:50.245946
13500,1002.0,1146,sess_2402,purchase,2025-07-04 08:05:01.245946
13501,349.0,609,,add_to_cart,2025-07-26 22:51:22.245946
13502,404.0,704,sess_3962,view,2026-01-13 02:52:03.245946
13503,224.0,700,sess_1007,purchase,2025-07-29 00:47:16.245946
13504,520.0,150,sess_2937,view,2025-09-21 21:03:03.245946
13505,135.0,952,sess_1902,add_to_cart,2025-08-08 14:26:09.245946
13506,164.0,344,sess_2090,add_to_cart,2026-02-19 03:04:10.245946
13507,882.0,1106,sess_4111,purchase,2026-06-06 04:34:44.245946
13508,672.0,358,sess_3397,view,2026-04-18 00:49:33.245946
13509,1054.0,613,sess_2465,add_to_cart,2025-12-24 21:59:33.245946
13510,1108.0,929,sess_950,add_to_cart,2026-05-27 15:24:00.245946
13511,324.0,706,sess_4482,add_to_cart,2025-12-22 23:07:05.245946
13512,242.0,29,sess_1002,add_to_cart,2025-11-04 17:45:43.245946
13513,752.0,958,sess_612,view,invalid_timestamp
13514,885.0,341,sess_3725,view,2025-12-04 13:03:10.245946
13515,147.0,241,sess_4684,view,2026-01-06 07:32:17.245946
13516,1173.0,947,sess_2014,purchase,2026-02-11 22:25:14.245946
13517,1088.0,205,sess_4509,purchase,2025-12-05 22:30:56.245946
13518,485.0,1153,sess_2189,view,2026-01-17 19:12:17.245946
13519,757.0,1111,sess_2324,view,2025-10-19 05:46:51.245946
13520,451.0,30,sess_860,view,2025-11-24 13:30:03.245946
13521,479.0,1055,sess_2075,add_to_cart,2026-03-10 16:47:13.245946
13522,1010.0,727,sess_590,add_to_cart,2025-10-24 06:01:45.245946
13523,602.0,504,sess_75,purchase,2025-10-09 22:15:14.245946
13524,179.0,613,sess_3326,view,2025-07-30 10:02:14.245946
13525,806.0,615,sess_4768,view,2025-12-19 02:26:05.245946
13526,40.0,836,sess_3557,add_to_cart,2026-01-19 22:16:42.245946
13527,686.0,1153,sess_2926,add_to_cart,2025-06-11 13:37:24.245946
13528,125.0,64,sess_1948,view,2025-06-24 04:57:27.245946
13529,860.0,238,sess_3065,purchase,2026-06-11 13:43:32.245946
13530,434.0,176,sess_4328,view,2026-06-03 00:27:31.245946
13531,1031.0,609,sess_4629,view,2025-12-31 03:14:01.245946
13532,8.0,8,sess_132,view,2026-01-30 12:52:15.245946
13533,884.0,1095,sess_3285,view,2025-10-13 16:56:07.245946
13534,402.0,428,,add_to_cart,2025-10-04 10:40:29.245946
13535,13.0,853,sess_106,view,2026-02-04 20:14:33.245946
13536,652.0,1113,sess_3581,purchase,2026-03-08 12:11:07.245946
13537,427.0,1011,sess_492,add_to_cart,2025-11-26 18:20:57.245946
13538,1175.0,665,sess_3634,purchase,2025-11-24 12:30:20.245946
13539,844.0,1042,sess_3624,purchase,2025-12-28 15:39:22.245946
13540,570.0,78,sess_2642,add_to_cart,2025-06-26 22:47:14.245946
13541,533.0,923,sess_1475,add_to_cart,2026-05-18 20:27:55.245946
13542,969.0,1057,sess_1634,purchase,2025-07-17 04:17:15.245946
13543,1178.0,728,sess_4593,purchase,2025-08-24 17:47:09.245946
13544,,1142,sess_1793,view,invalid_timestamp
13545,878.0,1088,sess_4773,add_to_cart,2026-05-30 18:56:31.245946
13546,996.0,640,sess_3425,add_to_cart,2025-11-01 13:32:54.245946
13547,,826,,view,2025-11-09 04:26:25.245946
13548,915.0,287,sess_3017,purchase,2026-03-02 07:03:43.245946
13549,700.0,152,sess_849,view,2025-11-01 12:12:12.245946
13550,418.0,682,sess_3697,purchase,2025-11-06 08:27:18.245946
13551,163.0,964,sess_714,view,2026-02-27 09:17:41.245946
13552,557.0,1072,sess_596,add_to_cart,2025-10-30 16:49:35.247953
13553,345.0,729,sess_3877,add_to_cart,2025-11-05 12:11:25.247953
13554,393.0,26,sess_945,purchase,2025-10-23 08:21:29.247953
13555,269.0,432,sess_4043,purchase,2026-03-24 12:13:06.247953
13556,516.0,709,sess_2672,add_to_cart,2026-01-28 00:59:47.247953
13557,96.0,1020,sess_3344,purchase,2025-10-13 08:27:54.247953
13558,445.0,747,,add_to_cart,2025-09-17 16:22:08.247953
13559,921.0,315,sess_1639,add_to_cart,2025-10-22 07:19:20.247953
13560,205.0,901,sess_3594,add_to_cart,2025-12-05 20:58:59.247953
13561,687.0,153,sess_1607,view,2026-03-20 09:30:01.247953
177,781.0,658,sess_1643,purchase,2025-07-14 00:33:33.247953
13563,1143.0,503,sess_1930,add_to_cart,2025-07-07 09:03:24.247953
47,92.0,116,sess_2782,add_to_cart,2025-11-10 09:59:41.247953
13565,525.0,638,sess_1346,purchase,invalid_timestamp
13566,1020.0,504,sess_3574,add_to_cart,2025-06-11 14:22:53.247953
13567,908.0,377,sess_3760,add_to_cart,2026-02-20 23:02:14.247953
13568,631.0,197,sess_2627,view,2025-12-07 05:00:41.247953
13569,427.0,54,sess_1229,add_to_cart,2025-10-15 14:12:04.247953
13570,653.0,73,sess_4231,view,2025-07-09 17:31:20.247953
13571,387.0,396,sess_2912,view,2025-12-18 08:05:58.247953
13572,798.0,251,sess_945,add_to_cart,2026-05-12 04:56:31.247953
13573,289.0,290,sess_2676,add_to_cart,2025-12-14 12:00:16.247953
13574,1135.0,1,sess_2668,view,2025-12-01 05:51:43.247953
13575,1128.0,282,sess_1915,purchase,2026-04-06 06:59:09.247953
13576,563.0,966,sess_3210,view,2025-07-17 16:41:34.247953
13577,546.0,697,sess_3476,add_to_cart,2025-06-21 05:23:05.247953
13578,1095.0,242,sess_4879,view,2026-05-23 10:13:15.247953
179,1039.0,116,sess_2673,add_to_cart,2026-04-29 20:59:38.247953
13580,35.0,956,sess_4274,add_to_cart,2025-07-25 23:00:10.247953
13581,372.0,113,sess_184,view,2025-06-22 07:45:08.247953
13582,874.0,401,sess_4143,view,2025-11-06 03:27:33.247953
13583,,672,sess_3838,add_to_cart,2026-02-21 10:55:16.247953
13584,938.0,233,sess_1495,view,2025-07-08 17:42:05.247953
13585,572.0,73,sess_4834,add_to_cart,2025-08-22 01:25:16.247953
13586,708.0,488,sess_3394,add_to_cart,2025-12-26 01:10:14.247953
13587,852.0,257,sess_1135,view,2025-08-25 16:03:44.247953
13588,111.0,729,sess_3553,purchase,2026-01-22 08:47:34.247953
13589,1090.0,588,sess_3766,view,2025-08-30 08:57:49.247953
13590,1142.0,316,sess_1776,view,2026-03-29 06:18:23.247953
13591,11.0,252,sess_2816,purchase,2025-07-17 11:42:00.247953
13592,428.0,662,sess_4906,view,2025-08-01 11:20:22.247953
13593,785.0,469,sess_466,add_to_cart,2025-10-21 16:07:03.247953
13594,1032.0,1115,sess_4219,view,2025-12-15 06:15:32.247953
13595,670.0,623,sess_615,view,2026-04-28 07:13:00.247953
13596,218.0,805,sess_1363,add_to_cart,2025-06-21 04:57:27.247953
13597,83.0,25,sess_1595,purchase,2025-06-20 02:18:04.247953
13598,369.0,538,sess_3107,view,2026-02-08 05:09:30.247953
13599,838.0,1150,sess_4127,view,2026-02-24 06:28:33.247953
13600,150.0,650,sess_2478,purchase,2025-07-12 09:35:33.247953
13601,955.0,998,sess_2664,add_to_cart,2025-06-14 04:56:13.247953
13602,363.0,5,sess_4890,add_to_cart,2025-06-25 00:06:19.247953
13603,803.0,1165,sess_1933,purchase,2026-01-13 11:03:07.247953
13604,104.0,200,sess_2936,purchase,2025-09-23 14:21:35.247953
13605,735.0,758,sess_656,add_to_cart,2025-07-29 04:26:08.247953
13606,297.0,926,sess_2017,add_to_cart,2026-06-08 18:45:43.247953
13607,1.0,699,sess_1932,add_to_cart,2026-05-08 17:16:27.247953
13608,26.0,282,sess_2035,view,2026-06-06 20:42:05.247953
13609,619.0,471,sess_155,purchase,2025-10-15 03:34:50.247953
13610,577.0,870,sess_903,purchase,2025-11-04 14:50:55.247953
13611,407.0,324,sess_1330,purchase,2026-04-16 06:45:07.247953
13612,290.0,414,sess_993,add_to_cart,2025-09-01 15:18:39.247953
13613,567.0,355,sess_3679,add_to_cart,2025-11-28 04:41:44.247953
13614,1010.0,915,sess_2467,add_to_cart,2026-05-16 12:00:35.247953
13615,169.0,111,sess_3222,view,2026-02-11 00:51:46.247953
13616,656.0,1169,sess_2265,add_to_cart,2025-12-12 01:51:45.247953
13617,209.0,111,sess_4302,purchase,2026-04-22 13:03:33.247953
13618,272.0,505,sess_485,add_to_cart,2025-10-25 08:00:18.247953
13619,1109.0,643,sess_3492,view,2025-08-08 11:20:31.247953
13620,,829,sess_925,purchase,2026-04-25 12:19:38.247953
13621,276.0,474,sess_2868,purchase,2026-02-25 08:41:40.247953
13622,,281,sess_3789,view,2025-09-06 06:16:33.247953
13623,1060.0,328,sess_3123,add_to_cart,2025-11-30 15:19:32.247953
13624,849.0,888,sess_2274,add_to_cart,2025-11-27 13:06:44.247953
13625,1027.0,1064,sess_172,purchase,2026-01-15 23:12:51.247953
13626,753.0,727,sess_642,purchase,2025-07-16 19:25:34.247953
13627,1166.0,576,sess_1797,purchase,2026-03-19 01:16:22.247953
13628,662.0,72,sess_1301,add_to_cart,2025-11-18 20:37:38.247953
13629,674.0,1100,sess_4640,purchase,2026-02-25 20:46:56.247953
13630,976.0,539,,purchase,2025-10-07 00:09:19.247953
13631,1052.0,243,sess_358,add_to_cart,invalid_timestamp
13632,83.0,684,sess_734,add_to_cart,2025-11-28 20:22:43.247953
13633,735.0,472,sess_2396,view,2026-02-17 05:44:56.247953
13634,1.0,925,sess_4360,purchase,2026-01-10 03:58:06.247953
13635,453.0,654,sess_2185,purchase,2025-11-02 10:55:26.247953
13636,1145.0,973,sess_2129,purchase,2026-01-08 19:14:44.247953
13637,132.0,33,sess_739,purchase,2026-02-16 17:47:36.247953
13638,1031.0,1194,sess_2095,add_to_cart,2026-03-01 21:39:36.247953
13639,1168.0,19,sess_93,purchase,2026-03-18 18:42:43.247953
13640,333.0,265,sess_4206,view,2025-10-20 06:22:53.247953
13641,460.0,487,,view,2025-12-21 10:02:17.247953
13642,201.0,66,sess_1048,add_to_cart,2026-02-19 01:20:42.247953
13643,53.0,391,sess_4347,purchase,2026-02-16 00:31:02.247953
13644,381.0,108,sess_2838,add_to_cart,2025-09-14 16:46:46.247953
13645,191.0,963,sess_2036,add_to_cart,2026-01-11 14:19:29.247953
13646,244.0,397,sess_1175,view,2026-03-30 17:34:40.247953
13647,61.0,1156,,purchase,2026-02-17 09:04:55.247953
13648,1055.0,607,sess_1473,view,2025-11-14 07:17:10.247953
13649,482.0,839,sess_1843,view,2026-02-07 08:43:57.247953
13650,6.0,1062,sess_4887,add_to_cart,2026-01-10 13:58:02.247953
13651,195.0,395,sess_216,add_to_cart,2025-08-27 06:26:02.247953
13652,494.0,92,sess_850,add_to_cart,2025-07-14 23:28:55.247953
13653,928.0,705,sess_1458,view,2025-09-29 13:43:46.247953
13654,877.0,212,sess_4333,add_to_cart,2025-09-14 07:54:37.247953
13655,791.0,481,sess_821,purchase,invalid_timestamp
13656,510.0,822,sess_3987,purchase,2026-01-14 12:22:59.247953
13657,664.0,324,sess_989,purchase,2026-05-03 15:52:11.247953
13658,459.0,1097,sess_4552,purchase,2026-02-26 02:12:18.247953
13659,505.0,1151,sess_1049,purchase,2025-08-22 09:26:37.247953
13660,989.0,679,sess_1278,purchase,2025-08-22 19:13:12.247953
13661,120.0,27,sess_3796,view,2025-10-07 14:37:03.247953
13662,785.0,730,sess_870,add_to_cart,2025-11-24 11:27:24.247953
13663,,641,,view,2026-05-10 05:58:16.247953
170,287.0,834,sess_3473,view,2025-07-20 12:33:59.247953
13665,598.0,230,sess_2263,view,2025-10-22 21:42:13.247953
13666,39.0,152,sess_810,add_to_cart,2025-06-23 13:26:51.247953
13667,151.0,409,sess_3863,view,2026-06-07 03:18:55.247953
13668,1137.0,730,sess_138,purchase,invalid_timestamp
13669,470.0,701,sess_4634,purchase,2025-10-21 05:26:24.247953
13670,416.0,1162,sess_1054,purchase,2025-10-08 10:24:49.247953
13671,466.0,674,sess_312,purchase,2026-05-09 10:12:57.247953
13672,375.0,452,sess_4509,purchase,2026-02-15 02:47:06.247953
13673,893.0,108,sess_3007,purchase,2025-08-15 10:45:05.247953
13674,578.0,587,sess_1608,purchase,2025-09-06 14:31:45.247953
13675,108.0,527,sess_4627,purchase,2026-04-14 00:29:30.247953
13676,6.0,210,sess_1145,add_to_cart,2025-09-06 14:48:41.247953
13677,324.0,74,sess_187,add_to_cart,2025-11-26 03:24:56.247953
13678,553.0,574,sess_1311,add_to_cart,2026-03-24 12:09:06.247953
13679,544.0,598,sess_4034,add_to_cart,2025-08-03 18:32:38.247953
13680,528.0,128,sess_1276,add_to_cart,2026-02-27 13:21:23.247953
13681,109.0,610,sess_3850,add_to_cart,2025-10-11 21:02:31.247953
13682,151.0,1146,sess_1771,purchase,invalid_timestamp
13683,229.0,564,,add_to_cart,2026-02-17 12:25:14.247953
13684,622.0,424,sess_2345,purchase,2025-10-08 07:13:08.247953
13685,636.0,988,sess_1176,add_to_cart,2026-03-15 05:39:01.247953
13686,12.0,691,sess_2861,add_to_cart,2025-08-17 18:45:47.247953
13687,703.0,859,sess_952,purchase,invalid_timestamp
13688,122.0,108,sess_3613,purchase,2026-05-06 13:53:40.247953
13689,30.0,762,sess_244,purchase,2025-11-02 15:09:07.247953
13690,441.0,1062,sess_2331,add_to_cart,2025-12-29 13:22:59.247953
13691,1149.0,194,sess_2668,view,2025-11-29 01:31:58.247953
13692,,35,sess_3744,view,2025-11-06 21:36:46.247953
13693,238.0,705,sess_3238,add_to_cart,2025-08-19 07:23:54.247953
13694,324.0,375,sess_3149,purchase,2026-05-11 19:13:45.247953
13695,73.0,643,sess_70,view,2025-07-19 04:15:50.247953
13696,766.0,71,sess_4144,add_to_cart,2026-04-18 16:54:29.247953
13697,,332,sess_2014,add_to_cart,2026-02-15 00:14:13.247953
13698,640.0,130,sess_1011,view,2026-02-20 23:33:43.247953
13699,803.0,412,sess_3607,view,2025-09-02 05:47:13.247953
13700,680.0,57,sess_3262,purchase,2026-06-06 07:25:25.247953
13701,459.0,487,sess_984,purchase,2025-12-11 23:35:42.247953
13702,693.0,260,sess_2476,purchase,2025-07-05 18:35:49.247953
13703,817.0,271,sess_4085,purchase,2026-03-04 23:41:00.247953
13704,679.0,894,sess_4984,add_to_cart,2025-07-08 19:08:29.247953
13705,468.0,596,sess_2336,view,2026-05-28 20:08:40.247953
13706,232.0,777,sess_2983,add_to_cart,2026-02-27 14:56:36.247953
13707,341.0,932,sess_455,add_to_cart,2026-05-31 16:20:01.247953
13708,1032.0,272,sess_3002,purchase,2025-06-14 20:56:06.247953
13709,301.0,713,sess_970,purchase,2025-09-03 18:23:21.247953
13710,848.0,991,sess_4120,purchase,2026-02-19 03:42:42.247953
13711,815.0,77,sess_2825,purchase,2025-11-27 08:56:43.247953
13712,941.0,576,sess_2558,add_to_cart,2026-04-22 22:25:22.247953
13713,586.0,177,sess_1627,purchase,2025-07-01 08:30:50.247953
13714,820.0,169,,add_to_cart,2026-01-22 16:17:23.247953
13715,951.0,16,sess_1476,view,2026-02-06 06:08:18.247953
13716,15.0,1061,sess_793,view,2025-07-01 20:50:04.247953
13717,1125.0,753,sess_3476,add_to_cart,invalid_timestamp
13718,361.0,215,sess_1206,purchase,2026-03-23 07:06:20.247953
13719,308.0,479,sess_4235,view,2026-05-26 18:57:06.247953
13720,427.0,1144,sess_2500,add_to_cart,2025-10-01 01:02:18.247953
13721,922.0,1034,sess_4128,view,2025-09-01 17:53:25.247953
13722,13.0,1065,sess_87,view,2026-06-01 16:02:15.247953
13723,334.0,354,sess_508,purchase,2026-02-04 15:33:50.247953
13724,702.0,489,sess_2098,purchase,2025-09-28 00:56:21.247953
13725,1103.0,631,sess_1395,purchase,2026-01-01 06:09:54.247953
13726,,250,sess_1779,view,2026-03-14 04:33:35.247953
13727,563.0,89,sess_4915,view,2025-07-08 01:43:24.247953
13728,894.0,839,sess_1486,view,invalid_timestamp
13729,375.0,995,sess_2459,add_to_cart,2026-05-23 14:22:32.247953
13730,616.0,212,sess_4826,purchase,2025-09-14 08:46:09.247953
13731,354.0,39,sess_4913,view,2026-03-31 04:45:03.247953
13732,1183.0,472,sess_3886,purchase,2025-10-09 20:18:09.247953
13733,191.0,514,sess_2505,purchase,2026-04-20 11:07:05.247953
13734,91.0,467,sess_3510,view,2025-10-10 22:40:25.247953
13735,430.0,34,sess_4273,add_to_cart,2025-07-15 00:00:05.247953
13736,,255,sess_3,view,2026-05-10 15:31:49.247953
13737,1148.0,1101,sess_3683,view,2025-08-31 20:36:01.247953
13738,,1027,,view,2025-11-28 03:34:12.247953
13739,227.0,784,sess_1962,purchase,2025-10-24 06:44:53.247953
13740,166.0,55,sess_2773,add_to_cart,2025-06-25 12:22:33.247953
13741,,702,sess_4518,purchase,2025-12-28 11:18:34.247953
13742,888.0,449,sess_748,view,2025-07-10 06:38:29.247953
13743,48.0,805,sess_645,view,2026-01-08 08:04:31.247953
13744,356.0,535,sess_229,purchase,2026-04-12 14:22:19.247953
13745,1032.0,1161,sess_608,add_to_cart,2026-03-02 12:16:01.247953
13746,342.0,774,sess_2821,add_to_cart,2025-09-03 15:15:37.247953
13747,99.0,942,sess_1747,view,2025-12-29 02:53:28.247953
13748,93.0,298,sess_1295,view,2026-01-25 05:51:09.247953
13749,,52,sess_3299,add_to_cart,2025-08-21 02:18:29.247953
13750,913.0,428,sess_4612,add_to_cart,2025-12-27 16:02:44.247953
13751,37.0,849,sess_2013,add_to_cart,invalid_timestamp
6,220.0,786,,view,2025-09-16 18:07:18.247953
13753,898.0,1127,sess_371,add_to_cart,2026-02-10 07:33:17.247953
13754,326.0,82,sess_3645,add_to_cart,2026-03-23 13:37:14.247953
13755,392.0,202,sess_1118,add_to_cart,2025-12-10 17:00:28.247953
13756,126.0,469,sess_3053,purchase,2025-07-21 19:49:27.247953
13757,829.0,446,sess_2676,purchase,2025-12-11 08:51:42.247953
13758,553.0,788,sess_2503,add_to_cart,2026-05-13 08:52:59.247953
13759,11.0,1009,sess_2206,purchase,2026-01-09 10:14:07.247953
13760,448.0,779,sess_4,add_to_cart,invalid_timestamp
13761,605.0,1075,sess_3984,purchase,2025-12-07 22:52:04.247953
13762,121.0,518,sess_3678,purchase,2026-03-05 19:48:50.247953
13763,981.0,243,sess_2513,purchase,2026-05-19 18:48:05.247953
13764,4.0,747,sess_1060,view,2026-06-03 08:31:22.247953
13765,980.0,353,sess_3653,add_to_cart,invalid_timestamp
13766,901.0,186,sess_2849,view,invalid_timestamp
13767,665.0,361,sess_1449,view,2025-09-09 22:13:50.247953
13768,477.0,813,sess_4632,purchase,2025-09-29 22:18:45.247953
13769,1114.0,19,sess_1279,add_to_cart,2025-11-01 10:36:11.247953
13770,754.0,490,sess_3622,view,2026-01-08 05:00:18.247953
13771,557.0,991,,purchase,2025-11-02 14:22:57.247953
13772,466.0,714,sess_4258,purchase,2025-08-05 05:04:16.247953
13773,1188.0,435,sess_3047,add_to_cart,2025-10-04 03:37:28.247953
13774,1016.0,195,sess_2040,view,2025-09-29 19:32:53.247953
13775,363.0,339,sess_2209,purchase,2026-02-28 06:33:17.247953
13776,72.0,230,sess_4475,purchase,2026-03-09 12:18:54.247953
13777,107.0,1185,sess_163,view,2026-04-24 06:42:47.247953
13778,737.0,1106,sess_1042,add_to_cart,invalid_timestamp
13779,988.0,905,sess_2898,purchase,2025-09-28 10:20:32.247953
13780,40.0,952,sess_1057,add_to_cart,2025-11-01 18:07:36.247953
13781,804.0,355,sess_2021,purchase,2025-06-17 16:20:12.247953
13782,548.0,442,sess_1651,view,2025-07-19 16:00:22.247953
13783,87.0,808,sess_4103,purchase,invalid_timestamp
13784,615.0,87,sess_150,view,2026-02-22 11:45:39.247953
13785,74.0,300,sess_3785,purchase,2026-01-05 23:29:28.247953
13786,917.0,1096,,add_to_cart,2025-10-23 04:38:02.247953
13787,994.0,143,sess_1841,purchase,2025-06-15 22:43:09.247953
13788,1196.0,672,sess_1274,purchase,2025-12-22 01:46:49.247953
13789,819.0,452,sess_2075,add_to_cart,2026-02-23 23:48:42.247953
13790,808.0,312,sess_4462,add_to_cart,2025-06-18 01:23:59.247953
13791,283.0,182,sess_4322,view,2026-02-10 19:13:33.247953
13792,542.0,1099,sess_2086,view,2025-09-14 08:09:13.247953
13793,178.0,144,,add_to_cart,2026-04-24 00:34:53.247953
13794,756.0,902,sess_2030,add_to_cart,2026-05-12 19:10:18.247953
13795,163.0,16,,add_to_cart,2025-09-22 05:13:11.247953
13796,313.0,18,sess_92,add_to_cart,invalid_timestamp
13797,783.0,246,,add_to_cart,2025-11-13 23:35:10.247953
13798,,1170,sess_3599,add_to_cart,2025-10-21 16:34:27.247953
13799,836.0,263,sess_1261,purchase,2026-02-19 21:23:28.247953
13800,287.0,6,sess_111,add_to_cart,2026-04-14 18:40:30.247953
13801,,458,sess_4352,add_to_cart,2025-10-23 03:38:44.247953
13802,1089.0,291,sess_1665,view,2026-01-13 11:12:09.247953
13803,589.0,250,sess_1825,view,2026-03-28 14:06:45.247953
13804,653.0,879,sess_1660,add_to_cart,2025-08-12 07:35:22.247953
13805,844.0,1095,sess_2789,view,2026-05-31 03:19:19.247953
13806,342.0,1122,sess_510,view,2026-02-01 17:18:18.247953
13807,147.0,1160,sess_3083,add_to_cart,2025-08-12 02:08:37.247953
13808,125.0,541,sess_1758,purchase,invalid_timestamp
13809,960.0,277,,view,2026-01-02 20:03:05.247953
13810,83.0,915,sess_570,view,2026-02-12 17:11:52.247953
13811,279.0,540,sess_282,view,2025-10-27 14:11:56.247953
13812,563.0,752,sess_4054,purchase,invalid_timestamp
13813,1185.0,778,sess_2318,add_to_cart,2025-09-15 17:14:34.247953
13814,296.0,555,sess_1168,view,2026-03-21 07:55:30.247953
13815,929.0,1004,sess_89,add_to_cart,2026-01-17 13:39:17.247953
13816,553.0,1016,sess_794,purchase,2026-06-06 22:26:48.247953
13817,227.0,1163,sess_3943,view,2026-01-23 12:55:05.247953
13818,478.0,1054,sess_3619,add_to_cart,2026-04-18 06:42:49.247953
13819,1064.0,1195,sess_924,view,2025-06-25 22:15:26.247953
13820,1122.0,742,sess_1037,add_to_cart,invalid_timestamp
13821,759.0,479,sess_2426,purchase,2026-01-17 02:30:48.247953
126,122.0,962,sess_3746,purchase,2025-08-09 09:54:00.247953
13823,24.0,416,sess_18,purchase,2026-05-22 19:17:48.247953
13824,813.0,1164,sess_2594,view,2026-05-28 10:38:09.247953
13825,370.0,534,sess_4420,view,2025-06-12 08:07:41.247953
13826,1069.0,103,sess_3167,purchase,2025-09-26 08:34:38.247953
13827,850.0,404,sess_180,purchase,invalid_timestamp
13828,765.0,98,sess_4835,add_to_cart,2026-04-06 05:41:24.247953
13829,331.0,823,sess_1281,view,2026-05-27 09:24:30.247953
13830,1032.0,294,sess_2717,view,2025-12-14 06:13:08.247953
13831,1070.0,215,sess_3499,view,2026-02-08 10:08:14.247953
13832,751.0,1137,sess_778,purchase,2025-11-24 13:54:48.247953
13833,,803,sess_1808,add_to_cart,2025-10-10 04:24:31.247953
13834,774.0,1104,sess_119,add_to_cart,2026-02-20 09:25:52.247953
13835,964.0,531,sess_4394,add_to_cart,2026-05-24 09:55:21.247953
13836,545.0,1059,sess_701,add_to_cart,2026-03-25 10:25:47.247953
13837,572.0,787,sess_3461,purchase,2025-09-25 23:54:41.247953
13838,584.0,545,sess_3989,add_to_cart,2026-04-12 08:46:56.247953
13839,369.0,1065,sess_272,purchase,2025-08-31 14:59:48.247953
13840,,731,sess_4552,add_to_cart,2025-11-06 08:09:17.247953
13841,,849,sess_1238,add_to_cart,2026-03-07 23:01:08.247953
13842,1018.0,1132,sess_4227,purchase,2026-05-04 05:24:04.247953
13843,927.0,279,sess_3056,add_to_cart,2026-03-29 11:44:50.247953
13844,223.0,852,sess_4151,view,2026-02-16 21:50:26.247953
13845,294.0,1048,sess_609,add_to_cart,2025-09-28 17:35:58.247953
13846,74.0,630,sess_770,view,2026-04-18 13:30:16.247953
93,366.0,427,sess_4018,add_to_cart,2025-08-31 18:07:31.247953
13848,200.0,34,sess_1876,purchase,2026-06-07 07:17:34.247953
13849,887.0,167,sess_1033,purchase,2025-07-30 11:48:29.247953
13850,1087.0,171,sess_4093,add_to_cart,2026-04-04 15:07:39.247953
13851,708.0,821,sess_4545,purchase,2025-08-18 20:07:35.247953
13852,275.0,623,sess_1825,add_to_cart,2025-11-14 02:49:59.247953
13853,,650,sess_4779,view,2025-06-26 23:11:44.247953
13854,807.0,1002,sess_151,view,2025-10-03 17:58:09.247953
13855,703.0,394,sess_2538,purchase,2025-10-08 21:19:49.247953
13856,568.0,9,sess_3804,view,2025-08-07 09:36:54.247953
13857,222.0,259,sess_340,view,2025-07-12 11:05:28.247953
13858,619.0,1104,sess_4309,purchase,2026-02-28 21:51:21.247953
13859,222.0,706,sess_438,view,2026-03-21 09:19:30.247953
13860,819.0,142,sess_2216,add_to_cart,2026-01-16 14:40:32.247953
13861,313.0,214,sess_3484,purchase,2026-06-05 06:30:09.247953
13862,14.0,1032,sess_1485,view,2026-03-13 00:24:42.247953
13863,695.0,652,sess_317,add_to_cart,2025-12-23 08:47:01.247953
13864,182.0,383,sess_3648,add_to_cart,2026-02-12 00:51:11.247953
13865,823.0,118,,add_to_cart,2025-07-22 07:01:12.247953
13866,818.0,893,sess_506,purchase,2025-08-12 15:15:33.247953
13867,293.0,843,sess_3559,purchase,2025-07-31 10:25:09.247953
13868,741.0,164,sess_3010,add_to_cart,2025-06-13 14:57:22.247953
13869,750.0,641,sess_2846,view,2025-10-09 18:36:25.247953
13870,922.0,998,sess_2863,view,2025-09-22 12:40:06.247953
13871,1039.0,490,sess_3884,view,2025-09-19 15:13:42.247953
13872,962.0,300,sess_649,add_to_cart,2026-01-13 16:36:18.247953
13873,196.0,333,sess_2057,add_to_cart,2026-01-06 12:38:13.247953
13874,1188.0,732,sess_3573,view,2026-04-08 15:33:22.247953
13875,306.0,1079,sess_2254,purchase,2025-10-03 08:02:34.247953
13876,665.0,1033,,add_to_cart,2025-08-11 17:32:39.247953
13877,329.0,652,sess_4058,add_to_cart,2025-12-01 15:23:43.247953
13878,452.0,668,sess_1092,add_to_cart,2026-05-06 19:55:25.247953
13879,530.0,582,sess_3099,add_to_cart,2026-05-14 10:02:22.247953
13880,246.0,931,sess_3702,add_to_cart,2025-11-06 02:19:17.247953
13881,444.0,488,sess_4294,add_to_cart,2026-01-31 13:23:48.247953
13882,809.0,586,sess_1352,view,2026-04-08 08:35:41.247953
13883,478.0,188,sess_1687,purchase,2025-12-13 20:42:16.247953
13884,,104,sess_1399,purchase,2025-07-26 01:58:33.247953
13885,800.0,266,sess_1304,view,2026-01-26 06:31:27.247953
13886,218.0,124,sess_3645,add_to_cart,2025-09-25 05:21:25.247953
13887,847.0,1050,sess_2547,view,2025-08-12 14:36:51.247953
13888,776.0,47,sess_110,view,2025-06-17 14:45:28.247953
13889,283.0,452,sess_1348,purchase,2025-10-13 06:53:39.247953
13890,942.0,646,sess_4765,view,2026-05-29 08:32:51.247953
13891,355.0,1140,sess_1734,view,2025-07-11 22:02:43.247953
13892,980.0,1024,sess_3543,view,2025-06-26 23:43:43.247953
13893,1126.0,1031,sess_246,purchase,2025-11-24 12:37:21.247953
13894,872.0,599,sess_2976,add_to_cart,2026-06-01 05:07:12.247953
13895,896.0,330,sess_2675,add_to_cart,2025-06-21 07:32:05.247953
13896,780.0,158,sess_2515,add_to_cart,2026-04-30 11:26:09.247953
13897,722.0,1172,sess_4071,purchase,2025-11-05 23:07:33.247953
13898,,402,sess_309,view,2026-04-19 22:08:39.247953
13899,834.0,594,sess_154,purchase,2026-02-15 18:17:12.247953
13900,373.0,1074,sess_3820,purchase,2026-02-18 22:04:14.247953
13901,1143.0,421,sess_777,add_to_cart,2025-11-03 17:43:55.247953
13902,940.0,149,sess_3529,view,2025-11-05 05:42:17.247953
13903,612.0,1014,sess_2578,add_to_cart,2025-10-27 20:59:33.247953
13904,25.0,460,sess_4203,view,2026-03-30 19:23:47.247953
121,1030.0,821,sess_2565,purchase,2025-12-11 15:01:47.247953
13906,123.0,59,sess_660,purchase,2026-04-23 19:16:21.247953
13907,897.0,63,sess_2676,view,2025-12-05 18:46:46.247953
13908,101.0,344,sess_355,purchase,2026-05-21 14:05:18.247953
13909,501.0,228,sess_312,purchase,2025-11-08 05:29:35.247953
13910,905.0,672,sess_736,add_to_cart,2026-01-31 08:09:04.247953
13911,437.0,48,sess_3233,add_to_cart,2026-03-17 21:42:10.247953
13912,227.0,1058,sess_4156,purchase,2025-11-03 16:44:23.247953
13913,187.0,213,sess_3680,purchase,2025-08-10 06:49:07.247953
13914,1131.0,369,sess_1847,purchase,2026-01-02 01:25:39.247953
13915,896.0,383,sess_2558,add_to_cart,2025-07-26 20:23:48.247953
13916,204.0,290,sess_1985,add_to_cart,2025-06-28 03:55:49.247953
13917,595.0,790,,add_to_cart,2025-12-02 22:22:27.247953
13918,840.0,1182,sess_1675,purchase,2026-04-14 01:36:14.247953
13919,836.0,253,sess_2053,purchase,2025-07-12 18:14:25.247953
13920,,272,sess_1006,view,2025-09-01 13:37:08.247953
13921,586.0,959,sess_2870,add_to_cart,2026-02-16 16:26:35.247953
136,446.0,387,sess_2217,add_to_cart,2025-08-30 10:15:54.247953
13923,1106.0,18,sess_1748,add_to_cart,2026-05-03 09:04:36.247953
13924,370.0,26,sess_712,view,2025-11-16 07:58:37.247953
13925,509.0,157,sess_4421,purchase,2026-06-09 03:15:11.247953
46,85.0,100,sess_3391,view,2025-09-28 15:24:57.247953
13927,73.0,474,sess_4910,view,invalid_timestamp
13928,681.0,954,,add_to_cart,2026-03-11 12:16:20.247953
13929,414.0,503,sess_3600,view,2026-05-17 20:11:21.247953
13930,976.0,563,sess_2617,purchase,2025-06-30 18:58:14.247953
13931,313.0,851,sess_154,view,2025-11-05 16:24:19.247953
13932,176.0,23,sess_2704,purchase,2025-09-01 19:10:55.247953
13933,1071.0,261,sess_1172,add_to_cart,2025-10-22 20:33:10.247953
13934,,332,,add_to_cart,2026-01-31 05:34:31.247953
13935,251.0,525,sess_2052,view,2025-06-15 09:09:15.247953
13936,390.0,734,sess_2735,add_to_cart,2025-11-10 02:16:32.247953
13937,418.0,684,sess_673,purchase,2025-11-24 22:14:34.247953
13938,1031.0,139,sess_2344,add_to_cart,2026-05-13 00:34:29.247953
13939,,158,sess_2603,view,2026-06-04 13:42:00.247953
13940,,393,sess_3556,purchase,2025-07-22 00:42:42.247953
13941,52.0,58,sess_1315,purchase,2026-04-10 11:36:53.247953
13942,829.0,538,sess_2628,purchase,2026-03-21 09:50:28.247953
13943,,962,sess_1641,view,2026-01-06 14:55:17.247953
13944,1124.0,923,sess_2116,purchase,2026-01-22 15:07:29.247953
13945,152.0,123,sess_2144,purchase,2026-05-01 16:00:45.247953
13946,644.0,212,sess_2927,purchase,2025-09-29 06:45:21.247953
13947,390.0,462,sess_3522,add_to_cart,2025-06-24 21:48:21.247953
13948,712.0,586,sess_472,add_to_cart,2025-11-20 11:31:50.247953
13949,398.0,506,sess_1724,add_to_cart,2025-11-15 07:16:21.247953
13950,1123.0,212,sess_3105,purchase,2025-08-02 11:15:13.247953
13951,317.0,861,sess_1357,view,invalid_timestamp
13952,556.0,426,sess_1531,view,2025-06-14 06:38:33.247953
13953,,93,sess_1633,purchase,2025-09-07 23:17:21.247953
13954,913.0,1196,sess_428,add_to_cart,2026-04-20 18:32:39.247953
13955,273.0,272,sess_2383,add_to_cart,2025-09-03 21:09:43.247953
13956,407.0,587,sess_313,view,2025-10-14 03:32:11.247953
13957,513.0,840,sess_1388,purchase,2026-04-12 01:56:24.247953
13958,1021.0,403,sess_4685,view,2026-06-11 20:33:29.247953
13959,1033.0,976,sess_3574,view,2026-01-08 14:08:36.247953
13960,665.0,176,sess_894,purchase,2025-09-27 08:46:38.247953
13961,469.0,1150,sess_177,view,2026-06-03 06:46:26.247953
13962,97.0,941,sess_1195,add_to_cart,2025-07-24 12:24:48.247953
13963,891.0,774,sess_220,view,2026-04-11 01:36:49.247953
13964,,869,sess_4926,add_to_cart,2026-01-17 12:47:58.247953
13965,831.0,1073,sess_3695,add_to_cart,2025-09-07 22:35:01.247953
13966,,1092,sess_2859,purchase,2025-09-14 21:32:37.247953
13967,663.0,1066,sess_4654,add_to_cart,2025-11-11 19:07:34.247953
13968,85.0,603,sess_1465,add_to_cart,2025-12-30 02:03:15.247953
13969,912.0,1165,sess_396,view,2026-03-12 12:31:18.247953
13970,503.0,113,sess_4516,add_to_cart,invalid_timestamp
13971,1096.0,1139,sess_3078,add_to_cart,2025-12-28 14:47:09.247953
13972,918.0,945,sess_1629,purchase,2025-08-28 04:58:07.247953
13973,1140.0,833,sess_130,add_to_cart,2025-07-16 13:34:44.247953
13974,484.0,51,sess_3648,view,2026-05-10 22:46:14.247953
13975,564.0,441,sess_3216,add_to_cart,2026-04-19 03:31:56.247953
13976,62.0,1116,sess_3330,view,2025-08-03 20:44:02.247953
13977,189.0,1093,sess_3287,purchase,2025-10-26 16:46:28.247953
51,512.0,240,sess_3816,purchase,2026-03-21 11:52:25.247953
112,138.0,684,sess_1215,view,2025-12-29 06:34:58.247953
13980,1144.0,619,sess_3360,view,2026-03-07 14:50:13.247953
13981,,217,sess_1414,add_to_cart,2025-10-09 18:42:43.247953
13982,872.0,1103,sess_161,view,2026-02-05 03:33:35.247953
13983,9.0,1014,sess_1014,view,2025-09-09 04:12:18.247953
13984,270.0,548,sess_2003,purchase,2025-12-10 22:02:15.247953
13985,919.0,1037,sess_207,add_to_cart,2025-11-20 11:01:46.247953
13986,,764,sess_1724,view,2025-11-07 20:38:41.247953
13987,633.0,832,sess_4482,view,2026-04-10 07:41:28.247953
13988,81.0,4,sess_1551,view,2025-06-19 17:13:11.247953
13989,536.0,853,sess_1956,view,2025-10-02 05:29:00.247953
13990,193.0,616,sess_3759,purchase,2026-03-02 13:13:15.247953
13991,387.0,88,sess_1486,add_to_cart,2026-05-25 18:26:21.247953
13992,120.0,220,sess_4940,add_to_cart,invalid_timestamp
13993,739.0,467,sess_1495,purchase,2025-12-04 01:09:09.247953
13994,454.0,835,sess_3096,view,2026-01-03 14:32:17.247953
176,183.0,504,sess_351,add_to_cart,2026-01-20 05:20:49.247953
13996,133.0,409,sess_573,add_to_cart,2025-09-12 02:55:37.247953
13997,487.0,382,sess_1161,purchase,2025-09-02 00:33:57.247953
13998,384.0,683,sess_220,add_to_cart,2026-03-06 15:00:18.247953
13999,434.0,691,sess_282,view,2025-10-18 14:52:44.247953
14000,80.0,504,sess_2080,add_to_cart,2025-06-17 22:56:09.247953
14001,,315,sess_737,add_to_cart,2025-09-07 21:02:13.247953
14002,410.0,138,sess_1572,view,2026-03-15 05:41:44.247953
14003,534.0,670,sess_3849,view,2025-07-17 12:02:48.247953
14004,1051.0,995,,add_to_cart,2026-04-28 10:10:15.247953
14005,64.0,749,sess_3385,add_to_cart,2026-04-25 02:37:50.247953
14006,479.0,913,sess_299,add_to_cart,2025-09-12 00:21:13.247953
14007,917.0,1200,sess_644,view,2026-02-25 21:26:02.247953
14008,466.0,556,sess_4017,view,2025-07-16 09:27:15.247953
14009,859.0,600,sess_3102,view,2025-09-11 18:26:38.247953
14010,895.0,109,sess_2138,purchase,2026-02-14 05:47:14.247953
14011,539.0,253,sess_37,purchase,2025-12-13 00:05:49.247953
14012,383.0,1116,sess_1091,purchase,2025-11-12 02:36:41.247953
14013,867.0,976,sess_2625,add_to_cart,2026-05-11 14:29:26.247953
14014,515.0,1193,sess_1717,add_to_cart,2026-03-12 10:22:07.247953
14015,1138.0,1150,sess_2001,view,2026-05-11 14:06:45.247953
124,1161.0,356,sess_68,add_to_cart,2026-03-19 03:47:48.247953
14017,315.0,785,sess_3307,add_to_cart,2025-09-29 06:39:40.247953
14018,188.0,139,sess_4803,view,2026-02-23 00:42:52.247953
14019,808.0,962,sess_3559,purchase,2025-07-11 18:09:32.247953
14020,1101.0,49,sess_4716,add_to_cart,2025-09-20 19:58:05.247953
14021,404.0,518,sess_964,purchase,2026-04-02 00:08:36.247953
14022,1129.0,231,sess_2462,add_to_cart,2026-04-02 01:42:39.247953
14023,,398,sess_2287,purchase,invalid_timestamp
14024,65.0,191,sess_1575,add_to_cart,2025-07-18 04:56:37.247953
14025,729.0,1046,sess_2965,add_to_cart,invalid_timestamp
14026,503.0,840,,purchase,2026-03-03 04:07:13.247953
14027,56.0,871,sess_1537,add_to_cart,2025-11-24 13:55:47.247953
14028,64.0,253,sess_2523,add_to_cart,2025-07-11 01:21:46.247953
14029,1072.0,335,sess_4265,view,2025-11-03 12:36:18.247953
14030,,492,sess_4429,purchase,2025-12-26 13:12:24.247953
14031,873.0,1153,sess_4970,add_to_cart,2026-01-15 02:16:23.247953
14032,380.0,760,sess_674,purchase,2026-04-09 16:57:20.247953
14033,310.0,750,sess_548,view,2025-08-16 04:17:34.247953
14034,1130.0,847,,view,2026-04-08 14:27:40.247953
14035,242.0,636,sess_2974,view,2026-01-12 21:06:47.247953
14036,621.0,1021,sess_771,purchase,2026-01-30 00:14:34.247953
14037,88.0,721,sess_1660,add_to_cart,2026-05-13 21:08:43.247953
14038,809.0,32,sess_1318,add_to_cart,2025-08-29 12:19:44.247953
14039,334.0,747,sess_234,view,2026-03-01 21:11:40.247953
14040,675.0,178,sess_868,purchase,2025-09-08 02:00:31.247953
14041,204.0,1108,sess_689,view,2025-10-11 16:21:32.247953
14042,1084.0,26,sess_1822,view,2025-12-03 03:41:53.247953
14043,314.0,136,sess_3137,view,2025-06-18 02:53:41.247953
14044,967.0,880,sess_4980,view,2026-03-18 01:38:43.247953
14045,963.0,1044,sess_428,view,2025-07-18 11:43:07.247953
14046,626.0,784,sess_1050,add_to_cart,2025-11-30 14:38:56.247953
14047,518.0,193,sess_1842,add_to_cart,2026-02-18 22:15:12.247953
14048,376.0,873,sess_4226,add_to_cart,2026-01-09 12:05:26.247953
14049,916.0,274,sess_3333,purchase,2026-03-02 05:54:22.247953
14050,1191.0,229,sess_2951,view,2025-11-05 03:33:00.247953
14051,606.0,354,sess_4656,view,2026-03-28 17:20:05.247953
14052,442.0,561,sess_2765,purchase,2026-04-04 06:53:25.247953
14053,909.0,114,sess_3498,purchase,2025-12-03 16:35:01.247953
14054,254.0,1174,sess_1938,purchase,2026-03-17 21:51:15.247953
14055,1124.0,1069,sess_758,purchase,2025-10-19 08:49:44.247953
14056,73.0,667,sess_4107,purchase,invalid_timestamp
14057,568.0,1057,sess_4369,add_to_cart,2026-02-06 08:33:17.249957
14058,254.0,432,sess_1954,view,2025-12-27 02:43:11.249957
14059,,538,sess_1600,add_to_cart,invalid_timestamp
14060,516.0,1191,sess_3944,add_to_cart,2026-05-07 07:22:16.249957
14061,5.0,208,sess_2236,add_to_cart,2025-12-09 11:38:27.249957
14062,445.0,665,sess_3715,add_to_cart,2026-05-28 20:35:33.249957
14063,134.0,1188,sess_4720,view,2025-08-22 12:41:58.249957
14064,301.0,1159,sess_4528,add_to_cart,2025-08-17 11:04:22.249957
14065,1055.0,1111,sess_4033,purchase,2026-02-04 22:12:28.249957
14066,1014.0,926,sess_4554,purchase,2026-03-22 10:33:08.249957
14067,242.0,926,sess_456,view,2025-12-07 15:51:54.249957
14068,945.0,281,sess_4186,view,2025-06-30 16:59:10.249957
14069,276.0,180,sess_1630,view,2026-06-04 18:34:48.249957
14070,470.0,491,sess_109,purchase,2025-12-10 06:24:23.249957
14071,551.0,1182,sess_2097,add_to_cart,2025-12-02 13:02:12.249957
14072,600.0,225,sess_1620,view,2026-02-05 01:49:15.249957
14073,138.0,241,sess_3593,purchase,2026-06-01 06:04:42.249957
14074,21.0,1155,sess_1209,view,2025-06-29 16:12:26.249957
14075,960.0,540,sess_265,view,2025-10-11 04:19:59.249957
14076,991.0,620,sess_275,add_to_cart,2025-07-01 02:58:25.249957
14077,935.0,412,sess_2948,view,2025-12-12 05:10:21.249957
14078,332.0,9,sess_1958,view,2026-02-22 04:56:14.249957
14079,46.0,1009,sess_1158,view,2025-08-12 16:04:05.249957
14080,834.0,464,sess_2408,purchase,2025-07-08 16:00:58.249957
14081,7.0,790,sess_4199,purchase,2026-05-15 04:14:05.249957
14082,67.0,986,sess_3332,add_to_cart,2026-03-28 18:26:44.249957
14083,146.0,449,sess_2490,add_to_cart,2026-03-30 08:58:57.249957
14084,497.0,1011,sess_4485,view,2026-01-28 13:24:58.249957
14085,1086.0,143,sess_2655,add_to_cart,2026-01-07 11:59:19.249957
14086,347.0,990,sess_4410,purchase,2025-10-24 11:41:10.249957
71,,700,sess_1066,view,invalid_timestamp
14088,730.0,397,sess_2404,add_to_cart,2025-06-15 11:19:41.249957
14089,990.0,465,sess_884,view,invalid_timestamp
14090,1043.0,951,sess_1225,add_to_cart,2025-07-24 23:06:42.249957
14091,619.0,764,,purchase,2025-09-09 22:04:41.249957
14092,1101.0,493,sess_2021,add_to_cart,2026-05-03 15:26:21.249957
14093,514.0,903,sess_1712,purchase,2025-08-06 10:27:02.249957
14094,4.0,950,sess_2507,view,invalid_timestamp
14095,875.0,578,sess_752,view,2025-10-27 12:05:38.249957
14096,768.0,390,sess_1661,purchase,2026-02-16 02:44:49.249957
14097,871.0,1160,sess_1826,purchase,invalid_timestamp
14098,107.0,954,sess_2671,add_to_cart,2025-11-14 15:06:10.249957
14099,562.0,346,sess_1808,purchase,2025-12-22 19:21:20.249957
14100,1065.0,498,sess_200,view,2025-10-22 22:16:06.249957
14101,412.0,866,sess_689,view,2025-12-01 00:33:22.249957
14102,983.0,862,,view,2025-09-03 02:21:47.249957
14103,,847,sess_1028,view,2025-08-14 17:47:23.249957
14104,242.0,873,sess_1135,add_to_cart,2025-10-02 23:00:26.249957
14105,929.0,610,sess_4887,add_to_cart,2025-10-11 10:04:48.249957
14106,470.0,1064,sess_1664,view,2025-11-15 08:52:08.249957
14107,790.0,325,sess_1041,add_to_cart,2026-01-09 21:28:50.249957
14108,86.0,827,sess_1094,view,2026-05-08 06:46:17.249957
14109,720.0,683,sess_4652,view,2026-03-21 09:08:23.249957
14110,210.0,1072,sess_1459,purchase,2026-05-10 02:19:53.249957
14111,359.0,851,sess_245,view,2025-11-18 04:49:03.249957
14112,355.0,1101,sess_4338,view,2025-10-11 21:56:48.249957
14113,10.0,1124,sess_1282,add_to_cart,2025-08-09 18:56:12.249957
14114,311.0,607,sess_3168,purchase,2025-08-06 07:10:17.249957
14115,1035.0,768,sess_2663,view,2026-01-27 21:30:21.249957
14116,309.0,292,sess_623,view,2026-04-15 22:32:54.249957
14117,1053.0,497,sess_930,purchase,2025-08-14 18:59:25.249957
14118,456.0,1051,sess_1796,view,2025-09-20 01:51:41.249957
14119,781.0,1177,sess_4441,purchase,2026-04-17 14:16:32.249957
14120,266.0,113,sess_3477,view,2026-05-13 06:38:13.249957
14121,793.0,568,sess_345,purchase,2025-07-06 13:41:14.249957
14122,578.0,245,sess_3085,view,2026-02-05 22:58:06.249957
14123,547.0,497,sess_2894,add_to_cart,2025-10-11 06:14:44.249957
14124,1126.0,99,sess_577,view,2025-09-21 11:08:48.249957
14125,1037.0,322,sess_1499,add_to_cart,2026-04-10 07:15:28.249957
14126,956.0,163,sess_2092,view,2026-04-27 22:51:24.249957
14127,794.0,1166,sess_4801,purchase,2026-02-22 03:05:31.249957
14128,752.0,914,sess_4436,purchase,2025-07-03 07:31:03.249957
14129,1178.0,309,sess_2697,add_to_cart,2026-01-23 00:13:43.249957
14130,554.0,717,sess_142,add_to_cart,2026-02-09 20:59:13.249957
14131,480.0,318,sess_4054,add_to_cart,invalid_timestamp
14132,229.0,40,,view,2025-07-24 10:41:35.249957
14133,562.0,790,sess_2694,add_to_cart,2026-02-08 16:25:57.249957
14134,954.0,638,sess_3156,view,2026-02-28 08:29:03.249957
14135,611.0,846,sess_3842,purchase,2025-06-20 11:14:01.249957
14136,756.0,392,sess_2075,view,2026-06-08 01:51:17.249957
14137,761.0,463,sess_2245,add_to_cart,2025-07-24 22:48:53.249957
14138,583.0,75,sess_4481,add_to_cart,2026-02-07 17:14:49.249957
14139,408.0,140,sess_116,purchase,2025-10-13 08:04:45.249957
14140,687.0,672,sess_1432,view,2025-11-26 17:51:26.249957
14141,877.0,208,sess_2139,view,2026-04-14 02:23:51.249957
14142,790.0,815,sess_14,view,2025-08-30 14:24:23.249957
178,376.0,1070,sess_3246,purchase,2025-10-18 05:48:50.249957
14144,981.0,487,sess_2619,view,2026-01-01 06:31:55.249957
14145,912.0,475,sess_2926,add_to_cart,2025-10-17 22:36:50.249957
14146,,1187,sess_871,add_to_cart,2025-10-11 12:13:06.249957
14147,523.0,1111,sess_102,view,2026-02-07 15:02:56.249957
14148,144.0,1088,sess_2165,purchase,invalid_timestamp
14149,725.0,408,sess_2146,add_to_cart,2025-09-19 05:29:35.249957
14150,1137.0,642,sess_3916,add_to_cart,2026-05-09 09:33:20.249957
14151,8.0,950,sess_1586,add_to_cart,2025-07-22 18:20:49.249957
14152,556.0,493,sess_3938,add_to_cart,2026-02-18 20:23:52.249957
14153,1095.0,795,sess_34,purchase,2026-03-10 02:53:59.249957
14154,538.0,297,sess_489,view,2026-05-24 07:20:20.249957
14155,1093.0,508,sess_1047,purchase,2026-03-19 21:58:22.249957
14156,1098.0,1089,sess_1691,purchase,2026-04-09 00:36:30.249957
44,883.0,364,sess_3317,purchase,2025-06-29 15:08:35.249957
14158,1024.0,586,sess_1800,add_to_cart,2025-12-11 13:41:42.249957
14159,373.0,324,sess_2675,purchase,2026-01-20 13:35:28.249957
14160,362.0,985,sess_2987,view,2026-06-01 09:10:35.249957
14161,361.0,882,sess_4888,view,2025-09-18 18:04:14.249957
14162,,599,sess_1148,add_to_cart,2026-04-22 15:19:10.249957
14163,367.0,500,sess_4005,add_to_cart,2025-07-04 06:56:27.249957
14164,307.0,966,sess_976,view,2026-05-14 10:07:24.249957
14165,351.0,84,sess_2854,add_to_cart,2026-02-19 23:56:59.249957
14166,577.0,854,sess_2284,view,2025-07-27 06:18:59.249957
14167,272.0,251,sess_1367,purchase,2026-05-22 00:20:16.249957
14168,819.0,834,sess_3686,purchase,2025-09-24 11:30:39.249957
14169,426.0,312,sess_60,add_to_cart,2026-04-11 02:28:45.249957
14170,182.0,560,sess_3631,purchase,2025-11-23 05:46:56.249957
14171,883.0,585,sess_2182,view,2025-08-02 22:46:58.249957
14172,308.0,570,sess_1079,view,2025-12-31 12:46:20.249957
122,1039.0,588,sess_3060,purchase,2025-07-23 02:19:23.249957
14174,612.0,437,sess_883,purchase,2025-11-22 02:59:02.249957
14175,582.0,539,sess_2766,purchase,2025-12-18 06:04:52.249957
14176,1114.0,85,sess_3419,purchase,2025-06-25 05:14:57.249957
14177,781.0,1006,sess_2400,add_to_cart,2026-04-24 11:41:55.249957
14178,209.0,89,sess_4321,purchase,2025-12-17 09:46:26.249957
14179,1199.0,725,sess_4644,add_to_cart,2025-10-12 12:38:13.249957
14180,1010.0,1156,sess_2063,view,2026-04-10 06:25:24.249957
14181,906.0,432,sess_4081,purchase,2026-03-20 14:01:07.249957
14182,985.0,205,sess_4756,add_to_cart,invalid_timestamp
14183,817.0,105,sess_2472,purchase,2025-12-14 00:44:14.249957
14184,563.0,1139,sess_1547,purchase,2025-08-02 01:23:06.249957
14185,1190.0,139,sess_4708,view,2025-09-18 17:47:23.249957
14186,689.0,511,,purchase,2025-06-21 11:48:46.249957
14187,853.0,279,sess_3003,purchase,2025-11-12 22:26:07.249957
14188,1012.0,1169,sess_2703,view,2025-10-31 01:20:22.249957
14189,129.0,877,sess_322,view,2026-03-06 00:40:32.249957
14190,865.0,1090,sess_1367,purchase,2025-12-05 16:34:54.249957
14191,319.0,986,sess_1226,add_to_cart,2026-04-18 14:19:54.249957
14192,1119.0,134,sess_21,view,2025-12-24 13:28:19.249957
14193,306.0,250,sess_2983,view,2025-08-26 04:09:04.249957
14194,47.0,361,sess_3512,add_to_cart,2025-09-18 09:28:12.249957
14195,1005.0,338,sess_2553,purchase,2025-09-10 21:25:29.249957
14196,248.0,397,sess_630,view,2025-11-09 18:49:20.249957
14197,690.0,123,sess_3383,purchase,2026-04-24 14:42:42.249957
14198,304.0,456,sess_1498,purchase,2026-05-17 03:45:42.249957
14199,1092.0,445,sess_1012,purchase,2026-04-16 19:05:30.249957
14200,393.0,878,sess_257,purchase,2025-07-11 22:19:13.249957
14201,597.0,465,sess_700,purchase,2025-12-11 23:12:57.249957
14202,339.0,774,sess_3045,view,2026-03-05 12:10:26.249957
14203,695.0,860,sess_4797,view,2026-03-13 18:38:30.249957
14204,1039.0,945,sess_3212,purchase,2026-04-14 00:09:28.249957
142,740.0,617,sess_1324,add_to_cart,2025-07-12 07:51:34.249957
14206,,554,sess_2508,add_to_cart,2025-09-20 00:50:41.249957
14207,963.0,41,sess_4786,add_to_cart,2026-03-27 01:54:04.249957
14208,187.0,611,,purchase,2025-12-16 07:48:02.249957
14209,766.0,687,sess_2287,view,2026-05-20 18:19:15.249957
14210,1026.0,458,sess_3789,purchase,2025-10-26 13:53:19.249957
59,1031.0,1141,sess_2072,purchase,2026-01-24 03:42:00.249957
14212,466.0,505,sess_4924,view,2026-01-19 12:53:28.249957
14213,1050.0,159,sess_4300,add_to_cart,2026-05-06 10:59:40.249957
14214,271.0,886,sess_1735,purchase,2026-03-10 17:34:09.249957
14215,1064.0,872,sess_1933,add_to_cart,2025-08-07 08:08:28.249957
14216,510.0,1011,sess_2296,purchase,2026-03-01 02:24:09.249957
14217,987.0,16,sess_529,add_to_cart,2025-06-21 20:17:05.249957
14218,495.0,650,sess_1387,purchase,2026-02-04 05:50:10.249957
14219,126.0,310,sess_146,purchase,2025-09-11 08:34:25.249957
14220,393.0,1097,sess_4487,view,2025-09-15 05:43:22.249957
14221,37.0,1055,sess_4899,add_to_cart,2025-10-09 10:51:11.249957
14222,1006.0,628,sess_3057,view,2025-07-02 23:55:58.249957
152,175.0,110,sess_2158,view,2025-06-13 07:53:19.249957
14224,404.0,1026,sess_2180,purchase,2025-11-12 02:22:08.249957
14225,169.0,823,sess_4746,view,2025-11-08 00:45:29.249957
14226,145.0,1014,sess_2138,add_to_cart,2025-11-21 20:55:19.249957
14227,514.0,1147,sess_3950,view,2025-06-11 07:44:12.249957
14228,554.0,484,sess_4068,view,2025-12-18 15:51:54.249957
14229,1065.0,38,sess_2968,add_to_cart,2026-04-04 05:55:21.249957
14230,174.0,1084,sess_2337,view,2025-10-16 01:29:06.249957
14231,380.0,248,sess_97,view,2026-05-25 23:18:39.249957
14232,864.0,163,sess_905,view,2025-06-14 16:56:54.249957
14233,739.0,704,sess_1119,view,2026-04-29 05:18:37.249957
14234,766.0,503,sess_3263,view,2025-08-02 05:43:33.249957
14235,,263,sess_1356,purchase,invalid_timestamp
14236,829.0,1094,sess_2022,view,2025-07-06 00:34:24.249957
14237,463.0,1158,sess_1169,view,2026-01-31 01:13:50.249957
14238,710.0,410,sess_4555,add_to_cart,invalid_timestamp
14239,1024.0,770,sess_4332,add_to_cart,2026-02-25 11:11:45.249957
45,657.0,332,sess_4603,add_to_cart,2026-02-13 17:06:11.249957
14241,12.0,60,sess_2176,view,2026-01-03 04:50:37.249957
14242,561.0,1029,sess_1708,view,2026-03-23 00:40:18.249957
14243,1016.0,1063,sess_3435,view,2026-05-14 13:27:33.249957
14244,343.0,988,sess_133,view,2025-09-30 03:47:13.249957
14245,355.0,1154,sess_2766,purchase,2026-05-17 12:46:56.249957
14246,625.0,487,sess_1213,view,2026-04-25 20:49:56.249957
14247,101.0,447,sess_1162,view,2025-08-23 06:56:38.249957
14248,494.0,1079,sess_1054,view,2025-07-16 01:44:33.249957
14249,400.0,516,sess_1549,add_to_cart,2026-01-25 05:00:33.249957
14250,650.0,661,sess_3092,purchase,2026-05-05 23:30:42.249957
14251,534.0,401,,purchase,2026-03-30 01:41:32.249957
14252,120.0,403,sess_1366,view,2025-06-12 08:34:08.249957
14253,475.0,1009,sess_6,view,2025-12-02 19:10:31.249957
14254,85.0,41,,add_to_cart,invalid_timestamp
14255,176.0,33,sess_3919,view,2025-12-24 04:06:24.249957
14256,199.0,716,,purchase,2026-03-19 14:31:08.249957
14257,97.0,263,sess_3959,purchase,2026-03-08 00:18:43.249957
14258,1133.0,852,sess_3510,purchase,2025-10-13 01:05:12.249957
14259,112.0,28,sess_3822,purchase,2025-09-17 19:29:46.249957
14260,152.0,420,sess_1402,purchase,2025-08-13 11:32:53.249957
14261,1165.0,743,sess_4178,view,2025-09-08 22:10:16.249957
14262,1154.0,1100,sess_551,view,2025-07-27 01:55:42.249957
14263,,198,,add_to_cart,2026-03-12 14:25:25.249957
14264,1.0,841,sess_3519,view,2025-12-11 01:56:57.249957
14265,452.0,350,sess_3091,purchase,2026-02-04 03:59:17.249957
14266,146.0,558,sess_1144,add_to_cart,2025-09-29 05:29:28.249957
14267,491.0,878,sess_883,view,2026-01-18 03:02:43.249957
14268,,629,sess_4353,purchase,2025-09-22 02:58:41.249957
14269,492.0,207,sess_65,view,2026-02-15 06:42:48.249957
14270,695.0,636,sess_2237,add_to_cart,2025-06-11 08:20:19.249957
14271,732.0,335,sess_2573,purchase,2026-03-31 10:54:04.249957
14272,200.0,176,sess_2431,view,2026-05-06 20:19:59.249957
14273,875.0,533,sess_1906,add_to_cart,2026-02-23 17:35:01.249957
14274,1126.0,848,sess_4485,add_to_cart,2025-09-07 00:46:56.249957
14275,375.0,537,sess_3443,view,2025-07-21 03:00:08.249957
14276,157.0,570,sess_4810,purchase,2025-07-21 18:52:36.249957
14277,462.0,177,sess_523,view,2026-05-26 23:05:44.249957
14278,1036.0,584,sess_4801,view,2026-03-30 08:46:30.249957
14279,963.0,534,sess_2281,purchase,2026-01-03 12:25:45.249957
14280,90.0,905,sess_4720,view,2026-04-18 01:40:50.249957
14281,1145.0,13,sess_4795,add_to_cart,2025-06-30 12:05:32.249957
14282,132.0,568,sess_282,view,2026-04-12 00:21:05.249957
14283,223.0,625,sess_4560,view,2026-05-11 02:17:14.249957
14284,860.0,358,sess_3632,add_to_cart,2025-06-30 19:44:20.249957
14285,225.0,594,sess_1828,view,2026-05-04 00:06:28.249957
14286,378.0,290,sess_3986,add_to_cart,2026-04-10 08:20:01.249957
14287,513.0,1135,sess_224,view,2026-01-12 11:55:55.249957
14288,113.0,979,sess_835,add_to_cart,2026-01-06 17:06:15.249957
14289,815.0,280,sess_2875,purchase,2025-06-19 18:22:09.249957
14290,1050.0,659,sess_2634,purchase,invalid_timestamp
14291,97.0,1010,sess_4225,view,2025-12-03 07:40:11.249957
14292,1016.0,322,sess_299,add_to_cart,2026-04-02 05:44:56.249957
14293,587.0,208,sess_4727,purchase,2025-12-15 14:44:22.249957
14294,475.0,1068,sess_4256,add_to_cart,2026-06-09 13:17:59.249957
14295,911.0,934,sess_752,purchase,2025-12-29 06:57:16.249957
14296,506.0,628,,view,2026-04-15 18:52:11.249957
14297,488.0,1166,sess_1324,view,2025-09-08 13:27:40.249957
14298,252.0,341,sess_386,view,2026-01-14 17:30:51.249957
14299,881.0,777,sess_3488,view,2026-05-04 23:03:39.249957
14300,537.0,660,sess_2839,add_to_cart,invalid_timestamp
14301,823.0,871,sess_4459,add_to_cart,2026-04-21 18:56:01.249957
14302,1142.0,741,sess_3315,view,invalid_timestamp
14303,818.0,693,sess_3302,add_to_cart,2025-10-25 19:30:49.249957
14304,574.0,79,sess_1232,view,2025-11-20 09:34:16.249957
14305,875.0,351,sess_1377,purchase,2026-06-11 18:17:31.249957
14306,925.0,172,sess_147,purchase,invalid_timestamp
14307,344.0,237,sess_3397,view,2025-06-27 06:38:35.249957
14308,584.0,300,sess_1540,add_to_cart,2025-07-24 18:25:01.249957
14309,442.0,474,,view,2025-08-10 12:29:55.249957
14310,704.0,820,sess_3010,view,2026-04-28 12:33:03.249957
14311,1164.0,1093,sess_649,add_to_cart,invalid_timestamp
14312,1092.0,612,sess_4424,view,2025-09-03 08:26:51.249957
14313,,359,sess_3012,purchase,2026-06-08 10:01:44.249957
14314,,41,sess_3364,view,2025-11-30 15:57:36.249957
14315,631.0,94,sess_3703,view,2025-11-28 19:37:30.249957
14316,235.0,321,sess_2120,purchase,2025-08-17 13:22:06.249957
14317,222.0,177,sess_1217,view,2026-03-09 03:00:57.249957
14318,817.0,1136,sess_584,add_to_cart,2026-05-30 20:44:39.249957
14319,489.0,225,sess_3058,add_to_cart,2026-04-03 15:22:21.249957
14320,153.0,653,sess_775,purchase,2026-02-05 19:23:42.249957
14321,638.0,102,sess_3622,add_to_cart,2026-05-04 04:57:04.249957
14322,926.0,315,sess_933,view,invalid_timestamp
14323,949.0,475,sess_3359,view,2026-03-17 03:36:43.249957
14324,644.0,1126,sess_1200,purchase,2025-12-04 10:08:26.249957
14325,3.0,436,sess_3864,view,2026-02-17 20:02:35.249957
14326,713.0,472,sess_4241,add_to_cart,2026-02-25 19:08:13.249957
14327,1131.0,612,sess_3587,add_to_cart,2026-03-03 09:11:24.249957
14328,154.0,385,sess_4989,add_to_cart,2025-09-19 13:11:27.249957
14329,586.0,560,sess_1730,view,2025-09-16 13:12:48.249957
14330,336.0,1128,sess_4408,purchase,2025-12-15 17:40:40.249957
14331,47.0,781,sess_3270,add_to_cart,2026-04-14 07:34:59.249957
14332,1101.0,1031,sess_2303,purchase,2025-11-11 20:08:06.249957
141,49.0,708,sess_40,purchase,2026-03-13 23:28:56.249957
14334,736.0,640,sess_2505,purchase,2025-06-24 04:48:42.249957
14335,760.0,197,sess_1275,purchase,invalid_timestamp
14336,388.0,847,sess_1780,purchase,2026-05-14 07:55:14.249957
14337,1152.0,757,,purchase,2025-10-06 22:20:59.249957
14338,987.0,841,sess_2359,view,2026-01-31 23:13:50.249957
14339,558.0,205,sess_804,add_to_cart,2026-01-07 07:22:28.249957
14340,176.0,1107,sess_2155,purchase,2025-10-12 21:38:41.249957
14341,,471,sess_1840,add_to_cart,2026-04-02 06:03:56.249957
14342,480.0,1088,sess_3653,purchase,2025-09-06 17:47:53.249957
14343,745.0,549,sess_280,purchase,2025-07-05 08:29:33.249957
14344,804.0,1136,sess_3036,view,2026-04-22 10:12:17.249957
14345,1022.0,261,sess_103,purchase,2026-01-29 19:52:46.249957
14346,886.0,354,,view,2026-02-06 23:10:03.249957
14347,793.0,353,,add_to_cart,2026-01-31 04:49:52.249957
14348,95.0,548,sess_961,add_to_cart,2025-10-02 09:28:48.249957
14349,710.0,1017,sess_3279,purchase,2026-03-12 05:52:03.249957
14350,1011.0,813,sess_216,purchase,2026-03-10 22:03:23.249957
14351,,399,sess_898,view,2025-11-21 13:53:02.249957
14352,821.0,723,sess_3850,view,2026-06-09 09:52:14.249957
14353,393.0,611,sess_4219,purchase,2025-07-13 08:05:10.249957
14354,25.0,635,sess_2993,purchase,2025-10-22 03:02:39.249957
14355,206.0,1096,sess_2115,purchase,2025-11-30 15:12:36.249957
14356,564.0,580,sess_1886,purchase,2026-01-25 03:46:11.249957
14357,935.0,36,sess_3194,purchase,2025-10-13 01:24:31.249957
14358,437.0,895,sess_391,add_to_cart,2025-07-07 18:30:08.249957
14359,378.0,609,sess_2617,purchase,2025-09-02 19:23:58.249957
14360,49.0,1190,sess_3412,view,2025-11-15 03:55:23.249957
14361,783.0,61,sess_938,purchase,2026-05-10 04:34:19.249957
14362,322.0,975,sess_1100,purchase,2025-11-16 19:01:45.249957
14363,522.0,868,sess_1625,purchase,2026-06-10 10:03:05.249957
14364,32.0,1053,sess_2824,add_to_cart,2026-05-02 10:21:41.249957
14365,176.0,555,sess_1424,view,2026-03-26 23:56:28.249957
14366,678.0,315,sess_2878,view,2025-08-24 22:19:15.249957
14367,130.0,258,sess_122,purchase,2025-11-12 17:00:03.249957
14368,446.0,593,sess_808,add_to_cart,2025-09-17 18:22:31.249957
14369,,985,sess_2426,purchase,2025-08-06 10:33:37.249957
14370,190.0,950,sess_3492,view,2026-05-11 01:41:52.249957
14371,892.0,160,sess_826,purchase,2025-11-29 18:26:18.249957
14372,48.0,1162,sess_1785,add_to_cart,2026-06-10 18:01:54.249957
14373,648.0,1180,sess_3507,add_to_cart,invalid_timestamp
14374,708.0,624,sess_2278,view,2025-12-05 13:53:46.249957
14375,193.0,893,sess_2049,view,2026-05-18 22:10:41.249957
3,566.0,1181,sess_3189,purchase,2026-03-21 02:21:12.249957
14377,95.0,37,sess_3821,purchase,2026-02-01 22:37:07.249957
14378,1068.0,177,sess_1520,view,2025-10-28 15:07:24.249957
14379,731.0,36,sess_3888,view,2025-08-30 09:53:18.249957
14380,360.0,303,sess_3708,view,2025-06-23 01:36:03.249957
14381,746.0,1111,sess_1142,add_to_cart,2025-12-19 12:52:15.249957
14382,825.0,802,sess_3990,add_to_cart,2025-12-25 13:41:08.249957
14383,1187.0,994,sess_1063,purchase,2025-08-27 12:33:20.249957
14384,365.0,1090,sess_3309,view,2025-10-04 21:04:43.249957
14385,1065.0,1178,sess_1293,view,2026-05-26 07:43:07.249957
14386,486.0,583,sess_2446,add_to_cart,2026-04-01 17:29:41.249957
14387,826.0,75,sess_351,purchase,2026-01-22 08:42:57.249957
14388,,920,,view,2026-06-04 02:50:48.249957
14389,1001.0,69,sess_1380,view,2025-10-13 02:30:17.249957
14390,1.0,661,sess_1760,purchase,2025-10-24 02:29:37.249957
14391,127.0,438,sess_879,add_to_cart,2026-03-29 21:46:40.249957
14392,960.0,366,sess_1765,purchase,2025-12-13 20:29:15.249957
14393,785.0,1080,,add_to_cart,2026-01-23 08:00:41.249957
14394,89.0,924,sess_783,purchase,2026-06-01 20:28:31.249957
14395,1169.0,859,sess_2867,purchase,2026-05-15 16:46:40.249957
14396,303.0,907,sess_1187,view,2026-02-28 03:24:53.249957
14397,242.0,785,sess_1228,purchase,2026-01-31 09:44:50.249957
14398,563.0,303,sess_797,view,2025-10-24 12:39:53.249957
14399,772.0,46,sess_2795,add_to_cart,2025-07-04 17:57:18.249957
14400,515.0,58,,view,2025-11-24 19:56:31.249957
14401,277.0,1007,sess_2811,purchase,2025-11-28 20:26:52.249957
14402,671.0,859,sess_3694,purchase,2025-08-28 03:03:23.249957
14403,545.0,11,sess_3055,purchase,2025-11-08 14:32:46.249957
14404,335.0,513,sess_736,purchase,2025-11-28 13:25:34.249957
14405,181.0,1024,sess_3345,add_to_cart,2025-12-12 15:10:31.249957
14406,794.0,323,sess_1719,view,2025-08-26 17:25:10.249957
14407,,768,sess_607,view,2025-11-13 21:32:53.249957
14408,1043.0,136,sess_4194,add_to_cart,invalid_timestamp
14409,763.0,948,sess_2568,purchase,2026-04-06 01:40:18.249957
14410,884.0,822,sess_2863,purchase,2025-08-26 09:11:43.249957
14411,1131.0,1034,sess_2055,purchase,2025-09-18 12:03:20.249957
14412,1009.0,746,sess_1570,add_to_cart,2026-03-05 20:56:17.249957
14413,113.0,789,sess_2596,add_to_cart,2025-07-28 23:42:18.249957
14414,416.0,607,sess_4226,add_to_cart,2025-08-23 11:16:07.249957
14415,343.0,1154,sess_4945,view,2026-03-02 17:46:16.249957
14416,957.0,927,sess_4282,add_to_cart,2025-08-30 00:42:03.249957
14417,1173.0,121,sess_3415,add_to_cart,2026-04-18 07:10:12.249957
14418,1070.0,517,sess_3764,add_to_cart,2025-12-12 08:00:24.249957
14419,576.0,248,sess_4844,add_to_cart,2025-08-18 10:10:39.249957
14420,795.0,961,sess_718,purchase,2026-04-24 20:14:21.249957
14421,,831,sess_4709,add_to_cart,2026-04-08 23:47:03.249957
14422,283.0,573,sess_2470,add_to_cart,2026-02-10 15:32:51.249957
14423,804.0,71,sess_1419,add_to_cart,2025-08-08 18:04:52.249957
14424,249.0,235,sess_2295,view,2026-02-05 13:34:22.249957
14425,1187.0,102,sess_4126,view,2026-02-14 16:49:15.249957
14426,1029.0,543,sess_4246,purchase,2026-02-25 00:48:18.249957
14427,400.0,426,,purchase,2025-10-11 08:10:31.249957
14428,251.0,1044,sess_159,add_to_cart,2025-08-20 20:15:41.249957
14429,22.0,864,sess_1320,view,2025-08-01 16:14:18.249957
14430,1053.0,144,sess_222,add_to_cart,2025-07-13 07:18:06.249957
14431,304.0,918,sess_698,purchase,2025-06-15 02:18:18.249957
14432,246.0,828,sess_4682,add_to_cart,2025-08-26 10:35:22.249957
14433,1082.0,1156,sess_4048,purchase,2025-12-26 15:03:00.249957
14434,1030.0,381,sess_4719,add_to_cart,2026-05-05 10:04:44.249957
14435,426.0,713,sess_4052,add_to_cart,2025-09-22 07:19:13.249957
14436,91.0,343,sess_1146,add_to_cart,2025-12-23 10:45:26.249957
14437,1050.0,215,,purchase,2026-01-16 17:37:31.249957
14438,890.0,205,sess_4362,purchase,2025-08-03 07:49:05.249957
36,270.0,239,sess_1476,add_to_cart,2026-02-23 13:47:50.249957
14440,,490,sess_107,view,2026-03-11 22:08:46.249957
14441,1080.0,364,sess_148,add_to_cart,2026-05-15 23:44:24.249957
14442,852.0,462,sess_2135,purchase,2026-05-15 17:47:06.249957
14443,905.0,857,sess_2141,view,2025-12-14 10:54:07.249957
14444,966.0,497,sess_3037,purchase,invalid_timestamp
14445,659.0,1157,sess_349,purchase,2026-01-23 17:17:09.249957
14446,880.0,457,sess_735,view,2026-03-26 17:12:27.249957
14447,118.0,313,sess_882,view,2025-09-04 14:25:50.249957
14448,1069.0,87,sess_3782,add_to_cart,2026-05-08 22:49:41.249957
14449,735.0,943,sess_3198,add_to_cart,2025-09-20 20:29:23.249957
14450,727.0,278,,purchase,2026-05-08 06:34:07.249957
14451,902.0,998,sess_1224,view,2025-08-11 14:40:25.249957
14452,219.0,831,sess_1325,add_to_cart,2025-10-30 10:03:55.249957
14453,1137.0,513,sess_4895,purchase,invalid_timestamp
14454,648.0,744,sess_4066,purchase,2026-03-28 21:47:59.249957
14455,,534,,purchase,invalid_timestamp
14456,1072.0,26,sess_1912,add_to_cart,2025-07-03 21:15:54.249957
14457,537.0,525,sess_188,view,2026-01-12 07:08:05.249957
14458,791.0,968,sess_145,purchase,2025-11-30 20:38:44.249957
14459,483.0,166,sess_2310,view,2025-09-17 01:58:36.249957
14460,873.0,1022,sess_4422,purchase,2026-02-24 00:49:44.249957
14461,407.0,996,sess_1530,view,2026-02-01 16:10:23.249957
14462,13.0,167,sess_1902,purchase,2026-05-20 11:49:42.249957
14463,967.0,505,sess_3144,add_to_cart,2025-08-19 10:39:24.249957
14464,4.0,719,sess_1831,view,2025-11-04 17:40:39.249957
14465,231.0,896,sess_2823,view,2026-01-27 20:34:55.249957
14466,162.0,1048,sess_4665,purchase,2025-11-25 22:14:25.249957
14467,697.0,240,sess_3166,add_to_cart,2026-02-03 02:07:11.249957
14468,324.0,266,sess_109,purchase,2026-03-29 16:27:39.249957
14469,159.0,156,sess_4255,view,2025-09-28 08:38:24.249957
14470,1013.0,110,sess_4467,add_to_cart,2026-02-15 08:51:27.249957
14471,1196.0,189,sess_2974,view,2025-11-18 16:43:24.249957
14472,1063.0,621,sess_489,purchase,2026-05-15 13:30:18.249957
14473,919.0,328,sess_4630,purchase,2025-09-26 08:24:57.249957
14474,1039.0,668,sess_3882,add_to_cart,2025-09-15 23:44:18.249957
14475,815.0,65,sess_4763,purchase,2026-03-26 09:19:17.249957
14476,336.0,37,sess_231,view,2025-10-19 16:35:07.249957
14477,107.0,148,sess_1600,purchase,2025-12-29 15:09:50.249957
14478,327.0,960,sess_2368,purchase,2025-11-30 19:33:30.249957
14479,396.0,1192,sess_1715,view,2026-05-23 09:42:11.249957
14480,997.0,577,sess_1372,view,2026-05-06 01:42:33.249957
14481,979.0,454,sess_3256,purchase,2026-02-05 19:18:05.249957
14482,714.0,864,sess_1933,purchase,2025-09-11 20:57:21.249957
14483,1163.0,604,sess_1339,view,2025-07-26 00:14:20.249957
14484,921.0,954,sess_569,add_to_cart,2026-05-05 19:53:17.249957
14485,745.0,763,sess_1902,add_to_cart,2026-04-09 08:03:29.249957
14486,22.0,389,sess_2091,view,2026-06-06 05:10:17.249957
14487,1066.0,1087,sess_3092,purchase,2025-06-15 14:21:42.249957
14488,873.0,488,,purchase,2026-01-27 11:06:10.249957
14489,876.0,1067,sess_3574,view,2025-08-21 23:20:46.249957
14490,621.0,85,sess_590,view,2026-04-08 22:26:52.249957
14491,6.0,1064,sess_2762,purchase,2025-06-15 22:10:53.249957
14492,437.0,818,sess_2597,add_to_cart,2025-10-21 14:22:15.249957
14493,327.0,975,sess_2415,view,2026-02-23 10:03:43.249957
14494,784.0,202,sess_2870,purchase,2025-08-14 03:06:29.249957
14495,728.0,734,,purchase,2026-01-03 21:02:18.249957
14496,39.0,1096,sess_2633,purchase,2026-02-13 12:16:08.249957
14497,909.0,877,sess_3210,purchase,2025-10-06 13:42:28.249957
14498,328.0,427,sess_571,view,2026-01-19 14:08:13.249957
14499,29.0,858,sess_445,view,2025-11-17 00:21:28.249957
14500,709.0,583,sess_3845,view,2026-05-19 23:18:05.249957
14501,940.0,1149,sess_3312,view,invalid_timestamp
14502,159.0,808,sess_3836,view,2026-01-20 23:44:29.249957
14503,280.0,768,sess_7,purchase,2026-01-11 12:34:38.249957
14504,701.0,210,sess_3165,add_to_cart,2025-12-19 04:49:27.249957
14505,189.0,209,sess_4701,purchase,2026-01-22 15:50:29.249957
14506,185.0,523,sess_3068,view,2025-09-14 17:15:33.249957
14507,67.0,567,sess_3611,view,2025-11-24 03:31:34.249957
14508,733.0,120,sess_3200,view,2025-12-03 10:00:59.249957
14509,782.0,660,sess_3203,view,2026-04-16 11:15:01.249957
14510,351.0,251,sess_624,purchase,2026-03-06 17:24:27.249957
14511,258.0,774,sess_3845,add_to_cart,2025-11-15 01:04:23.249957
14512,1021.0,1122,sess_593,purchase,2025-09-02 07:10:09.249957
14513,7.0,681,sess_339,view,2025-10-02 07:32:34.249957
14514,1079.0,154,sess_232,purchase,2025-10-04 10:13:52.249957
14515,664.0,498,sess_933,view,2025-06-16 11:59:24.249957
14516,74.0,213,sess_3372,view,2026-02-03 11:04:56.249957
14517,1176.0,589,sess_1812,add_to_cart,2025-10-11 09:27:11.249957
14518,147.0,275,sess_577,view,2025-06-25 03:17:28.249957
14519,1059.0,456,sess_4722,add_to_cart,2025-10-05 13:07:17.249957
14520,303.0,964,sess_1813,add_to_cart,2026-04-17 03:10:21.249957
14521,655.0,284,sess_217,purchase,2026-03-26 19:36:28.249957
14522,163.0,523,sess_4945,purchase,2026-01-02 06:46:33.249957
14523,53.0,379,sess_4384,view,2026-01-24 12:22:51.249957
14524,1198.0,92,sess_154,purchase,2025-06-27 14:16:43.249957
14525,1083.0,508,sess_4806,view,2025-10-14 13:04:56.249957
14526,601.0,880,sess_2217,purchase,2025-09-29 10:19:22.249957
14527,,421,sess_3506,purchase,2025-08-30 09:34:36.249957
14528,678.0,230,sess_3109,add_to_cart,2025-06-15 11:30:27.249957
14529,465.0,25,sess_2775,add_to_cart,2026-04-18 20:34:03.249957
14530,599.0,938,sess_3732,add_to_cart,2026-02-14 08:05:01.249957
14531,780.0,1179,sess_3973,add_to_cart,2026-01-10 16:31:18.249957
14532,196.0,5,,view,2026-04-09 16:14:16.249957
14533,343.0,1080,sess_2693,add_to_cart,2026-05-09 09:30:35.249957
14534,230.0,709,sess_4386,view,2025-12-14 10:22:07.249957
14535,706.0,824,sess_3487,purchase,2026-04-19 12:15:50.249957
14536,105.0,1100,sess_2513,purchase,2026-02-13 01:13:53.249957
14537,221.0,541,sess_275,view,2026-03-17 19:46:15.249957
14538,,850,sess_4603,add_to_cart,2025-11-12 10:47:41.249957
14539,968.0,799,sess_2547,view,2026-03-06 07:23:53.249957
14540,241.0,840,sess_4624,purchase,2025-10-02 22:50:23.249957
14541,176.0,403,sess_926,view,2025-06-14 17:43:59.249957
14542,541.0,307,sess_2731,purchase,2025-07-25 17:57:16.249957
14543,680.0,424,sess_4458,view,2025-07-20 13:59:04.249957
14544,817.0,1123,sess_3951,purchase,2025-11-05 15:02:10.249957
14545,147.0,306,sess_1208,add_to_cart,2025-08-16 09:15:22.249957
14546,86.0,1019,,view,2025-11-28 22:36:11.249957
14547,1005.0,1151,sess_2872,purchase,2026-05-01 06:07:38.249957
14548,1035.0,570,sess_2309,purchase,2026-01-08 03:44:26.249957
14549,1.0,545,sess_39,view,2025-11-03 03:22:18.249957
14550,452.0,278,sess_2081,add_to_cart,2025-11-15 05:04:20.249957
14551,219.0,580,sess_4946,purchase,2026-03-16 14:27:23.249957
14552,255.0,914,sess_3998,add_to_cart,2025-08-26 13:01:28.249957
14553,423.0,212,sess_184,purchase,invalid_timestamp
14554,703.0,704,sess_58,purchase,2025-11-23 18:33:55.249957
14555,1093.0,831,sess_4234,add_to_cart,2025-07-17 21:29:46.249957
14556,,116,,view,2026-06-06 12:03:24.249957
14557,920.0,1023,sess_11,view,2026-02-01 03:07:58.249957
14558,174.0,199,sess_3077,purchase,2025-11-24 22:42:41.249957
14559,1141.0,815,sess_3363,view,2025-11-02 02:25:29.249957
14560,913.0,1184,sess_3130,view,2026-04-15 14:26:50.249957
14561,352.0,145,sess_4884,view,2026-01-21 04:16:11.249957
14562,3.0,1195,sess_1286,purchase,2026-06-04 07:20:11.249957
14563,210.0,752,sess_2267,view,2025-07-16 23:50:14.249957
14564,157.0,664,sess_447,purchase,2025-07-14 13:24:09.249957
14565,,734,sess_718,purchase,2025-07-06 05:39:35.249957
14566,1009.0,205,,view,2025-07-22 02:33:50.249957
14567,988.0,719,sess_1407,view,2026-01-02 12:19:17.249957
14568,1012.0,920,sess_82,purchase,2026-05-28 23:26:38.249957
14569,,1017,sess_1795,purchase,2026-01-28 05:36:47.249957
14570,928.0,383,sess_2259,view,2025-07-09 07:49:58.249957
14571,360.0,1008,sess_4848,view,2026-05-22 12:54:17.249957
14572,183.0,248,sess_4243,purchase,2026-01-17 05:19:51.249957
14573,875.0,45,sess_3774,view,2026-01-19 12:58:36.249957
14574,739.0,1110,sess_3191,add_to_cart,2025-09-26 23:17:47.249957
179,606.0,879,sess_3245,view,2025-09-08 18:32:16.251960
14576,952.0,577,sess_1231,view,2026-05-08 01:53:24.251960
14577,1012.0,367,sess_546,view,2026-01-03 14:23:43.251960
14578,972.0,350,,view,2025-09-23 18:28:35.251960
14579,774.0,972,sess_2771,add_to_cart,2025-07-29 15:34:52.251960
14580,556.0,588,sess_376,add_to_cart,2026-02-27 02:11:00.251960
14581,1068.0,687,sess_759,purchase,2026-05-13 12:45:00.251960
14582,106.0,937,sess_3614,purchase,2025-08-22 23:28:50.251960
14583,1125.0,390,sess_1512,view,2025-07-24 15:48:52.251960
14584,584.0,272,sess_360,purchase,2025-12-07 16:07:47.251960
14585,26.0,984,sess_273,add_to_cart,2026-03-31 02:22:55.251960
14586,616.0,816,sess_1336,purchase,2025-10-29 08:24:44.251960
14587,106.0,274,sess_1033,purchase,2025-12-22 16:50:29.251960
14588,701.0,119,sess_3626,view,2026-01-26 14:49:57.251960
14589,637.0,697,sess_2657,view,2025-12-17 09:11:18.251960
14590,916.0,758,sess_3262,view,2025-07-13 08:58:11.251960
14591,911.0,361,sess_4244,view,2026-03-12 06:25:28.251960
14592,1092.0,925,sess_1961,view,2025-07-29 15:45:55.251960
14593,765.0,1200,sess_3106,view,2025-11-27 19:50:50.251960
14594,213.0,1017,sess_7,add_to_cart,2026-02-06 10:41:21.251960
14595,721.0,203,sess_3600,add_to_cart,2025-09-11 23:00:37.251960
25,72.0,542,sess_2090,add_to_cart,2025-07-20 09:19:10.251960
14597,2.0,712,sess_125,add_to_cart,2025-09-13 20:36:54.251960
14598,471.0,501,sess_3854,purchase,2025-08-01 00:15:24.251960
14599,946.0,912,sess_3633,purchase,2025-12-02 12:32:06.251960
14600,791.0,369,sess_1202,view,invalid_timestamp
14601,739.0,793,sess_4695,purchase,2025-11-25 19:29:53.251960
14602,997.0,105,sess_196,add_to_cart,2025-08-16 04:17:30.251960
14603,,829,sess_2996,view,2026-03-05 16:00:46.251960
14604,1186.0,982,sess_3832,purchase,2025-10-06 22:37:53.251960
14605,649.0,1038,sess_2733,view,2025-11-27 12:34:16.251960
14606,114.0,151,sess_1861,purchase,2026-02-03 04:59:34.251960
14607,550.0,754,sess_2854,purchase,2026-02-15 15:48:08.251960
14608,511.0,799,sess_1464,purchase,2025-07-15 11:31:32.251960
14609,,857,sess_2852,view,2025-11-13 02:04:34.251960
14610,1133.0,959,sess_2419,add_to_cart,2026-04-24 16:56:49.251960
14611,,408,sess_3662,view,2026-05-24 15:53:26.251960
14612,135.0,1030,sess_4557,view,2026-06-11 13:43:56.251960
14613,133.0,683,sess_1419,add_to_cart,2025-07-31 05:10:18.251960
14614,,867,sess_2166,add_to_cart,2025-08-10 23:16:40.251960
14615,,998,sess_3894,view,2026-01-22 23:13:15.251960
14616,26.0,857,sess_818,add_to_cart,2025-10-15 18:46:07.251960
14617,822.0,272,sess_493,view,2025-07-17 03:27:47.251960
14618,973.0,44,sess_4356,add_to_cart,2026-05-08 17:26:13.251960
14619,172.0,589,sess_2267,view,2025-11-19 01:29:18.251960
14620,670.0,681,sess_3193,purchase,2025-09-16 12:05:30.251960
14621,1033.0,727,sess_1944,purchase,2025-09-13 12:31:40.251960
14622,,854,sess_4927,purchase,2026-04-04 05:36:49.251960
14623,499.0,114,sess_311,add_to_cart,2026-03-04 18:21:12.251960
14624,928.0,153,sess_1916,purchase,2025-10-08 20:42:11.251960
14625,277.0,650,sess_3897,add_to_cart,invalid_timestamp
200,290.0,772,sess_1119,add_to_cart,2025-08-17 14:39:12.251960
14627,439.0,1107,sess_4221,purchase,2026-03-09 08:45:45.251960
14628,743.0,661,sess_2038,purchase,2026-05-19 21:59:24.251960
14629,20.0,879,sess_3971,view,2026-03-28 11:48:03.251960
14630,443.0,994,sess_4071,add_to_cart,2026-05-16 04:13:03.251960
14631,802.0,419,sess_2555,add_to_cart,2026-05-04 07:18:57.251960
14632,227.0,1025,sess_4609,purchase,2026-02-22 13:35:20.251960
14633,759.0,20,sess_3621,purchase,2026-01-09 14:07:58.251960
14634,1142.0,157,sess_3875,purchase,2026-01-04 06:48:40.251960
14635,,81,sess_2388,add_to_cart,2025-11-30 18:07:39.251960
14636,1061.0,700,sess_3593,add_to_cart,2025-07-07 22:25:28.251960
14637,582.0,1005,sess_4680,purchase,2025-10-01 09:55:44.251960
14638,453.0,584,sess_518,purchase,2026-03-16 12:56:50.251960
14639,982.0,387,sess_1877,view,2026-04-23 15:39:24.251960
14640,1170.0,1019,sess_1998,view,2025-08-26 09:30:12.251960
14641,632.0,585,sess_2845,view,2025-09-29 18:58:39.251960
14642,1013.0,876,sess_2824,add_to_cart,2025-08-10 01:22:22.251960
14643,200.0,860,sess_21,purchase,2025-08-14 21:55:02.251960
14644,1014.0,548,sess_4467,view,2025-07-01 21:56:28.251960
14645,208.0,71,sess_2816,purchase,2026-05-07 22:15:18.251960
14646,707.0,554,sess_4762,add_to_cart,2025-07-27 21:18:30.251960
14647,1160.0,317,sess_1616,purchase,2026-05-01 19:08:28.251960
14648,9.0,982,sess_4186,add_to_cart,2025-08-16 05:34:57.251960
14649,104.0,604,sess_3563,purchase,2025-12-23 05:38:04.251960
14650,959.0,1063,sess_2962,purchase,2025-07-25 10:39:49.251960
14651,413.0,510,sess_1047,view,2025-07-10 20:42:36.251960
14652,1137.0,884,sess_607,view,2025-11-01 11:57:23.251960
14653,514.0,194,sess_2526,purchase,2025-11-24 14:36:00.251960
14654,923.0,655,sess_2959,view,2026-06-05 04:24:22.251960
14655,845.0,95,sess_1051,purchase,2025-08-24 08:17:33.251960
14656,1048.0,686,sess_1939,purchase,2025-08-03 09:16:29.251960
14657,34.0,626,sess_2210,add_to_cart,2026-01-13 10:37:00.251960
14658,419.0,407,sess_3466,view,2025-08-02 04:10:24.251960
14659,451.0,1178,sess_536,view,invalid_timestamp
14660,563.0,46,sess_124,purchase,2025-12-19 04:45:46.251960
14661,558.0,469,sess_3537,purchase,2025-07-07 04:04:27.251960
14662,305.0,164,sess_2614,purchase,2026-05-12 20:40:44.251960
14663,392.0,1198,sess_2348,purchase,2026-06-11 20:54:15.251960
14664,,702,sess_2623,purchase,2025-10-15 18:05:36.251960
14665,624.0,546,sess_2579,purchase,2025-07-28 10:15:29.251960
14666,481.0,1118,sess_2504,view,2025-06-26 03:57:29.251960
14667,1129.0,1062,sess_3854,add_to_cart,2025-09-18 20:19:20.251960
14668,266.0,823,sess_4023,purchase,2026-02-14 11:22:33.251960
14669,409.0,196,sess_2005,purchase,2025-10-02 17:13:43.251960
14670,662.0,1120,sess_2682,view,2025-12-10 15:23:17.251960
14671,420.0,241,sess_2079,add_to_cart,2025-10-25 14:48:17.251960
14672,193.0,612,sess_1562,purchase,2025-11-13 01:10:31.251960
14673,564.0,512,sess_4227,view,2026-04-07 11:27:55.251960
14674,246.0,1152,sess_649,add_to_cart,2026-06-10 16:07:57.251960
14675,901.0,216,sess_354,purchase,2025-11-01 12:14:01.251960
14676,1012.0,1163,sess_378,purchase,2025-07-22 07:27:20.251960
14677,236.0,745,sess_3222,add_to_cart,invalid_timestamp
14678,1163.0,503,sess_3688,view,invalid_timestamp
14679,139.0,239,sess_2559,add_to_cart,2026-04-29 19:25:32.251960
14680,521.0,13,sess_2155,purchase,2025-06-26 12:16:50.251960
14681,102.0,992,sess_317,purchase,2025-06-30 04:07:45.251960
14682,591.0,1124,sess_2152,purchase,2026-04-11 03:19:34.251960
14683,34.0,700,sess_670,purchase,2026-04-28 21:25:29.251960
14684,109.0,261,sess_88,purchase,2026-04-17 03:30:45.251960
14685,753.0,901,sess_2018,add_to_cart,2026-05-24 03:07:44.251960
14686,1014.0,709,sess_1947,add_to_cart,2025-11-24 13:58:58.251960
14687,403.0,1007,sess_1578,purchase,2026-03-10 07:07:43.251960
14688,1153.0,974,sess_739,purchase,2026-02-09 11:12:48.251960
14689,254.0,160,sess_1598,add_to_cart,2026-06-02 18:12:12.251960
14690,794.0,578,sess_4929,purchase,2026-01-28 19:51:00.251960
14691,393.0,347,sess_1190,purchase,2025-08-15 08:47:49.251960
14692,1177.0,1062,sess_4288,view,2025-09-25 22:08:01.251960
14693,339.0,749,sess_2074,purchase,2025-11-29 23:57:43.251960
14694,677.0,459,sess_2921,view,2026-02-21 05:19:42.251960
14695,641.0,1156,sess_343,purchase,2026-06-02 01:44:31.251960
14696,857.0,1065,sess_2293,purchase,2025-11-09 02:00:35.251960
14697,302.0,467,sess_1961,add_to_cart,2025-07-31 19:19:52.251960
14698,775.0,721,sess_1505,view,2026-01-15 11:14:55.251960
14699,782.0,584,sess_1000,purchase,invalid_timestamp
14700,1031.0,181,sess_578,purchase,2025-08-15 14:49:54.251960
14701,,789,sess_2047,purchase,2025-07-16 01:05:14.251960
14702,179.0,389,sess_1026,purchase,2026-04-20 18:34:56.251960
14703,21.0,2,sess_2103,view,2026-03-23 05:45:53.251960
14704,,36,sess_4756,add_to_cart,2025-09-27 09:13:26.251960
14705,602.0,615,sess_4149,purchase,2026-05-31 02:14:30.251960
14706,876.0,6,sess_1439,purchase,2025-09-11 17:11:44.251960
14707,399.0,292,sess_445,purchase,2025-07-23 01:31:50.251960
14708,603.0,41,sess_2201,add_to_cart,2025-10-14 04:45:29.251960
14709,619.0,867,sess_3598,view,2025-10-25 01:56:57.251960
14710,428.0,701,sess_3761,purchase,invalid_timestamp
14711,208.0,926,sess_1123,add_to_cart,2025-11-28 17:18:29.251960
14712,134.0,1034,sess_2325,view,2026-02-12 00:22:13.251960
14713,616.0,103,sess_2165,purchase,2025-06-24 04:08:48.251960
14714,831.0,255,sess_1871,purchase,2025-07-06 22:46:31.251960
14715,748.0,213,sess_257,add_to_cart,2026-03-25 21:48:33.251960
14716,911.0,1102,sess_4450,purchase,2026-03-13 20:08:32.251960
14717,50.0,176,sess_1646,add_to_cart,2025-09-22 08:23:07.251960
14718,,571,sess_1872,purchase,2026-02-05 19:25:10.251960
14719,85.0,116,,add_to_cart,2026-05-28 00:52:43.251960
14720,514.0,1006,sess_2286,add_to_cart,2025-06-19 18:44:14.251960
14721,1020.0,252,sess_962,add_to_cart,2026-04-08 07:24:57.251960
14722,206.0,944,,add_to_cart,2025-09-10 21:44:46.251960
14723,459.0,906,sess_4815,purchase,2026-02-01 07:28:44.251960
14724,5.0,92,sess_4923,purchase,2026-05-02 00:40:10.251960
14725,534.0,612,sess_22,purchase,2025-08-16 12:07:43.251960
14726,535.0,103,sess_4468,purchase,2026-03-26 09:38:13.251960
14727,1197.0,705,sess_1509,add_to_cart,2026-01-13 01:03:44.251960
14728,374.0,572,sess_2396,view,2025-12-31 01:23:03.251960
14729,1114.0,381,sess_3124,add_to_cart,2025-11-22 03:00:44.251960
14730,973.0,901,sess_1573,add_to_cart,2026-06-01 19:03:52.251960
14731,677.0,1144,sess_2462,add_to_cart,2026-03-01 12:36:38.251960
14732,334.0,486,sess_3930,view,2026-01-21 03:54:25.251960
14733,688.0,486,,purchase,2025-10-01 18:12:17.251960
14734,717.0,959,sess_573,add_to_cart,2025-06-15 10:01:44.251960
14735,142.0,399,sess_4215,add_to_cart,2025-06-25 21:12:20.251960
14736,237.0,648,sess_17,view,2025-09-10 07:14:57.251960
14737,347.0,659,sess_2575,purchase,2026-01-07 04:56:08.251960
14738,433.0,840,sess_2507,view,2026-02-04 01:48:55.251960
14739,,975,sess_4436,purchase,2026-04-24 14:38:59.251960
14740,486.0,744,sess_657,view,2026-04-17 14:34:09.251960
14741,345.0,433,sess_1680,view,2025-06-22 20:27:23.251960
14742,793.0,174,sess_563,view,2026-01-29 15:09:22.251960
14743,405.0,934,sess_2764,add_to_cart,2025-10-30 23:17:08.251960
14744,163.0,194,,view,2026-03-02 02:41:05.251960
14745,1174.0,788,sess_1345,add_to_cart,2025-07-22 09:40:07.251960
14746,441.0,249,sess_816,view,invalid_timestamp
14747,763.0,1006,sess_4943,add_to_cart,2026-04-13 22:11:17.251960
14748,280.0,979,sess_4225,add_to_cart,2026-01-20 15:35:49.251960
14749,481.0,64,sess_3095,view,2025-09-17 22:42:09.251960
14750,1045.0,512,sess_4484,add_to_cart,2026-02-10 10:57:05.251960
14751,647.0,695,sess_3507,add_to_cart,2025-10-18 17:05:56.251960
14752,67.0,609,sess_4011,purchase,2026-04-10 08:37:05.251960
14753,697.0,137,sess_3094,view,2025-09-18 03:27:07.251960
14754,602.0,832,sess_3950,purchase,2025-12-24 05:59:11.251960
14755,,1071,sess_3313,view,2026-04-21 01:16:05.251960
15,732.0,231,sess_2480,purchase,2026-01-09 14:01:11.251960
14757,945.0,564,sess_2912,view,2026-03-25 01:46:23.251960
14758,360.0,684,sess_4349,view,2025-08-17 21:32:14.251960
14759,189.0,329,sess_364,purchase,2025-10-18 09:22:44.251960
14760,547.0,1021,sess_2193,purchase,invalid_timestamp
14761,471.0,1019,sess_3813,purchase,2025-07-02 10:32:49.251960
14762,,129,sess_2738,purchase,2025-09-29 08:58:11.251960
14763,1010.0,783,sess_113,purchase,2026-02-13 19:44:31.251960
14764,801.0,1178,sess_2328,purchase,2025-06-29 23:25:04.251960
14765,1156.0,434,sess_4583,purchase,2025-11-03 01:58:44.251960
14766,775.0,884,sess_2231,purchase,2025-11-12 09:43:03.251960
14767,805.0,538,sess_433,purchase,2025-06-22 03:33:19.251960
14768,469.0,992,sess_1333,add_to_cart,2025-10-21 10:46:06.251960
14769,46.0,692,sess_3239,purchase,2025-07-25 14:36:38.251960
14770,268.0,762,sess_1457,view,2026-03-29 12:17:57.251960
14771,29.0,276,sess_822,add_to_cart,2025-11-11 06:23:42.251960
14772,1176.0,35,sess_4447,purchase,2026-04-06 17:32:48.251960
14773,189.0,990,sess_2727,add_to_cart,2026-01-12 11:40:41.251960
14774,269.0,926,sess_3933,purchase,2025-08-23 10:39:47.251960
14775,96.0,709,sess_399,purchase,2025-12-11 19:02:58.251960
14776,945.0,1001,sess_2750,purchase,2025-06-13 16:32:13.251960
14777,592.0,979,sess_2893,view,2026-06-02 04:52:11.251960
14778,,1099,sess_2666,view,2026-03-30 09:16:14.251960
14779,1075.0,348,sess_4973,add_to_cart,2026-04-27 09:01:40.251960
14780,1161.0,620,sess_4136,view,2025-10-15 03:18:00.251960
14781,866.0,996,sess_2995,purchase,2025-09-01 12:00:31.251960
14782,488.0,837,sess_636,add_to_cart,2026-03-19 11:55:24.251960
14783,240.0,426,sess_4412,view,2026-04-09 00:54:55.251960
14784,,287,sess_829,purchase,2025-10-05 05:19:53.251960
14785,321.0,736,sess_4789,purchase,2025-09-06 14:04:42.251960
14786,323.0,15,,add_to_cart,2025-07-22 10:54:31.251960
14787,59.0,575,sess_2473,add_to_cart,2026-05-30 04:52:06.251960
14788,684.0,486,sess_915,view,2026-04-24 03:23:18.251960
14789,707.0,764,sess_3363,view,2025-10-25 06:05:19.251960
14790,327.0,269,sess_1801,view,2026-02-24 09:21:10.251960
14791,102.0,847,sess_1491,view,2025-08-31 19:34:04.251960
14792,909.0,1165,sess_2979,view,2026-02-21 23:06:14.251960
14793,1039.0,106,sess_4774,add_to_cart,2025-10-07 20:17:17.251960
14794,102.0,85,sess_2384,purchase,2026-01-09 21:42:03.251960
14795,428.0,239,sess_3258,add_to_cart,2026-02-19 12:18:07.251960
14796,972.0,913,sess_221,view,invalid_timestamp
14797,78.0,523,sess_529,add_to_cart,2025-11-22 18:05:21.251960
14798,,1015,sess_2183,purchase,2026-02-19 02:27:45.251960
14799,801.0,1121,sess_159,purchase,2026-04-29 09:40:48.251960
14800,817.0,791,sess_2519,purchase,2025-10-16 07:38:53.251960
14801,17.0,1113,sess_1830,view,2026-04-10 21:12:00.251960
14802,1190.0,336,sess_382,purchase,2025-11-11 14:38:14.251960
14803,1159.0,231,sess_3966,view,2026-02-20 10:40:18.251960
14804,1164.0,410,sess_1789,purchase,2026-02-23 02:23:31.251960
14805,1053.0,369,sess_4355,purchase,2026-06-02 09:48:45.251960
14806,787.0,230,sess_486,purchase,2026-02-13 16:34:39.251960
14807,51.0,536,sess_4065,view,2026-03-04 06:18:09.251960
14808,988.0,595,sess_4685,add_to_cart,2025-06-18 19:37:14.251960
14809,163.0,1013,sess_2274,view,2025-12-03 10:14:30.251960
14810,876.0,828,sess_3989,purchase,invalid_timestamp
14811,691.0,674,sess_3378,view,2025-07-07 01:17:54.251960
14812,4.0,620,sess_1838,purchase,2026-05-29 08:28:43.251960
14813,1138.0,443,sess_979,add_to_cart,2025-12-31 13:53:21.251960
14814,641.0,565,sess_2915,add_to_cart,2025-06-19 16:57:48.251960
14815,472.0,475,sess_2163,add_to_cart,2026-06-07 12:15:58.251960
14816,490.0,547,sess_2808,add_to_cart,2025-12-04 04:03:07.251960
14817,742.0,422,sess_936,add_to_cart,2025-08-07 10:33:14.251960
14818,1179.0,911,sess_4716,purchase,2026-06-09 07:17:31.251960
14819,993.0,10,sess_165,view,2025-10-04 13:25:08.251960
14820,468.0,1027,sess_1631,view,2025-06-12 04:15:34.251960
14821,760.0,825,sess_2803,view,2026-02-01 13:30:21.251960
14822,272.0,271,sess_1255,purchase,2025-11-23 12:48:33.251960
14823,796.0,327,sess_4971,add_to_cart,2025-12-07 19:34:35.251960
14824,319.0,1050,sess_2033,purchase,2026-03-11 07:09:09.251960
14825,982.0,538,sess_4415,purchase,2025-09-21 22:54:44.251960
95,345.0,950,,add_to_cart,2025-12-02 12:27:30.251960
136,289.0,679,sess_4954,view,2026-06-03 01:54:27.251960
14828,589.0,159,sess_808,view,2026-05-07 01:40:33.251960
14829,182.0,399,sess_4284,purchase,2025-12-25 03:22:24.251960
14830,1128.0,389,sess_3431,view,2025-09-07 12:00:50.251960
14831,972.0,1011,sess_2702,view,2025-10-17 16:04:12.251960
14832,370.0,99,sess_4641,view,2026-04-12 09:09:51.251960
14833,988.0,910,sess_1247,add_to_cart,2026-01-08 15:57:43.251960
14834,280.0,73,sess_3554,purchase,2026-06-11 09:08:54.251960
14835,1011.0,559,sess_980,view,2025-11-29 23:10:50.251960
14836,883.0,610,,purchase,2025-10-24 12:28:25.251960
14837,615.0,176,,purchase,2026-04-28 11:04:09.251960
14838,34.0,649,sess_4974,add_to_cart,2025-07-24 09:44:07.251960
14839,591.0,120,sess_2752,add_to_cart,2026-05-27 04:24:52.251960
14840,241.0,836,sess_336,add_to_cart,2026-03-30 10:45:50.251960
14841,919.0,661,sess_4937,view,2025-09-29 20:03:27.251960
14842,871.0,992,sess_406,view,2026-04-23 18:31:56.251960
14843,719.0,777,,view,2025-11-24 11:45:12.251960
14844,1133.0,688,sess_2289,view,2025-09-29 14:23:45.251960
14845,65.0,1163,sess_3404,view,2025-10-02 18:19:44.251960
14846,501.0,489,sess_2135,purchase,2025-07-09 16:49:26.251960
14847,459.0,382,,view,2025-12-14 17:11:34.251960
14848,512.0,523,,view,2025-10-03 07:27:16.251960
14849,59.0,409,sess_1913,view,2026-06-08 11:06:30.251960
14850,869.0,59,sess_3621,view,2026-03-08 14:41:51.251960
14851,906.0,532,,view,2026-03-26 10:37:15.251960
14852,82.0,497,sess_4481,purchase,2026-05-08 01:12:57.251960
14853,691.0,550,sess_2994,purchase,2026-03-10 00:16:06.251960
14854,1082.0,246,sess_2970,view,2025-11-03 06:04:23.251960
14855,195.0,738,sess_2804,purchase,2026-05-19 23:44:35.251960
14856,194.0,324,sess_3608,add_to_cart,2026-03-19 04:26:03.251960
14857,396.0,323,sess_1322,purchase,2025-12-13 11:51:44.253968
14858,297.0,209,sess_98,view,2026-06-01 20:07:36.253968
14859,1055.0,922,sess_111,purchase,2025-10-23 13:38:02.253968
14860,596.0,1122,sess_915,view,2026-04-26 00:18:58.253968
14861,931.0,586,sess_2992,purchase,2025-11-13 09:46:09.253968
14862,11.0,627,sess_2204,purchase,2025-12-25 07:26:21.253968
14863,399.0,17,sess_300,view,2026-05-24 10:05:16.253968
14864,827.0,260,sess_3071,view,2026-05-19 07:25:38.253968
14865,308.0,861,sess_4215,purchase,2026-05-15 00:44:00.253968
14866,658.0,911,sess_4014,purchase,2025-11-15 10:31:49.253968
14867,239.0,1039,sess_3690,add_to_cart,2025-12-12 19:06:54.253968
14868,1188.0,161,sess_1895,add_to_cart,2025-06-30 16:55:18.253968
14869,865.0,1077,sess_4005,view,2025-07-18 08:59:00.253968
14870,73.0,178,sess_523,purchase,2025-10-20 06:21:40.253968
14871,638.0,627,sess_2923,purchase,2025-06-24 00:51:34.253968
14872,135.0,293,sess_4374,view,2026-02-14 05:14:23.253968
14873,461.0,1037,sess_3635,view,2026-05-01 02:09:51.253968
14874,3.0,306,sess_1035,view,2026-02-07 13:02:06.253968
14875,677.0,986,sess_2113,add_to_cart,2025-08-22 20:15:18.253968
14876,919.0,717,sess_1619,purchase,invalid_timestamp
14877,863.0,615,sess_1373,view,2026-04-21 06:04:00.253968
14878,294.0,41,sess_3994,add_to_cart,2025-11-18 22:41:10.253968
14879,646.0,213,sess_779,view,2026-05-02 17:26:00.253968
14880,411.0,222,sess_3245,add_to_cart,2025-08-18 01:11:52.253968
14881,949.0,1113,sess_4015,add_to_cart,2025-07-03 20:50:37.253968
14882,273.0,182,sess_1864,purchase,2025-09-19 12:50:44.253968
14883,408.0,803,sess_4821,add_to_cart,2026-02-24 04:52:20.253968
14884,1095.0,67,sess_1868,view,2025-07-20 18:42:13.253968
14885,992.0,741,sess_899,purchase,2025-11-14 19:27:40.253968
14886,271.0,885,sess_2968,purchase,2025-07-29 07:20:16.253968
14887,908.0,78,sess_2325,purchase,2025-10-05 01:13:05.253968
14888,388.0,619,sess_2492,purchase,2026-01-03 06:57:46.253968
14889,73.0,116,sess_2316,view,2025-06-16 06:00:13.253968
14890,941.0,1028,sess_3456,purchase,2026-04-09 14:28:11.253968
14891,80.0,132,sess_4270,add_to_cart,2025-12-23 11:52:39.253968
14892,654.0,1072,sess_3025,add_to_cart,2025-07-17 04:01:36.253968
14893,604.0,451,sess_638,purchase,2026-02-16 15:00:04.253968
14894,753.0,599,sess_1373,add_to_cart,2026-02-23 00:20:42.253968
14895,463.0,71,sess_1923,add_to_cart,2025-10-18 01:52:49.253968
14896,472.0,854,sess_3915,purchase,2025-08-28 23:04:29.253968
14897,49.0,829,sess_1803,purchase,2025-12-07 00:11:30.253968
14898,764.0,76,sess_754,add_to_cart,2026-04-14 18:48:15.253968
14899,856.0,428,sess_4183,view,2025-07-17 20:08:23.253968
14900,654.0,793,sess_4126,purchase,2025-11-26 16:33:20.253968
14901,954.0,609,sess_2532,view,2026-01-01 12:56:18.253968
14902,379.0,565,sess_1669,add_to_cart,2026-06-03 11:59:14.253968
14903,202.0,744,,add_to_cart,2026-05-28 13:43:48.253968
14904,377.0,18,sess_426,add_to_cart,2026-03-20 10:37:32.253968
14905,496.0,998,sess_1123,view,2025-12-08 00:09:39.253968
14906,809.0,970,sess_1542,add_to_cart,2026-01-08 01:46:47.253968
14907,628.0,296,sess_573,purchase,2025-12-11 21:27:11.253968
14908,742.0,251,sess_638,add_to_cart,2025-07-11 04:28:36.253968
14909,340.0,701,sess_3871,purchase,2026-01-08 19:32:24.253968
14910,886.0,119,sess_1688,purchase,2026-04-24 17:04:50.253968
14911,858.0,768,sess_574,view,2025-06-28 02:05:48.253968
14912,534.0,99,sess_2798,add_to_cart,2025-11-06 16:27:08.253968
14913,597.0,124,sess_2780,view,2025-08-18 01:52:35.253968
14914,672.0,743,sess_4095,add_to_cart,2026-04-16 00:06:54.253968
14915,756.0,157,sess_1908,add_to_cart,2025-07-16 03:32:00.253968
14916,963.0,924,sess_2177,add_to_cart,2026-06-07 08:35:49.253968
14917,182.0,762,sess_1669,purchase,2026-03-30 20:56:50.253968
14918,389.0,544,sess_3813,purchase,2026-03-05 18:59:06.253968
14919,841.0,773,sess_1659,view,2025-11-13 17:19:10.253968
14920,321.0,941,sess_3131,purchase,2025-06-18 04:30:28.253968
14921,,253,sess_86,view,2026-05-17 05:25:12.253968
14922,333.0,687,sess_2360,purchase,invalid_timestamp
14923,498.0,554,sess_4422,add_to_cart,2026-01-01 01:50:21.253968
14924,99.0,1182,sess_2877,purchase,2026-02-05 21:26:19.253968
14925,1147.0,218,sess_4715,view,2025-08-20 08:29:23.253968
14926,976.0,894,sess_3146,purchase,2026-02-05 19:24:59.253968
14927,318.0,729,sess_1535,purchase,2026-06-07 09:24:57.253968
14928,302.0,637,sess_829,add_to_cart,2025-10-27 15:38:54.253968
14929,962.0,349,sess_3813,add_to_cart,2026-02-26 03:42:55.253968
14930,665.0,670,sess_121,view,2025-08-28 05:37:34.253968
14931,1142.0,1199,sess_2849,view,2025-10-30 00:53:28.253968
14932,265.0,802,,add_to_cart,2026-03-12 03:29:55.253968
14933,767.0,41,,view,2025-09-11 03:48:06.253968
14934,71.0,6,sess_4039,purchase,2026-03-20 07:59:00.253968
14935,970.0,398,sess_929,view,2026-01-24 02:44:33.253968
14936,22.0,232,sess_156,view,2026-03-07 21:07:34.253968
14937,1105.0,1185,sess_1585,view,2026-02-25 13:07:53.253968
14938,1076.0,645,sess_715,add_to_cart,2025-12-15 13:47:14.253968
14939,297.0,502,sess_1361,purchase,2025-07-14 10:22:01.253968
14940,34.0,1022,sess_471,view,2025-07-18 05:51:50.253968
14941,920.0,460,sess_2907,add_to_cart,2025-06-15 06:56:44.253968
14942,965.0,443,sess_4715,view,2026-01-18 02:46:59.253968
14943,209.0,916,sess_2143,add_to_cart,2026-06-03 02:20:17.253968
14944,351.0,140,sess_902,view,2025-08-03 19:31:30.253968
14945,232.0,217,sess_9,purchase,2026-02-16 12:17:43.253968
14946,851.0,1115,sess_4827,add_to_cart,2025-08-18 04:49:15.253968
14947,278.0,1137,sess_1226,view,2025-08-14 00:16:16.253968
14948,1142.0,831,sess_3561,add_to_cart,2026-01-28 17:55:58.253968
14949,838.0,1095,sess_644,purchase,2026-03-13 04:40:50.253968
14950,267.0,591,sess_4396,view,2026-02-27 13:35:14.253968
14951,240.0,428,sess_2640,view,2026-03-10 13:28:13.253968
197,231.0,451,sess_2436,add_to_cart,2026-01-25 09:52:29.253968
14953,899.0,1048,sess_4835,purchase,2025-11-15 11:47:31.253968
14954,252.0,585,sess_4843,add_to_cart,2025-09-20 03:20:00.253968
14955,532.0,464,sess_375,view,2025-11-16 13:19:09.253968
14956,371.0,1051,sess_2867,view,2026-01-28 15:32:32.253968
14957,32.0,1121,sess_107,view,2025-09-27 02:40:03.253968
14958,606.0,740,sess_2384,view,invalid_timestamp
14959,877.0,472,sess_2558,add_to_cart,2026-06-03 04:39:02.253968
14960,1200.0,666,sess_4783,view,2026-03-09 13:43:23.253968
14961,1092.0,443,sess_871,add_to_cart,2026-02-15 05:39:15.253968
14962,181.0,719,sess_2609,add_to_cart,2025-12-10 01:17:19.253968
14963,1151.0,188,sess_4661,purchase,2026-02-11 18:26:34.253968
14964,378.0,425,sess_2237,add_to_cart,2026-04-13 11:24:18.253968
14965,549.0,106,sess_4643,view,2026-06-01 19:13:57.253968
14966,1114.0,863,sess_2832,view,2025-07-01 22:58:33.253968
14967,261.0,885,,add_to_cart,2025-11-26 20:07:41.253968
81,661.0,582,sess_839,purchase,2026-03-25 09:56:10.253968
14969,1030.0,1081,sess_1690,purchase,2025-07-28 01:07:56.253968
14970,510.0,773,sess_4926,view,2026-04-10 11:01:36.253968
14971,128.0,172,sess_4996,add_to_cart,2026-01-08 20:49:36.253968
14972,392.0,344,sess_1103,view,2025-12-07 23:43:16.253968
14973,1100.0,375,sess_1258,purchase,2026-01-19 19:01:22.253968
14974,475.0,1011,sess_2219,view,2025-10-28 09:30:53.253968
14975,567.0,639,sess_4668,add_to_cart,2026-03-15 00:09:51.253968
14976,1141.0,744,sess_3870,view,2025-07-07 02:25:00.253968
14977,709.0,282,sess_1444,view,2025-08-02 18:10:47.253968
14978,389.0,625,sess_4204,view,2026-03-06 07:14:47.253968
14979,994.0,1036,sess_1276,view,2025-12-02 09:26:48.253968
14980,565.0,312,sess_4265,purchase,2025-12-23 05:35:49.253968
14981,101.0,1037,sess_4798,view,2026-01-31 04:24:41.254569
14982,806.0,1065,sess_2103,add_to_cart,2025-09-18 22:53:37.254569
14983,551.0,550,sess_2515,view,2026-02-16 16:37:34.254569
14984,222.0,417,sess_2968,view,2025-09-04 05:22:13.254569
192,,200,sess_2615,view,2025-11-09 21:53:58.254569
14986,771.0,738,sess_2154,purchase,2026-04-22 21:39:09.254569
14987,20.0,640,,view,2026-02-15 01:46:34.254569
14988,47.0,976,sess_3517,purchase,2025-10-01 19:46:12.254569
14989,474.0,225,sess_3955,add_to_cart,2026-04-04 19:52:08.254569
14990,828.0,1129,sess_1518,purchase,2026-03-24 11:10:03.254569
14991,662.0,326,sess_4151,purchase,2025-09-02 05:14:03.254569
14992,730.0,32,sess_1059,view,2025-11-21 18:17:50.254569
14993,1194.0,240,sess_3765,view,2025-12-03 15:23:14.254569
14994,74.0,18,sess_3845,purchase,2026-05-23 14:56:53.254569
14995,1018.0,1196,sess_1271,add_to_cart,2026-04-05 01:35:52.254569
14996,326.0,315,sess_2729,purchase,2026-04-25 21:51:04.254569
14997,1092.0,910,sess_2307,add_to_cart,2025-07-25 22:16:25.254569
14998,902.0,16,sess_1898,purchase,2026-01-18 03:46:54.254569
14999,16.0,996,sess_4461,purchase,2025-09-10 03:12:33.254569
143,305.0,368,sess_2911,purchase,invalid_timestamp
