session_id,user_id,session_start,session_end,total_actions,total_views,total_purchases,total_add_to_cart,unique_products,duration_seconds,conversion_rate,is_abandoned_cart,is_high_activity
sess_1,401,2025-11-02 12:06:07.183414,2025-11-08 17:27:57.218542,2,0,1,1,2,537710.035128,0.0,False,False
sess_10,1005,2025-08-16 16:36:22.186925,2026-04-12 09:44:38.242937,4,0,2,2,4,20624896.056012,0.0,False,False
sess_100,810,2026-03-01 09:18:39.224321,2026-03-01 09:18:39.224321,1,1,0,0,1,0.0,0.0,False,False
sess_1000,629,2025-09-25 08:41:31.183414,2026-03-08 21:56:36.224321,2,1,0,1,2,14217305.040907,0.0,True,False
sess_1002,31,2025-09-03 21:33:33.228610,2025-11-04 17:45:43.245946,3,1,0,2,3,5343130.017336,0.0,True,False
sess_1004,649,2025-11-10 06:04:51.237113,2025-12-04 04:02:42.228610,2,0,1,1,2,2066270.991497,0.0,False,False
sess_1005,164,2025-07-04 20:22:35.178635,2026-02-13 05:01:43.181409,4,2,0,2,4,19298348.002774,0.0,True,False
sess_1007,224,2025-07-29 00:47:16.245946,2025-07-29 00:47:16.245946,1,0,1,0,1,0.0,0.0,False,False
sess_1008,308,2026-02-16 01:52:00.222317,2026-02-16 01:52:00.222317,1,0,0,1,1,0.0,0.0,True,False
sess_1009,887,2025-09-14 18:16:47.212022,2026-04-03 10:54:08.240934,4,1,3,0,4,17339841.028912,3.0,False,False
sess_101,392,2025-07-14 01:02:31.228610,2026-03-23 16:54:01.228610,2,1,0,1,2,21829890.0,0.0,True,False
sess_1010,755,2025-12-12 15:07:37.181409,2025-12-12 15:07:37.181409,1,0,0,1,1,0.0,0.0,True,False
sess_1011,640,2026-02-20 23:33:43.247953,2026-02-20 23:33:43.247953,1,1,0,0,1,0.0,0.0,False,False
sess_1012,391,2025-07-05 15:33:00.242937,2026-05-30 07:46:33.216529,4,1,2,1,4,28397612.973592,2.0,False,False
sess_1014,9,2025-09-09 04:12:18.247953,2025-11-07 20:42:12.216529,3,1,2,0,3,5156993.968576,2.0,False,False
sess_1015,183,2025-07-04 10:23:42.186925,2025-07-04 10:23:42.186925,1,1,0,0,1,0.0,0.0,False,False
sess_1016,70,2026-02-14 10:28:10.199974,2026-02-14 10:28:10.199974,1,0,0,1,1,0.0,0.0,True,False
sess_1017,1014,2025-09-02 14:19:12.226324,2025-11-28 06:36:38.228610,3,1,0,2,3,7489046.002286,0.0,True,False
sess_1018,991,2025-11-09 14:47:25.212022,2026-02-25 00:41:27.237113,2,1,1,0,2,9280442.025091,1.0,False,False
sess_1019,357,2025-07-03 06:34:16.242937,2025-10-06 20:36:41.228610,3,0,2,1,3,8258544.985673,0.0,False,False
sess_102,99,2025-09-16 07:42:23.207677,2026-05-30 03:13:38.216529,6,4,1,1,6,22102275.008852,0.25,False,False
sess_1020,1098,2025-12-24 08:14:51.219548,2025-12-24 08:14:51.219548,1,0,1,0,1,0.0,0.0,False,False
sess_1021,607,2025-11-24 01:16:44.199974,2026-01-10 07:56:56.222317,2,0,0,2,2,4084812.022343,0.0,True,False
sess_1022,161,2025-06-21 01:18:09.202536,2026-03-15 07:14:17.237113,3,1,1,1,3,23090168.034577,1.0,False,False
sess_1023,450,2025-11-05 15:04:48.186925,2026-01-04 18:52:26.214026,3,1,1,1,3,5197658.027101,1.0,False,False
sess_1025,417,2025-11-14 13:55:19.178635,2026-04-29 17:18:34.181409,2,0,0,2,2,14354595.002774,0.0,True,False
sess_1026,1050,2025-12-13 22:22:54.228610,2026-04-28 18:06:21.222317,3,0,3,0,3,11735006.993707,0.0,False,False
sess_1028,300,2026-03-25 05:22:23.197951,2026-03-25 05:22:23.197951,1,0,1,0,1,0.0,0.0,False,False
sess_1029,265,2025-06-23 14:11:01.181409,2025-12-29 14:56:45.238931,3,3,0,0,3,16332344.057522,0.0,False,False
sess_103,1022,2026-01-29 19:52:46.249957,2026-01-29 19:52:46.249957,1,0,1,0,1,0.0,0.0,False,False
sess_1030,298,2025-10-31 21:40:11.186925,2025-10-31 21:40:11.186925,1,1,0,0,1,0.0,0.0,False,False
sess_1031,732,2025-07-15 05:24:41.211509,2026-03-15 13:39:56.212022,4,1,2,1,4,21024915.000513,2.0,False,False
sess_1032,602,2025-09-18 18:13:15.209185,2025-09-18 18:13:15.209185,1,1,0,0,1,0.0,0.0,False,False
sess_1033,887,2025-07-30 11:48:29.247953,2025-12-22 16:50:29.251960,2,0,2,0,2,12546120.004007,0.0,False,False
sess_1034,320,2025-09-27 04:28:42.186925,2026-04-20 21:04:34.178635,3,1,1,1,3,17771751.99171,1.0,False,False
sess_1035,700,2025-09-26 08:13:44.222317,2026-02-07 13:02:06.253968,3,1,1,1,3,11594902.031651,1.0,False,False
sess_1036,224,2025-08-14 18:41:39.242937,2025-08-14 18:41:39.242937,1,0,0,1,1,0.0,0.0,True,False
sess_1037,864,2026-06-02 14:30:25.216529,2026-06-02 14:30:25.216529,1,0,1,0,1,0.0,0.0,False,False
sess_1038,824,2026-01-19 22:49:03.199974,2026-05-29 04:12:09.212022,2,2,0,0,2,11164986.012048,0.0,False,False
sess_1039,202,2025-06-28 08:09:33.214026,2026-05-03 16:49:02.186925,4,3,1,0,4,26728768.972899,0.3333333333333333,False,False
sess_104,915,2025-09-01 13:47:31.228610,2025-11-07 09:10:13.216529,2,0,2,0,2,5772161.987919,0.0,False,False
sess_1040,709,2025-10-09 07:28:10.228610,2026-02-26 10:11:45.199974,2,1,0,1,2,12105814.971364,0.0,True,False
sess_1041,55,2025-10-17 20:19:27.186925,2026-04-26 23:36:21.219548,4,2,0,2,4,16514214.032623,0.0,True,False
sess_1042,792,2025-10-27 08:00:08.238931,2026-05-15 22:45:28.238931,3,1,2,0,3,17333120.0,2.0,False,False
sess_1043,52,2025-08-04 04:25:55.219548,2026-04-30 07:38:23.240934,6,1,4,1,6,23253148.021386,4.0,False,False
sess_1045,462,2026-03-28 15:38:49.245946,2026-04-23 23:30:22.216529,2,1,1,0,2,2274692.970583,1.0,False,False
sess_1046,1097,2025-11-13 15:01:10.237113,2026-05-09 10:07:58.237113,4,0,3,1,4,15275208.0,0.0,False,False
sess_1047,413,2025-07-10 20:42:36.251960,2026-03-19 21:58:22.249957,5,2,3,0,5,21777345.997997,1.5,False,False
sess_1048,201,2026-02-19 01:20:42.247953,2026-02-19 01:20:42.247953,1,0,0,1,1,0.0,0.0,True,False
sess_1049,95,2025-08-21 17:11:27.218542,2025-11-17 12:01:08.216529,4,0,2,2,4,7584580.997987,0.0,False,False
sess_105,178,2026-04-10 00:41:52.186925,2026-04-10 11:12:06.214026,2,0,1,1,2,37814.027101,0.0,False,False
sess_1050,544,2025-08-11 11:28:16.183414,2026-01-26 08:45:48.186925,4,2,0,2,4,14505452.003511,0.0,True,False
sess_1051,845,2025-08-24 08:17:33.251960,2026-03-16 05:50:41.235934,3,1,1,1,3,17616787.983974,1.0,False,False
sess_1053,496,2025-10-29 18:33:12.245946,2026-05-31 03:13:16.240934,3,1,1,1,3,18434403.994988,1.0,False,False
sess_1054,261,2025-06-13 21:42:46.222317,2026-02-09 22:56:51.216529,6,4,2,0,6,20826844.994212,0.5,False,False
sess_1055,61,2025-11-26 14:30:32.245946,2026-03-04 10:35:14.228610,4,1,2,1,4,8453081.982664,2.0,False,False
sess_1056,463,2025-10-16 15:58:20.228610,2026-05-13 07:33:32.203543,3,3,0,0,3,18027311.974933,0.0,False,False
sess_1057,989,2025-06-21 21:30:42.235934,2026-05-06 06:33:28.181409,6,2,2,2,6,27507765.945475,1.0,False,False
sess_1058,1017,2025-10-09 22:33:33.237113,2026-03-29 19:21:21.181409,2,1,1,0,2,14762867.944296,1.0,False,False
sess_1059,730,2025-11-21 18:17:50.254569,2026-05-31 17:59:32.238931,3,1,2,0,3,16501301.984362,2.0,False,False
sess_106,13,2026-02-04 20:14:33.245946,2026-02-04 20:14:33.245946,1,1,0,0,1,0.0,0.0,False,False
sess_1060,293,2025-06-18 19:08:54.195433,2026-06-03 08:31:22.247953,2,1,1,0,2,30201748.05252,1.0,False,False
sess_1061,352,2025-09-07 02:05:09.214026,2025-12-27 16:01:45.185418,3,0,0,3,3,9640595.971392,0.0,True,False
sess_1062,39,2025-09-07 17:51:22.228610,2025-11-16 12:18:14.224321,3,0,2,1,3,6028011.995711,0.0,False,False
sess_1063,56,2025-08-07 08:43:38.243940,2026-06-08 06:40:27.186925,5,2,2,1,5,26344608.942985,1.0,False,False
sess_1064,956,2025-11-13 03:36:37.222317,2025-11-13 03:36:37.222317,1,1,0,0,1,0.0,0.0,False,False
sess_1065,203,2026-04-19 18:49:58.214026,2026-04-19 18:49:58.214026,1,1,0,0,1,0.0,0.0,False,False
sess_1066,1010,2025-11-16 20:03:41.222317,2026-01-17 00:48:45.235934,2,1,0,1,2,5287504.013617,0.0,True,False
sess_1068,383,2025-10-17 14:00:39.212022,2026-01-10 15:34:26.222317,3,1,1,1,3,7349627.010295,1.0,False,False
sess_1069,696,2026-03-17 12:43:51.178635,2026-03-17 12:43:51.178635,1,0,1,0,1,0.0,0.0,False,False
sess_1070,112,2026-03-02 11:36:15.181409,2026-04-20 20:02:52.218542,2,1,1,0,2,4263997.037133,1.0,False,False
sess_1071,877,2026-01-15 21:52:10.238931,2026-01-15 21:52:10.238931,1,1,0,0,1,0.0,0.0,False,False
sess_1072,361,2025-12-08 21:13:05.186925,2026-05-11 22:20:50.228610,2,0,1,1,2,13309665.041685,0.0,False,False
sess_1073,562,2026-01-08 19:42:48.211509,2026-01-08 19:42:48.211509,1,0,1,0,1,0.0,0.0,False,False
sess_1074,520,2026-01-21 17:37:26.216529,2026-01-21 17:37:26.216529,1,0,1,0,1,0.0,0.0,False,False
sess_1075,632,2025-10-19 04:40:32.235934,2026-03-22 09:13:39.178635,3,1,2,0,3,13321986.942701,2.0,False,False
sess_1076,180,2025-07-15 00:17:45.228610,2026-01-21 20:38:17.201981,2,1,1,0,2,16489231.973371,1.0,False,False
sess_1077,469,2026-04-03 00:56:48.227826,2026-04-03 00:56:48.227826,1,0,0,1,1,0.0,0.0,True,False
sess_1078,297,2025-10-04 21:25:04.228610,2025-12-27 18:46:43.195433,2,0,0,2,2,7248098.966823,0.0,True,False
sess_1079,308,2025-12-31 12:46:20.249957,2025-12-31 12:46:20.249957,1,1,0,0,1,0.0,0.0,False,False
sess_1080,334,2025-11-23 11:23:13.207677,2026-05-25 01:44:02.186925,4,1,1,2,4,15776448.979248,1.0,False,False
sess_1081,401,2026-01-10 05:09:20.202536,2026-01-10 05:09:20.202536,1,0,0,1,1,0.0,0.0,True,False
sess_1082,779,2025-09-20 08:48:55.186925,2025-09-21 15:28:26.228610,2,2,0,0,2,110371.041685,0.0,False,False
sess_1083,435,2026-01-27 06:38:26.209185,2026-01-27 06:38:26.209185,1,0,1,0,1,0.0,0.0,False,False
sess_1084,633,2026-03-10 02:08:47.216529,2026-05-14 02:23:59.181409,2,0,1,1,2,5616911.96488,0.0,False,False
sess_1085,806,2026-01-09 08:54:03.227826,2026-01-09 08:54:03.227826,1,1,0,0,1,0.0,0.0,False,False
sess_1086,11,2025-10-04 14:55:12.226324,2026-04-25 14:47:35.242937,2,1,0,1,2,17538743.016613,0.0,True,False
sess_1087,1027,2025-11-26 05:03:28.186925,2026-05-21 16:35:51.245946,2,1,0,1,2,15247943.059021,0.0,True,False
sess_1088,123,2025-06-26 17:19:37.238931,2026-03-30 12:27:43.226324,3,0,2,1,3,23915285.987393,0.0,False,False
sess_1089,738,2025-09-10 19:16:16.238931,2025-09-10 19:16:16.238931,1,0,0,1,1,0.0,0.0,True,False
sess_109,470,2025-12-10 06:24:23.249957,2026-03-29 16:27:39.249957,3,0,3,0,3,9453796.0,0.0,False,False
sess_1090,426,2025-08-27 14:24:25.240934,2025-12-24 23:25:46.238931,2,0,2,0,2,10314080.997997,0.0,False,False
sess_1092,1080,2025-07-17 20:36:19.216529,2026-05-06 19:55:25.247953,4,0,1,3,4,25312746.031424,0.0,False,False
sess_1094,681,2025-08-19 07:42:07.203543,2026-05-08 06:46:17.249957,4,2,1,1,4,22633450.046414,0.5,False,False
sess_1095,25,2026-04-23 18:57:57.228610,2026-04-23 18:57:57.228610,1,0,1,0,1,0.0,0.0,False,False
sess_1096,728,2025-09-10 20:04:22.228610,2026-04-18 08:00:24.228610,2,1,1,0,2,18964562.0,1.0,False,False
sess_1097,64,2026-01-22 23:56:21.186925,2026-05-08 16:25:49.209185,2,0,2,0,2,9131368.02226,0.0,False,False
sess_1099,651,2025-11-21 15:54:56.209185,2026-04-25 04:02:51.183414,2,0,0,2,2,13349274.974229,0.0,True,False
sess_11,504,2026-01-26 17:02:30.224321,2026-02-01 03:07:58.249957,2,2,0,0,2,468328.025636,0.0,False,False
sess_110,776,2025-06-17 14:45:28.247953,2026-05-14 20:16:52.186925,2,1,0,1,2,28618283.938972,0.0,True,False
sess_1100,1074,2025-08-12 23:35:45.224321,2026-05-04 11:10:43.245946,4,1,1,2,4,22851298.021625,1.0,False,False
sess_1102,227,2025-09-09 20:41:18.235934,2026-04-01 01:01:38.216529,4,0,1,3,4,17554819.980595,0.0,False,False
sess_1103,877,2025-07-24 04:15:24.214026,2025-12-07 23:43:16.253968,2,1,1,0,2,11820472.039942,1.0,False,False
sess_1104,59,2025-11-25 10:26:55.238931,2026-05-15 10:11:10.212022,3,1,0,2,3,14773454.973091,0.0,True,False
sess_1105,946,2025-10-22 02:30:11.228610,2026-03-28 04:32:03.224321,3,0,2,1,3,13572111.995711,0.0,False,False
sess_1106,532,2025-07-09 15:42:01.185418,2026-02-28 03:13:09.202536,3,0,2,1,3,20172668.017118,0.0,False,False
sess_1107,988,2025-08-18 20:45:24.214026,2026-01-14 11:47:04.199974,2,1,0,1,2,12841299.985948,0.0,True,False
sess_1108,622,2025-09-15 15:42:27.240934,2025-10-15 12:09:09.228610,2,0,1,1,2,2579201.987676,0.0,False,False
sess_1109,497,2025-08-07 22:11:59.242937,2025-11-01 02:52:07.226324,3,1,2,0,3,7360807.983387,2.0,False,False
sess_111,1055,2025-10-23 13:38:02.253968,2026-04-14 18:40:30.247953,3,0,2,1,3,14965347.993985,0.0,False,False
sess_1110,164,2026-03-19 19:35:39.219548,2026-03-19 19:35:39.219548,1,1,0,0,1,0.0,0.0,False,False
sess_1111,1056,2025-06-14 23:56:21.199974,2026-01-08 17:15:59.186925,3,2,1,0,3,17947177.986951,0.5,False,False
sess_1112,1010,2025-07-03 03:52:20.212022,2025-07-03 03:52:20.212022,1,0,1,0,1,0.0,0.0,False,False
sess_1114,198,2026-01-01 04:04:42.186925,2026-01-01 04:04:42.186925,1,1,0,0,1,0.0,0.0,False,False
sess_1115,304,2026-01-30 10:50:02.218542,2026-04-04 00:38:54.183414,2,1,0,1,2,5492931.964872,0.0,True,False
sess_1116,982,2025-09-12 20:03:03.237113,2026-04-24 12:45:18.181409,3,0,2,1,3,19327334.944296,0.0,False,False
sess_1118,392,2025-12-10 17:00:28.247953,2026-01-12 22:40:36.186925,2,1,0,1,2,2871607.938972,0.0,True,False
sess_1119,70,2025-10-29 22:08:52.238931,2026-04-29 05:18:37.249957,3,3,0,0,3,15664185.011026,0.0,False,False
sess_112,695,2026-01-18 14:42:10.207677,2026-01-18 14:42:10.207677,1,0,1,0,1,0.0,0.0,False,False
sess_1120,643,2025-11-06 10:36:21.238931,2025-11-06 10:36:21.238931,1,0,0,1,1,0.0,0.0,True,False
sess_1121,156,2025-07-23 03:05:16.228610,2026-04-24 02:13:13.224321,3,1,1,1,3,23756876.995711,1.0,False,False
sess_1122,555,2025-06-17 17:56:17.243940,2026-05-08 20:41:32.178635,4,3,0,1,4,28089914.934695,0.0,True,False
sess_1123,208,2025-11-28 17:18:29.251960,2025-12-08 00:09:39.253968,2,1,0,1,2,802270.002008,0.0,True,False
sess_1124,906,2026-01-24 10:19:35.238931,2026-01-24 10:19:35.238931,1,1,0,0,1,0.0,0.0,False,False
sess_1127,1020,2025-06-25 09:08:28.186925,2026-03-04 12:18:20.212022,2,1,1,0,2,21784192.025097,1.0,False,False
sess_1128,25,2026-02-09 17:05:03.228610,2026-02-09 17:05:03.228610,1,0,1,0,1,0.0,0.0,False,False
sess_1129,231,2026-03-17 16:28:04.228610,2026-03-17 16:28:04.228610,1,1,0,0,1,0.0,0.0,False,False
sess_113,332,2025-10-12 22:16:24.214026,2026-02-13 19:44:31.251960,2,1,1,0,2,10704487.037934,1.0,False,False
sess_1132,167,2026-05-27 13:17:37.222317,2026-05-27 13:17:37.222317,1,0,1,0,1,0.0,0.0,False,False
sess_1135,852,2025-08-25 16:03:44.247953,2025-10-02 23:00:26.249957,2,1,0,1,2,3308202.002004,0.0,True,False
sess_1137,516,2025-08-26 14:12:31.207677,2025-10-10 07:49:52.243940,3,2,1,0,3,3865041.036263,0.5,False,False
sess_1138,789,2025-10-18 10:08:47.212022,2025-10-18 10:08:47.212022,1,0,1,0,1,0.0,0.0,False,False
sess_1139,780,2026-04-22 17:28:12.235934,2026-04-27 10:59:51.238931,2,1,1,0,2,408699.002997,1.0,False,False
sess_114,517,2025-07-09 17:49:13.186925,2025-07-09 17:49:13.186925,1,0,1,0,1,0.0,0.0,False,False
sess_1140,235,2025-09-19 17:49:53.186925,2026-05-26 16:44:46.240934,3,1,2,0,3,21509693.054009,2.0,False,False
sess_1141,510,2025-11-21 07:55:18.209185,2025-11-21 07:55:18.209185,1,0,0,1,1,0.0,0.0,True,False
sess_1142,284,2026-04-24 21:54:11.228610,2026-04-24 21:54:11.228610,1,0,0,1,1,0.0,0.0,True,False
sess_1143,568,2025-07-07 13:43:55.226324,2026-05-29 11:15:41.238931,4,1,1,2,4,28157506.012607,1.0,False,False
sess_1144,663,2025-07-26 06:33:50.183414,2026-04-01 06:54:39.228610,5,4,0,1,5,21514849.045196,0.0,True,False
sess_1145,6,2025-09-06 14:48:41.247953,2026-05-16 21:55:57.181409,3,0,0,3,3,21798435.933456,0.0,True,False
sess_1146,91,2025-12-23 10:45:26.249957,2025-12-23 10:45:26.249957,1,0,0,1,1,0.0,0.0,True,False
sess_1147,657,2025-09-12 16:55:48.226324,2026-04-14 07:29:51.186925,4,1,3,0,4,18455642.960601,3.0,False,False
sess_1148,607,2026-01-18 13:17:14.237113,2026-02-10 05:34:19.238931,2,0,1,1,2,1959425.001818,0.0,False,False
sess_1149,646,2025-12-12 10:29:45.222317,2025-12-12 10:29:45.222317,1,1,0,0,1,0.0,0.0,False,False
sess_115,819,2026-05-01 17:26:52.212022,2026-05-01 17:26:52.212022,1,0,1,0,1,0.0,0.0,False,False
sess_1150,736,2025-12-27 22:47:56.186925,2026-05-03 13:05:51.186925,3,3,0,0,3,10937875.0,0.0,False,False
sess_1151,125,2025-11-14 01:05:07.197951,2026-02-11 22:50:42.224321,2,2,0,0,2,7767935.02637,0.0,False,False
sess_1152,328,2025-10-01 19:55:53.228610,2025-10-01 19:55:53.228610,1,1,0,0,1,0.0,0.0,False,False
sess_1153,738,2025-08-07 17:28:41.186925,2026-04-18 04:10:17.178635,5,3,0,2,5,21897695.99171,0.0,True,False
sess_1154,915,2025-09-06 02:38:38.183414,2025-11-08 12:13:33.202536,2,1,0,1,2,5477695.019122,0.0,True,False
sess_1155,364,2025-07-11 22:00:19.240934,2025-07-11 22:00:19.240934,1,1,0,0,1,0.0,0.0,False,False
sess_1156,848,2025-06-17 17:16:52.219548,2026-02-10 00:37:59.212022,3,1,2,0,3,20503266.992474,2.0,False,False
sess_1157,86,2025-08-04 00:20:35.214026,2025-08-08 02:43:06.186925,2,0,0,2,2,354150.972899,0.0,True,False
sess_1158,46,2025-08-12 16:04:05.249957,2026-05-11 12:35:32.216529,3,3,0,0,3,23488286.966572,0.0,False,False
sess_116,488,2025-08-16 22:43:57.228610,2025-10-13 08:04:45.249957,2,0,1,1,2,4958448.021347,0.0,False,False
sess_1160,670,2025-07-24 07:38:00.216529,2025-07-27 05:31:58.181409,2,2,0,0,2,251637.96488,0.0,False,False
sess_1161,487,2025-09-02 00:33:57.247953,2026-03-13 05:15:40.228610,4,1,2,1,4,16605702.980657,2.0,False,False
sess_1162,101,2025-08-23 06:56:38.249957,2025-08-23 06:56:38.249957,1,1,0,0,1,0.0,0.0,False,False
sess_1163,966,2025-08-23 05:43:57.224321,2026-01-14 08:38:06.242937,3,0,3,0,3,12452049.018616,0.0,False,False
sess_1164,828,2025-07-15 06:41:58.237113,2026-02-13 14:45:56.245946,4,2,1,1,4,18432238.008833,0.5,False,False
sess_1165,84,2025-07-02 11:32:28.202536,2026-04-19 21:28:30.242937,3,1,0,2,3,25178162.040401,0.0,True,False
sess_1166,174,2025-07-23 10:45:23.181409,2025-10-09 21:24:54.228610,2,0,1,1,2,6777571.047201,0.0,False,False
sess_1168,869,2025-07-25 04:43:57.224321,2026-03-21 07:55:30.247953,3,2,1,0,3,20661093.023632,0.5,False,False
sess_117,969,2025-06-23 04:58:41.207677,2026-04-10 10:06:44.214026,4,1,2,1,4,25160883.006349,2.0,False,False
sess_1170,780,2025-06-12 16:02:14.228610,2026-04-02 11:15:40.185418,2,1,0,1,2,25384405.956808,0.0,True,False
sess_1171,453,2025-07-13 19:03:35.211509,2026-04-01 10:20:05.224321,2,1,1,0,2,22605390.012812,1.0,False,False
sess_1172,1071,2025-10-22 20:33:10.247953,2026-04-06 13:10:36.214026,3,1,0,2,3,14315845.966073,0.0,True,False
sess_1173,601,2025-06-14 06:11:35.243940,2025-12-10 12:40:03.228610,3,1,2,0,3,15488907.98467,2.0,False,False
sess_1174,902,2026-02-02 17:59:58.186925,2026-04-07 14:30:08.186925,3,3,0,0,3,5517010.0,0.0,False,False
sess_1175,833,2026-01-15 17:56:03.203543,2026-03-30 17:34:40.247953,2,2,0,0,2,6392317.04441,0.0,False,False
sess_1176,636,2026-03-15 05:39:01.247953,2026-03-20 17:28:17.216529,2,1,0,1,2,474555.968576,0.0,True,False
sess_1177,716,2026-04-28 20:06:29.183414,2026-04-28 20:06:29.183414,1,1,0,0,1,0.0,0.0,False,False
sess_1178,378,2025-06-16 13:41:35.228610,2025-06-16 13:41:35.228610,1,1,0,0,1,0.0,0.0,False,False
sess_1179,591,2025-08-08 10:31:20.183414,2026-04-05 21:25:10.216529,6,3,2,1,6,20775230.033115,0.6666666666666666,False,False
sess_118,122,2025-08-26 23:46:09.216529,2026-02-11 02:25:52.224321,3,1,2,0,3,14524783.007792,2.0,False,False
sess_1180,348,2025-09-15 22:54:23.228610,2025-09-15 22:54:23.228610,1,0,0,1,1,0.0,0.0,True,False
sess_1181,130,2025-10-09 08:30:08.216529,2025-10-09 08:30:08.216529,1,0,0,1,1,0.0,0.0,True,False
sess_1182,64,2025-09-12 03:24:25.237113,2025-09-12 03:24:25.237113,1,1,0,0,1,0.0,0.0,False,False
sess_1184,2,2026-03-06 14:42:13.186925,2026-03-06 14:42:13.186925,1,0,0,1,1,0.0,0.0,True,False
sess_1185,476,2025-07-14 23:51:04.238931,2026-02-09 22:48:03.228610,3,1,1,1,3,18140218.989679,1.0,False,False
sess_1187,802,2025-11-28 05:57:30.209185,2026-02-28 03:24:53.249957,3,1,1,1,3,7939643.040772,1.0,False,False
sess_119,598,2026-06-04 04:20:53.245946,2026-06-04 04:20:53.245946,1,0,1,0,1,0.0,0.0,False,False
sess_1190,393,2025-08-15 08:47:49.251960,2026-05-02 14:24:52.197951,2,1,1,0,2,22484222.945991,1.0,False,False
sess_1191,985,2025-08-09 03:29:33.240934,2026-04-21 17:31:46.222317,3,1,2,0,3,22082532.981383,2.0,False,False
sess_1193,480,2025-12-11 01:42:45.214026,2026-06-06 00:21:21.183414,2,0,0,2,2,15287915.969388,0.0,True,False
sess_1195,97,2025-07-24 12:24:48.247953,2025-09-20 04:25:09.245946,2,1,0,1,2,4982420.997993,0.0,True,False
sess_1196,144,2025-11-06 11:02:30.235934,2025-12-03 18:29:27.186925,2,0,2,0,2,2359616.950991,0.0,False,False
sess_1197,265,2025-12-22 13:42:23.219548,2025-12-22 13:42:23.219548,1,0,1,0,1,0.0,0.0,False,False
sess_1198,614,2025-07-19 12:26:51.240934,2025-11-21 06:49:39.178635,3,2,0,1,3,10779767.937701,0.0,True,False
sess_1199,642,2025-06-25 10:07:07.242937,2025-06-25 10:07:07.242937,1,0,1,0,1,0.0,0.0,False,False
sess_12,941,2025-08-09 05:28:55.228610,2026-06-06 04:09:16.178635,6,2,2,2,6,26001620.950025,1.0,False,False
sess_1200,324,2026-05-13 02:02:02.238931,2026-05-13 02:02:02.238931,1,0,1,0,1,0.0,0.0,False,False
sess_1201,1093,2025-11-19 15:47:37.228610,2026-05-01 10:54:57.245946,4,1,3,0,4,14065640.017336,3.0,False,False
sess_1202,426,2025-12-05 10:43:59.186925,2025-12-05 10:43:59.186925,1,0,0,1,1,0.0,0.0,True,False
sess_1203,348,2025-08-17 09:10:12.218542,2025-08-17 09:10:12.218542,1,1,0,0,1,0.0,0.0,False,False
sess_1204,252,2025-09-27 09:41:50.216529,2025-10-05 21:22:12.226324,2,0,1,1,2,733222.009795,0.0,False,False
sess_1205,508,2025-08-18 08:16:34.186925,2026-03-18 14:26:18.224321,6,1,3,2,6,18338984.037396,3.0,False,False
sess_1206,881,2025-11-07 17:00:19.228610,2026-03-23 07:06:20.247953,4,0,2,2,4,11714761.019343,0.0,False,False
sess_1207,860,2025-06-25 11:35:58.212022,2026-04-13 19:35:38.219548,2,2,0,0,2,25257580.007526,0.0,False,False
sess_1208,147,2025-08-16 09:15:22.249957,2025-12-24 18:19:33.185418,2,1,0,1,2,11264650.935461,0.0,True,False
sess_1209,383,2025-11-05 18:25:51.212022,2025-11-05 18:25:51.212022,1,0,0,1,1,0.0,0.0,True,False
sess_121,665,2025-08-28 05:37:34.253968,2025-08-28 05:37:34.253968,1,1,0,0,1,0.0,0.0,False,False
sess_1210,600,2025-11-03 23:36:31.222317,2026-01-08 10:41:05.228610,2,1,1,0,2,5655874.006293,1.0,False,False
sess_1211,405,2025-09-29 01:53:34.186925,2025-09-29 01:53:34.186925,1,0,1,0,1,0.0,0.0,False,False
sess_1212,378,2025-06-12 23:15:17.186925,2025-07-25 05:52:59.222317,2,0,2,0,2,3652662.035392,0.0,False,False
sess_1213,94,2025-12-24 09:00:06.240934,2026-04-25 20:49:56.249957,2,2,0,0,2,10583390.009023,0.0,False,False
sess_1214,360,2025-12-17 21:19:14.185418,2025-12-17 21:19:14.185418,1,1,0,0,1,0.0,0.0,False,False
sess_1215,104,2025-06-25 07:37:51.222317,2026-05-27 05:02:21.178635,5,2,1,2,5,29021069.956318,0.5,False,False
sess_1216,608,2025-07-10 06:38:20.183414,2026-05-05 09:33:29.203543,4,2,0,2,4,25844109.020129,0.0,True,False
sess_1217,908,2025-12-06 09:22:41.228610,2026-03-09 03:00:57.249957,3,2,1,0,3,8012296.021347,0.5,False,False
sess_1218,821,2025-07-27 08:05:09.227826,2025-11-08 09:54:06.185418,4,2,0,2,4,8992136.957592,0.0,True,False
sess_1219,429,2026-04-11 02:24:46.181409,2026-04-11 02:24:46.181409,1,0,0,1,1,0.0,0.0,True,False
sess_122,130,2025-11-12 17:00:03.249957,2026-03-31 01:30:27.212022,2,1,1,0,2,11953823.962065,1.0,False,False
sess_1220,955,2025-06-15 11:30:17.178635,2025-06-15 11:30:17.178635,1,0,0,1,1,0.0,0.0,True,False
sess_1221,315,2025-06-26 00:46:20.218542,2025-06-26 00:46:20.218542,1,0,0,1,1,0.0,0.0,True,False
sess_1222,100,2025-09-20 16:51:59.228610,2026-03-09 19:29:25.203543,3,1,0,2,3,14697445.974933,0.0,True,False
sess_1223,75,2025-10-03 16:27:25.228610,2026-03-24 09:21:02.209185,2,0,2,0,2,14835216.980575,0.0,False,False
sess_1224,690,2025-07-22 09:22:14.222317,2026-01-05 15:51:40.212022,4,2,1,1,4,14452165.989705,0.5,False,False
sess_1225,1043,2025-07-24 23:06:42.249957,2026-05-29 15:46:57.228610,3,0,1,2,3,26671214.978653,0.0,False,False
sess_1226,639,2025-06-20 01:09:51.228610,2026-04-18 14:19:54.249957,3,1,0,2,3,26140203.021347,0.0,True,False
sess_1228,838,2025-10-15 02:50:25.238931,2026-01-31 09:44:50.249957,2,0,2,0,2,9356065.011026,0.0,False,False
sess_1229,427,2025-10-15 14:12:04.247953,2026-05-04 19:05:12.181409,2,1,0,1,2,17383987.933456,0.0,True,False
sess_1230,208,2025-11-20 13:34:21.214026,2026-03-20 01:56:55.181409,4,3,0,1,4,10326153.967383,0.0,True,False
sess_1231,1065,2025-07-12 16:50:08.228610,2026-05-18 12:34:47.228610,6,3,1,2,6,26768679.0,0.3333333333333333,False,False
sess_1232,460,2025-08-11 11:19:02.224321,2025-11-20 09:34:16.249957,3,2,0,1,3,8720114.025636,0.0,True,False
sess_1233,958,2025-07-11 07:42:07.238931,2025-07-11 07:42:07.238931,1,0,0,1,1,0.0,0.0,True,False
sess_1234,59,2025-09-24 07:11:23.186925,2025-09-24 07:11:23.186925,1,1,0,0,1,0.0,0.0,False,False
sess_1235,948,2025-07-05 11:04:39.237113,2025-11-26 17:40:58.212022,3,1,2,0,3,12465378.974909,2.0,False,False
sess_1236,447,2025-10-22 20:01:13.228610,2026-04-26 06:01:56.186925,3,1,2,0,3,16020042.958315,2.0,False,False
sess_1237,259,2025-07-05 01:40:00.228610,2025-08-30 22:53:55.214026,2,1,1,0,2,4914834.985416,1.0,False,False
sess_1238,610,2025-09-01 19:37:08.181409,2025-09-23 07:18:44.183414,2,0,1,1,2,1856496.002005,0.0,False,False
sess_1239,1007,2025-11-12 07:48:36.240934,2025-12-26 16:20:16.186925,2,0,2,0,2,3832299.945991,0.0,False,False
sess_124,1061,2025-10-03 02:48:19.209185,2025-12-19 04:45:46.251960,3,1,1,1,3,6659847.042775,1.0,False,False
sess_1240,346,2025-06-16 00:46:47.240934,2025-10-05 11:50:57.178635,2,1,1,0,2,9630249.937701,1.0,False,False
sess_1241,218,2025-12-17 00:55:49.186925,2025-12-17 00:55:49.186925,1,1,0,0,1,0.0,0.0,False,False
sess_1242,775,2025-10-29 10:10:33.186925,2026-05-14 06:34:06.235934,3,0,2,1,3,17007813.049009,0.0,False,False
sess_1244,645,2025-11-19 14:00:14.186925,2025-11-19 14:00:14.186925,1,0,0,1,1,0.0,0.0,True,False
sess_1245,302,2025-10-15 15:07:32.203543,2026-03-12 04:25:22.224321,3,1,2,0,3,12748670.020778,2.0,False,False
sess_1246,714,2025-10-01 16:05:36.228610,2025-11-24 12:07:29.186925,2,0,1,1,2,4651312.958315,0.0,False,False
sess_1247,494,2025-07-31 14:59:14.237113,2026-06-01 07:21:22.214026,4,2,0,2,4,26324527.976913,0.0,True,False
sess_1248,420,2025-07-15 22:15:30.209185,2026-01-24 00:41:25.227826,2,1,1,0,2,16597555.018641,1.0,False,False
sess_1249,205,2026-01-31 14:49:09.228610,2026-01-31 14:49:09.228610,1,0,0,1,1,0.0,0.0,True,False
sess_125,2,2025-09-13 20:36:54.251960,2025-09-13 20:36:54.251960,1,0,0,1,1,0.0,0.0,True,False
sess_1250,1083,2025-07-04 14:17:05.228610,2025-10-11 09:31:07.243940,3,1,1,1,3,8536442.01533,1.0,False,False
sess_1251,297,2026-02-09 10:09:06.243940,2026-02-09 10:09:06.243940,1,0,1,0,1,0.0,0.0,False,False
sess_1252,874,2025-07-10 20:20:01.209185,2026-05-29 03:39:32.228610,7,2,0,5,7,27847171.019425,0.0,True,False
sess_1253,190,2025-07-01 22:33:34.209185,2025-07-01 22:33:34.209185,1,0,1,0,1,0.0,0.0,False,False
sess_1255,873,2025-09-08 22:34:54.228610,2025-12-21 22:47:59.243940,3,0,3,0,3,8986385.01533,0.0,False,False
sess_1257,463,2025-09-18 11:04:24.195433,2026-04-07 14:24:58.186925,4,1,1,2,4,17378433.991492,1.0,False,False
sess_1258,778,2025-09-04 23:58:42.186925,2026-02-19 07:28:15.245946,4,2,1,1,4,14455773.059021,0.5,False,False
sess_1259,1056,2025-10-27 18:09:17.178635,2025-10-27 18:09:17.178635,1,0,1,0,1,0.0,0.0,False,False
sess_126,719,2026-02-23 07:55:14.222317,2026-02-23 07:55:14.222317,1,0,1,0,1,0.0,0.0,False,False
sess_1260,920,2025-06-13 12:15:29.216529,2025-06-13 12:15:29.216529,1,1,0,0,1,0.0,0.0,False,False
sess_1261,148,2026-01-19 02:11:05.212022,2026-02-19 21:23:28.247953,2,1,1,0,2,2747543.035931,1.0,False,False
sess_1262,107,2025-07-19 05:29:20.214026,2025-11-15 21:27:37.186925,3,0,1,2,3,10339096.972899,0.0,False,False
sess_1263,94,2025-10-29 13:52:11.186925,2026-05-31 16:11:06.209185,3,0,2,1,3,18497935.02226,0.0,False,False
sess_1264,727,2025-10-24 01:03:02.222317,2025-10-24 01:03:02.222317,1,0,1,0,1,0.0,0.0,False,False
sess_1265,474,2026-02-23 18:28:02.235934,2026-05-25 11:48:50.181409,3,1,1,1,3,7838447.945475,1.0,False,False
sess_1266,285,2025-12-06 12:27:04.197951,2026-02-09 20:20:00.209185,3,0,2,1,3,5644376.011234,0.0,False,False
sess_1267,789,2025-09-09 22:22:08.240934,2026-05-02 09:54:14.243940,4,0,4,0,4,20259126.003006,0.0,False,False
sess_1268,174,2025-12-28 04:24:09.219548,2026-03-24 05:47:27.186925,4,2,1,1,4,7435397.967377,0.5,False,False
sess_1269,767,2025-07-24 08:52:01.235934,2026-05-28 08:06:52.181409,5,1,2,2,5,26608490.945475,2.0,False,False
sess_127,134,2025-08-21 11:34:33.183414,2025-08-21 11:34:33.183414,1,0,0,1,1,0.0,0.0,True,False
sess_1270,31,2025-09-23 07:14:12.214026,2026-02-23 06:09:42.183414,4,2,0,2,4,13215329.969388,0.0,True,False
sess_1271,772,2026-04-11 14:20:08.222317,2026-06-07 04:17:56.228610,2,0,2,0,2,4888668.006293,0.0,False,False
sess_1272,805,2025-08-10 02:46:46.228610,2026-01-03 04:14:01.186925,3,2,0,1,3,12619634.958315,0.0,True,False
sess_1273,560,2025-10-02 19:08:07.228610,2026-05-09 11:53:58.222317,7,3,1,3,7,18895550.993707,0.3333333333333333,False,False
sess_1274,693,2025-10-22 21:19:39.228610,2025-12-02 15:33:20.222317,2,0,1,1,2,3521620.993707,0.0,False,False
sess_1275,803,2026-02-27 15:39:38.186925,2026-02-27 15:39:38.186925,1,0,1,0,1,0.0,0.0,False,False
sess_1276,525,2025-09-23 11:25:29.228610,2026-02-27 13:21:23.247953,4,3,0,1,4,13571754.019343,0.0,True,False
sess_1277,648,2025-10-12 09:06:46.214026,2026-05-01 14:34:04.186925,3,2,1,0,3,17386037.972899,0.5,False,False
sess_1278,118,2025-07-11 03:54:12.185418,2026-02-17 06:56:05.243940,3,0,2,1,3,19105313.058522,0.0,False,False
sess_1279,183,2025-11-27 10:46:29.186925,2025-11-27 10:46:29.186925,1,0,1,0,1,0.0,0.0,False,False
sess_128,344,2025-07-24 03:56:51.224321,2025-11-29 21:54:38.199974,3,1,0,2,3,11123866.975653,0.0,True,False
sess_1280,429,2025-07-01 05:35:14.203543,2026-06-10 19:19:26.228610,5,1,3,1,5,29771052.025067,3.0,False,False
sess_1281,348,2025-06-28 00:24:47.245946,2026-02-20 13:07:33.242937,3,0,2,1,3,20522565.996991,0.0,False,False
sess_1282,163,2025-09-21 03:59:51.224321,2025-09-21 03:59:51.224321,1,0,1,0,1,0.0,0.0,False,False
sess_1283,253,2025-06-14 11:01:59.181409,2026-02-25 13:22:32.228610,5,1,2,2,5,22126833.047201,2.0,False,False
sess_1284,510,2025-07-24 18:47:14.186925,2026-03-12 01:22:16.226324,2,1,0,1,2,19895702.039399,0.0,True,False
sess_1285,890,2025-11-07 11:33:23.216529,2026-05-18 21:34:43.228610,4,3,1,0,4,16624880.012081,0.3333333333333333,False,False
sess_1286,614,2025-12-06 23:08:41.186925,2026-02-05 09:44:03.226324,2,1,0,1,2,5222122.039399,0.0,True,False
sess_1287,434,2025-07-12 08:33:05.235934,2026-02-24 15:52:53.178635,3,2,0,1,3,19639187.942701,0.0,True,False
sess_1288,974,2025-07-25 07:51:16.243940,2025-08-04 18:17:43.216529,2,0,1,1,2,901586.972589,0.0,False,False
sess_1289,622,2025-09-24 04:18:19.186925,2026-04-23 03:52:42.222317,5,2,1,2,5,18228863.035392,0.5,False,False
sess_129,796,2025-11-11 18:57:49.224321,2025-11-11 18:57:49.224321,1,0,1,0,1,0.0,0.0,False,False
sess_1291,510,2025-07-03 07:03:42.214026,2026-06-09 20:00:26.185418,4,1,1,2,4,29509003.971392,1.0,False,False
sess_1292,131,2025-08-04 16:37:26.186925,2026-05-03 21:06:42.178635,4,1,0,3,4,23516955.99171,0.0,True,False
sess_1293,417,2025-12-27 01:54:43.186925,2026-01-04 16:53:21.186925,2,1,0,1,2,745118.0,0.0,True,False
sess_1294,427,2025-08-07 18:16:53.214026,2026-01-18 04:00:08.209185,2,0,1,1,2,14118194.995159,0.0,False,False
sess_1295,94,2025-09-17 00:38:59.218542,2026-04-14 13:34:24.237113,3,2,0,1,3,18104125.018571,0.0,True,False
sess_1296,908,2026-02-14 04:59:11.178635,2026-02-14 04:59:11.178635,1,0,1,0,1,0.0,0.0,False,False
sess_1297,361,2026-01-23 23:55:18.245946,2026-02-28 17:57:28.245946,2,2,0,0,2,3088930.0,0.0,False,False
sess_1298,228,2025-11-17 03:29:47.214026,2026-02-09 06:57:46.228610,2,1,0,1,2,7270079.014584,0.0,True,False
sess_13,1080,2026-01-30 16:09:39.240934,2026-05-03 03:28:53.178635,2,1,1,0,2,7989553.937701,1.0,False,False
sess_130,386,2025-08-28 20:04:05.214026,2025-08-28 20:04:05.214026,1,0,1,0,1,0.0,0.0,False,False
sess_1300,347,2025-11-08 06:18:48.181409,2026-02-21 20:30:08.222317,2,1,1,0,2,9123080.040908,1.0,False,False
sess_1301,662,2025-11-18 20:37:38.247953,2026-04-11 12:39:03.227826,2,0,0,2,2,12412884.979873,0.0,True,False
sess_1302,9,2025-09-28 02:19:13.237113,2026-03-29 13:03:12.181409,3,0,3,0,3,15763438.944296,0.0,False,False
sess_1303,982,2026-01-05 10:24:07.186925,2026-01-05 10:24:07.186925,1,0,0,1,1,0.0,0.0,True,False
sess_1304,246,2025-11-28 06:21:47.186925,2026-06-03 05:14:44.228610,4,3,1,0,4,16152777.041685,0.3333333333333333,False,False
sess_1305,207,2026-04-04 23:10:07.186925,2026-04-04 23:10:07.186925,1,0,1,0,1,0.0,0.0,False,False
sess_1307,259,2026-03-08 00:59:23.238931,2026-05-02 10:59:14.195433,2,0,0,2,2,4787990.956502,0.0,True,False
sess_1308,989,2026-02-15 13:45:21.186925,2026-02-15 13:45:21.186925,1,1,0,0,1,0.0,0.0,False,False
sess_131,445,2025-07-20 11:12:15.186925,2026-01-04 04:30:49.222317,4,2,1,1,4,14491114.035392,0.5,False,False
sess_1310,100,2025-07-13 14:24:50.227826,2026-03-30 15:53:37.219548,4,2,1,1,4,22469326.991722,0.5,False,False
sess_1311,1016,2025-09-09 23:35:03.181409,2026-03-24 12:09:06.247953,2,0,0,2,2,16893243.066544,0.0,True,False
sess_1312,389,2026-04-08 00:05:35.214026,2026-04-08 00:05:35.214026,1,0,0,1,1,0.0,0.0,True,False
sess_1313,211,2026-01-20 22:26:15.224321,2026-01-20 22:26:15.224321,1,1,0,0,1,0.0,0.0,False,False
sess_1315,65,2025-09-16 00:45:45.228610,2026-05-11 17:38:24.245946,4,0,3,1,4,20537559.017336,0.0,False,False
sess_1316,715,2025-08-08 13:44:02.212022,2026-05-25 12:28:33.240934,3,2,0,1,3,25051471.028912,0.0,True,False
sess_1317,18,2025-06-14 00:24:45.207677,2025-06-14 00:24:45.207677,1,0,0,1,1,0.0,0.0,True,False
sess_1318,861,2025-06-11 01:27:45.178635,2026-05-25 03:57:31.222317,5,1,3,1,5,30076186.043682,3.0,False,False
sess_1319,773,2026-03-09 06:42:47.214026,2026-03-09 06:42:47.214026,1,1,0,0,1,0.0,0.0,False,False
sess_132,8,2026-01-30 12:52:15.245946,2026-04-02 18:23:26.185418,3,1,0,2,3,5376670.939472,0.0,True,False
sess_1320,965,2025-07-25 03:37:43.183414,2025-08-01 16:14:18.249957,2,1,0,1,2,650195.066543,0.0,True,False
sess_1321,1023,2025-12-10 22:23:55.209185,2025-12-10 22:23:55.209185,1,0,1,0,1,0.0,0.0,False,False
sess_1322,339,2025-06-17 03:09:25.178635,2026-02-08 01:02:06.224321,5,1,3,1,5,20382761.045686,3.0,False,False
sess_1323,506,2025-10-20 17:46:05.238931,2025-10-20 17:46:05.238931,1,1,0,0,1,0.0,0.0,False,False
sess_1324,237,2025-09-26 08:19:01.186925,2025-09-26 08:19:01.186925,1,0,0,1,1,0.0,0.0,True,False
sess_1325,219,2025-10-30 10:03:55.249957,2026-06-01 12:06:20.242937,3,1,0,2,3,18496944.99298,0.0,True,False
sess_1326,313,2025-10-26 05:51:28.186925,2026-02-23 16:00:18.186925,5,5,0,0,5,10404530.0,0.0,False,False
sess_1327,237,2026-01-23 12:50:00.214026,2026-03-31 22:17:06.228610,3,2,0,1,3,5822826.014584,0.0,True,False
sess_1328,479,2025-09-06 01:47:44.228610,2026-02-06 12:09:35.228610,3,2,1,0,3,13256511.0,0.5,False,False
sess_1329,1094,2025-06-21 16:01:45.212022,2026-01-17 06:03:59.183414,2,0,2,0,2,18108133.971392,0.0,False,False
sess_133,744,2025-06-17 02:25:29.219548,2026-04-25 18:01:41.185418,7,2,3,2,7,27012971.96587,1.5,False,False
sess_1330,407,2026-04-16 06:45:07.247953,2026-05-01 11:12:03.240934,2,0,2,0,2,1312015.992981,0.0,False,False
sess_1331,137,2025-11-20 06:01:56.228610,2026-02-09 04:06:50.224321,2,1,0,1,2,6991493.995711,0.0,True,False
sess_1332,438,2025-08-30 12:16:49.228610,2025-08-30 12:16:49.228610,1,0,0,1,1,0.0,0.0,True,False
sess_1333,638,2025-06-24 00:03:07.240934,2026-01-23 19:33:45.228610,3,0,1,2,3,18473437.987676,0.0,False,False
sess_1334,63,2026-01-20 12:40:55.245946,2026-05-15 00:53:51.214026,2,1,0,1,2,9893575.96808,0.0,True,False
sess_1335,378,2025-06-12 08:10:43.245946,2025-12-30 10:09:14.178635,2,0,1,1,2,17373510.932689,0.0,False,False
sess_1336,616,2025-10-29 08:24:44.251960,2025-10-29 08:24:44.251960,1,0,1,0,1,0.0,0.0,False,False
sess_1337,124,2025-06-23 23:21:02.227826,2025-11-14 04:32:38.238931,3,0,1,2,3,12373896.011105,0.0,False,False
sess_1338,1029,2025-06-28 11:44:33.186925,2025-09-15 21:47:52.219548,3,3,0,0,3,6861799.032623,0.0,False,False
sess_1339,204,2025-08-14 06:11:37.212022,2025-08-14 06:11:37.212022,1,0,1,0,1,0.0,0.0,False,False
sess_134,1080,2025-08-12 07:28:44.243940,2025-08-12 07:28:44.243940,1,0,1,0,1,0.0,0.0,False,False
sess_1340,1034,2025-11-25 15:31:38.199974,2026-06-02 14:40:21.222317,2,1,1,0,2,16326523.022343,1.0,False,False
sess_1341,449,2025-07-03 00:53:17.186925,2025-07-03 00:53:17.186925,1,1,0,0,1,0.0,0.0,False,False
sess_1342,79,2025-12-24 03:35:47.235934,2025-12-24 03:35:47.235934,1,0,1,0,1,0.0,0.0,False,False
sess_1343,7,2026-05-06 08:47:05.183414,2026-05-26 15:58:19.228610,2,0,2,0,2,1753874.045196,0.0,False,False
sess_1344,855,2025-09-06 00:46:55.181409,2025-09-06 00:46:55.181409,1,0,1,0,1,0.0,0.0,False,False
sess_1345,847,2025-11-22 11:43:08.199974,2026-05-18 21:06:39.228610,4,1,3,0,4,15326611.028636,3.0,False,False
sess_1346,991,2025-06-26 02:36:53.237113,2026-04-23 05:44:05.240934,2,0,1,1,2,26017632.003821,0.0,False,False
sess_1347,436,2025-06-30 03:08:35.186925,2025-10-19 10:40:55.186925,2,1,1,0,2,9617540.0,1.0,False,False
sess_1348,283,2025-10-13 06:53:39.247953,2025-10-13 06:53:39.247953,1,0,1,0,1,0.0,0.0,False,False
sess_1349,680,2025-11-14 23:53:03.185418,2026-03-20 21:05:36.222317,2,1,1,0,2,10876353.036899,1.0,False,False
sess_135,547,2025-09-03 11:53:06.207677,2026-04-25 16:47:39.228610,3,1,0,2,3,20235273.020933,0.0,True,False
sess_1350,988,2025-08-29 11:45:52.228610,2026-02-06 16:08:31.183414,3,1,1,1,3,13926158.954804,1.0,False,False
sess_1352,68,2025-07-08 03:01:02.228610,2026-04-08 08:35:41.247953,5,3,1,1,5,23693679.019343,0.3333333333333333,False,False
sess_1357,295,2025-08-02 03:14:21.212022,2026-06-05 11:24:13.216529,6,2,2,2,6,26554192.004507,1.0,False,False
sess_1358,573,2025-06-24 01:11:04.183414,2026-05-16 14:37:39.186925,4,1,2,1,4,28214795.003511,2.0,False,False
sess_136,782,2025-06-28 02:14:32.245946,2026-04-10 21:50:49.186925,5,1,1,3,5,24780976.940979,1.0,False,False
sess_1360,598,2025-10-11 17:41:04.245946,2025-12-24 09:41:04.186925,2,0,1,1,2,6364799.940979,0.0,False,False
sess_1361,297,2025-07-14 10:22:01.253968,2025-08-04 19:46:04.243940,3,0,2,1,3,1848242.989972,0.0,False,False
sess_1362,1032,2026-04-20 07:31:14.181409,2026-06-10 03:41:26.214026,2,0,1,1,2,4392612.032617,0.0,False,False
sess_1363,218,2025-06-21 04:57:27.247953,2025-10-11 07:43:36.209185,4,1,0,3,4,9686768.961232,0.0,True,False
sess_1364,955,2025-09-28 01:18:04.228610,2025-10-22 11:34:30.228610,2,2,0,0,2,2110586.0,0.0,False,False
sess_1365,895,2025-11-12 15:38:48.224321,2025-11-18 18:42:38.214026,2,2,0,0,2,529429.989705,0.0,False,False
sess_1366,120,2025-06-12 08:34:08.249957,2025-12-21 21:12:36.186925,3,2,0,1,3,16634307.936968,0.0,True,False
sess_1367,337,2025-08-06 00:46:37.219548,2026-05-22 00:20:16.249957,3,0,3,0,3,24968019.030409,0.0,False,False
sess_1368,838,2026-03-19 18:20:49.214026,2026-03-19 18:20:49.214026,1,0,1,0,1,0.0,0.0,False,False
sess_1369,611,2025-09-05 10:28:24.226324,2026-05-11 12:51:29.216529,2,0,2,0,2,21435784.990205,0.0,False,False
sess_137,174,2025-09-07 02:45:08.219548,2026-05-25 07:35:06.243940,4,3,1,0,4,22481398.024392,0.3333333333333333,False,False
sess_1371,55,2025-11-25 18:18:11.228610,2025-11-25 18:18:11.228610,1,0,1,0,1,0.0,0.0,False,False
sess_1372,959,2025-09-05 02:26:06.228610,2026-05-06 01:42:33.249957,2,1,0,1,2,20992587.021347,0.0,True,False
sess_1373,206,2026-01-03 10:12:32.228610,2026-04-21 06:04:00.253968,3,2,0,1,3,9316288.025358,0.0,True,False
sess_1374,1,2025-10-25 03:12:06.183414,2026-04-03 10:09:42.211509,2,1,0,1,2,13849056.028095,0.0,True,False
sess_1375,872,2025-08-27 23:24:57.240934,2026-01-08 18:19:36.222317,3,1,1,1,3,11559278.981383,1.0,False,False
sess_1376,879,2025-11-26 05:00:09.238931,2025-11-26 05:00:09.238931,1,1,0,0,1,0.0,0.0,False,False
sess_1377,875,2026-06-11 18:17:31.249957,2026-06-11 18:17:31.249957,1,0,1,0,1,0.0,0.0,False,False
sess_1378,930,2025-06-20 01:05:43.214026,2026-01-12 01:41:54.222317,2,1,0,1,2,17800571.008291,0.0,True,False
sess_138,1054,2025-09-14 23:38:28.226324,2025-09-14 23:38:28.226324,1,0,1,0,1,0.0,0.0,False,False
sess_1380,1001,2025-10-13 02:30:17.249957,2026-03-21 17:38:30.209185,2,1,0,1,2,13792092.959228,0.0,True,False
sess_1381,480,2025-11-02 14:23:19.186925,2026-01-16 21:29:10.186925,4,1,3,0,4,6505551.0,3.0,False,False
sess_1382,122,2025-08-25 06:42:40.222317,2026-02-13 00:17:36.186925,4,0,1,3,4,14837695.964608,0.0,False,False
sess_1383,498,2026-03-21 05:10:17.185418,2026-06-11 03:20:35.211509,2,0,1,1,2,7078218.026091,0.0,False,False
sess_1384,598,2025-06-25 21:35:56.186925,2025-07-26 21:39:35.222317,2,1,0,1,2,2678619.035392,0.0,True,False
sess_1385,734,2025-08-03 05:49:08.228610,2025-08-03 05:49:08.228610,1,0,1,0,1,0.0,0.0,False,False
sess_1386,70,2025-09-01 19:01:59.183414,2025-09-01 19:01:59.183414,1,0,0,1,1,0.0,0.0,True,False
sess_1387,373,2025-08-19 12:59:40.183414,2026-05-11 12:37:09.186925,4,3,1,0,4,22894649.003511,0.3333333333333333,False,False
sess_1388,514,2025-07-16 17:49:49.237113,2026-05-03 07:24:04.240934,4,0,2,2,4,25104855.003821,0.0,False,False
sess_139,947,2025-06-29 15:00:37.186925,2026-04-17 22:01:40.228610,2,1,0,1,2,25254063.041685,0.0,True,False
sess_1390,1,2025-10-11 07:04:33.186925,2025-12-14 13:51:30.238931,2,0,1,1,2,5554017.052006,0.0,False,False
sess_1392,198,2026-02-16 15:20:23.240934,2026-02-16 15:20:23.240934,1,0,1,0,1,0.0,0.0,False,False
sess_1393,938,2025-10-05 02:55:41.224321,2026-06-04 11:21:56.197951,3,1,2,0,3,20939174.97363,2.0,False,False
sess_1394,208,2026-02-19 20:13:31.214026,2026-02-19 20:13:31.214026,1,0,1,0,1,0.0,0.0,False,False
sess_1395,742,2025-11-12 14:38:24.238931,2026-06-02 12:42:21.228610,2,1,1,0,2,17445836.989679,1.0,False,False
sess_1396,1051,2026-02-18 15:45:28.238931,2026-02-18 15:45:28.238931,1,0,0,1,1,0.0,0.0,True,False
sess_1397,1052,2025-10-06 18:28:13.237113,2026-05-28 00:54:43.186925,3,1,1,1,3,20154389.949812,1.0,False,False
sess_1398,1035,2025-09-15 06:23:19.228610,2026-05-14 17:34:28.228610,2,2,0,0,2,20862669.0,0.0,False,False
sess_1399,542,2025-06-18 19:49:38.185418,2025-07-06 23:02:19.240934,2,1,0,1,2,1566761.055516,0.0,True,False
sess_14,790,2025-08-30 14:24:23.249957,2025-12-31 02:31:46.186925,2,2,0,0,2,10584442.936968,0.0,False,False
sess_140,401,2025-08-31 23:37:53.178635,2025-08-31 23:37:53.178635,1,1,0,0,1,0.0,0.0,False,False
sess_1400,272,2026-03-25 07:16:13.219548,2026-05-19 09:44:51.242937,2,1,1,0,2,4760918.023389,1.0,False,False
sess_1401,141,2026-01-29 21:05:37.181409,2026-03-13 00:30:14.242937,2,0,1,1,2,3641077.061528,0.0,False,False
sess_1402,899,2025-07-24 21:00:43.242937,2026-06-01 16:45:27.238931,7,4,2,1,7,26941483.995994,0.5,False,False
sess_1403,961,2025-09-03 06:45:04.228610,2026-04-14 03:03:51.197951,4,0,3,1,4,19253926.969341,0.0,False,False
sess_1404,964,2025-07-27 07:44:09.181409,2026-05-23 13:10:49.186925,2,0,2,0,2,25939600.005516,0.0,False,False
sess_1405,95,2026-04-10 10:00:55.178635,2026-04-10 10:00:55.178635,1,0,0,1,1,0.0,0.0,True,False
sess_1406,919,2025-12-12 12:01:36.238931,2026-04-21 15:38:54.240934,3,2,0,1,3,11245038.002003,0.0,True,False
sess_1407,484,2025-08-27 07:14:09.228610,2026-01-02 12:19:17.249957,3,2,1,0,3,11077508.021347,0.5,False,False
sess_1409,431,2025-09-04 15:30:46.216529,2025-12-11 04:59:23.209185,2,1,1,0,2,8429316.992656,1.0,False,False
sess_1410,472,2025-08-05 22:54:55.228610,2026-04-21 10:15:05.224321,2,0,0,2,2,22332009.995711,0.0,True,False
sess_1412,56,2025-07-06 01:56:51.197951,2025-07-17 19:14:42.238931,2,2,0,0,2,1012671.04098,0.0,False,False
sess_1413,179,2026-03-20 11:09:45.183414,2026-03-20 11:09:45.183414,1,0,0,1,1,0.0,0.0,True,False
sess_1415,229,2025-09-01 20:35:03.207677,2025-09-02 16:36:44.178635,2,0,1,1,2,72100.970958,0.0,False,False
sess_1416,884,2025-07-01 00:29:55.214026,2026-05-12 19:16:29.214026,3,1,1,1,3,27283594.0,1.0,False,False
sess_1417,150,2025-08-20 14:40:15.238931,2025-08-20 14:40:15.238931,1,1,0,0,1,0.0,0.0,False,False
sess_1419,804,2025-08-08 18:04:52.249957,2026-05-13 20:13:52.186925,2,1,0,1,2,24026939.936968,0.0,True,False
sess_142,83,2025-07-02 19:45:39.185418,2026-02-09 20:59:13.249957,4,1,0,3,4,19185214.064539,0.0,True,False
sess_1420,62,2025-11-21 10:30:38.226324,2026-01-30 03:40:32.219548,2,1,1,0,2,6023393.993224,1.0,False,False
sess_1421,383,2025-07-31 04:41:30.212022,2026-03-29 09:25:52.237113,2,1,0,1,2,20839462.025091,0.0,True,False
sess_1422,580,2025-07-14 17:33:28.186925,2025-12-31 01:35:06.186925,2,2,0,0,2,14630498.0,0.0,False,False
sess_1423,614,2026-02-18 22:42:38.237113,2026-02-18 22:42:38.237113,1,1,0,0,1,0.0,0.0,False,False
sess_1424,977,2025-12-05 05:01:31.186925,2026-03-26 23:56:28.249957,3,1,2,0,3,9658497.063032,2.0,False,False
sess_1425,658,2025-07-23 04:01:09.183414,2025-07-23 04:01:09.183414,1,1,0,0,1,0.0,0.0,False,False
sess_1426,336,2026-03-05 02:01:47.238931,2026-03-21 02:08:40.219548,2,1,1,0,2,1382812.980617,1.0,False,False
sess_1427,793,2025-09-04 19:40:47.186925,2026-04-17 09:41:54.238931,5,4,1,0,5,19404067.052006,0.25,False,False
sess_1428,435,2025-08-02 18:14:01.228610,2025-12-25 03:19:01.238931,3,1,2,0,3,12474300.010321,2.0,False,False
sess_1429,840,2025-07-07 03:56:27.211509,2026-05-17 05:40:18.228610,5,4,0,1,5,27135831.017101,0.0,True,False
sess_143,998,2025-07-12 12:41:53.245946,2026-06-03 07:50:50.226324,4,2,1,1,4,28148936.980378,0.5,False,False
sess_1430,95,2026-01-19 21:10:00.186925,2026-01-19 21:10:00.186925,1,0,0,1,1,0.0,0.0,True,False
sess_1431,820,2026-03-13 00:22:07.214026,2026-03-13 00:22:07.214026,1,0,1,0,1,0.0,0.0,False,False
sess_1432,687,2025-11-26 17:51:26.249957,2025-11-26 17:51:26.249957,1,1,0,0,1,0.0,0.0,False,False
sess_1433,743,2025-07-02 17:13:57.219548,2025-11-26 10:08:48.228610,2,0,2,0,2,12675291.009062,0.0,False,False
sess_1434,455,2025-07-08 17:07:24.183414,2026-01-20 06:05:38.209185,3,1,1,1,3,16894694.025771,1.0,False,False
sess_1436,805,2025-10-31 13:54:36.228610,2025-10-31 13:54:36.228610,1,0,0,1,1,0.0,0.0,True,False
sess_1437,863,2025-08-03 11:54:37.240934,2025-08-03 11:54:37.240934,1,0,1,0,1,0.0,0.0,False,False
sess_1438,141,2025-11-22 23:04:31.214026,2026-05-12 16:58:06.212022,3,1,0,2,3,14752414.997996,0.0,True,False
sess_1439,876,2025-09-11 17:11:44.251960,2026-02-28 14:13:17.228610,5,1,4,0,5,14677292.97665,4.0,False,False
sess_1440,879,2025-08-21 13:56:35.218542,2026-02-24 12:17:40.228610,5,0,1,4,5,16150865.010068,0.0,False,False
sess_1443,510,2025-12-09 01:47:30.237113,2026-06-09 06:22:50.185418,2,0,0,2,2,15741319.948305,0.0,True,False
sess_1444,709,2025-08-02 18:10:47.253968,2026-01-15 21:45:01.209185,2,2,0,0,2,14355253.955217,0.0,False,False
sess_1445,91,2026-01-02 20:23:12.224321,2026-04-26 14:14:04.186925,3,1,1,1,3,9827451.962604,1.0,False,False
sess_1446,978,2025-09-01 06:52:36.199974,2025-11-28 03:46:50.185418,2,1,0,1,2,7592053.985444,0.0,True,False
sess_1449,379,2025-08-21 22:45:14.214026,2025-09-09 22:13:50.247953,2,1,1,0,2,1639716.033927,1.0,False,False
sess_145,587,2025-07-26 11:09:59.186925,2025-11-30 20:38:44.249957,3,0,3,0,3,11006925.063032,0.0,False,False
sess_1451,486,2025-08-18 22:01:43.186925,2025-11-19 21:12:06.209185,3,1,1,1,3,8032223.02226,1.0,False,False
sess_1452,470,2025-09-16 16:42:43.186925,2026-05-13 18:35:26.212022,3,0,2,1,3,20656363.025097,0.0,False,False
sess_1453,578,2026-01-01 16:39:57.219548,2026-01-01 16:39:57.219548,1,0,0,1,1,0.0,0.0,True,False
sess_1454,296,2025-09-16 10:07:43.243940,2026-01-15 04:57:41.228610,2,1,0,1,2,10435797.98467,0.0,True,False
sess_1455,995,2025-09-02 22:27:53.214026,2026-04-26 22:48:48.245946,3,0,0,3,3,20391655.03192,0.0,True,False
sess_1456,909,2025-11-17 04:47:59.242937,2026-01-22 12:04:22.222317,2,0,0,2,2,5728582.97938,0.0,True,False
sess_1457,229,2025-09-07 16:18:39.186925,2026-03-29 12:17:57.251960,3,2,0,1,3,17524758.065035,0.0,True,False
sess_1458,928,2025-09-29 13:43:46.247953,2026-03-08 04:56:54.240934,2,1,0,1,2,13792387.992981,0.0,True,False
sess_1459,56,2025-11-06 19:53:44.219548,2026-05-10 02:19:53.249957,2,0,2,0,2,15920769.030409,0.0,False,False
sess_146,281,2025-08-21 15:56:53.186925,2026-01-01 11:15:48.212022,4,0,2,2,4,11474335.025097,0.0,False,False
sess_1460,782,2025-09-20 06:50:24.228610,2025-09-20 06:50:24.228610,1,0,0,1,1,0.0,0.0,True,False
sess_1461,392,2025-10-14 04:40:31.183414,2025-10-14 04:40:31.183414,1,0,0,1,1,0.0,0.0,True,False
sess_1462,439,2025-11-10 13:40:53.235934,2026-04-20 20:49:27.245946,4,1,1,2,4,13936114.010012,1.0,False,False
sess_1463,643,2026-04-08 11:43:21.181409,2026-04-08 11:43:21.181409,1,1,0,0,1,0.0,0.0,False,False
sess_1464,511,2025-07-15 11:31:32.251960,2026-05-24 04:41:58.240934,3,0,3,0,3,27018625.988974,0.0,False,False
sess_1465,85,2025-12-30 02:03:15.247953,2026-03-31 18:08:03.218542,2,1,0,1,2,7920287.970589,0.0,True,False
sess_1466,951,2026-03-07 02:55:52.186925,2026-03-07 02:55:52.186925,1,0,0,1,1,0.0,0.0,True,False
sess_1467,423,2025-07-29 12:38:11.199974,2025-08-21 08:28:02.211204,2,0,2,0,2,1972191.01123,0.0,False,False
sess_1468,839,2026-03-03 19:52:00.186925,2026-03-03 19:52:00.186925,1,0,0,1,1,0.0,0.0,True,False
sess_1469,157,2025-06-18 19:04:43.183414,2026-01-10 10:08:51.228610,2,0,0,2,2,17766248.045196,0.0,True,False
sess_147,503,2026-01-11 08:09:47.228610,2026-06-06 15:28:38.203543,3,3,0,0,3,12640730.974933,0.0,False,False
sess_1470,8,2025-08-25 01:33:53.219548,2026-03-25 23:21:51.185418,3,1,1,1,3,18395277.96587,1.0,False,False
sess_1471,540,2026-01-29 01:04:56.222317,2026-02-05 14:54:42.228610,2,1,0,1,2,654586.006293,0.0,True,False
sess_1473,1055,2025-11-14 07:17:10.247953,2026-05-06 03:43:31.216529,3,3,0,0,3,14934380.968576,0.0,False,False
sess_1474,693,2026-04-11 00:02:12.199974,2026-04-11 00:02:12.199974,1,0,0,1,1,0.0,0.0,True,False
sess_1475,229,2026-04-21 00:07:04.214026,2026-05-18 20:27:55.245946,2,0,1,1,2,2406051.03192,0.0,False,False
sess_1476,951,2026-02-06 06:08:18.247953,2026-02-06 06:08:18.247953,1,1,0,0,1,0.0,0.0,False,False
sess_1477,669,2025-06-12 08:20:17.228610,2026-05-30 15:47:07.224321,3,1,1,1,3,30439609.995711,1.0,False,False
sess_1478,1095,2025-11-27 00:46:10.199974,2026-02-02 14:10:44.222317,2,0,0,2,2,5837074.022343,0.0,True,False
sess_1479,1081,2025-10-10 09:03:35.224321,2026-06-08 13:03:06.183414,4,2,2,0,4,20836770.959093,1.0,False,False
sess_148,241,2025-10-24 00:12:35.186925,2026-05-15 23:44:24.249957,2,0,0,2,2,17623909.063032,0.0,True,False
sess_1480,934,2025-09-11 15:50:38.224321,2026-02-19 16:21:09.240934,2,0,1,1,2,13912231.016613,0.0,False,False
sess_1481,1029,2025-08-19 21:28:02.237113,2026-04-21 20:52:13.242937,3,0,2,1,3,21165851.005824,0.0,False,False
sess_1482,628,2025-08-06 17:00:46.186925,2026-01-06 22:55:11.245946,2,1,1,0,2,13240465.059021,1.0,False,False
sess_1483,772,2026-03-14 09:52:38.186925,2026-03-14 09:52:38.186925,1,0,0,1,1,0.0,0.0,True,False
sess_1485,627,2025-07-12 03:45:02.186925,2026-05-25 23:15:15.183414,7,4,1,2,6,27459012.996489,0.25,False,False
sess_1486,252,2025-07-18 09:44:20.218542,2026-05-25 18:26:21.247953,4,3,0,1,4,26901721.029411,0.0,True,False
sess_1487,927,2025-08-19 14:32:32.228610,2026-05-17 00:04:25.186925,2,0,1,1,2,23362312.958315,0.0,False,False
sess_1488,189,2026-04-20 02:14:39.209185,2026-06-02 16:46:34.178635,2,1,0,1,2,3767514.96945,0.0,True,False
sess_1489,185,2025-10-01 14:42:26.242937,2026-06-07 09:49:28.186925,3,0,2,1,3,21496021.943988,0.0,False,False
sess_149,270,2025-08-17 04:55:32.212022,2025-09-09 15:24:41.186925,2,1,0,1,2,2024948.974903,0.0,True,False
sess_1490,1022,2025-10-11 13:39:39.228610,2026-03-03 01:56:54.178635,3,1,1,1,3,12313034.950025,1.0,False,False
sess_1491,102,2025-08-31 19:34:04.251960,2026-05-03 02:48:48.186925,2,2,0,0,2,21107683.934965,0.0,False,False
sess_1492,176,2025-09-15 08:47:38.245946,2026-03-30 06:08:37.186925,3,0,2,1,3,16924858.940979,0.0,False,False
sess_1493,506,2025-07-12 04:43:34.207677,2026-02-14 18:08:22.186925,4,0,0,4,4,18797087.979248,0.0,True,False
sess_1494,164,2026-03-21 01:01:22.216529,2026-03-21 01:01:22.216529,1,0,1,0,1,0.0,0.0,False,False
sess_1495,938,2025-07-08 17:42:05.247953,2025-12-04 01:09:09.247953,3,1,1,1,3,12814024.0,1.0,False,False
sess_1496,247,2025-06-30 13:55:49.186925,2026-04-26 15:09:22.237113,3,1,1,1,3,25924413.050188,1.0,False,False
sess_1497,665,2025-09-11 11:10:40.238931,2025-09-11 11:10:40.238931,1,0,0,1,1,0.0,0.0,True,False
sess_1498,244,2025-07-15 06:23:00.218542,2026-05-17 03:45:42.249957,3,0,2,1,3,26428962.031415,0.0,False,False
sess_1499,187,2026-01-19 00:26:42.186925,2026-06-11 06:33:57.203543,4,0,2,2,4,12377235.016618,0.0,False,False
sess_15,578,2025-09-14 17:31:25.178635,2025-10-08 18:54:02.240934,2,0,0,2,2,2078557.062299,0.0,True,False
sess_150,627,2025-06-28 06:32:45.219548,2026-02-22 11:45:39.247953,2,1,0,1,2,20668374.028405,0.0,True,False
sess_1500,313,2025-08-12 03:25:05.242937,2026-03-21 10:54:46.228610,3,0,0,3,3,19121380.985673,0.0,True,False
sess_1501,39,2025-11-12 15:11:18.183414,2026-01-28 11:04:36.186925,2,0,1,1,2,6637998.003511,0.0,False,False
sess_1502,550,2026-04-20 05:55:43.183414,2026-04-20 05:55:43.183414,1,1,0,0,1,0.0,0.0,False,False
sess_1503,439,2025-07-03 23:28:04.219548,2025-10-02 09:33:03.186925,2,0,0,2,2,7812298.967377,0.0,True,False
sess_1504,621,2025-11-14 15:49:44.186925,2026-02-09 09:34:01.183414,3,1,2,0,3,7494256.996489,2.0,False,False
sess_1505,263,2025-07-11 17:37:41.228610,2026-03-05 16:35:30.219548,5,2,3,0,5,20473068.990938,1.5,False,False
sess_1506,895,2026-05-31 09:57:52.203543,2026-05-31 09:57:52.203543,1,0,0,1,1,0.0,0.0,True,False
sess_1507,984,2025-09-05 01:41:13.228610,2026-02-14 08:32:32.222317,3,0,1,2,3,14021478.993707,0.0,False,False
sess_1508,431,2025-08-23 16:41:49.219548,2025-11-24 09:51:04.199974,2,1,1,0,2,8010554.980426,1.0,False,False
sess_1509,249,2025-12-30 13:16:27.218542,2026-02-24 14:34:28.226324,2,1,1,0,2,4843081.007782,1.0,False,False
sess_151,240,2025-07-08 12:13:01.242937,2025-12-26 00:20:29.245946,6,2,1,3,6,14731648.003009,0.5,False,False
sess_1510,415,2025-10-11 14:45:20.212022,2026-04-11 03:48:05.240934,3,1,0,2,3,15685365.028912,0.0,True,False
sess_1511,800,2025-06-27 01:03:25.186925,2025-08-30 13:21:25.222317,2,0,1,1,2,5573880.035392,0.0,False,False
sess_1512,1031,2025-12-10 00:23:11.214026,2025-12-10 00:23:11.214026,1,1,0,0,1,0.0,0.0,False,False
sess_1513,271,2025-09-12 18:45:38.214026,2026-04-24 23:34:22.240934,2,1,0,1,2,19370924.026908,0.0,True,False
sess_1514,969,2025-07-20 13:10:27.228610,2025-10-19 20:19:19.238931,3,0,2,1,3,7888132.010321,0.0,False,False
sess_1515,1028,2025-09-27 21:51:33.245946,2026-05-04 08:15:11.240934,4,1,2,1,4,18872617.994988,2.0,False,False
sess_1516,763,2025-07-30 19:32:40.186925,2026-04-29 07:22:47.186925,5,2,1,2,5,23543407.0,0.5,False,False
sess_1517,707,2026-06-09 03:47:55.238931,2026-06-09 03:47:55.238931,1,0,0,1,1,0.0,0.0,True,False
sess_1519,969,2025-10-06 21:44:57.178635,2026-05-04 04:25:36.181409,2,0,2,0,2,18081639.002774,0.0,False,False
sess_152,239,2025-10-17 08:04:48.186925,2026-04-11 21:27:07.209185,2,0,2,0,2,15254539.02226,0.0,False,False
sess_1520,1068,2025-10-28 15:07:24.249957,2025-10-28 15:07:24.249957,1,1,0,0,1,0.0,0.0,False,False
sess_1521,608,2026-02-10 12:52:18.240934,2026-02-10 12:52:18.240934,1,0,1,0,1,0.0,0.0,False,False
sess_1522,37,2026-05-23 07:03:21.218542,2026-05-23 07:03:21.218542,1,0,1,0,1,0.0,0.0,False,False
sess_1523,839,2025-06-30 15:17:39.245946,2025-06-30 15:17:39.245946,1,1,0,0,1,0.0,0.0,False,False
sess_1525,1000,2025-07-18 03:18:10.242937,2025-12-25 22:15:39.181409,2,1,0,1,2,13892248.938472,0.0,True,False
sess_1526,1054,2025-07-17 18:02:30.203543,2025-07-17 18:02:30.203543,1,0,0,1,1,0.0,0.0,True,False
sess_1528,208,2025-09-08 08:13:32.238931,2026-04-19 10:33:35.228610,2,1,0,1,2,19275602.989679,0.0,True,False
sess_1529,994,2025-09-18 05:41:24.238931,2025-10-14 09:53:53.216529,2,0,0,2,2,2261548.977598,0.0,True,False
sess_153,518,2025-11-16 12:36:24.228610,2026-03-07 00:59:49.186925,2,1,0,1,2,9548604.958315,0.0,True,False
sess_1530,646,2025-06-26 02:45:46.186925,2026-02-06 04:14:10.186925,4,3,0,1,4,19445304.0,0.0,True,False
sess_1531,556,2025-06-14 06:38:33.247953,2025-12-28 03:47:57.228610,3,1,0,2,3,17010563.980657,0.0,True,False
sess_1532,256,2025-09-17 18:40:52.186925,2026-04-14 09:56:32.240934,2,1,0,1,2,18026140.054009,0.0,True,False
sess_1533,233,2025-10-27 17:11:12.183414,2026-04-06 09:10:07.240934,2,0,1,1,2,13881535.05752,0.0,False,False
sess_1535,318,2026-06-07 09:24:57.253968,2026-06-07 09:24:57.253968,1,0,1,0,1,0.0,0.0,False,False
sess_1537,56,2025-11-24 13:55:47.247953,2026-05-10 02:04:13.186925,2,1,0,1,2,14386105.938972,0.0,True,False
sess_154,634,2025-06-27 23:17:39.226324,2026-02-15 18:17:12.247953,5,3,2,0,5,20113173.021629,0.6666666666666666,False,False
sess_1540,595,2025-06-11 17:57:23.186925,2026-05-29 11:41:34.228610,6,1,2,3,6,30390251.041685,2.0,False,False
sess_1542,809,2026-01-08 01:46:47.253968,2026-06-01 00:10:39.238931,3,1,1,1,3,12435831.984963,1.0,False,False
sess_1543,534,2025-07-06 02:43:40.214026,2026-06-01 05:24:55.226324,4,0,0,4,4,28521675.012298,0.0,True,False
sess_1544,111,2025-10-14 22:38:22.237113,2026-04-22 09:06:59.186925,3,0,2,1,3,16367316.949812,0.0,False,False
sess_1545,656,2025-07-09 00:52:50.226324,2026-03-30 02:33:30.235934,6,2,3,1,6,22815640.00961,1.5,False,False
sess_1546,106,2025-07-26 23:59:05.228610,2026-03-23 06:41:31.207677,2,0,2,0,2,20673745.979067,0.0,False,False
sess_1547,707,2025-08-01 09:49:36.228610,2026-06-10 03:33:46.243940,3,1,2,0,3,27020650.01533,2.0,False,False
sess_1548,993,2025-12-06 04:56:19.183414,2025-12-06 04:56:19.183414,1,0,0,1,1,0.0,0.0,True,False
sess_1549,400,2026-01-25 05:00:33.249957,2026-04-09 17:41:41.238931,3,0,2,1,3,6439267.988974,0.0,False,False
sess_155,619,2025-10-15 03:34:50.247953,2026-01-28 02:44:53.240934,3,0,2,1,3,9069002.992981,0.0,False,False
sess_1551,81,2025-06-19 17:13:11.247953,2025-07-24 12:14:10.185418,2,1,0,1,2,3006058.937465,0.0,True,False
sess_1552,460,2025-07-10 06:53:12.209185,2026-05-20 15:45:24.228610,3,0,2,1,3,27161532.019425,0.0,False,False
sess_1553,285,2026-03-09 19:29:19.245946,2026-05-24 00:55:51.181409,3,0,0,3,3,6499591.935463,0.0,True,False
sess_1554,12,2025-07-14 09:43:12.209185,2026-03-09 21:29:08.183414,2,0,1,1,2,20605555.974229,0.0,False,False
sess_1555,843,2026-06-06 19:55:37.224321,2026-06-06 19:55:37.224321,1,1,0,0,1,0.0,0.0,False,False
sess_1556,1090,2025-10-26 11:21:17.228610,2025-10-26 11:21:17.228610,1,1,0,0,1,0.0,0.0,False,False
sess_1557,560,2025-09-17 14:57:23.183414,2026-03-23 16:57:15.228610,2,1,1,0,2,16163992.045196,1.0,False,False
sess_1558,927,2025-08-15 19:52:27.216529,2026-06-06 19:12:54.228610,2,0,2,0,2,25485627.012081,0.0,False,False
sess_1559,811,2025-07-31 19:50:54.186925,2026-02-03 18:28:24.226324,2,1,1,0,2,16151850.039399,1.0,False,False
sess_156,372,2025-07-18 07:12:35.228610,2026-03-07 21:07:34.253968,2,1,1,0,2,20094899.025358,1.0,False,False
sess_1560,74,2026-02-18 07:39:05.209185,2026-02-18 07:39:05.209185,1,0,0,1,1,0.0,0.0,True,False
sess_1561,739,2025-07-09 17:32:21.238931,2025-07-16 09:40:08.228610,2,1,1,0,2,576466.989679,1.0,False,False
sess_1562,193,2025-11-13 01:10:31.251960,2026-03-29 02:11:15.178635,2,0,1,1,2,11754043.926675,0.0,False,False
sess_1564,774,2026-02-22 00:24:21.227826,2026-04-28 21:56:46.186925,4,0,2,2,4,5693544.959099,0.0,False,False
sess_1565,255,2025-07-10 07:35:09.245946,2025-07-10 07:35:09.245946,1,1,0,0,1,0.0,0.0,False,False
sess_1566,1059,2026-01-03 11:44:44.185418,2026-01-09 06:18:27.209185,3,2,1,0,3,498823.023767,0.5,False,False
sess_1567,478,2025-07-25 07:06:34.203543,2025-08-05 23:04:12.186925,2,1,1,0,2,1007857.983382,1.0,False,False
sess_1569,32,2025-09-09 16:50:27.186925,2025-09-09 16:50:27.186925,1,0,0,1,1,0.0,0.0,True,False
sess_157,229,2025-12-01 02:01:40.216529,2025-12-01 02:01:40.216529,1,0,0,1,1,0.0,0.0,True,False
sess_1570,821,2025-11-16 13:31:13.185418,2026-05-11 22:05:41.216529,3,1,0,2,3,15237268.031111,0.0,True,False
sess_1571,622,2025-07-09 06:07:58.207677,2026-04-25 22:10:40.185418,2,0,2,0,2,25113761.977741,0.0,False,False
sess_1572,493,2025-08-06 11:05:43.243940,2025-12-28 10:49:26.222317,2,1,0,1,2,12440622.978377,0.0,True,False
sess_1573,1010,2026-05-13 07:56:12.195433,2026-06-01 19:03:52.251960,2,1,0,1,2,1681660.056527,0.0,True,False
sess_1574,590,2025-07-20 04:31:00.238931,2025-07-20 04:31:00.238931,1,0,1,0,1,0.0,0.0,False,False
sess_1575,132,2025-07-08 06:56:46.212022,2025-07-18 04:56:37.247953,2,0,1,1,2,856791.035931,0.0,False,False
sess_1576,221,2026-05-18 23:08:53.186925,2026-05-18 23:08:53.186925,1,0,0,1,1,0.0,0.0,True,False
sess_1577,320,2025-08-01 16:30:40.238931,2026-03-18 18:56:44.214026,3,0,1,2,3,19794363.975095,0.0,False,False
sess_1578,403,2026-03-10 07:07:43.251960,2026-03-10 07:07:43.251960,1,0,1,0,1,0.0,0.0,False,False
sess_1579,390,2025-07-10 00:37:14.216529,2026-03-26 19:18:42.235934,3,0,2,1,3,22444888.019405,0.0,False,False
sess_158,493,2025-08-27 01:29:59.245946,2025-12-13 05:12:29.214026,2,0,2,0,2,9344549.96808,0.0,False,False
sess_1580,168,2025-07-20 19:21:30.245946,2026-02-01 13:42:29.186925,2,0,2,0,2,16914058.940979,0.0,False,False
sess_1581,803,2025-11-22 13:38:47.238931,2025-11-22 13:38:47.238931,1,1,0,0,1,0.0,0.0,False,False
sess_1582,44,2025-10-20 22:06:36.203543,2025-10-20 22:06:36.203543,1,0,1,0,1,0.0,0.0,False,False
sess_1583,654,2025-07-30 02:53:18.219548,2025-10-08 15:36:46.209185,2,1,0,1,2,6093807.989637,0.0,True,False
sess_1585,430,2025-10-22 00:05:16.219548,2025-10-22 00:05:16.219548,1,0,0,1,1,0.0,0.0,True,False
sess_1586,8,2025-07-22 18:20:49.249957,2026-03-24 16:31:02.181409,3,2,0,1,3,21161412.931452,0.0,True,False
sess_1587,483,2026-04-07 06:13:56.186925,2026-05-30 12:56:15.181409,2,0,0,2,2,4603338.994484,0.0,True,False
sess_1588,975,2025-11-04 20:26:30.240934,2026-05-28 12:51:15.197951,4,2,1,1,4,17684684.957017,0.5,False,False
sess_1589,596,2025-07-04 21:00:43.183414,2025-07-04 21:00:43.183414,1,1,0,0,1,0.0,0.0,False,False
sess_159,126,2025-07-28 18:15:40.224321,2026-05-31 15:00:21.209185,3,2,0,1,3,26513080.984864,0.0,True,False
sess_1590,460,2025-07-17 05:40:02.186925,2026-01-12 06:56:05.222317,4,2,1,1,4,15470163.035392,0.5,False,False
sess_1591,104,2026-05-25 23:01:23.181409,2026-05-25 23:01:23.181409,1,1,0,0,1,0.0,0.0,False,False
sess_1593,95,2025-07-19 08:28:29.186925,2026-01-23 04:20:48.237113,3,2,1,0,3,16228339.050188,0.5,False,False
sess_1594,700,2025-12-29 19:18:59.181409,2026-01-02 06:37:03.214026,2,0,1,1,2,299884.032617,0.0,False,False
sess_1595,83,2025-06-20 02:18:04.247953,2026-05-31 22:47:26.214026,4,0,3,1,4,29881761.966073,0.0,False,False
sess_1596,965,2025-10-12 05:44:30.186925,2026-01-21 23:24:54.209185,3,1,2,0,3,8790024.02226,2.0,False,False
sess_1597,62,2025-07-07 20:03:32.186925,2026-05-13 14:14:10.240934,5,4,1,0,5,26763038.054009,0.25,False,False
sess_1598,930,2025-07-19 19:25:22.216529,2026-06-02 18:12:12.251960,3,0,1,2,3,27470810.035431,0.0,False,False
sess_1599,17,2025-08-09 02:09:40.219548,2026-04-05 11:43:55.228610,6,1,2,3,6,20684055.009062,2.0,False,False
sess_16,649,2025-08-31 16:57:59.199974,2025-08-31 16:57:59.199974,1,0,0,1,1,0.0,0.0,True,False
sess_1600,1059,2025-09-28 20:44:41.214026,2026-04-27 08:38:22.209185,3,0,1,2,3,18186820.995159,0.0,False,False
sess_1602,397,2025-09-19 01:25:00.186925,2025-09-26 01:55:32.186925,2,0,1,1,2,606632.0,0.0,False,False
sess_1603,628,2026-01-26 02:45:14.228610,2026-03-15 14:58:23.209185,3,0,2,1,3,4191188.980575,0.0,False,False
sess_1604,222,2025-07-13 20:08:03.178635,2025-10-03 01:37:01.202536,3,0,1,2,3,7018138.023901,0.0,False,False
sess_1605,430,2025-08-14 15:38:52.183414,2025-08-14 15:38:52.183414,1,0,1,0,1,0.0,0.0,False,False
sess_1606,108,2025-11-10 13:26:27.235934,2025-11-10 13:26:27.235934,1,0,1,0,1,0.0,0.0,False,False
sess_1607,646,2025-06-22 02:44:51.203543,2026-03-20 09:30:01.247953,4,2,1,1,4,23438710.04441,0.5,False,False
sess_1608,578,2025-09-06 14:31:45.247953,2026-05-03 00:33:21.186925,2,0,2,0,2,20599295.938972,0.0,False,False
sess_1609,474,2025-10-08 20:50:45.235934,2025-10-08 20:50:45.235934,1,1,0,0,1,0.0,0.0,False,False
sess_161,554,2026-01-09 11:25:33.224321,2026-05-04 13:40:29.240934,2,0,1,1,2,9944096.016613,0.0,False,False
sess_1610,636,2025-10-05 15:29:57.228610,2026-03-19 20:40:08.240934,2,2,0,0,2,14274611.012324,0.0,False,False
sess_1611,934,2025-06-23 17:40:08.238931,2026-05-04 08:31:05.214026,5,1,2,2,5,27183056.975095,2.0,False,False
sess_1612,790,2025-12-26 06:49:25.186925,2026-05-31 00:36:11.212022,3,1,0,2,3,13456006.025097,0.0,True,False
sess_1613,111,2025-10-23 23:03:01.228610,2026-04-23 07:48:44.186925,2,2,0,0,2,15669942.958315,0.0,False,False
sess_1614,514,2025-07-27 19:15:35.245946,2026-02-14 12:00:24.186925,4,0,1,3,4,17426688.940979,0.0,False,False
sess_1615,1004,2025-10-13 10:46:04.186925,2026-03-04 03:57:05.186925,2,0,2,0,2,12244261.0,0.0,False,False
sess_1616,749,2025-06-21 10:34:12.240934,2025-06-21 10:34:12.240934,1,0,0,1,1,0.0,0.0,True,False
sess_1617,649,2025-10-27 23:53:26.228610,2026-03-18 06:16:47.245946,2,0,1,1,2,12205401.017336,0.0,False,False
sess_1618,28,2025-11-06 16:34:58.219548,2026-04-11 03:04:21.183414,2,1,0,1,2,13429762.963866,0.0,True,False
sess_1619,285,2025-09-14 02:24:31.228610,2026-06-05 06:35:20.186925,3,1,1,1,3,22824648.958315,1.0,False,False
sess_162,122,2025-12-06 18:11:51.228610,2026-06-04 20:07:39.186925,5,1,1,3,5,15558947.958315,1.0,False,False
sess_1620,645,2025-07-26 22:06:24.185418,2026-02-05 01:49:15.249957,2,2,0,0,2,16688571.064539,0.0,False,False
sess_1621,271,2025-12-27 22:45:36.227826,2025-12-27 22:45:36.227826,1,1,0,0,1,0.0,0.0,False,False
sess_1622,127,2025-11-15 11:23:55.242937,2025-11-15 11:23:55.242937,1,0,0,1,1,0.0,0.0,True,False
sess_1624,215,2025-12-24 16:31:14.181409,2025-12-25 22:07:00.237113,2,1,1,0,2,106546.055704,1.0,False,False
sess_1625,808,2025-11-20 22:31:06.228610,2026-06-10 10:03:05.249957,2,1,1,0,2,17407919.021347,1.0,False,False
sess_1626,730,2026-05-15 05:27:00.178635,2026-05-15 05:27:00.178635,1,0,1,0,1,0.0,0.0,False,False
sess_1627,586,2025-07-01 08:30:50.247953,2025-07-01 08:30:50.247953,1,0,1,0,1,0.0,0.0,False,False
sess_1629,918,2025-08-28 04:58:07.247953,2026-06-05 15:55:02.181409,4,1,1,2,4,24317814.933456,1.0,False,False
sess_163,777,2025-07-07 05:50:03.181409,2025-12-16 10:50:45.228610,3,1,1,1,3,14014842.047201,1.0,False,False
sess_1630,377,2026-01-11 09:38:28.183414,2026-06-04 18:34:48.249957,2,1,0,1,2,12473780.066543,0.0,True,False
sess_1631,468,2025-06-12 04:15:34.251960,2026-04-10 01:14:07.185418,2,1,1,0,2,26081912.933458,1.0,False,False
sess_1632,281,2026-04-21 15:27:07.209185,2026-04-21 15:27:07.209185,1,0,1,0,1,0.0,0.0,False,False
sess_1633,328,2025-06-15 13:52:25.186925,2025-08-30 11:53:15.209185,2,0,2,0,2,6559250.02226,0.0,False,False
sess_1634,713,2025-06-15 00:17:43.186925,2025-10-30 23:59:56.203543,3,2,1,0,3,11922133.016618,0.5,False,False
sess_1635,1019,2025-11-25 01:14:00.224321,2025-11-25 01:14:00.224321,1,1,0,0,1,0.0,0.0,False,False
sess_1636,836,2025-06-21 09:46:32.186925,2025-07-26 13:57:17.226324,2,0,0,2,2,3039045.039399,0.0,True,False
sess_1637,257,2025-07-26 05:05:54.186925,2025-07-26 05:05:54.186925,1,0,0,1,1,0.0,0.0,True,False
sess_1638,1011,2025-09-19 05:37:04.183414,2026-04-14 15:07:03.228610,4,2,1,1,4,17918999.045196,0.5,False,False
sess_1639,921,2025-10-22 07:19:20.247953,2026-05-14 14:47:48.237113,2,0,0,2,2,17652507.98916,0.0,True,False
sess_164,400,2026-03-15 01:59:21.242937,2026-03-15 01:59:21.242937,1,0,0,1,1,0.0,0.0,True,False
sess_1640,369,2026-06-08 07:50:49.186925,2026-06-08 07:50:49.186925,1,1,0,0,1,0.0,0.0,False,False
sess_1641,144,2025-12-13 22:12:11.235934,2025-12-13 22:12:11.235934,1,0,0,1,1,0.0,0.0,True,False
sess_1642,590,2025-06-24 09:48:40.226324,2025-09-14 17:25:05.240934,2,1,0,1,2,7112185.01461,0.0,True,False
sess_1643,363,2026-03-08 06:21:10.183414,2026-03-08 06:21:10.183414,1,0,1,0,1,0.0,0.0,False,False
sess_1644,289,2025-07-21 10:47:27.243940,2026-04-28 14:00:01.228610,5,3,1,1,5,24289953.98467,0.3333333333333333,False,False
sess_1646,50,2025-09-22 08:23:07.251960,2025-10-03 15:24:00.178635,2,0,1,1,2,975652.926675,0.0,False,False
sess_1647,163,2025-07-08 22:58:40.240934,2025-07-20 19:34:50.197951,2,2,0,0,2,1024569.957017,0.0,False,False
sess_1648,895,2025-06-22 09:57:08.245946,2026-02-28 12:57:26.243940,2,2,0,0,2,21697217.997994,0.0,False,False
sess_165,993,2025-10-04 13:25:08.251960,2026-05-06 03:25:27.181409,2,2,0,0,2,18453618.929449,0.0,False,False
sess_1650,961,2025-09-17 20:40:16.222317,2025-10-25 03:02:08.214026,2,1,1,0,2,3219711.991709,1.0,False,False
sess_1651,131,2025-07-14 13:02:49.226324,2025-12-24 21:27:31.242937,3,1,2,0,3,14113482.016613,2.0,False,False
sess_1652,405,2025-09-09 08:44:03.183414,2025-09-20 01:46:18.228610,2,0,1,1,2,925335.045196,0.0,False,False
sess_1653,856,2025-07-02 14:07:39.243940,2025-07-02 14:07:39.243940,1,0,1,0,1,0.0,0.0,False,False
sess_1654,185,2025-06-19 04:16:09.185418,2026-04-24 05:40:45.183414,4,1,2,1,4,26702675.997996,2.0,False,False
sess_1655,733,2025-07-01 01:27:24.183414,2026-05-01 18:46:09.195433,4,0,2,2,4,26327925.012019,0.0,False,False
sess_1656,444,2025-08-04 05:16:05.197951,2025-12-16 22:42:06.228610,3,1,2,0,3,11640361.030659,2.0,False,False
sess_1657,658,2025-07-24 07:29:01.228610,2026-03-09 07:16:57.214026,3,1,1,1,3,19698475.985416,1.0,False,False
sess_1658,329,2025-11-06 14:54:27.199974,2025-11-06 14:54:27.199974,1,0,1,0,1,0.0,0.0,False,False
sess_1659,724,2025-09-02 08:29:31.218542,2025-12-19 17:19:10.222317,5,3,1,1,5,9362979.003775,0.3333333333333333,False,False
sess_166,276,2025-10-24 22:36:37.243940,2025-10-31 05:56:22.228610,2,0,0,2,2,544784.98467,0.0,True,False
sess_1660,516,2025-08-03 17:21:42.186925,2026-05-13 21:08:43.247953,3,1,0,2,3,24464821.061028,0.0,True,False
sess_1661,245,2025-07-25 20:20:45.219548,2026-04-09 23:12:55.219548,4,0,3,1,4,22301530.0,0.0,False,False
sess_1662,44,2025-12-01 08:03:29.181409,2026-02-27 07:38:44.181409,3,2,0,1,3,7601715.0,0.0,True,False
sess_1663,1006,2025-11-09 00:35:12.202536,2025-11-09 00:35:12.202536,1,0,1,0,1,0.0,0.0,False,False
sess_1664,470,2025-11-15 08:52:08.249957,2026-04-15 23:42:48.238931,2,1,0,1,2,13099839.988974,0.0,True,False
sess_1665,110,2025-06-18 14:40:09.226324,2026-05-22 18:00:10.228610,5,3,1,1,5,29215201.002286,0.3333333333333333,False,False
sess_1669,76,2025-10-15 09:42:11.199974,2026-06-03 11:59:14.253968,3,0,1,2,3,19966623.053994,0.0,False,False
sess_167,782,2025-09-06 01:42:39.185418,2026-03-31 07:42:58.183414,3,1,0,2,3,17820018.997996,0.0,True,False
sess_1670,80,2025-10-11 01:05:29.242937,2026-03-06 17:35:04.240934,4,1,1,2,4,12673774.997997,1.0,False,False
sess_1671,79,2025-11-17 17:16:48.224321,2025-11-17 17:16:48.224321,1,0,0,1,1,0.0,0.0,True,False
sess_1673,525,2026-06-09 06:28:21.228610,2026-06-09 06:28:21.228610,1,0,1,0,1,0.0,0.0,False,False
sess_1674,694,2025-07-05 07:58:21.197951,2025-07-05 07:58:21.197951,1,1,0,0,1,0.0,0.0,False,False
sess_1675,213,2025-10-31 08:33:56.228610,2026-05-25 10:55:35.207677,3,1,0,2,3,17806898.979067,0.0,True,False
sess_1677,808,2025-08-09 00:54:42.214026,2026-04-15 15:55:33.216529,3,1,1,1,3,21567651.002503,1.0,False,False
sess_1678,594,2025-07-03 00:39:04.242937,2025-07-03 00:39:04.242937,1,1,0,0,1,0.0,0.0,False,False
sess_1679,937,2025-09-25 09:01:21.228610,2026-04-07 00:27:19.218542,3,1,0,2,3,16730757.989932,0.0,True,False
sess_168,1005,2026-04-19 03:18:33.224321,2026-04-19 03:18:33.224321,1,1,0,0,1,0.0,0.0,False,False
sess_1680,345,2025-06-22 20:27:23.251960,2026-06-11 22:03:15.228610,4,1,3,0,4,30591351.97665,3.0,False,False
sess_1682,402,2025-09-09 16:32:50.214026,2026-03-11 00:47:32.186925,2,1,0,1,2,15754481.972899,0.0,True,False
sess_1683,674,2025-08-11 10:18:24.209185,2026-02-11 03:39:24.197951,2,1,1,0,2,15873659.988766,1.0,False,False
sess_1684,821,2025-07-09 12:44:31.186925,2026-03-21 19:33:24.185418,5,2,0,3,5,22056532.998493,0.0,True,False
sess_1685,595,2025-11-20 19:59:55.199974,2025-11-20 19:59:55.199974,1,1,0,0,1,0.0,0.0,False,False
sess_1686,248,2025-07-11 05:53:56.199974,2025-09-23 01:40:43.228610,2,1,1,0,2,6378407.028636,1.0,False,False
sess_1687,478,2025-12-13 20:42:16.247953,2025-12-13 20:42:16.247953,1,0,1,0,1,0.0,0.0,False,False
sess_1688,258,2025-09-22 02:42:02.228610,2026-04-12 01:39:49.222317,2,0,1,1,2,17449066.993707,0.0,False,False
sess_1689,878,2025-06-22 01:49:36.228610,2026-04-13 19:39:48.214026,4,2,1,1,4,25552211.985416,0.5,False,False
sess_169,270,2025-07-08 19:57:59.228610,2026-06-01 03:46:37.214026,3,2,1,0,3,28280917.985416,0.5,False,False
sess_1690,1030,2025-07-28 01:07:56.253968,2026-05-29 18:13:52.209185,3,1,1,1,3,26413555.955217,1.0,False,False
sess_1691,64,2025-11-13 20:58:10.209185,2026-04-09 00:36:30.249957,2,1,1,0,2,12627500.040772,1.0,False,False
sess_1692,592,2026-02-21 23:04:00.181409,2026-02-21 23:04:00.181409,1,0,1,0,1,0.0,0.0,False,False
sess_1693,131,2025-07-17 05:37:56.237113,2025-07-17 05:37:56.237113,1,0,0,1,1,0.0,0.0,True,False
sess_1694,192,2025-08-27 03:10:24.228610,2026-02-27 11:41:39.186925,2,2,0,0,2,15928274.958315,0.0,False,False
sess_1695,1049,2025-10-04 06:18:17.212022,2026-02-03 21:52:51.228610,2,1,1,0,2,10596874.016588,1.0,False,False
sess_1696,571,2026-04-24 07:10:24.185418,2026-04-24 07:10:24.185418,1,0,0,1,1,0.0,0.0,True,False
sess_1697,171,2025-07-31 15:37:22.186925,2026-04-21 05:30:41.186925,3,3,0,0,3,22773199.0,0.0,False,False
sess_1698,1007,2025-10-06 17:31:26.228610,2026-05-14 19:03:48.178635,3,1,1,1,3,19013541.950025,1.0,False,False
sess_1699,612,2025-09-08 17:47:39.228610,2026-04-12 21:45:07.238931,3,1,1,1,3,18676648.010321,1.0,False,False
sess_17,237,2025-09-10 07:14:57.251960,2025-10-27 12:37:55.183414,2,1,0,1,2,4080177.931454,0.0,True,False
sess_170,362,2026-05-10 21:09:40.228610,2026-05-10 21:09:40.228610,1,0,1,0,1,0.0,0.0,False,False
sess_1700,341,2025-07-28 08:23:11.228610,2026-05-29 17:42:55.209185,4,1,1,2,4,26385583.980575,1.0,False,False
sess_1701,741,2025-07-11 11:24:21.216529,2026-05-06 09:37:58.228610,3,2,1,0,3,25827217.012081,0.5,False,False
sess_1702,329,2025-06-27 21:56:14.224321,2025-12-12 15:34:05.214026,4,2,0,2,4,14492270.989705,0.0,True,False
sess_1703,201,2025-11-21 12:19:55.245946,2025-11-21 12:19:55.245946,1,0,1,0,1,0.0,0.0,False,False
sess_1704,463,2026-01-29 08:21:57.186925,2026-01-29 08:21:57.186925,1,0,0,1,1,0.0,0.0,True,False
sess_1705,870,2026-01-19 16:22:22.186925,2026-02-26 03:53:12.197951,2,1,0,1,2,3238250.011026,0.0,True,False
sess_1706,1097,2025-10-16 13:08:02.183414,2025-10-16 13:08:02.183414,1,0,1,0,1,0.0,0.0,False,False
sess_1707,44,2025-08-19 16:53:15.245946,2025-08-19 16:53:15.245946,1,1,0,0,1,0.0,0.0,False,False
sess_1708,156,2026-04-09 08:49:55.245946,2026-04-09 08:49:55.245946,1,0,1,0,1,0.0,0.0,False,False
sess_1709,352,2026-03-29 23:29:06.224321,2026-03-29 23:29:06.224321,1,0,0,1,1,0.0,0.0,True,False
sess_171,243,2025-09-19 05:24:29.228610,2025-09-19 05:24:29.228610,1,1,0,0,1,0.0,0.0,False,False
sess_1710,281,2026-02-17 01:01:41.178635,2026-04-03 10:04:59.214026,2,2,0,0,2,3920598.035391,0.0,False,False
sess_1711,616,2026-06-11 05:03:52.181409,2026-06-11 05:03:52.181409,1,0,0,1,1,0.0,0.0,True,False
sess_1712,514,2025-08-06 10:27:02.249957,2025-09-11 20:44:12.186925,2,0,1,1,2,3147429.936968,0.0,False,False
sess_1713,459,2025-12-19 08:36:56.186925,2025-12-19 08:36:56.186925,1,0,1,0,1,0.0,0.0,False,False
sess_1714,542,2025-08-02 14:02:31.199974,2025-08-02 14:02:31.199974,1,0,1,0,1,0.0,0.0,False,False
sess_1715,81,2025-09-05 18:17:43.209185,2025-09-05 18:17:43.209185,1,0,1,0,1,0.0,0.0,False,False
sess_1716,635,2025-06-19 05:26:38.186925,2025-07-19 10:34:44.183414,2,2,0,0,2,2610485.996489,0.0,False,False
sess_1717,1050,2026-01-04 21:17:59.183414,2026-05-07 22:00:25.228610,2,2,0,0,2,10629746.045196,0.0,False,False
sess_1718,524,2025-07-11 03:50:52.218542,2025-11-23 16:01:56.212022,3,0,1,2,3,11707863.99348,0.0,False,False
sess_1719,279,2025-08-12 11:16:11.228610,2026-01-09 08:23:17.211509,4,2,2,0,4,12949625.982899,1.0,False,False
sess_172,1019,2025-11-15 01:44:55.216529,2026-03-27 13:07:34.209185,3,0,1,2,3,11445758.992656,0.0,False,False
sess_1720,820,2025-07-27 13:38:20.181409,2025-07-27 13:38:20.181409,1,0,0,1,1,0.0,0.0,True,False
sess_1721,917,2025-10-16 10:40:36.224321,2025-12-17 06:46:07.219548,2,0,0,2,2,5342730.995227,0.0,True,False
sess_1722,284,2025-08-06 14:03:13.219548,2026-05-09 12:10:32.219548,3,1,1,1,3,23839639.0,1.0,False,False
sess_1723,326,2026-02-08 10:41:21.209185,2026-02-08 10:41:21.209185,1,0,0,1,1,0.0,0.0,True,False
sess_1724,835,2025-09-21 04:32:24.219548,2025-11-15 07:16:21.247953,3,0,0,3,3,4761837.028405,0.0,True,False
sess_1725,498,2025-10-01 21:27:17.238931,2025-10-01 21:27:17.238931,1,1,0,0,1,0.0,0.0,False,False
sess_1726,1021,2025-06-28 04:01:50.186925,2026-02-08 11:30:36.186925,2,1,0,1,2,19466926.0,0.0,True,False
sess_1728,1051,2025-07-05 08:53:44.216529,2025-09-11 08:49:18.178635,2,0,2,0,2,5874933.962106,0.0,False,False
sess_1729,66,2026-03-12 20:42:24.212022,2026-03-12 20:42:24.212022,1,0,0,1,1,0.0,0.0,True,False
sess_173,146,2025-11-04 11:24:19.240934,2026-06-11 05:18:46.212022,4,3,0,1,4,18899666.971088,0.0,True,False
sess_1730,606,2025-08-01 07:53:33.228610,2026-05-11 06:54:22.178635,5,2,1,2,5,24447648.950025,0.5,False,False
sess_1732,1061,2025-07-26 13:25:39.199974,2025-07-26 13:25:39.199974,1,1,0,0,1,0.0,0.0,False,False
sess_1733,200,2026-05-11 16:50:00.212022,2026-05-11 16:50:00.212022,1,0,1,0,1,0.0,0.0,False,False
sess_1734,180,2025-09-17 12:38:59.228610,2025-12-06 17:28:55.228610,2,1,0,1,2,6929396.0,0.0,True,False
sess_1735,622,2025-08-22 01:24:19.186925,2026-03-10 17:34:09.249957,3,1,1,1,3,17338190.063032,1.0,False,False
sess_1736,851,2025-06-17 18:12:30.212022,2026-03-19 00:54:49.183414,4,0,2,2,4,23697738.971392,0.0,False,False
sess_1737,777,2026-01-10 08:53:02.238931,2026-03-18 21:03:21.186925,2,0,1,1,2,5832618.947994,0.0,False,False
sess_1738,973,2025-06-14 05:57:18.245946,2026-03-15 22:10:48.238931,5,2,1,2,5,23732009.992985,0.5,False,False
sess_1739,814,2025-08-10 08:04:23.242937,2026-05-08 05:11:44.183414,2,1,1,0,2,23404040.940477,1.0,False,False
sess_174,342,2026-04-17 10:27:04.214026,2026-04-17 10:27:04.214026,1,0,0,1,1,0.0,0.0,True,False
sess_1740,32,2025-07-19 23:42:46.197951,2025-12-28 10:42:53.219548,2,0,1,1,2,13950007.021597,0.0,False,False
sess_1742,85,2026-04-30 01:43:25.209185,2026-04-30 01:43:25.209185,1,0,0,1,1,0.0,0.0,True,False
sess_1743,568,2026-03-08 12:14:00.203543,2026-03-08 12:14:00.203543,1,0,0,1,1,0.0,0.0,True,False
sess_1745,807,2025-10-26 10:30:25.235934,2026-05-03 18:16:11.214026,3,1,1,1,3,16357545.978092,1.0,False,False
sess_1746,278,2025-08-05 23:24:20.240934,2026-06-05 06:23:32.181409,2,0,1,1,2,26204351.940475,0.0,False,False
sess_1747,587,2025-07-19 00:15:05.228610,2026-05-25 15:04:46.222317,4,3,0,1,4,26837380.993707,0.0,True,False
sess_175,20,2025-12-14 15:41:40.228610,2025-12-14 15:41:40.228610,1,1,0,0,1,0.0,0.0,False,False
sess_1750,610,2025-08-30 08:32:28.186925,2026-01-22 20:53:14.186925,2,0,0,2,2,12572446.0,0.0,True,False
sess_1751,759,2025-10-16 19:11:10.228610,2026-04-16 13:38:29.212022,4,0,2,2,4,15704838.983412,0.0,False,False
sess_1752,707,2025-09-14 15:42:35.227826,2026-01-16 06:35:30.183414,3,2,0,1,3,10680774.955588,0.0,True,False
sess_1754,540,2026-02-17 14:43:18.216529,2026-05-27 22:50:10.186925,3,2,0,1,3,8582811.970396,0.0,True,False
sess_1757,162,2025-06-23 01:12:36.183414,2025-06-23 01:12:36.183414,1,0,1,0,1,0.0,0.0,False,False
sess_1758,634,2025-06-25 03:52:56.238931,2026-06-04 23:05:21.238931,7,1,4,2,7,29790745.0,4.0,False,False
sess_1759,969,2025-11-16 00:18:35.178635,2026-01-23 07:48:39.183414,2,0,2,0,2,5902204.004779,0.0,False,False
sess_176,893,2026-05-27 16:33:05.219548,2026-05-27 16:33:05.219548,1,0,0,1,1,0.0,0.0,True,False
sess_1760,544,2025-10-08 01:28:10.242937,2026-01-28 11:28:48.181409,3,1,2,0,3,9712837.938472,2.0,False,False
sess_1761,530,2026-05-18 17:21:02.228610,2026-05-18 17:21:02.228610,1,1,0,0,1,0.0,0.0,False,False
sess_1762,371,2026-01-09 02:37:05.212022,2026-01-09 02:37:05.212022,1,0,0,1,1,0.0,0.0,True,False
sess_1764,691,2025-12-04 12:54:52.228610,2026-06-05 08:51:32.228610,2,1,1,0,2,15796600.0,1.0,False,False
sess_1765,417,2025-10-24 19:12:22.245946,2025-12-13 20:29:15.249957,2,0,1,1,2,4324613.004011,0.0,False,False
sess_1766,354,2026-01-26 19:58:43.222317,2026-01-26 19:58:43.222317,1,0,1,0,1,0.0,0.0,False,False
sess_1767,7,2025-08-14 12:40:45.214026,2025-08-14 12:40:45.214026,1,1,0,0,1,0.0,0.0,False,False
sess_1768,790,2026-05-14 21:42:56.237113,2026-05-14 21:42:56.237113,1,1,0,0,1,0.0,0.0,False,False
sess_1769,148,2025-07-21 01:38:55.235934,2026-05-21 03:09:27.242937,4,1,1,2,4,26271032.007003,1.0,False,False
sess_177,758,2025-09-08 16:03:37.214026,2025-10-10 10:23:20.178635,2,0,0,2,2,2744382.964609,0.0,True,False
sess_1770,1047,2025-11-27 04:32:01.186925,2026-03-05 12:56:38.181409,2,0,0,2,2,8497476.994484,0.0,True,False
sess_1771,836,2026-02-04 20:12:57.235934,2026-02-04 20:12:57.235934,1,1,0,0,1,0.0,0.0,False,False
sess_1772,712,2025-07-07 07:59:11.202536,2026-06-11 22:27:59.222317,4,1,2,1,4,29341728.019781,2.0,False,False
sess_1773,212,2026-06-01 12:11:15.226324,2026-06-01 12:11:15.226324,1,0,1,0,1,0.0,0.0,False,False
sess_1774,895,2026-01-12 13:36:15.185418,2026-01-12 13:36:15.185418,1,0,0,1,1,0.0,0.0,True,False
sess_1775,501,2026-06-03 06:34:23.226324,2026-06-03 06:34:23.226324,1,0,1,0,1,0.0,0.0,False,False
sess_1778,720,2025-08-01 15:20:30.245946,2025-08-01 15:20:30.245946,1,0,0,1,1,0.0,0.0,True,False
sess_1779,383,2025-09-22 08:59:59.209185,2025-09-22 08:59:59.209185,1,0,0,1,1,0.0,0.0,True,False
sess_178,134,2026-06-11 02:53:39.238931,2026-06-11 02:53:39.238931,1,0,0,1,1,0.0,0.0,True,False
sess_1780,571,2025-07-02 16:09:23.203543,2026-05-14 07:55:14.249957,4,1,2,1,4,27272751.046414,2.0,False,False
sess_1781,963,2025-07-07 14:24:11.216529,2026-05-02 05:28:37.209185,2,0,1,1,2,25801465.992656,0.0,False,False
sess_1782,127,2025-12-20 23:01:25.216529,2026-06-01 19:47:28.214026,3,0,2,1,3,14071562.997497,0.0,False,False
sess_1783,903,2025-07-03 19:51:01.186925,2026-05-19 06:52:59.238931,2,0,2,0,2,27601318.052006,0.0,False,False
sess_1784,955,2026-03-10 01:30:31.186925,2026-03-10 01:30:31.186925,1,1,0,0,1,0.0,0.0,False,False
sess_1785,1033,2025-09-10 16:41:55.186925,2026-04-26 10:32:39.245946,4,2,2,0,4,19677044.059021,1.0,False,False
sess_1786,555,2025-10-10 23:05:03.238931,2026-03-26 11:21:50.240934,4,2,1,1,4,14386607.002003,0.5,False,False
sess_1787,396,2026-03-24 23:08:57.214026,2026-03-24 23:08:57.214026,1,0,0,1,1,0.0,0.0,True,False
sess_1788,1050,2025-08-15 10:56:34.228610,2026-02-09 16:47:15.185418,5,4,0,1,5,15400240.956808,0.0,True,False
sess_179,593,2025-12-10 22:30:37.183414,2026-01-26 17:49:23.209185,2,0,1,1,2,4043926.025771,0.0,False,False
sess_1790,249,2025-09-21 19:38:43.228610,2026-03-15 10:53:49.238931,3,0,2,1,3,15088506.010321,0.0,False,False
sess_1792,792,2026-05-15 19:31:59.222317,2026-05-15 19:31:59.222317,1,0,0,1,1,0.0,0.0,True,False
sess_1793,849,2025-09-28 22:59:49.224321,2025-09-28 22:59:49.224321,1,0,0,1,1,0.0,0.0,True,False
sess_1794,946,2025-10-15 02:19:14.181409,2026-01-03 10:34:37.228610,2,0,1,1,2,6941723.047201,0.0,False,False
sess_1795,691,2026-03-25 13:30:46.186925,2026-03-26 18:49:46.186925,2,0,0,2,2,105540.0,0.0,True,False
sess_1796,456,2025-09-20 01:51:41.249957,2026-04-13 05:17:58.242937,5,2,0,3,5,17724376.99298,0.0,True,False
sess_1797,575,2025-07-31 05:20:09.207677,2025-08-27 09:03:59.212022,2,0,2,0,2,2346230.004345,0.0,False,False
sess_18,938,2025-11-18 15:04:50.218542,2026-05-22 19:17:48.247953,3,1,2,0,3,15999178.029411,2.0,False,False
sess_180,85,2025-08-28 22:29:05.186925,2025-08-28 22:29:05.186925,1,0,1,0,1,0.0,0.0,False,False
sess_1800,1029,2025-08-11 22:12:03.212022,2026-06-06 17:42:50.209185,4,1,1,2,4,25817446.997163,1.0,False,False
sess_1801,911,2025-12-25 00:24:35.183414,2026-02-24 09:21:10.251960,2,1,0,1,2,5302595.068546,0.0,True,False
sess_1803,982,2025-08-26 05:12:02.237113,2026-05-27 10:56:12.186925,4,1,2,1,4,23694249.949812,2.0,False,False
sess_1804,481,2026-01-13 04:37:57.185418,2026-06-04 15:44:39.178635,2,0,2,0,2,12308801.993217,0.0,False,False
sess_1806,57,2025-07-25 02:03:35.181409,2026-06-12 00:08:43.199974,4,1,2,1,4,27813908.018565,2.0,False,False
sess_1807,629,2025-09-11 23:24:20.186925,2026-06-02 10:41:28.219548,5,1,2,2,5,22763828.032623,2.0,False,False
sess_1808,870,2025-08-20 16:37:21.240934,2025-12-22 19:21:20.249957,2,1,1,0,2,10723439.009023,1.0,False,False
sess_1809,1083,2025-07-10 21:50:13.186925,2026-01-09 18:16:19.214026,3,0,1,2,3,15798366.027101,0.0,False,False
sess_181,349,2025-11-09 08:50:59.186925,2026-04-04 03:39:17.209185,3,0,3,0,3,12595698.02226,0.0,False,False
sess_1810,218,2025-06-23 12:44:12.243940,2025-06-23 12:44:12.243940,1,0,0,1,1,0.0,0.0,True,False
sess_1811,1049,2026-02-12 12:48:26.228610,2026-02-12 12:48:26.228610,1,1,0,0,1,0.0,0.0,False,False
sess_1812,453,2026-01-11 21:30:46.243940,2026-03-14 04:27:39.203543,2,0,1,1,2,5295412.959603,0.0,False,False
sess_1813,941,2026-02-08 13:57:44.209185,2026-04-17 03:10:21.249957,2,0,0,2,2,5836357.040772,0.0,True,False
sess_1814,48,2026-03-02 19:22:22.228610,2026-04-11 23:25:15.216529,2,0,1,1,2,3470572.987919,0.0,False,False
sess_1815,444,2025-06-18 04:13:24.228610,2026-05-16 04:35:33.181409,4,2,1,1,4,28686128.952799,0.5,False,False
sess_1816,228,2026-01-19 11:59:12.227826,2026-04-01 09:19:46.224321,2,1,1,0,2,6211233.996495,1.0,False,False
sess_1817,228,2025-08-25 01:07:25.228610,2025-09-11 15:56:48.238931,2,0,0,2,2,1522163.010321,0.0,True,False
sess_1818,1088,2025-11-02 19:29:22.178635,2025-12-15 15:42:36.228610,2,1,0,1,2,3701594.049975,0.0,True,False
sess_1819,705,2025-07-31 09:11:31.178635,2026-04-22 15:52:49.186925,4,0,2,2,4,22920078.00829,0.0,False,False
sess_182,429,2026-01-22 14:33:37.209185,2026-06-07 09:23:21.228610,3,1,1,1,3,11731784.019425,1.0,False,False
sess_1820,848,2025-06-11 03:59:08.219548,2026-04-08 23:04:55.222317,4,0,2,2,4,26075147.002769,0.0,False,False
sess_1821,199,2025-11-13 14:02:15.228610,2025-11-17 14:41:26.237113,3,1,1,1,3,347951.008503,1.0,False,False
sess_1822,1021,2025-07-11 03:11:35.214026,2026-02-14 13:17:23.195433,3,2,1,0,3,18871547.981407,0.5,False,False
sess_1823,160,2025-09-24 14:49:09.224321,2025-12-18 14:17:30.178635,2,1,1,0,2,7342100.954314,1.0,False,False
sess_1824,1100,2025-07-14 18:59:42.222317,2025-07-14 18:59:42.222317,1,0,0,1,1,0.0,0.0,True,False
sess_1825,275,2025-11-14 02:49:59.247953,2026-03-30 02:44:54.224321,3,2,0,1,3,11750094.976368,0.0,True,False
sess_1826,279,2025-09-19 20:08:26.240934,2026-04-28 06:50:31.197951,3,0,1,2,3,19046524.957017,0.0,False,False
sess_1827,695,2025-06-19 08:23:44.237113,2025-08-24 18:18:53.199974,2,0,2,0,2,5738108.962861,0.0,False,False
sess_1828,465,2025-10-28 00:45:00.228610,2026-05-04 00:06:28.249957,4,2,1,1,4,16240888.021347,0.5,False,False
sess_1829,371,2025-10-09 14:30:23.226324,2026-05-26 01:20:15.228610,4,1,1,2,4,19738192.002286,1.0,False,False
sess_183,937,2025-06-30 16:09:43.216529,2025-06-30 16:09:43.216529,1,1,0,0,1,0.0,0.0,False,False
sess_1830,949,2025-09-17 09:15:29.181409,2025-09-17 09:15:29.181409,1,0,1,0,1,0.0,0.0,False,False
sess_1831,847,2025-07-01 17:54:32.211509,2025-11-04 17:40:39.249957,6,3,1,2,6,10885567.038448,0.3333333333333333,False,False
sess_1832,391,2025-06-15 18:48:58.218542,2026-03-22 01:37:22.228610,4,2,2,0,4,24130104.010068,1.0,False,False
sess_1833,161,2025-11-19 01:45:21.181409,2025-11-19 01:45:21.181409,1,1,0,0,1,0.0,0.0,False,False
sess_1835,440,2025-10-08 23:44:49.235934,2026-04-08 05:35:03.183414,2,2,0,0,2,15659413.94748,0.0,False,False
sess_1836,791,2026-04-04 16:19:51.178635,2026-04-04 16:19:51.178635,1,0,0,1,1,0.0,0.0,True,False
sess_1837,803,2025-08-29 17:46:08.181409,2025-08-29 17:46:08.181409,1,1,0,0,1,0.0,0.0,False,False
sess_1838,4,2026-05-29 08:28:43.251960,2026-05-29 08:28:43.251960,1,0,1,0,1,0.0,0.0,False,False
sess_1839,500,2025-07-10 20:56:14.240934,2025-07-23 00:29:20.186925,2,1,1,0,2,1049585.945991,1.0,False,False
sess_184,372,2025-06-22 07:45:08.247953,2026-03-06 06:37:27.178635,2,2,0,0,2,22200738.930682,0.0,False,False
sess_1840,460,2025-08-31 22:57:20.203543,2025-08-31 22:57:20.203543,1,0,1,0,1,0.0,0.0,False,False
sess_1841,994,2025-06-15 22:43:09.247953,2025-08-07 21:11:45.219548,2,0,1,1,2,4573715.971595,0.0,False,False
sess_1842,785,2025-10-18 06:02:00.186925,2026-04-30 14:54:48.203543,5,0,2,3,5,16793568.016618,0.0,False,False
sess_1843,482,2026-02-07 08:43:57.247953,2026-03-17 02:29:58.228610,3,2,1,0,3,3260760.980657,0.5,False,False
sess_1844,754,2026-02-01 10:11:21.186925,2026-06-08 03:55:21.222317,2,0,1,1,2,10950240.035392,0.0,False,False
sess_1846,882,2025-11-03 03:21:13.240934,2025-11-03 03:21:13.240934,1,0,1,0,1,0.0,0.0,False,False
sess_1847,821,2025-08-24 13:28:52.186925,2025-08-24 13:28:52.186925,1,0,1,0,1,0.0,0.0,False,False
sess_1848,537,2025-11-13 22:58:19.222317,2026-06-01 01:23:25.212022,3,1,2,0,3,17202305.989705,2.0,False,False
sess_1849,996,2025-09-08 05:17:48.228610,2025-12-19 08:14:12.185418,4,0,2,2,4,8823383.956808,0.0,False,False
sess_185,515,2026-03-10 16:34:06.185418,2026-03-16 13:07:19.214026,2,0,1,1,2,505993.028608,0.0,False,False
sess_1850,831,2025-09-27 13:47:34.197951,2026-03-14 04:20:52.185418,4,2,1,1,4,14481197.987467,0.5,False,False
sess_1851,665,2025-11-25 22:55:37.237113,2025-12-16 10:56:26.203543,2,1,1,0,2,1771248.96643,1.0,False,False
sess_1853,929,2025-11-18 07:16:52.183414,2026-03-09 03:07:27.228610,3,0,2,1,3,9575435.045196,0.0,False,False
sess_1854,542,2025-12-10 05:41:21.186925,2025-12-10 05:41:21.186925,1,1,0,0,1,0.0,0.0,False,False
sess_1856,164,2026-03-20 19:18:01.186925,2026-03-20 19:18:01.186925,1,0,1,0,1,0.0,0.0,False,False
sess_1857,727,2025-09-10 10:14:23.228610,2025-09-10 10:14:23.228610,1,1,0,0,1,0.0,0.0,False,False
sess_1858,442,2025-10-29 01:22:51.209185,2025-10-31 23:31:33.209185,2,1,0,1,2,252522.0,0.0,True,False
sess_1859,646,2025-07-06 13:40:05.226324,2025-10-24 08:12:22.240934,2,0,2,0,2,9484337.01461,0.0,False,False
sess_186,262,2025-11-17 02:07:03.214026,2025-11-17 02:07:03.214026,1,0,1,0,1,0.0,0.0,False,False
sess_1860,569,2026-03-16 20:04:18.228610,2026-03-16 20:04:18.228610,1,0,1,0,1,0.0,0.0,False,False
sess_1861,114,2026-02-03 04:59:34.251960,2026-04-08 03:31:00.186925,2,1,1,0,2,5524285.934965,1.0,False,False
sess_1862,447,2026-01-03 14:18:56.195433,2026-01-03 14:18:56.195433,1,0,0,1,1,0.0,0.0,True,False
sess_1863,394,2025-06-29 10:18:12.209185,2026-03-26 18:58:38.214026,2,1,0,1,2,23359226.004841,0.0,True,False
sess_1864,275,2025-09-07 13:24:45.216529,2026-05-02 08:47:27.195433,3,1,2,0,3,20460161.978904,2.0,False,False
sess_1865,20,2026-02-20 03:37:22.199974,2026-02-20 03:37:22.199974,1,1,0,0,1,0.0,0.0,False,False
sess_1866,270,2026-03-25 22:14:04.240934,2026-03-25 22:14:04.240934,1,0,1,0,1,0.0,0.0,False,False
sess_1867,534,2025-06-11 21:25:03.197951,2025-06-11 21:25:03.197951,1,0,0,1,1,0.0,0.0,True,False
sess_1868,1095,2025-07-20 18:42:13.253968,2026-02-06 09:36:32.186925,4,1,1,2,4,17333658.932957,1.0,False,False
sess_1869,280,2025-06-30 13:13:02.183414,2026-05-29 10:07:10.203543,7,2,2,3,7,28760048.020129,1.0,False,False
sess_187,44,2025-07-05 01:56:33.209185,2026-04-07 16:58:40.240934,6,1,2,3,6,23900527.031749,2.0,False,False
sess_1870,220,2025-12-14 13:08:46.226324,2025-12-14 13:08:46.226324,1,1,0,0,1,0.0,0.0,False,False
sess_1871,831,2025-07-06 22:46:31.251960,2025-12-29 23:18:07.186925,2,0,1,1,2,15208295.934965,0.0,False,False
sess_1874,544,2025-09-05 18:05:55.181409,2025-12-11 17:03:28.195433,3,1,2,0,3,8377053.014024,2.0,False,False
sess_1875,173,2025-10-16 19:10:23.186925,2026-03-13 14:42:26.228610,2,0,1,1,2,12771123.041685,0.0,False,False
sess_1876,76,2025-07-23 08:14:59.245946,2026-06-07 07:17:34.247953,4,2,2,0,4,27558155.002007,1.0,False,False
sess_1877,1,2025-12-06 19:31:57.185418,2026-05-09 03:24:41.242937,3,2,0,1,3,13247564.057519,0.0,True,False
sess_1879,917,2026-01-25 02:36:36.228610,2026-01-25 02:36:36.228610,1,0,0,1,1,0.0,0.0,True,False
sess_188,589,2025-07-22 05:06:59.183414,2026-04-05 02:56:06.186925,4,2,1,1,4,22196947.003511,0.5,False,False
sess_1880,1029,2025-11-29 05:47:09.222317,2026-04-07 21:11:15.203543,4,0,2,2,4,11201045.981226,0.0,False,False
sess_1881,29,2025-07-07 19:33:40.186925,2026-05-07 19:35:36.222317,3,1,1,1,3,26265716.035392,1.0,False,False
sess_1882,973,2025-10-21 21:56:08.186925,2026-03-08 01:12:07.181409,2,1,0,1,2,11848558.994484,0.0,True,False
sess_1883,875,2026-04-18 10:14:19.186925,2026-05-29 11:37:02.224321,2,0,1,1,2,3547363.037396,0.0,False,False
sess_1884,249,2025-11-29 03:37:08.185418,2026-03-01 01:29:45.183414,3,0,2,1,3,7941156.997996,0.0,False,False
sess_1886,280,2025-08-03 16:13:27.228610,2026-01-25 03:46:11.249957,2,0,1,1,2,15075164.021347,0.0,False,False
sess_1888,721,2026-01-09 20:10:17.222317,2026-03-13 08:34:06.199974,2,0,1,1,2,5401428.977657,0.0,False,False
sess_189,307,2025-08-16 13:03:16.181409,2026-02-10 22:31:45.212022,3,0,1,2,3,15413309.030613,0.0,False,False
sess_1890,220,2026-01-16 06:54:43.222317,2026-01-16 06:54:43.222317,1,0,1,0,1,0.0,0.0,False,False
sess_1891,303,2025-10-06 20:20:45.228610,2025-10-06 20:20:45.228610,1,0,1,0,1,0.0,0.0,False,False
sess_1892,675,2025-07-06 00:16:55.203543,2026-04-09 13:36:59.240934,5,0,3,2,5,23980804.037391,0.0,False,False
sess_1893,771,2026-03-14 11:12:08.183414,2026-05-16 23:07:16.212022,2,0,0,2,2,5486108.028608,0.0,True,False
sess_1894,533,2025-08-28 05:26:24.186925,2026-05-11 09:43:00.228610,3,2,1,0,3,22133796.041685,0.5,False,False
sess_1895,617,2025-06-13 08:04:17.235934,2025-11-11 16:26:04.186925,2,1,1,0,2,13076506.950991,1.0,False,False
sess_1896,326,2025-09-10 10:52:09.228610,2026-04-17 21:17:03.228610,4,1,1,2,4,18959094.0,1.0,False,False
sess_1897,165,2025-10-04 21:07:59.222317,2026-02-22 09:51:26.186925,3,1,2,0,3,12141806.964608,2.0,False,False
sess_1898,902,2026-01-18 03:46:54.254569,2026-04-12 01:50:07.237113,2,1,1,0,2,7250592.982544,1.0,False,False
sess_1899,878,2025-09-13 23:12:15.228610,2025-09-13 23:12:15.228610,1,0,0,1,1,0.0,0.0,True,False
sess_19,456,2025-09-07 11:55:37.237113,2025-11-11 06:13:11.222317,2,0,1,1,2,5595453.985204,0.0,False,False
sess_190,940,2025-11-28 07:12:48.212022,2025-11-28 07:12:48.212022,1,0,0,1,1,0.0,0.0,True,False
sess_1900,1041,2025-07-27 10:39:16.207677,2025-07-27 10:39:16.207677,1,0,1,0,1,0.0,0.0,False,False
sess_1901,490,2025-07-24 01:50:58.242937,2025-11-24 02:33:14.219548,3,1,1,1,3,10629735.976611,1.0,False,False
sess_1902,135,2025-08-08 14:26:09.245946,2026-05-20 11:49:42.249957,5,1,1,3,5,24614613.004011,1.0,False,False
sess_1903,835,2025-10-31 23:19:07.224321,2026-05-13 17:51:13.209185,4,0,1,3,4,16741925.984864,0.0,False,False
sess_1904,356,2026-04-27 09:42:59.242937,2026-04-27 09:42:59.242937,1,0,1,0,1,0.0,0.0,False,False
sess_1905,709,2025-10-17 06:04:25.240934,2025-10-17 06:04:25.240934,1,0,1,0,1,0.0,0.0,False,False
sess_1906,65,2025-11-22 09:31:20.212022,2026-06-06 08:02:36.226324,3,0,1,2,3,16929076.014302,0.0,False,False
sess_1907,159,2025-11-20 09:24:36.228610,2026-05-20 02:53:35.218542,4,1,1,2,4,15614938.989932,1.0,False,False
sess_1908,756,2025-07-16 03:32:00.253968,2026-05-15 05:28:05.222317,4,2,1,1,4,26186164.968349,0.5,False,False
sess_1909,1072,2025-10-16 05:24:42.243940,2026-01-04 04:29:09.238931,2,1,0,1,2,6908666.994991,0.0,True,False
sess_191,259,2025-07-14 15:47:31.181409,2026-01-31 08:10:38.240934,3,2,1,0,3,17338987.059525,0.5,False,False
sess_1911,69,2026-03-27 23:52:35.186925,2026-04-19 18:18:52.178635,2,1,1,0,2,1967176.99171,1.0,False,False
sess_1912,312,2025-06-14 10:36:14.203543,2025-07-03 21:15:54.249957,2,1,0,1,2,1679980.046414,0.0,True,False
sess_1913,963,2025-09-08 14:33:25.186925,2026-06-08 11:06:30.251960,2,1,0,1,2,23574785.065035,0.0,True,False
sess_1914,580,2025-07-17 00:57:30.186925,2026-01-20 00:46:23.212022,2,1,0,1,2,16156133.025097,0.0,True,False
sess_1915,220,2026-03-21 17:47:25.181409,2026-03-21 17:47:25.181409,1,0,1,0,1,0.0,0.0,False,False
sess_1916,928,2025-10-08 20:42:11.251960,2025-10-08 20:42:11.251960,1,0,1,0,1,0.0,0.0,False,False
sess_1917,966,2026-04-04 16:35:22.186925,2026-04-04 16:35:22.186925,1,0,1,0,1,0.0,0.0,False,False
sess_1918,194,2025-08-01 07:18:43.222317,2025-10-07 12:21:16.216529,2,1,1,0,2,5806952.994212,1.0,False,False
sess_192,394,2025-07-06 07:17:13.207677,2025-07-06 07:17:13.207677,1,0,1,0,1,0.0,0.0,False,False
sess_1921,37,2025-08-13 10:13:29.186925,2026-06-08 00:52:17.224321,4,0,3,1,4,25799928.037396,0.0,False,False
sess_1922,1076,2025-09-12 05:26:56.238931,2026-05-14 02:35:16.222317,3,0,1,2,3,21071299.983386,0.0,False,False
sess_1923,682,2025-07-18 14:08:18.216529,2025-12-30 17:30:22.186925,3,0,0,3,3,14268123.970396,0.0,True,False
sess_1924,965,2025-10-29 04:13:58.186925,2025-10-29 04:13:58.186925,1,0,0,1,1,0.0,0.0,True,False
sess_1925,1050,2026-05-23 03:02:46.219548,2026-05-23 03:02:46.219548,1,1,0,0,1,0.0,0.0,False,False
sess_1926,713,2026-02-04 11:05:43.222317,2026-05-27 07:31:22.178635,2,0,0,2,2,9663938.956318,0.0,True,False
sess_1928,761,2026-04-26 06:15:49.186925,2026-04-26 06:15:49.186925,1,0,0,1,1,0.0,0.0,True,False
sess_1929,533,2025-09-03 13:44:10.186925,2026-01-11 02:45:13.240934,2,1,1,0,2,11192463.054009,1.0,False,False
sess_193,993,2025-07-07 14:12:39.240934,2025-09-21 11:16:47.228610,2,1,1,0,2,6555847.987676,1.0,False,False
sess_1930,946,2026-03-05 17:02:21.216529,2026-03-05 17:02:21.216529,1,1,0,0,1,0.0,0.0,False,False
sess_1932,1,2026-05-08 17:16:27.247953,2026-06-09 16:43:05.240934,2,0,0,2,2,2762797.992981,0.0,True,False
sess_1933,301,2025-07-02 13:03:28.186925,2026-06-05 08:31:16.186925,7,2,2,3,7,29186868.0,1.0,False,False
sess_1934,236,2025-06-14 04:12:37.226324,2025-06-14 04:12:37.226324,1,0,0,1,1,0.0,0.0,True,False
sess_1935,647,2025-08-09 13:09:02.245946,2026-06-09 03:30:58.195433,4,1,1,2,4,26230915.949487,1.0,False,False
sess_1936,241,2025-07-20 11:23:50.242937,2026-03-31 22:26:10.186925,2,1,0,1,2,21985339.943988,0.0,True,False
sess_1938,758,2026-04-22 00:51:27.181409,2026-04-23 19:51:55.178635,2,0,1,1,2,154827.997226,0.0,False,False
sess_1939,1048,2025-08-03 09:16:29.251960,2026-06-11 06:26:25.178635,3,0,3,0,3,26946595.926675,0.0,False,False
sess_194,533,2026-03-01 06:58:43.224321,2026-06-07 23:28:59.186925,2,0,2,0,2,8526615.962604,0.0,False,False
sess_1940,1002,2026-01-28 11:51:50.186925,2026-01-28 11:51:50.186925,1,0,0,1,1,0.0,0.0,True,False
sess_1942,90,2025-06-28 08:29:56.183414,2026-06-07 21:30:50.222317,4,2,0,2,4,29768454.038903,0.0,True,False
sess_1943,989,2025-12-24 20:36:18.183414,2025-12-24 20:36:18.183414,1,0,1,0,1,0.0,0.0,False,False
sess_1944,1033,2025-09-13 12:31:40.251960,2025-09-13 12:31:40.251960,1,0,1,0,1,0.0,0.0,False,False
sess_1945,977,2026-01-15 17:36:46.224321,2026-01-15 17:36:46.224321,1,1,0,0,1,0.0,0.0,False,False
sess_1946,880,2025-12-17 21:53:43.197951,2026-06-10 09:35:10.228610,2,1,1,0,2,15075687.030659,1.0,False,False
sess_1947,1014,2025-11-24 13:58:58.251960,2026-03-25 17:01:38.212022,3,1,1,1,3,10465359.960062,1.0,False,False
sess_1948,125,2025-06-24 04:57:27.245946,2025-10-14 02:21:15.183414,2,1,1,0,2,9667427.937468,1.0,False,False
sess_1949,578,2025-09-08 17:37:15.228610,2026-05-30 04:32:39.211509,2,1,0,1,2,22762523.982899,0.0,True,False
sess_195,587,2025-07-25 20:45:16.218542,2026-05-26 16:11:46.214026,4,0,2,2,4,26335589.995484,0.0,False,False
sess_1950,201,2025-07-23 03:26:01.178635,2026-02-21 18:18:59.228610,4,1,3,0,4,18456778.049975,3.0,False,False
sess_1951,755,2026-06-02 02:59:39.197951,2026-06-02 02:59:39.197951,1,1,0,0,1,0.0,0.0,False,False
sess_1953,461,2025-12-05 06:29:24.199974,2025-12-05 06:29:24.199974,1,1,0,0,1,0.0,0.0,False,False
sess_1954,541,2025-08-28 12:11:41.216529,2026-04-26 02:32:36.216529,5,5,0,0,5,20787655.0,0.0,False,False
sess_1955,646,2025-07-07 22:26:06.199974,2025-09-15 15:18:15.186925,2,0,2,0,2,6022328.986951,0.0,False,False
sess_1956,155,2025-07-30 07:35:18.186925,2026-05-18 01:49:12.228610,6,5,0,1,6,25208034.041685,0.0,True,False
sess_1957,218,2025-10-03 07:40:01.235934,2025-11-02 05:54:58.181409,2,0,2,0,2,2585696.945475,0.0,False,False
sess_1958,332,2026-02-22 04:56:14.249957,2026-02-22 04:56:14.249957,1,1,0,0,1,0.0,0.0,False,False
sess_1959,159,2025-12-24 02:02:59.207677,2025-12-25 00:05:39.186925,2,0,0,2,2,79359.979248,0.0,True,False
sess_196,1024,2025-07-01 04:03:13.228610,2026-03-09 11:20:56.238931,4,0,0,4,4,21712663.010321,0.0,True,False
sess_1960,187,2025-08-22 17:20:33.195433,2026-05-03 17:42:41.245946,3,1,1,1,3,21946928.050513,1.0,False,False
sess_1961,10,2025-07-24 15:37:58.178635,2025-07-31 19:19:52.251960,3,2,0,1,3,618114.073325,0.0,True,False
sess_1962,414,2025-07-11 12:38:02.209185,2025-10-24 06:44:53.247953,3,0,1,2,3,9050811.038768,0.0,False,False
sess_1963,950,2025-06-26 05:29:36.219548,2025-10-02 14:58:18.235934,2,0,2,0,2,8501322.016386,0.0,False,False
sess_1964,449,2025-06-27 13:23:49.228610,2025-08-07 10:39:50.228610,3,2,0,1,3,3532561.0,0.0,True,False
sess_1966,1030,2025-11-17 06:31:29.186925,2026-03-28 03:11:14.186925,2,0,0,2,2,11306385.0,0.0,True,False
sess_1967,4,2025-06-14 14:40:20.186925,2026-05-22 14:21:18.235934,2,2,0,0,2,29547658.049009,0.0,False,False
sess_1968,604,2025-08-26 02:33:58.212022,2025-08-26 02:33:58.212022,1,1,0,0,1,0.0,0.0,False,False
sess_1969,559,2025-09-18 07:58:55.222317,2026-06-05 21:30:56.214026,4,0,1,3,4,22512720.991709,0.0,False,False
sess_197,538,2025-09-13 00:05:31.214026,2026-03-03 22:54:54.186925,2,0,2,0,2,14856562.972899,0.0,False,False
sess_1971,856,2025-10-06 19:35:49.237113,2026-05-14 07:58:51.228610,4,1,0,3,4,18966181.991497,0.0,True,False
sess_1972,666,2025-06-14 03:06:28.186925,2025-06-30 09:38:32.202536,2,1,0,1,2,1405924.015611,0.0,True,False
sess_1973,401,2025-07-07 20:05:03.214026,2025-12-08 17:28:43.178635,2,0,1,1,2,13296219.964609,0.0,False,False
sess_1974,831,2025-08-08 19:47:41.228610,2025-08-08 19:47:41.228610,1,0,0,1,1,0.0,0.0,True,False
sess_1975,208,2025-07-19 00:37:18.209185,2026-04-08 17:13:49.214026,2,1,1,0,2,22782991.004841,1.0,False,False
sess_1977,617,2025-12-22 12:22:52.186925,2026-03-08 19:40:56.222317,3,0,2,1,3,6592684.035392,0.0,False,False
sess_1978,601,2025-06-29 11:01:43.178635,2025-12-15 09:39:15.226324,2,2,0,0,2,14596652.047689,0.0,False,False
sess_1979,211,2025-12-15 01:54:12.245946,2026-04-19 00:07:26.245946,4,2,0,2,4,10793594.0,0.0,True,False
sess_198,532,2026-03-14 18:41:34.212022,2026-03-14 18:41:34.212022,1,0,0,1,1,0.0,0.0,True,False
sess_1980,1038,2025-11-09 20:13:28.226324,2026-05-06 00:28:07.228610,2,1,0,1,2,15308079.002286,0.0,True,False
sess_1981,1005,2025-07-27 16:34:47.216529,2025-07-27 16:34:47.216529,1,1,0,0,1,0.0,0.0,False,False
sess_1982,758,2025-07-03 23:08:43.178635,2025-09-25 07:26:57.228610,2,1,0,1,2,7201094.049975,0.0,True,False
sess_1983,985,2025-10-25 23:12:23.185418,2026-01-25 23:12:50.237113,2,0,0,2,2,7948827.051695,0.0,True,False
sess_1984,889,2025-07-24 17:39:53.195433,2025-07-24 17:39:53.195433,1,0,1,0,1,0.0,0.0,False,False
sess_1985,204,2025-06-28 03:55:49.247953,2025-06-28 03:55:49.247953,1,0,0,1,1,0.0,0.0,True,False
sess_1986,690,2025-09-26 15:41:09.237113,2026-03-02 22:38:50.183414,2,1,1,0,2,13589860.946301,1.0,False,False
sess_1987,728,2025-12-21 05:55:09.207677,2026-04-05 02:33:49.237113,2,1,1,0,2,9059920.029436,1.0,False,False
sess_1988,4,2025-10-06 00:14:14.216529,2026-04-18 01:16:47.181409,2,2,0,0,2,16765352.96488,0.0,False,False
sess_1989,279,2025-07-26 13:32:25.197951,2026-04-03 06:30:49.226324,2,1,0,1,2,21661104.028373,0.0,True,False
sess_199,146,2026-02-16 04:57:13.186925,2026-05-06 03:07:54.228610,3,1,0,2,3,6819041.041685,0.0,True,False
sess_1991,289,2025-10-07 12:24:39.181409,2026-03-14 22:40:23.240934,2,1,0,1,2,13688144.059525,0.0,True,False
sess_1992,409,2025-11-17 04:30:32.183414,2026-02-27 08:02:05.228610,2,0,1,1,2,8825493.045196,0.0,False,False
sess_1993,817,2025-07-14 15:17:36.203543,2025-07-14 15:17:36.203543,1,0,0,1,1,0.0,0.0,True,False
sess_1994,775,2026-02-09 16:37:58.216529,2026-05-07 00:41:07.235934,2,0,0,2,2,7459389.019405,0.0,True,False
sess_1996,554,2025-10-29 07:02:30.238931,2026-03-13 21:44:01.228610,2,0,2,0,2,11716890.989679,0.0,False,False
sess_1997,943,2026-05-20 00:50:53.203543,2026-05-20 00:50:53.203543,1,1,0,0,1,0.0,0.0,False,False
sess_1998,246,2025-09-05 23:55:12.238931,2026-04-18 19:45:26.214026,2,1,1,0,2,19425013.975095,1.0,False,False
sess_1999,302,2025-07-06 23:30:12.178635,2025-08-31 04:41:58.186925,4,1,2,1,4,4770706.00829,2.0,False,False
sess_20,989,2025-11-16 13:28:30.228610,2025-11-16 13:28:30.228610,1,1,0,0,1,0.0,0.0,False,False
sess_200,1065,2025-10-22 22:16:06.249957,2025-10-22 22:16:06.249957,1,1,0,0,1,0.0,0.0,False,False
sess_2000,1090,2025-07-25 06:16:46.186925,2026-05-03 07:46:15.216529,6,3,1,2,6,24370169.029604,0.3333333333333333,False,False
sess_2001,636,2025-09-23 02:28:24.186925,2026-03-22 22:51:44.219548,3,2,0,1,3,15625400.032623,0.0,True,False
sess_2003,1011,2025-08-02 02:18:48.228610,2026-05-18 11:35:27.222317,4,1,1,2,4,25002998.993707,1.0,False,False
sess_2005,961,2025-07-07 23:08:01.226324,2025-10-02 17:13:43.251960,2,0,2,0,2,7495542.025636,0.0,False,False
sess_2006,153,2025-09-09 03:22:00.199974,2026-02-11 01:31:24.186925,3,0,2,1,3,13385363.986951,0.0,False,False
sess_2007,323,2025-06-19 12:05:59.245946,2025-06-19 12:05:59.245946,1,0,0,1,1,0.0,0.0,True,False
sess_2008,270,2026-05-29 23:22:23.214026,2026-05-29 23:22:23.214026,1,0,1,0,1,0.0,0.0,False,False
sess_2009,439,2025-11-27 12:02:12.199974,2025-11-27 12:02:12.199974,1,0,0,1,1,0.0,0.0,True,False
sess_201,592,2025-09-01 12:28:57.181409,2026-02-05 17:24:46.199974,4,1,1,2,4,13582549.018565,1.0,False,False
sess_2010,1066,2025-06-12 14:38:30.238931,2026-04-27 10:38:50.228610,2,1,0,1,2,27547219.989679,0.0,True,False
sess_2011,570,2026-05-03 09:11:19.218542,2026-06-05 10:38:04.209185,2,1,0,1,2,2856404.990643,0.0,True,False
sess_2012,542,2025-12-24 17:57:26.214026,2025-12-24 17:57:26.214026,1,0,1,0,1,0.0,0.0,False,False
sess_2013,385,2025-07-30 22:55:44.209185,2026-03-11 20:13:46.242937,2,0,1,1,2,19343882.033752,0.0,False,False
sess_2014,546,2025-11-20 13:37:29.212022,2026-05-09 23:05:36.222317,3,1,1,1,3,14722087.010295,1.0,False,False
sess_2015,414,2025-08-13 19:51:35.178635,2025-08-13 19:51:35.178635,1,0,0,1,1,0.0,0.0,True,False
sess_2017,99,2025-12-27 09:51:58.214026,2026-06-08 18:45:43.247953,4,0,2,2,4,14115225.033927,0.0,False,False
sess_2019,562,2025-06-18 14:25:03.219548,2025-06-18 14:25:03.219548,1,1,0,0,1,0.0,0.0,False,False
sess_202,750,2025-10-17 06:29:15.218542,2025-11-10 09:02:38.211509,2,1,1,0,2,2082802.992967,1.0,False,False
sess_2021,804,2025-06-17 16:20:12.247953,2025-06-17 16:20:12.247953,1,0,1,0,1,0.0,0.0,False,False
sess_2022,829,2025-07-06 00:34:24.249957,2026-03-21 21:40:34.222317,2,1,0,1,2,22367169.97236,0.0,True,False
sess_2023,803,2025-09-01 16:06:20.209185,2026-04-27 16:17:34.228610,2,0,1,1,2,20563874.019425,0.0,False,False
sess_2025,245,2026-03-28 12:50:27.178635,2026-03-28 12:50:27.178635,1,0,1,0,1,0.0,0.0,False,False
sess_2026,368,2025-07-20 00:35:30.228610,2026-05-14 04:21:37.181409,2,1,0,1,2,25760766.952799,0.0,True,False
sess_2027,536,2025-10-02 19:10:33.178635,2026-06-11 02:17:29.186925,4,1,0,3,4,21712016.00829,0.0,True,False
sess_2028,641,2025-08-22 00:42:24.228610,2026-01-14 19:45:49.222317,3,1,0,2,3,12596604.993707,0.0,True,False
sess_2029,1082,2025-07-01 10:10:50.209185,2025-09-26 19:17:32.219548,2,1,0,1,2,7549602.010363,0.0,True,False
sess_203,538,2025-07-02 08:02:48.222317,2025-07-02 08:02:48.222317,1,1,0,0,1,0.0,0.0,False,False
sess_2030,816,2025-11-23 15:53:43.178635,2026-05-12 19:10:18.247953,2,1,0,1,2,14699795.069318,0.0,True,False
sess_2031,1057,2026-05-31 11:13:05.238931,2026-05-31 11:13:05.238931,1,0,0,1,1,0.0,0.0,True,False
sess_2032,1028,2025-10-18 11:01:48.228610,2026-04-29 03:56:35.186925,3,1,0,2,3,16649686.958315,0.0,True,False
sess_2033,113,2025-09-16 18:30:43.219548,2026-03-11 07:09:09.251960,2,1,1,0,2,15165506.032412,1.0,False,False
sess_2034,78,2025-07-05 19:05:58.218542,2025-07-05 19:05:58.218542,1,0,0,1,1,0.0,0.0,True,False
sess_2035,26,2026-06-06 20:42:05.247953,2026-06-06 20:42:05.247953,1,1,0,0,1,0.0,0.0,False,False
sess_2036,191,2026-01-11 14:19:29.247953,2026-01-11 14:19:29.247953,1,0,0,1,1,0.0,0.0,True,False
sess_2037,371,2025-10-07 13:47:30.228610,2026-02-18 23:28:46.216529,2,1,1,0,2,11612475.987919,1.0,False,False
sess_2038,821,2026-04-15 15:10:05.209185,2026-05-19 21:59:24.251960,2,0,2,0,2,2962159.042775,0.0,False,False
sess_2039,822,2026-01-21 05:20:22.238931,2026-01-21 05:20:22.238931,1,0,0,1,1,0.0,0.0,True,False
sess_204,170,2025-11-30 11:43:36.228610,2026-01-18 01:00:00.238931,2,1,0,1,2,4194984.010321,0.0,True,False
sess_2040,1016,2025-09-29 19:32:53.247953,2026-01-31 20:08:44.214026,2,2,0,0,2,10715750.966073,0.0,False,False
sess_2041,578,2026-04-13 18:12:03.243940,2026-04-13 18:12:03.243940,1,0,0,1,1,0.0,0.0,True,False
sess_2042,894,2025-07-13 11:10:38.186925,2025-09-30 18:32:38.183414,4,2,1,1,4,6852119.996489,0.5,False,False
sess_2043,751,2025-10-02 06:42:16.216529,2025-10-02 06:42:16.216529,1,0,1,0,1,0.0,0.0,False,False
sess_2044,76,2025-06-29 21:50:34.216529,2025-06-29 21:50:34.216529,1,1,0,0,1,0.0,0.0,False,False
sess_2045,50,2026-02-08 08:36:25.219548,2026-05-19 04:29:56.186925,2,1,0,1,2,8625210.967377,0.0,True,False
sess_2046,597,2025-12-09 17:57:41.186925,2025-12-09 17:57:41.186925,1,0,1,0,1,0.0,0.0,False,False
sess_2048,200,2025-08-31 16:51:12.202536,2025-12-07 15:06:09.197951,2,1,0,1,2,8460896.995415,0.0,True,False
sess_2049,842,2026-05-04 12:23:58.214026,2026-05-18 22:10:41.249957,2,1,1,0,2,1244803.035931,1.0,False,False
sess_2050,459,2025-06-30 22:09:58.224321,2026-01-23 04:59:06.181409,5,1,2,2,5,17822947.957088,2.0,False,False
sess_2051,760,2025-10-07 02:23:46.178635,2026-05-04 17:33:39.243940,2,2,0,0,2,18112193.065305,0.0,False,False
sess_2052,251,2025-06-15 09:09:15.247953,2026-03-04 10:48:30.219548,4,1,1,2,4,22642754.971595,1.0,False,False
sess_2053,836,2025-07-12 18:14:25.247953,2025-10-31 13:44:35.186925,3,0,1,2,3,9574209.938972,0.0,False,False
sess_2054,19,2025-07-23 04:11:33.186925,2026-03-26 02:34:13.235934,3,1,0,2,3,21248560.049009,0.0,True,False
sess_2056,47,2025-06-28 02:10:59.228610,2026-01-27 01:58:37.243940,3,0,3,0,3,18402458.01533,0.0,False,False
sess_2057,926,2025-07-27 02:29:19.212022,2026-05-16 00:16:02.212022,3,0,2,1,3,25307203.0,0.0,False,False
sess_2058,922,2025-06-13 15:16:05.214026,2026-04-03 12:17:59.228610,3,1,1,1,3,25390914.014584,1.0,False,False
sess_2060,335,2026-05-19 20:21:55.245946,2026-05-19 20:21:55.245946,1,1,0,0,1,0.0,0.0,False,False
sess_2062,315,2025-10-19 07:29:39.186925,2025-10-19 07:29:39.186925,1,0,1,0,1,0.0,0.0,False,False
sess_2065,899,2025-12-12 20:50:31.211509,2025-12-12 20:50:31.211509,1,0,0,1,1,0.0,0.0,True,False
sess_2066,333,2025-08-31 21:06:55.216529,2025-12-30 06:24:57.181409,2,0,2,0,2,10401481.96488,0.0,False,False
sess_2067,608,2026-02-07 04:27:16.214026,2026-02-07 04:27:16.214026,1,1,0,0,1,0.0,0.0,False,False
sess_2068,358,2026-01-06 03:43:37.226324,2026-05-25 14:00:16.186925,2,0,1,1,2,12046598.960601,0.0,False,False
sess_2069,958,2025-06-23 22:34:48.209185,2025-06-23 22:34:48.209185,1,1,0,0,1,0.0,0.0,False,False
sess_207,976,2025-08-18 01:49:35.222317,2026-03-30 12:40:47.197951,4,2,1,1,4,19392671.975634,0.5,False,False
sess_2070,627,2025-09-05 21:21:09.199974,2025-09-07 01:10:04.214026,2,1,0,1,2,100135.014052,0.0,True,False
sess_2071,458,2026-02-12 09:47:36.237113,2026-02-12 09:47:36.237113,1,0,1,0,1,0.0,0.0,False,False
sess_2073,413,2025-06-19 21:57:47.186925,2026-03-02 15:32:10.228610,4,0,1,3,4,22095263.041685,0.0,False,False
sess_2074,259,2025-08-16 10:33:35.178635,2026-06-08 19:15:55.228610,4,0,2,2,4,25605740.049975,0.0,False,False
sess_2075,880,2025-07-23 13:02:57.212022,2026-06-08 01:51:17.249957,5,3,0,2,5,27607700.037935,0.0,True,False
sess_2076,278,2026-06-09 08:59:09.209185,2026-06-09 08:59:09.209185,1,0,1,0,1,0.0,0.0,False,False
sess_2077,698,2025-06-17 10:15:44.212022,2025-06-17 10:15:44.212022,1,0,0,1,1,0.0,0.0,True,False
sess_2079,420,2025-10-25 14:48:17.251960,2026-06-10 21:39:39.222317,4,1,1,2,4,19723881.970357,1.0,False,False
sess_208,392,2025-06-27 04:55:58.222317,2026-01-23 14:28:32.186925,2,0,0,2,2,18178353.964608,0.0,True,False
sess_2080,80,2025-06-17 22:56:09.247953,2025-06-22 19:04:19.186925,2,1,0,1,2,418089.938972,0.0,True,False
sess_2081,452,2025-11-15 05:04:20.249957,2025-11-15 05:04:20.249957,1,0,0,1,1,0.0,0.0,True,False
sess_2082,108,2025-10-09 07:11:49.245946,2026-01-03 06:37:03.242937,3,1,1,1,3,7428313.996991,1.0,False,False
sess_2083,586,2026-01-28 22:35:04.203543,2026-01-28 22:35:04.203543,1,1,0,0,1,0.0,0.0,False,False
sess_2085,733,2025-12-12 03:16:46.186925,2025-12-12 03:16:46.186925,1,0,1,0,1,0.0,0.0,False,False
sess_2086,542,2025-09-14 08:09:13.247953,2025-09-14 08:09:13.247953,1,1,0,0,1,0.0,0.0,False,False
sess_2087,262,2025-12-01 11:45:13.228610,2025-12-01 11:45:13.228610,1,1,0,0,1,0.0,0.0,False,False
sess_2088,1019,2026-01-13 02:21:40.214026,2026-06-03 01:50:36.186925,2,0,1,1,2,12180535.972899,0.0,False,False
sess_2089,746,2026-01-01 22:37:14.219548,2026-06-09 22:04:46.185418,6,1,4,1,6,13735651.96587,4.0,False,False
sess_2090,666,2025-08-15 22:38:18.240934,2026-02-19 03:04:10.245946,2,0,0,2,2,16172752.005012,0.0,True,False
sess_2091,593,2026-02-06 13:04:39.245946,2026-06-06 05:10:17.249957,3,2,0,1,3,10339538.004011,0.0,True,False
sess_2092,694,2025-12-13 16:14:10.209185,2026-04-27 22:51:24.249957,2,1,1,0,2,11687834.040772,1.0,False,False
sess_2093,109,2025-09-07 03:37:48.228610,2026-04-27 19:04:07.212022,2,1,0,1,2,20100378.983412,0.0,True,False
sess_2094,412,2026-01-13 22:28:52.178635,2026-01-13 22:28:52.178635,1,0,1,0,1,0.0,0.0,False,False
sess_2095,1005,2025-07-23 03:32:47.178635,2026-03-21 03:39:38.226324,2,2,0,0,2,20822811.047689,0.0,False,False
sess_2096,180,2025-12-06 08:37:23.227826,2025-12-06 08:37:23.227826,1,0,0,1,1,0.0,0.0,True,False
sess_2097,98,2025-09-21 17:47:46.199974,2026-05-20 02:35:08.186925,4,2,1,1,4,20767641.986951,0.5,False,False
sess_2098,581,2025-06-16 18:00:42.202536,2025-10-09 20:16:59.240934,3,1,1,1,3,9944177.038398,1.0,False,False
sess_2099,920,2025-09-16 21:17:03.222317,2025-09-16 21:17:03.222317,1,0,0,1,1,0.0,0.0,True,False
sess_21,200,2025-08-14 21:55:02.251960,2025-10-24 23:13:30.216529,3,1,2,0,3,6139107.964569,2.0,False,False
sess_210,948,2025-12-25 07:12:41.228610,2025-12-25 07:12:41.228610,1,0,0,1,1,0.0,0.0,True,False
sess_2100,273,2025-10-22 21:05:38.228610,2026-05-21 05:21:19.195433,4,0,3,1,4,18173740.966823,0.0,False,False
sess_2101,431,2026-05-29 17:18:25.222317,2026-05-29 17:18:25.222317,1,1,0,0,1,0.0,0.0,False,False
sess_2102,455,2025-11-05 10:03:28.214026,2026-03-09 22:26:41.228610,3,2,0,1,3,10758193.014584,0.0,True,False
sess_2103,61,2025-07-17 05:19:02.228610,2026-03-23 05:45:53.251960,5,2,0,3,5,21515211.02335,0.0,True,False
sess_2104,542,2026-06-03 04:18:41.228610,2026-06-03 04:18:41.228610,1,0,1,0,1,0.0,0.0,False,False
sess_2105,225,2026-03-20 10:46:34.228610,2026-04-30 01:06:05.214026,2,0,1,1,2,3507570.985416,0.0,False,False
sess_2106,709,2025-08-13 18:27:14.228610,2026-04-19 20:47:05.186925,2,1,1,0,2,21521990.958315,1.0,False,False
sess_2107,238,2025-10-26 23:14:48.202536,2026-05-14 16:42:00.222317,2,1,0,1,2,17256432.019781,0.0,True,False
sess_2108,3,2025-06-24 17:43:58.228610,2025-06-24 17:43:58.228610,1,0,1,0,1,0.0,0.0,False,False
sess_2109,900,2025-08-26 07:24:21.240934,2025-08-26 07:24:21.240934,1,0,1,0,1,0.0,0.0,False,False
sess_211,135,2025-07-24 14:51:28.178635,2025-07-24 14:51:28.178635,1,0,1,0,1,0.0,0.0,False,False
sess_2111,717,2026-03-17 17:23:43.186925,2026-03-17 17:23:43.186925,1,1,0,0,1,0.0,0.0,False,False
sess_2112,157,2026-04-01 09:24:01.218542,2026-04-01 09:24:01.218542,1,1,0,0,1,0.0,0.0,False,False
sess_2113,677,2025-08-22 20:15:18.253968,2026-01-09 01:56:31.222317,2,1,0,1,2,12030072.968349,0.0,True,False
sess_2114,422,2025-09-03 04:53:04.212022,2025-12-25 10:29:00.216529,2,0,1,1,2,9783356.004507,0.0,False,False
sess_2115,980,2025-07-08 01:27:46.240934,2025-11-30 15:12:36.249957,2,0,2,0,2,12577490.009023,0.0,False,False
sess_2116,961,2025-08-07 10:33:45.207677,2025-08-20 17:23:41.186925,2,0,1,1,2,1147795.979248,0.0,False,False
sess_2119,128,2026-01-06 01:04:16.227826,2026-04-07 16:53:32.228610,2,1,1,0,2,7919356.000784,1.0,False,False
sess_212,305,2026-05-12 01:26:58.227826,2026-05-12 01:26:58.227826,1,1,0,0,1,0.0,0.0,False,False
sess_2120,235,2025-08-17 13:22:06.249957,2025-09-02 04:02:47.216529,2,0,1,1,2,1348840.966572,0.0,False,False
sess_2122,332,2026-02-14 12:17:16.226324,2026-02-14 12:17:16.226324,1,1,0,0,1,0.0,0.0,False,False
sess_2124,440,2026-01-20 19:03:12.183414,2026-04-05 09:32:50.212022,3,2,0,1,3,6445778.028608,0.0,True,False
sess_2125,157,2026-02-05 19:32:17.212022,2026-06-01 09:28:03.183414,3,0,1,2,3,9986145.971392,0.0,False,False
sess_2126,1091,2025-09-03 11:44:32.183414,2026-06-03 22:15:52.212022,2,0,1,1,2,23625080.028608,0.0,False,False
sess_2128,25,2025-10-01 03:15:33.228610,2025-12-23 14:30:04.228610,2,0,0,2,2,7211671.0,0.0,True,False
sess_2129,804,2025-08-30 07:42:39.216529,2026-03-09 17:08:34.238931,2,1,1,0,2,16536355.022402,1.0,False,False
sess_2130,293,2026-04-11 10:47:50.211204,2026-04-11 10:47:50.211204,1,1,0,0,1,0.0,0.0,False,False
sess_2131,1080,2026-01-30 15:00:50.228610,2026-04-04 07:38:27.245946,2,1,1,0,2,5503057.017336,1.0,False,False
sess_2132,246,2025-08-09 18:19:21.222317,2025-08-09 18:19:21.222317,1,0,0,1,1,0.0,0.0,True,False
sess_2133,535,2025-10-23 18:50:57.186925,2025-11-07 11:28:17.195433,2,1,0,1,2,1269440.008508,0.0,True,False
sess_2134,362,2025-08-18 22:59:04.209185,2026-03-01 03:37:35.245946,3,0,0,3,3,16778311.036761,0.0,True,False
sess_2135,86,2025-06-11 04:48:25.183414,2026-05-15 17:47:06.249957,4,1,2,1,4,29249921.066543,2.0,False,False
sess_2136,1098,2025-12-30 01:19:51.228610,2026-04-12 11:12:53.178635,2,1,0,1,2,8934781.950025,0.0,True,False
sess_2137,333,2025-12-10 03:16:16.219548,2026-06-11 15:06:35.228610,2,1,1,0,2,15853819.009062,1.0,False,False
sess_2138,145,2025-11-21 20:55:19.249957,2026-02-14 05:47:14.247953,2,0,1,1,2,7289514.997996,0.0,False,False
sess_214,1055,2025-07-12 03:19:23.203543,2025-07-12 03:19:23.203543,1,1,0,0,1,0.0,0.0,False,False
sess_2140,743,2026-05-01 04:36:38.235934,2026-05-01 04:36:38.235934,1,0,1,0,1,0.0,0.0,False,False
sess_2141,77,2025-12-02 14:42:34.209185,2026-03-19 02:31:21.183414,4,2,1,1,4,9200926.974229,0.5,False,False
sess_2142,243,2025-09-14 03:29:33.227826,2025-09-14 03:29:33.227826,1,0,1,0,1,0.0,0.0,False,False
sess_2143,564,2025-08-16 22:25:21.226324,2026-06-03 02:20:17.253968,2,1,0,1,2,25070096.027644,0.0,True,False
sess_2144,179,2025-11-05 01:50:09.224321,2026-05-01 16:00:45.247953,3,0,1,2,3,15343836.023632,0.0,False,False
sess_2146,735,2025-06-20 13:11:37.218542,2025-09-19 05:29:35.249957,2,1,0,1,2,7834678.031415,0.0,True,False
sess_2148,275,2025-07-20 12:38:28.186925,2026-03-27 14:02:27.214026,5,2,1,2,5,21605039.027101,0.5,False,False
sess_2149,249,2025-10-08 01:22:04.235934,2026-01-02 17:02:17.228610,2,2,0,0,2,7486812.992676,0.0,False,False
sess_215,981,2025-12-06 13:59:03.212022,2026-05-12 07:06:58.181409,4,1,0,3,4,13540074.969387,0.0,True,False
sess_2150,1084,2025-08-13 08:20:19.186925,2025-09-28 13:06:00.222317,2,0,1,1,2,3991541.035392,0.0,False,False
sess_2151,189,2025-09-16 21:10:40.240934,2026-02-28 20:06:11.238931,2,1,0,1,2,14252130.997997,0.0,True,False
sess_2152,592,2025-07-04 09:34:34.237113,2026-04-11 05:06:46.224321,5,3,1,1,5,24262331.987208,0.3333333333333333,False,False
sess_2153,199,2026-03-05 05:30:23.186925,2026-05-08 11:07:27.178635,2,0,1,1,2,5549823.99171,0.0,False,False
sess_2154,614,2025-07-03 16:39:13.186925,2026-04-22 21:39:09.254569,4,0,4,0,4,25333196.067644,0.0,False,False
sess_2155,521,2025-06-26 12:16:50.251960,2025-06-26 12:16:50.251960,1,0,1,0,1,0.0,0.0,False,False
sess_2156,447,2025-08-12 06:39:41.186925,2026-03-28 18:00:32.185418,6,1,2,3,6,19740050.998493,2.0,False,False
sess_2157,620,2025-07-01 10:02:09.203543,2026-03-28 23:27:09.186925,5,1,3,1,5,23376299.983382,3.0,False,False
sess_2158,93,2025-09-28 09:23:06.224321,2025-09-28 09:23:06.224321,1,0,1,0,1,0.0,0.0,False,False
sess_216,195,2025-08-27 06:26:02.247953,2026-03-10 22:03:23.249957,3,0,1,2,3,16904241.002004,0.0,False,False
sess_2160,308,2026-02-01 14:07:41.242937,2026-02-01 14:07:41.242937,1,1,0,0,1,0.0,0.0,False,False
sess_2161,459,2025-09-12 06:41:57.228610,2026-03-18 07:03:45.235934,2,1,0,1,2,16158108.007324,0.0,True,False
sess_2162,112,2025-12-10 02:44:51.228610,2025-12-10 02:44:51.228610,1,1,0,0,1,0.0,0.0,False,False
sess_2163,704,2025-09-23 14:32:27.186925,2026-06-07 12:15:58.251960,4,0,1,3,4,22196611.065035,0.0,False,False
sess_2164,602,2025-12-26 22:21:58.226324,2025-12-26 22:21:58.226324,1,1,0,0,1,0.0,0.0,False,False
sess_2165,616,2025-06-24 04:08:48.251960,2025-11-18 21:23:26.242937,3,1,1,1,3,12762877.990977,1.0,False,False
sess_2166,359,2025-12-03 02:50:49.183414,2025-12-03 02:50:49.183414,1,0,1,0,1,0.0,0.0,False,False
sess_2167,470,2025-06-25 04:14:04.222317,2025-10-08 11:02:27.240934,2,2,0,0,2,9096503.018617,0.0,False,False
sess_2168,281,2025-11-19 04:39:07.214026,2026-04-11 20:10:41.219548,2,1,0,1,2,12411094.005522,0.0,True,False
sess_217,655,2026-03-26 19:36:28.249957,2026-03-26 19:36:28.249957,1,0,1,0,1,0.0,0.0,False,False
sess_2170,691,2025-07-29 09:09:42.181409,2026-02-03 07:58:25.222317,4,2,2,0,4,16325323.040908,1.0,False,False
sess_2171,1089,2025-07-25 00:58:34.183414,2026-05-03 07:41:59.240934,4,3,1,0,4,24389005.05752,0.3333333333333333,False,False
sess_2172,147,2026-01-15 17:33:41.185418,2026-05-31 10:51:50.181409,2,0,2,0,2,11726288.995991,0.0,False,False
sess_2173,836,2025-08-24 12:16:36.228610,2026-04-24 04:38:57.222317,2,1,0,1,2,20967740.993707,0.0,True,False
sess_2174,1050,2025-10-18 01:11:47.228610,2026-04-28 16:27:33.186925,2,0,1,1,2,16643745.958315,0.0,False,False
sess_2176,988,2025-08-28 14:01:35.203543,2026-01-03 04:50:37.249957,2,2,0,0,2,11026142.046414,0.0,False,False
sess_2177,229,2025-10-18 01:14:52.214026,2026-06-07 08:35:49.253968,3,1,0,2,3,20071257.039942,0.0,True,False
sess_2178,699,2026-04-29 16:25:37.216529,2026-05-15 13:55:20.185418,2,1,1,0,2,1373382.968889,1.0,False,False
sess_2179,87,2025-07-25 04:57:58.178635,2026-03-11 17:12:40.228610,5,2,3,0,5,19829682.049975,1.5,False,False
sess_218,723,2025-08-11 08:32:31.178635,2026-03-01 17:01:06.228610,2,0,1,1,2,17483315.049975,0.0,False,False
sess_2180,404,2025-11-12 02:22:08.249957,2025-11-12 02:22:08.249957,1,0,1,0,1,0.0,0.0,False,False
sess_2181,538,2025-09-21 12:04:11.228610,2026-06-08 08:13:42.238931,5,1,2,2,5,22450171.010321,2.0,False,False
sess_2182,883,2025-08-02 22:46:58.249957,2026-04-26 05:55:18.183414,6,3,1,2,6,23008099.933457,0.3333333333333333,False,False
sess_2183,160,2025-06-11 13:15:32.228610,2026-03-10 11:44:07.203543,3,3,0,0,3,23495314.974933,0.0,False,False
sess_2184,691,2025-12-06 16:56:55.186925,2025-12-06 16:56:55.186925,1,0,1,0,1,0.0,0.0,False,False
sess_2185,453,2025-11-02 10:55:26.247953,2025-12-08 15:47:15.199974,2,0,2,0,2,3127908.952021,0.0,False,False
sess_2186,866,2025-07-14 17:12:15.183414,2025-11-05 04:17:38.209185,4,2,0,2,4,9803123.025771,0.0,True,False
sess_2187,283,2025-10-09 23:31:24.222317,2025-12-13 08:10:13.245946,3,0,0,3,3,5560729.023629,0.0,True,False
sess_2188,235,2026-04-27 19:33:12.186925,2026-04-27 19:33:12.186925,1,1,0,0,1,0.0,0.0,False,False
sess_2189,517,2025-08-03 17:54:30.235934,2025-11-12 21:00:53.181409,3,2,0,1,3,8737582.945475,0.0,True,False
sess_219,90,2026-02-04 23:41:28.214026,2026-03-13 13:19:13.226324,2,0,0,2,2,3159465.012298,0.0,True,False
sess_2191,91,2025-06-12 07:05:18.199974,2025-07-29 04:34:07.216529,3,1,1,1,3,4051729.016555,1.0,False,False
sess_2192,621,2026-03-07 20:02:14.219548,2026-03-31 13:52:08.195433,2,1,1,0,2,2051393.975885,1.0,False,False
sess_2193,140,2025-11-28 00:10:09.245946,2025-11-28 00:10:09.245946,1,1,0,0,1,0.0,0.0,False,False
sess_2194,494,2025-07-19 01:36:37.209185,2025-11-08 17:03:32.243940,2,1,1,0,2,9732415.034755,1.0,False,False
sess_2195,716,2025-10-09 01:05:20.228610,2026-05-22 22:56:05.181409,3,0,1,2,3,19518644.952799,0.0,False,False
sess_2196,405,2025-09-04 15:51:18.219548,2026-02-17 05:53:08.242937,3,1,1,1,3,14306510.023389,1.0,False,False
sess_2197,927,2025-08-19 13:30:31.228610,2026-04-22 14:20:00.186925,2,0,2,0,2,21257368.958315,0.0,False,False
sess_2198,534,2025-09-29 20:04:44.186925,2026-04-14 21:56:46.228610,5,2,1,2,5,17027522.041685,0.5,False,False
sess_2199,489,2025-07-02 06:01:11.199974,2026-04-27 09:37:33.186925,5,1,1,3,5,25846581.986951,1.0,False,False
sess_22,372,2025-06-23 03:06:42.222317,2026-05-26 00:27:39.237113,5,0,2,3,5,29107257.014796,0.0,False,False
sess_220,930,2025-12-12 14:11:01.186925,2026-04-11 01:36:49.247953,4,1,1,2,4,10322748.061028,1.0,False,False
sess_2200,112,2025-12-18 01:01:50.178635,2026-01-28 09:30:23.214026,3,0,1,2,3,3572913.035391,0.0,False,False
sess_2201,26,2025-06-15 07:19:08.228610,2026-03-29 20:03:53.214026,5,1,2,2,5,24842684.985416,2.0,False,False
sess_2203,780,2025-08-09 14:24:11.186925,2025-12-10 04:12:33.214026,3,2,0,1,3,10590502.027101,0.0,True,False
sess_2204,11,2025-12-25 07:26:21.253968,2026-04-19 11:50:02.181409,2,0,1,1,2,9951820.927441,0.0,False,False
sess_2205,535,2026-01-22 18:12:03.228610,2026-01-31 20:56:51.183414,2,0,1,1,2,787487.954804,0.0,False,False
sess_2206,310,2025-11-25 18:27:53.224321,2026-03-13 18:42:24.197951,5,1,2,2,5,9332070.97363,2.0,False,False
sess_2207,298,2026-01-16 05:48:57.186925,2026-03-07 14:31:48.228610,2,0,1,1,2,4351371.041685,0.0,False,False
sess_2208,89,2025-10-11 07:06:51.224321,2025-10-11 07:06:51.224321,1,0,0,1,1,0.0,0.0,True,False
sess_2209,363,2026-02-28 06:33:17.247953,2026-04-11 20:18:01.199974,3,1,1,1,3,3678283.952021,1.0,False,False
sess_221,761,2025-07-25 04:36:23.222317,2026-05-29 02:40:50.199974,5,2,2,1,5,26604266.977657,1.0,False,False
sess_2210,699,2025-06-28 18:07:06.243940,2026-01-13 10:37:00.251960,7,3,1,3,7,17166594.00802,0.3333333333333333,False,False
sess_2212,352,2025-09-30 08:13:34.224321,2026-03-31 11:00:45.181409,3,1,0,2,3,15734830.957088,0.0,True,False
sess_2213,345,2026-01-26 14:18:49.214026,2026-01-26 14:18:49.214026,1,1,0,0,1,0.0,0.0,False,False
sess_2214,850,2025-11-06 00:38:00.245946,2026-05-01 17:23:06.186925,4,0,0,4,4,15266705.940979,0.0,True,False
sess_2215,379,2025-08-19 09:54:31.228610,2026-04-30 20:23:22.237113,3,1,1,1,3,21983331.008503,1.0,False,False
sess_2216,819,2026-01-16 14:40:32.247953,2026-04-29 12:23:43.186925,2,0,1,1,2,8890990.938972,0.0,False,False
sess_2217,601,2025-09-29 10:19:22.249957,2026-05-17 08:21:26.186925,2,0,1,1,2,19864923.936968,0.0,False,False
sess_2218,815,2026-01-03 11:46:53.181409,2026-01-03 11:46:53.181409,1,0,1,0,1,0.0,0.0,False,False
sess_2219,827,2025-10-03 16:31:43.186925,2025-10-28 09:30:53.253968,2,1,1,0,2,2134750.067043,1.0,False,False
sess_222,1053,2025-07-13 07:18:06.249957,2026-03-18 16:13:42.212022,3,0,2,1,3,21459335.962065,0.0,False,False
sess_2220,745,2025-08-18 07:54:07.209185,2026-03-07 18:23:25.214026,2,0,1,1,2,17404158.004841,0.0,False,False
sess_2221,863,2025-06-20 20:06:08.228610,2026-01-14 12:00:20.228610,5,0,2,3,5,17942052.0,0.0,False,False
sess_2222,935,2026-02-20 02:52:39.224321,2026-02-20 02:52:39.224321,1,1,0,0,1,0.0,0.0,False,False
sess_2223,113,2025-11-25 00:38:07.224321,2026-04-20 15:07:21.216529,2,1,1,0,2,12666553.992208,1.0,False,False
sess_2224,647,2025-12-28 18:03:14.214026,2026-03-24 08:18:33.237113,4,1,1,2,4,7395319.023087,1.0,False,False
sess_2226,639,2026-02-12 08:16:23.245946,2026-02-12 08:16:23.245946,1,0,0,1,1,0.0,0.0,True,False
sess_2228,534,2026-05-28 01:07:14.186925,2026-05-28 01:07:14.186925,1,0,1,0,1,0.0,0.0,False,False
sess_2229,980,2025-07-03 05:51:09.226324,2025-12-29 22:53:08.242937,2,1,0,1,2,15526919.016613,0.0,True,False
sess_223,552,2025-12-28 08:23:00.181409,2026-03-15 07:33:37.214026,2,0,1,1,2,6649837.032617,0.0,False,False
sess_2230,447,2026-03-15 03:55:20.186925,2026-04-15 10:26:45.207677,2,0,0,2,2,2701885.020752,0.0,True,False
sess_2231,567,2026-03-17 19:53:45.245946,2026-05-22 00:38:22.228610,2,2,0,0,2,5633076.982664,0.0,False,False
sess_2232,734,2025-08-29 06:57:45.228610,2025-08-29 06:57:45.228610,1,0,1,0,1,0.0,0.0,False,False
sess_2233,461,2026-02-12 22:38:04.183414,2026-02-12 22:38:04.183414,1,1,0,0,1,0.0,0.0,False,False
sess_2234,258,2026-02-02 11:20:47.224321,2026-02-02 11:20:47.224321,1,0,0,1,1,0.0,0.0,True,False
sess_2235,1094,2025-12-06 09:30:06.240934,2025-12-06 09:30:06.240934,1,0,1,0,1,0.0,0.0,False,False
sess_2236,586,2026-02-28 14:05:23.228610,2026-02-28 14:05:23.228610,1,0,1,0,1,0.0,0.0,False,False
sess_2237,695,2025-06-11 08:20:19.249957,2026-05-06 00:07:13.186925,4,0,0,4,4,28396013.936968,0.0,True,False
sess_2238,1094,2025-09-09 18:10:22.237113,2025-11-27 17:50:16.219548,3,0,2,1,3,6824393.982435,0.0,False,False
sess_2239,157,2025-11-07 20:18:24.222317,2026-06-03 15:41:32.186925,3,2,0,1,3,17954587.964608,0.0,True,False
sess_224,67,2025-12-27 18:47:41.214026,2026-05-07 07:59:11.228610,4,0,2,2,4,11279490.014584,0.0,False,False
sess_2240,644,2025-10-20 08:04:30.186925,2025-10-20 08:04:30.186925,1,0,1,0,1,0.0,0.0,False,False
sess_2241,633,2025-12-25 14:47:22.228610,2025-12-25 14:47:22.228610,1,1,0,0,1,0.0,0.0,False,False
sess_2242,116,2026-04-16 00:21:38.240934,2026-04-16 00:21:38.240934,1,0,0,1,1,0.0,0.0,True,False
sess_2244,914,2025-12-26 21:40:45.228610,2026-06-11 21:55:19.209185,3,2,0,1,3,14429673.980575,0.0,True,False
sess_2245,761,2025-07-24 22:48:53.249957,2026-02-01 03:59:46.228610,5,1,1,3,5,16521052.978653,1.0,False,False
sess_2246,506,2025-06-17 17:20:14.245946,2026-01-25 07:14:20.195433,4,0,2,2,4,19144445.949487,0.0,False,False
sess_2249,822,2025-10-09 13:13:49.186925,2026-02-05 01:58:44.209185,2,0,1,1,2,10241095.02226,0.0,False,False
sess_225,965,2025-09-05 05:57:15.240934,2025-09-05 05:57:15.240934,1,0,0,1,1,0.0,0.0,True,False
sess_2250,901,2025-12-09 11:48:22.209185,2025-12-09 11:48:22.209185,1,1,0,0,1,0.0,0.0,False,False
sess_2251,1064,2025-06-27 21:13:23.219548,2025-06-27 21:13:23.219548,1,0,1,0,1,0.0,0.0,False,False
sess_2252,134,2026-04-04 07:04:27.224321,2026-04-04 07:04:27.224321,1,1,0,0,1,0.0,0.0,False,False
sess_2253,267,2026-05-01 11:11:39.203543,2026-05-01 11:11:39.203543,1,1,0,0,1,0.0,0.0,False,False
sess_2254,322,2025-08-25 22:32:16.237113,2026-01-25 06:34:47.203543,3,0,2,1,3,13161750.96643,0.0,False,False
sess_2255,1000,2025-07-06 15:19:42.181409,2025-07-06 15:19:42.181409,1,1,0,0,1,0.0,0.0,False,False
sess_2256,84,2026-05-31 00:47:44.181409,2026-05-31 00:47:44.181409,1,0,0,1,1,0.0,0.0,True,False
sess_2257,391,2026-03-06 00:30:01.227826,2026-03-22 15:19:29.214026,2,0,0,2,2,1435767.9862,0.0,True,False
sess_2259,928,2025-07-09 07:49:58.249957,2026-01-24 04:12:23.238931,4,3,0,1,4,17180544.988974,0.0,True,False
sess_226,154,2025-09-26 16:11:38.199974,2025-09-26 16:11:38.199974,1,1,0,0,1,0.0,0.0,False,False
sess_2260,384,2026-05-18 07:54:40.186925,2026-05-18 07:54:40.186925,1,1,0,0,1,0.0,0.0,False,False
sess_2261,1031,2025-09-19 10:07:49.242937,2026-06-01 17:12:32.238931,5,0,3,2,5,22057482.995994,0.0,False,False
sess_2263,598,2025-10-22 21:42:13.247953,2026-05-05 04:29:32.228610,3,3,0,0,3,16786038.980657,0.0,False,False
sess_2265,847,2025-12-06 19:30:00.186925,2026-05-05 23:00:25.228610,4,2,1,1,4,12972625.041685,0.5,False,False
sess_2266,269,2026-02-14 14:39:40.242937,2026-02-14 14:39:40.242937,1,1,0,0,1,0.0,0.0,False,False
sess_2267,210,2025-07-16 23:50:14.249957,2025-09-19 06:57:53.186925,2,1,0,1,2,5555258.936968,0.0,True,False
sess_2268,553,2026-02-16 04:01:23.228610,2026-02-16 04:01:23.228610,1,0,0,1,1,0.0,0.0,True,False
sess_2269,1081,2026-02-15 09:22:04.237113,2026-02-15 09:22:04.237113,1,1,0,0,1,0.0,0.0,False,False
sess_227,825,2025-06-27 06:38:05.224321,2026-04-15 19:23:54.199974,2,1,1,0,2,25274748.975653,1.0,False,False
sess_2270,598,2025-08-10 22:23:58.186925,2025-08-10 22:23:58.186925,1,0,0,1,1,0.0,0.0,True,False
sess_2271,400,2026-03-13 05:19:29.186925,2026-03-13 05:19:29.186925,1,1,0,0,1,0.0,0.0,False,False
sess_2273,869,2025-06-29 22:04:08.195433,2026-05-24 01:27:41.186925,3,2,1,0,3,28351412.991492,0.5,False,False
sess_2274,849,2025-11-27 13:06:44.247953,2025-12-03 10:14:30.251960,2,1,0,1,2,508066.004007,0.0,True,False
sess_2276,445,2026-01-13 19:19:03.235934,2026-01-24 07:20:56.218542,2,0,2,0,2,907312.982608,0.0,False,False
sess_2278,626,2025-10-17 03:27:48.219548,2026-04-11 14:19:36.242937,4,1,2,1,4,15245508.023389,2.0,False,False
sess_2279,1092,2025-10-25 12:56:50.235934,2025-11-19 09:31:43.245946,2,1,0,1,2,2147693.010012,0.0,True,False
sess_228,785,2025-12-11 19:57:32.240934,2026-06-04 16:51:35.216529,3,2,0,1,3,15108842.975595,0.0,True,False
sess_2280,770,2025-07-10 21:41:38.212022,2025-07-10 21:41:38.212022,1,0,0,1,1,0.0,0.0,True,False
sess_2281,438,2025-06-29 19:01:01.186925,2026-04-22 22:46:18.216529,7,1,4,2,7,25674317.029604,4.0,False,False
sess_2282,189,2025-12-28 01:26:14.186925,2025-12-28 01:26:14.186925,1,1,0,0,1,0.0,0.0,False,False
sess_2283,19,2025-10-02 19:55:19.186925,2025-10-02 19:55:19.186925,1,0,1,0,1,0.0,0.0,False,False
sess_2284,577,2025-07-27 06:18:59.249957,2026-05-02 01:11:28.228610,4,3,1,0,4,24087148.978653,0.3333333333333333,False,False
sess_2286,514,2025-06-19 18:44:14.251960,2025-08-06 18:21:43.211509,2,0,0,2,2,4145848.959549,0.0,True,False
sess_2287,915,2026-03-20 17:11:55.186925,2026-03-20 17:11:55.186925,1,0,1,0,1,0.0,0.0,False,False
sess_2288,1045,2026-03-07 02:59:44.183414,2026-03-07 02:59:44.183414,1,0,0,1,1,0.0,0.0,True,False
sess_229,356,2026-04-12 14:22:19.247953,2026-06-06 15:46:52.178635,2,0,1,1,2,4757072.930682,0.0,False,False
sess_2290,283,2026-04-11 11:40:27.178635,2026-04-11 11:40:27.178635,1,0,1,0,1,0.0,0.0,False,False
sess_2291,1073,2025-09-11 11:55:14.185418,2026-05-23 04:50:54.181409,8,3,2,3,8,21920139.995991,0.6666666666666666,False,False
sess_2293,313,2025-07-10 04:56:19.243940,2026-04-29 16:42:50.216529,3,0,3,0,3,25357590.972589,0.0,False,False
sess_2294,597,2025-07-26 18:11:28.237113,2026-05-04 13:42:27.226324,3,1,1,1,3,24348658.989211,1.0,False,False
sess_2295,287,2025-07-20 22:31:18.186925,2026-05-14 17:42:31.228610,4,2,1,1,4,25729873.041685,0.5,False,False
sess_2296,244,2025-12-27 19:52:52.228610,2026-03-31 01:00:00.186925,4,0,3,1,4,8053627.958315,0.0,False,False
sess_2297,705,2025-08-24 19:37:15.209185,2026-05-04 20:08:29.228610,4,1,0,3,4,21861074.019425,0.0,True,False
sess_2298,376,2025-12-12 08:13:26.209185,2026-04-26 17:14:04.185418,3,1,0,2,3,11696437.976233,0.0,True,False
sess_2299,772,2025-12-07 00:12:59.214026,2026-05-11 03:57:35.181409,3,0,0,3,3,13405475.967383,0.0,True,False
sess_23,84,2026-01-09 20:26:08.178635,2026-06-09 10:01:51.212022,5,1,3,1,5,13008943.033387,3.0,False,False
sess_230,486,2025-12-20 19:48:50.186925,2026-04-24 10:36:06.235934,2,0,1,1,2,10766836.049009,0.0,False,False
sess_2300,936,2026-05-16 11:38:33.238931,2026-05-16 11:38:33.238931,1,0,0,1,1,0.0,0.0,True,False
sess_2301,851,2025-06-14 10:24:47.228610,2026-05-29 16:18:17.228610,5,1,3,1,5,30174810.0,3.0,False,False
sess_2302,1068,2026-03-19 10:52:10.219548,2026-05-20 06:10:11.216529,2,0,0,2,2,5339880.996981,0.0,True,False
sess_2303,23,2025-08-30 14:03:56.237113,2025-12-14 09:52:36.228610,4,2,2,0,4,9143319.991497,1.0,False,False
sess_2305,681,2026-06-05 22:30:52.186925,2026-06-05 22:30:52.186925,1,1,0,0,1,0.0,0.0,False,False
sess_2306,562,2026-04-15 08:25:44.186925,2026-04-15 08:25:44.186925,1,0,0,1,1,0.0,0.0,True,False
sess_2307,1092,2025-07-25 22:16:25.254569,2026-05-15 23:35:37.228610,2,0,0,2,2,25406351.974041,0.0,True,False
sess_2308,1077,2025-07-24 06:37:44.228610,2025-08-05 19:38:13.228610,2,1,1,0,2,1083629.0,1.0,False,False
sess_2309,322,2025-07-30 10:54:46.227826,2026-01-26 10:54:52.219548,4,1,2,1,4,15552005.991722,2.0,False,False
sess_231,639,2025-09-22 06:50:07.207677,2025-10-19 16:35:07.249957,2,1,1,0,2,2367900.04228,1.0,False,False
sess_2310,483,2025-09-17 01:58:36.249957,2025-09-17 01:58:36.249957,1,1,0,0,1,0.0,0.0,False,False
sess_2311,640,2025-08-10 04:10:53.181409,2026-04-24 16:26:37.186925,2,0,1,1,2,22248944.005516,0.0,False,False
sess_2312,1004,2025-06-15 14:03:23.240934,2026-03-19 15:13:37.181409,5,1,2,2,5,23937013.940475,2.0,False,False
sess_2313,242,2025-07-30 22:55:03.186925,2025-11-22 02:26:25.216529,3,1,1,1,3,9862282.029604,1.0,False,False
sess_2315,93,2025-10-04 07:21:29.228610,2026-04-25 22:11:34.228610,3,1,1,1,3,17592605.0,1.0,False,False
sess_2316,727,2026-05-12 22:24:51.212022,2026-05-12 22:24:51.212022,1,0,0,1,1,0.0,0.0,True,False
sess_2317,528,2025-08-16 11:46:58.240934,2026-03-27 15:04:34.178635,2,0,1,1,2,19279055.937701,0.0,False,False
sess_2318,641,2025-06-13 13:17:48.197951,2025-11-02 00:11:51.216529,2,0,1,1,2,12221643.018578,0.0,False,False
sess_2319,654,2025-10-12 01:55:36.237113,2026-06-11 05:36:42.219548,4,2,1,1,4,20922065.982435,0.5,False,False
sess_232,26,2025-09-10 01:36:22.219548,2025-10-04 10:13:52.249957,2,1,1,0,2,2104650.030409,1.0,False,False
sess_2320,478,2025-08-03 01:26:29.178635,2026-04-28 06:40:53.183414,3,0,2,1,3,23174064.004779,0.0,False,False
sess_2322,646,2025-07-01 09:02:51.228610,2025-07-01 09:02:51.228610,1,1,0,0,1,0.0,0.0,False,False
sess_2324,804,2025-08-12 18:56:01.178635,2026-05-05 13:42:24.214026,2,0,1,1,2,22963583.035391,0.0,False,False
sess_2325,794,2025-09-04 09:08:33.209185,2026-02-12 00:22:13.251960,3,1,1,1,3,13878820.042775,1.0,False,False
sess_2326,602,2025-07-15 06:51:05.186925,2026-05-03 04:27:17.240934,2,2,0,0,2,25220172.054009,0.0,False,False
sess_2327,290,2025-07-14 16:53:40.242937,2026-01-30 00:32:09.226324,2,0,0,2,2,17221108.983387,0.0,True,False
sess_2328,798,2025-10-04 12:52:07.186925,2026-04-01 11:35:27.186925,4,1,2,1,4,15461000.0,2.0,False,False
sess_2329,125,2025-08-02 03:30:18.228610,2025-08-02 03:30:18.228610,1,1,0,0,1,0.0,0.0,False,False
sess_233,1097,2025-11-30 15:38:45.212022,2025-11-30 15:38:45.212022,1,0,1,0,1,0.0,0.0,False,False
sess_2331,124,2025-08-02 00:05:09.228610,2025-08-02 00:05:09.228610,1,0,1,0,1,0.0,0.0,False,False
sess_2332,811,2025-06-24 19:48:14.214026,2026-04-21 16:01:37.216529,2,2,0,0,2,25992803.002503,0.0,False,False
sess_2334,765,2025-07-10 10:02:43.186925,2025-12-22 12:20:37.219548,2,1,1,0,2,14264274.032623,1.0,False,False
sess_2335,36,2025-08-18 19:33:26.226324,2025-10-23 09:02:02.226324,2,0,0,2,2,5664516.0,0.0,True,False
sess_2336,819,2026-03-17 07:02:35.216529,2026-05-28 20:08:40.247953,2,1,1,0,2,6267965.031424,1.0,False,False
sess_2337,174,2025-10-16 01:29:06.249957,2026-05-14 03:04:22.228610,3,3,0,0,3,18149715.978653,0.0,False,False
sess_2338,242,2025-09-16 23:59:50.245946,2026-05-18 05:16:45.237113,2,0,0,2,2,21014214.991167,0.0,True,False
sess_2339,27,2025-07-11 11:02:06.222317,2026-04-21 14:45:12.245946,2,0,0,2,2,24550986.023629,0.0,True,False
sess_234,334,2025-07-14 11:28:24.222317,2026-03-01 21:11:40.247953,2,2,0,0,2,19906996.025636,0.0,False,False
sess_2340,131,2026-04-24 10:36:38.212022,2026-04-24 10:36:38.212022,1,0,1,0,1,0.0,0.0,False,False
sess_2341,155,2026-02-13 07:22:26.224321,2026-02-13 07:22:26.224321,1,0,1,0,1,0.0,0.0,False,False
sess_2342,4,2025-07-02 18:29:00.212022,2025-07-02 18:29:00.212022,1,0,1,0,1,0.0,0.0,False,False
sess_2344,1031,2026-05-13 00:34:29.247953,2026-05-13 00:34:29.247953,1,0,0,1,1,0.0,0.0,True,False
sess_2345,698,2025-06-15 16:34:37.226324,2026-05-20 13:42:14.195433,4,1,3,0,4,29279256.969109,3.0,False,False
sess_2346,143,2025-06-13 20:29:55.209185,2025-10-09 08:04:45.186925,5,1,3,1,5,10150489.97774,3.0,False,False
sess_2347,975,2025-08-03 09:55:29.226324,2026-06-01 15:56:16.224321,4,0,2,2,4,26114446.997997,0.0,False,False
sess_2348,797,2025-08-09 04:14:41.195433,2025-08-09 04:14:41.195433,1,0,0,1,1,0.0,0.0,True,False
sess_235,1025,2026-05-13 13:10:55.202536,2026-05-13 13:10:55.202536,1,1,0,0,1,0.0,0.0,False,False
sess_2350,923,2025-11-16 06:03:25.214026,2026-05-12 21:40:06.186925,2,0,0,2,2,15349000.972899,0.0,True,False
sess_2351,250,2025-07-01 15:52:02.203543,2025-07-22 09:40:52.222317,2,1,1,0,2,1792130.018774,1.0,False,False
sess_2352,623,2026-04-26 23:56:48.199974,2026-04-26 23:56:48.199974,1,1,0,0,1,0.0,0.0,False,False
sess_2355,687,2025-08-01 14:32:18.219548,2026-02-20 21:29:32.212022,2,1,0,1,2,17564233.992474,0.0,True,False
sess_2356,1028,2025-06-22 21:28:20.224321,2026-03-22 10:34:57.207677,4,1,1,2,4,23547996.983356,1.0,False,False
sess_2357,1046,2025-07-02 10:09:45.186925,2025-11-14 04:41:12.240934,3,0,3,0,3,11644287.054009,0.0,False,False
sess_2359,987,2026-01-31 23:13:50.249957,2026-03-21 20:55:57.181409,2,2,0,0,2,4225326.931452,0.0,False,False
sess_236,281,2025-07-11 04:08:59.238931,2026-05-20 04:03:32.226324,3,2,0,1,3,27042872.987393,0.0,True,False
sess_2361,660,2025-07-08 07:15:39.186925,2025-11-28 03:23:47.242937,3,1,2,0,3,12341288.056012,2.0,False,False
sess_2362,227,2025-08-04 21:10:38.224321,2026-05-12 21:52:53.214026,2,0,1,1,2,24280934.989705,0.0,False,False
sess_2364,507,2025-08-13 15:15:00.178635,2025-10-25 14:35:06.183414,2,1,1,0,2,6304806.004779,1.0,False,False
sess_2365,418,2026-03-24 11:12:36.178635,2026-03-24 11:12:36.178635,1,0,0,1,1,0.0,0.0,True,False
sess_2366,659,2026-02-07 17:33:53.181409,2026-04-18 23:05:20.216529,2,0,1,1,2,6067887.03512,0.0,False,False
sess_2368,327,2025-11-30 19:33:30.249957,2025-12-04 15:05:39.186925,2,0,1,1,2,329528.936968,0.0,False,False
sess_2369,701,2025-11-15 06:38:06.186925,2025-11-15 06:38:06.186925,1,0,0,1,1,0.0,0.0,True,False
sess_2370,614,2025-07-03 17:45:37.245946,2026-05-02 12:03:32.228610,2,0,1,1,2,26158674.982664,0.0,False,False
sess_2371,1100,2025-09-02 04:31:44.228610,2026-03-19 00:25:05.186925,2,2,0,0,2,17092400.958315,0.0,False,False
sess_2372,954,2025-09-24 08:49:47.224321,2025-11-01 18:45:21.228610,2,1,1,0,2,3318934.004289,1.0,False,False
sess_2373,46,2026-04-07 15:14:15.238931,2026-04-07 15:14:15.238931,1,0,0,1,1,0.0,0.0,True,False
sess_2374,1069,2025-07-03 03:14:44.240934,2025-08-26 12:11:35.203543,2,2,0,0,2,4697810.962609,0.0,False,False
sess_2376,531,2025-06-12 01:56:53.214026,2025-06-12 01:56:53.214026,1,1,0,0,1,0.0,0.0,False,False
sess_2377,944,2025-11-25 13:59:03.240934,2025-11-25 13:59:03.240934,1,1,0,0,1,0.0,0.0,False,False
sess_2378,297,2025-11-25 10:04:17.235934,2026-01-09 16:41:19.222317,2,1,0,1,2,3911821.986383,0.0,True,False
sess_2379,894,2026-01-21 14:17:31.245946,2026-02-26 20:42:47.218542,2,2,0,0,2,3133515.972596,0.0,False,False
sess_238,541,2025-07-30 23:03:43.178635,2026-02-19 18:02:57.178635,2,1,1,0,2,17607554.0,1.0,False,False
sess_2380,772,2025-07-31 14:12:23.186925,2025-07-31 14:12:23.186925,1,0,0,1,1,0.0,0.0,True,False
sess_2381,158,2025-10-05 10:16:35.186925,2026-04-13 14:28:30.178635,2,0,0,2,2,16431114.99171,0.0,True,False
sess_2382,893,2025-07-18 21:51:25.178635,2026-02-08 02:48:01.186925,3,1,1,1,3,17643396.00829,1.0,False,False
sess_2383,110,2025-08-21 21:00:17.240934,2026-01-22 13:11:57.186925,3,0,1,2,3,13277499.945991,0.0,False,False
sess_2384,102,2026-01-09 21:42:03.251960,2026-06-08 04:21:51.228610,2,0,2,0,2,12897587.97665,0.0,False,False
sess_2385,663,2026-04-11 18:30:10.216529,2026-04-11 18:30:10.216529,1,0,0,1,1,0.0,0.0,True,False
sess_2386,442,2025-10-09 18:40:08.186925,2026-05-16 23:51:07.212022,2,1,1,0,2,18940259.025097,1.0,False,False
sess_2387,82,2025-10-26 14:31:15.245946,2026-02-16 12:19:30.228610,3,0,2,1,3,9755294.982664,0.0,False,False
sess_2388,37,2026-02-12 21:31:42.245946,2026-02-12 21:31:42.245946,1,1,0,0,1,0.0,0.0,False,False
sess_2389,16,2025-10-30 00:17:11.203543,2026-05-30 10:27:06.228610,4,2,1,1,4,18353395.025067,0.5,False,False
sess_239,16,2025-11-30 01:06:55.203543,2025-11-30 01:06:55.203543,1,0,1,0,1,0.0,0.0,False,False
sess_2391,881,2025-12-25 02:04:14.216529,2025-12-25 02:04:14.216529,1,0,0,1,1,0.0,0.0,True,False
sess_2392,339,2025-08-06 01:38:02.242937,2026-03-22 06:57:33.243940,3,1,1,1,3,19718371.001003,1.0,False,False
sess_2393,222,2025-08-19 06:15:51.186925,2025-08-19 06:15:51.186925,1,1,0,0,1,0.0,0.0,False,False
sess_2395,762,2026-03-29 21:00:47.226324,2026-03-29 21:00:47.226324,1,0,1,0,1,0.0,0.0,False,False
sess_2396,374,2025-12-31 01:23:03.251960,2026-03-12 13:06:12.224321,4,3,0,1,4,6176588.972361,0.0,True,False
sess_2397,75,2025-09-10 07:32:30.212022,2026-04-19 16:07:34.224321,2,1,1,0,2,19125304.012299,1.0,False,False
sess_2398,789,2025-12-24 14:28:41.216529,2026-01-09 07:32:56.212022,2,2,0,0,2,1357454.995493,0.0,False,False
sess_2399,895,2025-08-19 03:28:13.245946,2025-08-19 03:28:13.245946,1,0,0,1,1,0.0,0.0,True,False
sess_24,135,2025-12-28 04:20:09.214026,2025-12-28 04:20:09.214026,1,0,0,1,1,0.0,0.0,True,False
sess_240,87,2025-09-05 22:17:08.212022,2025-11-23 02:46:12.245946,3,2,1,0,3,6755344.033924,0.5,False,False
sess_2400,1022,2025-12-10 09:53:07.238931,2026-06-07 07:04:36.218542,3,1,0,2,3,15455488.979611,0.0,True,False
sess_2401,532,2026-04-29 13:38:40.219548,2026-04-29 13:38:40.219548,1,0,1,0,1,0.0,0.0,False,False
sess_2402,829,2025-07-15 10:28:44.243940,2025-11-25 17:21:12.181409,2,1,0,1,2,11515947.937469,0.0,True,False
sess_2403,409,2025-07-04 06:53:57.228610,2025-08-08 12:40:42.186925,2,1,1,0,2,3044804.958315,1.0,False,False
sess_2404,730,2025-06-15 11:19:41.249957,2026-05-08 23:57:46.240934,2,0,1,1,2,28298284.990977,0.0,False,False
sess_2405,923,2025-11-09 14:11:24.235934,2026-05-02 17:13:16.238931,3,0,3,0,3,15044512.002997,0.0,False,False
sess_2406,472,2025-07-02 06:54:21.227826,2026-01-28 05:14:36.216529,2,0,0,2,2,18138014.988703,0.0,True,False
sess_2407,174,2025-10-27 13:25:55.228610,2025-10-27 13:25:55.228610,1,1,0,0,1,0.0,0.0,False,False
sess_2408,834,2025-07-08 16:00:58.249957,2026-01-16 19:04:12.183414,3,1,1,1,3,16599793.933457,1.0,False,False
sess_2409,495,2025-06-27 12:52:41.212022,2025-06-27 12:52:41.212022,1,1,0,0,1,0.0,0.0,False,False
sess_2410,911,2026-02-26 04:07:51.178635,2026-02-26 04:07:51.178635,1,1,0,0,1,0.0,0.0,False,False
sess_2411,674,2026-04-11 08:22:49.228610,2026-04-11 08:22:49.228610,1,0,1,0,1,0.0,0.0,False,False
sess_2412,637,2025-07-10 04:08:48.185418,2025-07-10 04:08:48.185418,1,0,0,1,1,0.0,0.0,True,False
sess_2413,530,2025-12-06 06:59:06.238931,2026-02-18 13:56:53.181409,2,0,1,1,2,6418666.942478,0.0,False,False
sess_2414,104,2026-02-20 20:31:45.228610,2026-02-20 20:31:45.228610,1,0,1,0,1,0.0,0.0,False,False
sess_2415,705,2025-07-28 20:47:09.224321,2026-04-26 06:53:28.181409,5,3,1,1,5,23450778.957088,0.3333333333333333,False,False
sess_2416,184,2026-04-23 09:54:34.224321,2026-04-23 09:54:34.224321,1,0,1,0,1,0.0,0.0,False,False
sess_2417,110,2026-05-11 09:25:31.185418,2026-05-11 09:25:31.185418,1,1,0,0,1,0.0,0.0,False,False
sess_2418,525,2025-12-28 10:21:18.240934,2026-02-27 21:45:28.222317,2,0,0,2,2,5311449.981383,0.0,True,False
sess_2419,308,2026-02-13 06:42:01.178635,2026-02-13 06:42:01.178635,1,1,0,0,1,0.0,0.0,False,False
sess_242,343,2026-05-08 17:30:55.185418,2026-05-08 17:30:55.185418,1,0,0,1,1,0.0,0.0,True,False
sess_2420,525,2025-12-11 20:53:00.186925,2025-12-11 20:53:00.186925,1,0,1,0,1,0.0,0.0,False,False
sess_2421,362,2025-09-28 17:20:19.199974,2026-05-15 04:57:25.185418,2,1,0,1,2,19741025.985444,0.0,True,False
sess_2422,587,2025-11-11 07:55:22.228610,2025-12-29 12:43:37.183414,2,0,0,2,2,4164494.954804,0.0,True,False
sess_2423,657,2025-08-19 13:26:05.186925,2025-09-28 01:50:55.228610,2,0,1,1,2,3414290.041685,0.0,False,False
sess_2424,75,2025-10-13 10:21:38.228610,2026-01-01 14:36:11.207677,3,0,1,2,3,6927272.979067,0.0,False,False
sess_2425,558,2025-07-15 12:51:02.178635,2025-12-24 13:20:00.216529,2,2,0,0,2,13998538.037894,0.0,False,False
sess_2426,777,2025-08-24 02:04:01.183414,2026-05-10 11:25:39.214026,3,1,2,0,3,22411298.030612,2.0,False,False
sess_2429,542,2026-05-24 00:54:16.235934,2026-05-24 00:54:16.235934,1,0,1,0,1,0.0,0.0,False,False
sess_243,5,2025-10-15 15:01:39.214026,2026-02-10 19:06:18.209185,2,0,2,0,2,10209878.995159,0.0,False,False
sess_2430,791,2025-11-12 19:01:18.214026,2025-11-12 19:01:18.214026,1,1,0,0,1,0.0,0.0,False,False
sess_2431,608,2025-12-22 13:33:29.228610,2026-05-06 20:19:59.249957,3,1,1,1,3,11688390.021347,1.0,False,False
sess_2432,1009,2025-07-10 09:52:24.219548,2025-07-10 09:52:24.219548,1,1,0,0,1,0.0,0.0,False,False
sess_2434,611,2025-06-15 17:25:34.186925,2025-07-17 13:23:30.226324,2,1,0,1,2,2750276.039399,0.0,True,False
sess_2435,50,2026-04-06 19:07:58.222317,2026-04-06 19:07:58.222317,1,1,0,0,1,0.0,0.0,False,False
sess_2436,190,2025-09-19 13:06:16.216529,2026-06-03 19:21:06.219548,2,0,1,1,2,22227290.003019,0.0,False,False
sess_2437,620,2026-05-15 21:32:27.238931,2026-05-15 21:32:27.238931,1,0,1,0,1,0.0,0.0,False,False
sess_2439,1000,2025-09-04 09:44:27.186925,2026-04-13 15:07:04.243940,3,0,0,3,3,19113757.057015,0.0,True,False
sess_244,845,2025-06-29 23:30:39.235934,2025-11-02 15:09:07.247953,3,1,1,1,3,10856308.012019,1.0,False,False
sess_2442,1030,2026-05-06 19:27:54.240934,2026-05-29 13:58:18.218542,2,1,0,1,2,1967423.977608,0.0,True,False
sess_2443,230,2025-06-19 00:46:39.186925,2026-01-12 07:29:11.224321,3,2,0,1,3,17908952.037396,0.0,True,False
sess_2444,239,2026-01-03 10:39:29.228610,2026-01-03 10:39:29.228610,1,0,0,1,1,0.0,0.0,True,False
sess_2445,1061,2025-11-28 04:33:23.219548,2025-11-28 04:33:23.219548,1,1,0,0,1,0.0,0.0,False,False
sess_2446,112,2025-08-22 04:25:53.203543,2026-04-01 17:29:41.249957,2,0,0,2,2,19227828.046414,0.0,True,False
sess_2448,533,2025-06-14 17:29:54.237113,2025-11-04 14:48:34.209185,4,3,1,0,4,12345519.972072,0.3333333333333333,False,False
sess_245,359,2025-11-18 04:49:03.249957,2026-02-27 01:02:45.181409,3,2,1,0,3,8712821.931452,0.5,False,False
sess_2450,353,2025-12-10 03:44:19.238931,2026-04-27 19:49:47.186925,4,1,1,2,4,11981127.947994,1.0,False,False
sess_2451,642,2025-10-21 09:07:46.224321,2026-03-16 06:28:00.211509,3,1,0,2,3,12604813.987188,0.0,True,False
sess_2452,1018,2025-07-22 17:37:46.240934,2026-05-13 22:20:10.209185,3,1,2,0,3,25504943.968251,2.0,False,False
sess_2453,601,2026-01-15 04:07:44.186925,2026-01-15 04:07:44.186925,1,0,0,1,1,0.0,0.0,True,False
sess_2454,760,2025-07-01 10:58:27.186925,2026-02-19 23:19:11.209185,4,2,0,2,4,20175644.02226,0.0,True,False
sess_2455,1054,2025-06-18 20:57:25.203543,2026-03-29 21:45:09.195433,3,0,1,2,3,24540463.99189,0.0,False,False
sess_2456,343,2025-06-15 19:08:33.214026,2026-04-18 04:37:15.186925,4,2,2,0,4,26472521.972899,1.0,False,False
sess_2458,976,2025-12-12 22:39:22.178635,2026-01-14 12:28:22.224321,2,1,0,1,2,2814540.045686,0.0,True,False
sess_2459,174,2025-10-17 19:04:57.185418,2026-05-23 14:22:32.247953,7,1,2,4,7,18818255.062535,2.0,False,False
sess_246,1061,2025-07-10 00:22:42.203543,2025-11-26 15:13:49.219548,3,0,1,2,3,12063067.016005,0.0,False,False
sess_2460,58,2025-09-21 02:31:41.222317,2026-03-29 09:04:14.214026,3,2,1,0,3,16353152.991709,0.5,False,False
sess_2461,34,2026-01-17 06:56:04.228610,2026-01-17 06:56:04.228610,1,1,0,0,1,0.0,0.0,False,False
sess_2462,265,2025-08-31 01:15:58.245946,2026-01-08 03:53:29.228610,2,0,1,1,2,11241450.982664,0.0,False,False
sess_2463,445,2026-04-27 01:07:17.228610,2026-04-27 01:07:17.228610,1,0,0,1,1,0.0,0.0,True,False
sess_2465,1054,2025-12-24 21:59:33.245946,2026-03-17 11:34:51.186925,5,2,2,1,5,7133717.940979,1.0,False,False
sess_2466,1064,2025-08-12 03:40:51.228610,2026-04-07 16:59:19.228610,3,0,3,0,3,20611108.0,0.0,False,False
sess_2467,231,2025-07-07 20:45:29.178635,2026-05-16 12:00:35.247953,5,0,0,5,5,27011706.069318,0.0,True,False
sess_247,280,2025-08-05 18:34:39.216529,2025-10-28 17:48:01.186925,2,1,1,0,2,7254801.970396,1.0,False,False
sess_2470,265,2025-11-02 19:07:02.224321,2026-05-25 13:51:22.243940,3,1,0,2,3,17606660.019619,0.0,True,False
sess_2471,654,2025-10-04 16:54:13.186925,2026-03-23 03:43:05.214026,4,1,1,2,4,14640532.027101,1.0,False,False
sess_2472,293,2025-12-01 18:56:08.228610,2026-06-06 22:52:45.240934,4,0,3,1,4,16170997.012324,0.0,False,False
sess_2473,639,2025-10-02 08:08:49.245946,2026-05-30 04:52:06.251960,4,0,3,1,4,20724197.006014,0.0,False,False
sess_2474,1067,2026-04-26 19:22:08.227826,2026-04-26 19:22:08.227826,1,1,0,0,1,0.0,0.0,False,False
sess_2475,341,2025-08-16 13:27:28.240934,2026-05-27 02:42:13.226324,3,2,0,1,3,24498884.98539,0.0,True,False
sess_2476,693,2025-07-05 18:35:49.247953,2026-05-21 02:46:04.209185,4,2,1,1,4,27591014.961232,0.5,False,False
sess_2477,537,2025-10-16 18:43:12.178635,2026-03-04 01:16:16.224321,3,1,2,0,3,11946784.045686,2.0,False,False
sess_2478,150,2025-07-12 09:35:33.247953,2025-07-12 09:35:33.247953,1,0,1,0,1,0.0,0.0,False,False
sess_2479,114,2025-08-30 18:57:14.209185,2026-05-07 08:03:41.186925,3,1,0,2,3,21560786.97774,0.0,True,False
sess_248,297,2025-09-10 05:48:22.178635,2026-04-27 03:06:43.203543,3,0,1,2,3,19775901.024908,0.0,False,False
sess_2481,995,2025-08-28 11:39:36.226324,2026-01-19 07:54:42.222317,4,1,2,1,4,12428105.995993,2.0,False,False
sess_2482,736,2025-06-12 18:57:38.238931,2026-04-27 18:40:31.228610,3,1,1,1,3,27560572.989679,1.0,False,False
sess_2483,611,2025-07-07 05:19:39.216529,2025-07-07 05:19:39.216529,1,1,0,0,1,0.0,0.0,False,False
sess_2484,295,2025-09-23 19:00:50.186925,2025-09-23 19:00:50.186925,1,1,0,0,1,0.0,0.0,False,False
sess_2485,735,2025-08-12 03:18:56.222317,2026-04-20 13:10:15.228610,3,0,2,1,3,21721879.006293,0.0,False,False
sess_2486,964,2025-11-28 08:28:34.228610,2026-05-15 00:20:32.186925,3,0,2,1,3,14485917.958315,0.0,False,False
sess_2487,22,2026-04-07 04:11:11.178635,2026-04-07 04:11:11.178635,1,1,0,0,1,0.0,0.0,False,False
sess_2488,771,2025-09-19 04:42:01.181409,2025-11-06 06:43:13.203543,2,2,0,0,2,4154472.022134,0.0,False,False
sess_249,678,2025-07-15 23:21:13.186925,2026-05-12 00:01:59.197951,5,1,2,2,5,25922446.011026,2.0,False,False
sess_2490,212,2025-06-15 01:39:58.238931,2026-03-30 08:58:57.249957,3,0,0,3,3,24909539.011026,0.0,True,False
sess_2491,790,2025-07-04 11:03:23.226324,2025-09-21 12:53:07.183414,2,0,2,0,2,6832183.95709,0.0,False,False
sess_2492,742,2025-10-23 02:00:30.228610,2026-03-12 07:27:21.228610,6,2,1,3,6,12115611.0,0.5,False,False
sess_2493,978,2025-07-05 06:02:32.186925,2026-05-05 13:05:35.178635,4,2,2,0,4,26290982.99171,1.0,False,False
sess_2494,646,2025-08-01 15:32:28.216529,2026-02-22 14:21:39.238931,4,1,1,2,4,17707751.022402,1.0,False,False
sess_2495,736,2025-07-23 11:30:47.195433,2025-07-23 11:30:47.195433,1,1,0,0,1,0.0,0.0,False,False
sess_2497,342,2025-10-24 13:22:28.209185,2026-03-10 09:43:26.242937,2,1,0,1,2,11823658.033752,0.0,True,False
sess_2498,421,2025-07-06 08:54:03.243940,2025-12-12 17:44:50.209185,2,1,0,1,2,13769446.965245,0.0,True,False
sess_2499,424,2025-10-25 01:19:56.228610,2026-02-16 00:35:36.216529,2,0,0,2,2,9846939.987919,0.0,True,False
sess_25,937,2026-02-08 07:06:48.245946,2026-03-15 15:44:29.216529,2,0,1,1,2,3055060.970583,0.0,False,False
sess_250,335,2025-08-24 22:45:01.222317,2026-03-20 03:24:51.186925,3,1,1,1,3,17901589.964608,1.0,False,False
sess_2500,1033,2025-09-15 12:11:35.181409,2026-06-09 07:10:06.186925,2,1,1,0,2,23050711.005516,1.0,False,False
sess_2501,406,2026-01-26 20:33:56.240934,2026-06-04 19:37:17.181409,4,1,2,1,4,11142200.940475,2.0,False,False
sess_2503,80,2025-08-10 05:45:08.242937,2026-05-13 08:52:59.247953,4,1,1,2,4,23857671.005016,1.0,False,False
sess_2504,806,2026-04-26 07:26:10.228610,2026-04-26 07:26:10.228610,1,1,0,0,1,0.0,0.0,False,False
sess_2505,985,2025-06-19 03:47:14.216529,2026-05-09 18:21:03.216529,6,2,3,1,6,28046029.0,1.5,False,False
sess_2506,193,2025-12-16 08:30:40.209185,2026-04-01 02:09:44.186925,3,2,0,1,3,9135543.97774,0.0,True,False
sess_2507,433,2026-02-04 01:48:55.251960,2026-02-04 01:48:55.251960,1,1,0,0,1,0.0,0.0,False,False
sess_2508,849,2026-05-28 21:52:08.216529,2026-05-28 21:52:08.216529,1,1,0,0,1,0.0,0.0,False,False
sess_2509,442,2025-10-23 08:22:00.226324,2026-03-15 11:23:22.224321,3,1,1,1,3,12366081.997997,1.0,False,False
sess_251,910,2025-07-31 12:42:02.186925,2026-03-23 02:48:41.214026,5,0,3,2,5,20268399.027101,0.0,False,False
sess_2510,110,2026-01-12 04:53:43.228610,2026-04-23 15:53:42.186925,3,1,1,1,3,8765998.958315,1.0,False,False
sess_2511,338,2025-08-31 07:58:37.216529,2026-03-17 02:55:20.222317,5,0,3,2,5,17089003.005788,0.0,False,False
sess_2512,864,2026-06-05 08:37:27.212022,2026-06-05 08:37:27.212022,1,0,0,1,1,0.0,0.0,True,False
sess_2513,519,2025-11-25 12:43:35.216529,2026-05-19 18:48:05.247953,3,1,2,0,3,15141870.031424,2.0,False,False
sess_2514,452,2025-07-18 23:58:13.186925,2025-08-06 21:46:56.186925,2,2,0,0,2,1633723.0,0.0,False,False
sess_2515,286,2026-01-03 15:34:19.222317,2026-04-30 11:26:09.247953,3,2,0,1,3,10093910.025636,0.0,True,False
sess_2516,406,2025-06-21 17:11:36.216529,2026-02-23 03:01:55.219548,6,2,2,2,6,21289819.003019,1.0,False,False
sess_2517,166,2025-07-08 17:19:37.222317,2026-04-19 16:08:36.237113,2,1,1,0,2,24619739.014796,1.0,False,False
sess_2519,582,2025-10-29 10:08:01.181409,2025-10-29 10:08:01.181409,1,0,1,0,1,0.0,0.0,False,False
sess_252,106,2025-09-10 22:13:21.212022,2025-12-15 07:36:30.228610,2,0,0,2,2,8241789.016588,0.0,True,False
sess_2520,680,2026-04-08 19:49:38.219548,2026-04-08 19:49:38.219548,1,1,0,0,1,0.0,0.0,False,False
sess_2522,167,2026-01-29 12:54:01.186925,2026-01-29 12:54:01.186925,1,0,0,1,1,0.0,0.0,True,False
sess_2523,64,2025-07-11 01:21:46.247953,2026-01-28 03:49:39.235934,4,1,2,1,4,17375272.987981,2.0,False,False
sess_2524,459,2025-07-23 04:23:06.245946,2026-04-14 18:29:25.183414,2,0,0,2,2,22946778.937468,0.0,True,False
sess_2525,120,2025-11-17 16:08:39.219548,2026-06-02 14:02:30.186925,2,1,0,1,2,17013230.967377,0.0,True,False
sess_2526,514,2025-11-24 14:36:00.251960,2026-05-24 15:00:28.186925,2,0,2,0,2,15639867.934965,0.0,False,False
sess_2527,66,2025-10-01 13:52:31.216529,2026-04-16 02:23:13.228610,2,0,2,0,2,16979442.012081,0.0,False,False
sess_2529,390,2026-02-20 10:44:15.203543,2026-02-20 10:44:15.203543,1,0,0,1,1,0.0,0.0,True,False
sess_253,831,2025-07-21 00:05:54.240934,2025-12-29 17:41:45.207677,4,2,1,1,4,13973750.966743,0.5,False,False
sess_2530,313,2025-08-22 11:04:06.186925,2025-12-09 09:41:40.228610,2,1,1,0,2,9412654.041685,1.0,False,False
sess_2531,201,2025-12-03 14:18:15.211509,2026-02-19 20:30:08.243940,2,0,2,0,2,6761513.032431,0.0,False,False
sess_2532,954,2026-01-01 12:56:18.253968,2026-01-29 04:54:26.214026,2,2,0,0,2,2390287.960058,0.0,False,False
sess_2533,1020,2025-10-29 00:11:01.222317,2026-04-02 10:21:21.183414,3,1,1,1,3,13428619.961097,1.0,False,False
sess_2534,540,2025-12-09 20:26:50.186925,2025-12-09 20:26:50.186925,1,1,0,0,1,0.0,0.0,False,False
sess_2535,744,2025-11-03 01:00:32.185418,2026-01-15 09:32:12.238931,2,0,2,0,2,6337900.053513,0.0,False,False
sess_2536,32,2025-07-05 04:32:26.183414,2026-01-19 04:25:28.212022,3,2,1,0,3,17106782.028608,0.5,False,False
sess_2537,642,2026-01-08 03:26:41.228610,2026-01-08 03:26:41.228610,1,1,0,0,1,0.0,0.0,False,False
sess_2538,703,2025-10-08 21:19:49.247953,2026-05-24 06:50:51.186925,4,1,2,1,4,19647061.938972,2.0,False,False
sess_2539,323,2025-12-11 12:13:31.218542,2025-12-11 12:13:31.218542,1,1,0,0,1,0.0,0.0,False,False
sess_254,993,2025-08-23 17:49:26.238931,2025-10-30 07:45:15.219548,2,1,1,0,2,5838948.980617,1.0,False,False
sess_2540,551,2025-12-19 21:22:39.212022,2026-01-02 16:01:26.209185,2,0,1,1,2,1190326.997163,0.0,False,False
sess_2541,632,2026-05-24 10:20:37.228610,2026-05-24 10:20:37.228610,1,1,0,0,1,0.0,0.0,False,False
sess_2542,34,2025-08-23 21:12:04.216529,2025-08-23 21:12:04.216529,1,1,0,0,1,0.0,0.0,False,False
sess_2543,201,2025-06-21 01:34:59.222317,2026-05-05 10:06:15.212022,4,1,1,2,4,27505875.989705,1.0,False,False
sess_2544,794,2025-06-13 16:57:17.181409,2025-09-30 10:49:37.197951,3,1,2,0,3,9395540.016542,2.0,False,False
sess_2545,184,2025-08-04 11:24:53.228610,2026-02-23 04:54:44.226324,4,1,2,1,4,17515790.997714,2.0,False,False
sess_2546,490,2026-02-08 02:57:08.222317,2026-04-03 17:09:51.228610,2,1,1,0,2,4716763.006293,1.0,False,False
sess_2547,847,2025-08-12 14:36:51.247953,2026-05-23 22:17:13.185418,4,2,2,0,4,24565221.937465,1.0,False,False
sess_2548,870,2026-03-31 14:13:39.203543,2026-03-31 14:13:39.203543,1,1,0,0,1,0.0,0.0,False,False
sess_2549,623,2025-11-12 23:33:32.224321,2026-04-05 20:25:02.219548,3,1,1,1,3,12430289.995227,1.0,False,False
sess_2550,967,2025-12-20 19:50:18.245946,2026-03-26 03:28:29.181409,2,1,1,0,2,8235490.935463,1.0,False,False
sess_2551,491,2025-09-02 18:08:21.178635,2026-05-11 04:29:45.186925,4,1,2,1,4,21637284.00829,2.0,False,False
sess_2553,105,2025-07-30 23:41:15.228610,2026-01-01 06:21:28.214026,5,2,3,0,5,13329612.985416,1.5,False,False
sess_2554,893,2025-10-03 18:37:22.228610,2025-10-03 18:37:22.228610,1,0,1,0,1,0.0,0.0,False,False
sess_2555,802,2026-05-04 07:18:57.251960,2026-05-04 07:18:57.251960,1,0,0,1,1,0.0,0.0,True,False
sess_2556,42,2025-07-16 03:24:45.181409,2025-10-07 06:02:45.197951,2,0,2,0,2,7180680.016542,0.0,False,False
sess_2558,896,2025-07-26 20:23:48.247953,2026-06-03 04:39:02.253968,5,2,0,3,5,26900114.006015,0.0,True,False
sess_2559,437,2026-01-13 08:06:28.245946,2026-04-29 19:25:32.251960,2,0,0,2,2,9199144.006014,0.0,True,False
sess_256,1068,2025-07-30 12:39:25.181409,2026-04-20 02:29:50.197951,3,1,0,2,3,22773025.016542,0.0,True,False
sess_2560,936,2025-06-30 06:37:24.203543,2025-08-21 03:16:52.228610,2,1,1,0,2,4480768.025067,1.0,False,False
sess_2561,1058,2025-09-25 15:58:32.242937,2025-12-12 18:44:53.245946,2,0,2,0,2,6749181.003009,0.0,False,False
sess_2562,150,2025-08-01 14:28:08.186925,2026-03-28 21:05:56.238931,2,0,0,2,2,20673468.052006,0.0,True,False
sess_2563,926,2025-12-11 23:07:17.186925,2025-12-27 09:53:47.228610,3,1,0,2,3,1334790.041685,0.0,True,False
sess_2564,954,2025-11-24 07:23:12.216529,2026-06-08 14:58:11.214026,2,1,1,0,2,16961698.997497,1.0,False,False
sess_2565,812,2026-04-21 11:53:07.238931,2026-04-21 11:53:07.238931,1,0,0,1,1,0.0,0.0,True,False
sess_2567,1086,2026-05-28 10:05:41.228610,2026-05-28 10:05:41.228610,1,1,0,0,1,0.0,0.0,False,False
sess_2568,277,2025-06-15 20:55:21.224321,2026-04-06 01:40:18.249957,3,0,1,2,3,25418697.025636,0.0,False,False
sess_2569,488,2025-10-14 07:33:46.224321,2026-02-11 22:48:12.197951,4,1,0,3,4,10422865.97363,0.0,True,False
sess_257,360,2025-06-20 15:48:02.243940,2026-04-29 09:10:59.237113,6,0,4,2,6,27019376.993173,0.0,False,False
sess_2570,396,2025-09-18 23:25:20.226324,2026-05-09 02:10:50.226324,3,1,2,0,3,20054730.0,2.0,False,False
sess_2571,75,2025-11-30 16:10:56.238931,2026-05-24 18:50:39.199974,3,1,0,2,3,15129582.961043,0.0,True,False
sess_2572,942,2025-12-01 09:48:10.211509,2026-05-10 14:04:43.222317,2,1,0,1,2,13839393.010808,0.0,True,False
sess_2573,732,2026-03-31 10:54:04.249957,2026-03-31 10:54:04.249957,1,0,1,0,1,0.0,0.0,False,False
sess_2574,617,2025-07-12 02:45:27.214026,2025-12-07 02:17:39.186925,3,3,0,0,3,12785531.972899,0.0,False,False
sess_2575,674,2025-07-26 21:09:22.209185,2026-05-07 00:13:24.237113,3,0,2,1,3,24548642.027928,0.0,False,False
sess_2576,162,2025-07-17 16:04:24.186925,2025-07-17 16:04:24.186925,1,1,0,0,1,0.0,0.0,False,False
sess_2577,219,2025-06-19 00:51:58.219548,2026-05-26 17:53:49.214026,3,1,1,1,3,29523710.994478,1.0,False,False
sess_2578,612,2025-10-27 20:59:33.247953,2025-10-27 20:59:33.247953,1,0,0,1,1,0.0,0.0,True,False
sess_2579,624,2025-07-28 10:15:29.251960,2026-06-06 16:39:57.186925,2,1,1,0,2,27066267.934965,1.0,False,False
sess_258,461,2026-03-14 22:59:18.226324,2026-03-14 22:59:18.226324,1,0,1,0,1,0.0,0.0,False,False
sess_2580,1088,2025-12-22 15:43:32.237113,2026-05-17 05:55:21.186925,3,2,1,0,3,12579108.949812,0.5,False,False
sess_2583,5,2026-01-03 20:05:41.186925,2026-04-06 04:09:55.228610,2,0,2,0,2,7977854.041685,0.0,False,False
sess_2584,552,2025-07-22 01:49:09.222317,2025-07-22 01:49:09.222317,1,0,1,0,1,0.0,0.0,False,False
sess_2585,914,2026-03-12 22:37:37.183414,2026-03-13 03:42:48.212022,2,0,2,0,2,18311.028608,0.0,False,False
sess_2586,117,2025-11-25 19:40:25.237113,2026-01-03 12:30:06.222317,2,1,1,0,2,3343780.985204,1.0,False,False
sess_2587,414,2025-06-15 09:39:42.199974,2025-07-12 11:44:24.216529,2,0,0,2,2,2340282.016555,0.0,True,False
sess_2588,116,2026-02-19 12:23:42.228610,2026-04-23 14:59:21.228610,2,1,1,0,2,5452539.0,1.0,False,False
sess_2589,268,2025-06-29 05:36:31.237113,2026-05-18 19:44:04.181409,2,0,1,1,2,27958052.944296,0.0,False,False
sess_259,728,2025-06-14 08:23:50.216529,2025-06-14 08:23:50.216529,1,0,1,0,1,0.0,0.0,False,False
sess_2591,500,2025-07-04 02:41:10.226324,2025-07-04 02:41:10.226324,1,0,0,1,1,0.0,0.0,True,False
sess_2592,252,2026-06-04 18:13:53.240934,2026-06-04 18:13:53.240934,1,0,0,1,1,0.0,0.0,True,False
sess_2593,32,2025-08-07 02:50:59.238931,2025-10-26 07:40:59.186925,2,0,1,1,2,6929399.947994,0.0,False,False
sess_2594,795,2025-07-06 01:15:11.199974,2026-03-14 08:39:48.227826,2,1,1,0,2,21713077.027852,1.0,False,False
sess_2595,967,2026-02-23 04:25:29.222317,2026-02-23 04:25:29.222317,1,0,0,1,1,0.0,0.0,True,False
sess_2596,113,2025-07-28 23:42:18.249957,2025-07-28 23:42:18.249957,1,0,0,1,1,0.0,0.0,True,False
sess_2597,437,2025-10-21 14:22:15.249957,2026-04-22 15:36:23.237113,3,0,0,3,3,15815647.987156,0.0,True,False
sess_2598,1100,2025-11-13 15:04:58.209185,2026-05-03 22:22:13.183414,2,1,0,1,2,14800634.974229,0.0,True,False
sess_2599,423,2025-09-16 08:29:18.245946,2026-04-30 12:59:13.240934,2,0,1,1,2,19542594.994988,0.0,False,False
sess_26,29,2026-02-26 07:07:58.218542,2026-02-26 07:07:58.218542,1,0,1,0,1,0.0,0.0,False,False
sess_260,141,2025-07-06 00:09:20.219548,2026-03-10 01:59:23.224321,5,1,1,3,5,21347403.004773,1.0,False,False
sess_2601,1088,2026-01-23 07:20:45.186925,2026-02-12 20:17:08.214026,2,0,1,1,2,1774583.027101,0.0,False,False
sess_2602,394,2025-10-05 04:32:38.243940,2026-05-18 01:13:13.224321,5,3,1,1,5,19428034.980381,0.3333333333333333,False,False
sess_2603,296,2026-01-05 06:17:55.228610,2026-06-11 01:17:49.181409,2,0,0,2,2,13546793.952799,0.0,True,False
sess_2604,818,2026-05-26 09:47:31.228610,2026-05-26 09:47:31.228610,1,0,0,1,1,0.0,0.0,True,False
sess_2605,103,2025-10-15 08:31:40.224321,2025-10-15 08:31:40.224321,1,1,0,0,1,0.0,0.0,False,False
sess_2606,460,2025-08-22 14:48:25.186925,2026-01-01 22:48:21.186925,4,2,1,1,4,11433596.0,0.5,False,False
sess_2607,865,2025-10-29 02:21:17.238931,2025-10-29 02:21:17.238931,1,0,1,0,1,0.0,0.0,False,False
sess_2608,610,2025-10-12 23:28:42.216529,2025-10-12 23:28:42.216529,1,1,0,0,1,0.0,0.0,False,False
sess_2609,810,2025-10-15 13:56:52.186925,2026-05-09 02:33:54.237113,3,1,1,1,3,17757422.050188,1.0,False,False
sess_261,626,2025-11-21 05:40:32.209185,2026-05-28 01:09:13.228610,2,1,1,0,2,16226921.019425,1.0,False,False
sess_2610,872,2025-10-21 00:41:09.238931,2026-01-30 18:46:28.228610,3,2,0,1,3,8791518.989679,0.0,True,False
sess_2611,189,2025-12-02 09:48:34.226324,2025-12-16 07:57:49.202536,2,0,1,1,2,1202954.976212,0.0,False,False
sess_2613,388,2025-07-06 08:13:32.186925,2026-01-09 00:46:29.228610,3,1,1,1,3,16129977.041685,1.0,False,False
sess_2614,678,2025-09-26 00:23:00.227826,2026-05-12 20:40:44.251960,2,0,1,1,2,19772264.024134,0.0,False,False
sess_2615,421,2025-11-23 07:51:56.238931,2025-11-23 07:51:56.238931,1,0,0,1,1,0.0,0.0,True,False
sess_2616,96,2025-07-31 03:53:06.219548,2025-12-19 20:08:07.197951,3,1,2,0,3,12240900.978403,2.0,False,False
sess_2617,976,2025-06-30 18:58:14.247953,2025-09-02 19:23:58.249957,2,0,2,0,2,5531144.002004,0.0,False,False
sess_2618,378,2025-10-28 20:22:55.237113,2026-06-11 12:43:16.235934,3,2,1,0,3,19498820.998821,0.5,False,False
sess_2619,981,2026-01-01 06:31:55.249957,2026-05-23 23:38:47.209185,2,1,1,0,2,12330411.959228,1.0,False,False
sess_262,259,2025-12-07 00:13:09.183414,2026-04-02 07:37:06.219548,4,1,1,2,4,10049037.036134,1.0,False,False
sess_2620,401,2026-04-28 03:50:18.245946,2026-04-28 03:50:18.245946,1,1,0,0,1,0.0,0.0,False,False
sess_2621,31,2025-09-02 14:20:00.228610,2026-02-15 04:48:29.214026,2,1,0,1,2,14308108.985416,0.0,True,False
sess_2622,910,2025-07-13 22:30:02.197951,2025-11-10 09:53:07.238931,3,0,2,1,3,10322585.04098,0.0,False,False
sess_2623,873,2025-07-02 00:45:27.214026,2025-11-15 05:09:45.237113,3,1,0,2,3,11766258.023087,0.0,True,False
sess_2624,675,2025-09-07 21:12:18.186925,2025-09-07 21:12:18.186925,1,0,1,0,1,0.0,0.0,False,False
sess_2625,1055,2026-01-11 06:18:36.238931,2026-05-11 14:29:26.247953,3,1,1,1,3,10397450.009022,1.0,False,False
sess_2627,19,2025-08-07 08:34:05.207677,2026-04-07 11:52:26.181409,2,0,0,2,2,21007100.973732,0.0,True,False
sess_2628,829,2026-03-21 09:50:28.247953,2026-03-21 09:50:28.247953,1,0,1,0,1,0.0,0.0,False,False
sess_2629,467,2025-12-29 07:20:43.228610,2026-05-11 10:57:57.228610,2,2,0,0,2,11504234.0,0.0,False,False
sess_263,786,2026-02-10 21:19:06.219548,2026-02-10 21:19:06.219548,1,0,0,1,1,0.0,0.0,True,False
sess_2630,642,2026-02-07 01:47:28.214026,2026-02-07 01:47:28.214026,1,0,0,1,1,0.0,0.0,True,False
sess_2631,1050,2025-12-18 08:12:29.238931,2025-12-18 08:12:29.238931,1,1,0,0,1,0.0,0.0,False,False
sess_2632,758,2025-06-12 02:05:47.228610,2025-07-31 09:30:18.228610,2,0,1,1,2,4260271.0,0.0,False,False
sess_2633,55,2025-08-15 08:39:38.238931,2026-05-03 21:37:18.216529,3,2,1,0,3,22597059.977598,0.5,False,False
sess_2634,818,2025-10-05 09:36:10.224321,2026-05-03 02:09:18.216529,4,1,0,3,4,18117187.992208,0.0,True,False
sess_2636,41,2025-12-31 09:54:19.186925,2025-12-31 09:54:19.186925,1,0,0,1,1,0.0,0.0,True,False
sess_2637,535,2025-08-31 12:13:00.240934,2026-01-04 19:16:15.186925,3,1,2,0,3,10911794.945991,2.0,False,False
sess_2638,434,2025-10-06 16:40:09.183414,2025-10-06 16:40:09.183414,1,0,0,1,1,0.0,0.0,True,False
sess_2639,932,2026-02-08 08:19:49.218542,2026-05-05 14:33:57.214026,4,0,2,2,4,7452847.995484,0.0,False,False
sess_264,838,2026-01-15 05:48:30.228610,2026-05-29 16:28:51.186925,2,0,1,1,2,11616020.958315,0.0,False,False
sess_2640,240,2026-03-10 13:28:13.253968,2026-03-30 05:43:59.197951,2,2,0,0,2,1700145.943983,0.0,False,False
sess_2641,59,2025-11-16 14:47:12.243940,2026-04-08 00:11:52.245946,3,2,1,0,3,12302680.002006,0.5,False,False
sess_2642,570,2025-06-26 22:47:14.245946,2026-04-25 17:17:00.226324,2,1,0,1,2,26159385.980378,0.0,True,False
sess_2643,872,2025-09-08 17:00:40.185418,2026-06-02 22:11:58.186925,2,0,1,1,2,23087478.001507,0.0,False,False
sess_2644,540,2025-09-29 20:01:26.197951,2026-05-29 20:30:38.218542,3,1,0,2,3,20910552.020591,0.0,True,False
sess_2646,180,2025-12-16 03:16:14.227826,2026-04-17 12:24:08.219548,2,1,1,0,2,10573673.991722,1.0,False,False
sess_2647,584,2025-08-20 18:03:41.222317,2026-04-11 16:45:41.228610,2,0,1,1,2,20212920.006293,0.0,False,False
sess_2648,99,2026-02-13 15:25:23.181409,2026-02-13 15:25:23.181409,1,1,0,0,1,0.0,0.0,False,False
sess_2649,912,2025-10-11 00:40:24.238931,2026-02-03 05:18:28.227826,4,2,0,2,4,9952683.988895,0.0,True,False
sess_265,960,2025-10-11 04:19:59.249957,2025-11-15 15:27:53.216529,2,1,1,0,2,3064073.966572,1.0,False,False
sess_2650,164,2026-02-13 01:05:57.228610,2026-02-13 01:05:57.228610,1,0,1,0,1,0.0,0.0,False,False
sess_2651,1093,2025-10-10 19:51:48.197951,2026-04-06 17:36:48.186925,3,2,1,0,3,15371099.988974,0.5,False,False
sess_2652,645,2025-06-17 15:05:46.238931,2026-05-31 03:53:33.214026,3,2,0,1,3,30026866.975095,0.0,True,False
sess_2653,748,2025-07-04 05:46:13.197951,2025-07-04 05:46:13.197951,1,0,0,1,1,0.0,0.0,True,False
sess_2654,894,2025-07-10 17:17:02.202536,2026-03-01 01:02:52.216529,3,2,1,0,3,20159150.013993,0.5,False,False
sess_2655,862,2025-10-03 22:11:37.186925,2026-05-13 11:48:06.228610,3,1,1,1,3,19143389.041685,1.0,False,False
sess_2656,752,2025-08-23 05:02:03.185418,2025-08-23 05:02:03.185418,1,0,0,1,1,0.0,0.0,True,False
sess_2657,1026,2025-07-30 05:13:17.238931,2026-06-11 18:47:56.197951,3,1,0,2,3,27351278.95902,0.0,True,False
sess_2658,47,2025-06-24 14:26:30.186925,2025-06-24 14:26:30.186925,1,0,1,0,1,0.0,0.0,False,False
sess_266,308,2025-10-16 14:41:21.226324,2026-05-05 01:11:56.222317,5,1,3,1,5,17317834.995993,3.0,False,False
sess_2660,469,2025-07-08 13:07:58.218542,2026-05-25 02:36:39.226324,4,1,1,2,4,27696521.007782,1.0,False,False
sess_2661,489,2025-08-25 13:20:10.183414,2026-02-09 02:51:12.212022,2,0,1,1,2,14477462.028608,0.0,False,False
sess_2662,239,2025-07-07 16:47:19.211509,2025-07-07 16:47:19.211509,1,1,0,0,1,0.0,0.0,False,False
sess_2663,851,2025-12-13 23:45:51.240934,2026-01-27 21:30:21.249957,2,2,0,0,2,3879870.009023,0.0,False,False
sess_2664,955,2025-06-14 04:56:13.247953,2026-04-25 19:16:17.219548,4,1,0,3,4,27267603.971595,0.0,True,False
sess_2665,670,2025-06-24 07:17:44.228610,2026-02-20 06:18:10.185418,3,0,1,2,3,20818825.956808,0.0,False,False
sess_2666,463,2025-12-02 22:26:38.211509,2025-12-18 22:48:46.228610,2,1,0,1,2,1383728.017101,0.0,True,False
sess_2668,556,2026-04-13 12:11:46.219548,2026-04-13 12:11:46.219548,1,0,1,0,1,0.0,0.0,False,False
sess_2669,597,2025-08-19 08:49:14.203543,2025-08-19 08:49:14.203543,1,0,0,1,1,0.0,0.0,True,False
sess_267,338,2025-06-24 05:39:58.186925,2025-12-14 20:03:06.228610,2,1,1,0,2,14998988.041685,1.0,False,False
sess_2670,623,2025-11-02 01:47:06.240934,2025-11-02 01:47:06.240934,1,1,0,0,1,0.0,0.0,False,False
sess_2671,107,2025-11-14 15:06:10.249957,2025-11-14 15:06:10.249957,1,0,0,1,1,0.0,0.0,True,False
sess_2672,762,2025-12-14 04:17:56.243940,2026-05-03 06:25:41.222317,4,0,2,2,4,12103664.978377,0.0,False,False
sess_2673,1087,2025-06-15 15:34:55.228610,2026-03-20 03:31:16.222317,3,0,2,1,3,23975780.993707,0.0,False,False
sess_2674,1099,2025-08-26 12:44:50.222317,2025-10-28 13:39:50.228610,2,0,1,1,2,5446500.006293,0.0,False,False
sess_2675,896,2025-06-21 07:32:05.247953,2026-01-20 13:35:28.249957,2,0,1,1,2,18425003.002004,0.0,False,False
sess_2676,897,2025-12-05 18:46:46.247953,2026-02-17 22:08:47.197951,4,1,2,1,4,6405720.949998,2.0,False,False
sess_2677,1069,2025-06-24 15:52:23.203543,2026-03-22 02:24:35.228610,3,1,1,1,3,23365932.025067,1.0,False,False
sess_2678,776,2025-08-18 08:57:05.197951,2025-08-18 08:57:05.197951,1,1,0,0,1,0.0,0.0,False,False
sess_2679,1065,2025-08-31 06:56:54.178635,2026-04-26 07:21:12.186925,4,2,1,1,4,20564658.00829,0.5,False,False
sess_268,165,2025-08-12 20:30:01.186925,2026-05-13 18:47:27.240934,2,0,1,1,2,23667446.054009,0.0,False,False
sess_2680,231,2025-07-23 12:58:50.186925,2025-07-23 12:58:50.186925,1,0,0,1,1,0.0,0.0,True,False
sess_2683,175,2026-01-27 02:40:01.226324,2026-05-14 18:10:49.186925,3,1,0,2,3,9300647.960601,0.0,True,False
sess_2684,688,2025-07-24 10:44:37.214026,2026-01-25 10:36:32.243940,4,4,0,0,4,15983515.029914,0.0,False,False
sess_2685,607,2025-11-02 17:07:55.242937,2025-11-02 17:07:55.242937,1,0,0,1,1,0.0,0.0,True,False
sess_2686,297,2025-08-14 19:50:12.186925,2026-04-11 20:01:58.226324,3,2,1,0,3,20736706.039399,0.5,False,False
sess_2687,292,2026-01-17 09:22:01.228610,2026-01-17 09:22:01.228610,1,0,0,1,1,0.0,0.0,True,False
sess_269,643,2025-11-12 14:02:15.238931,2025-11-27 03:07:40.178635,2,0,0,2,2,1256724.939704,0.0,True,False
sess_2692,863,2025-06-24 04:53:35.203543,2026-03-27 10:08:38.214026,2,0,1,1,2,23865303.010483,0.0,False,False
sess_2693,308,2025-07-20 22:56:45.178635,2026-05-09 09:30:35.249957,3,1,0,2,3,25266830.071322,0.0,True,False
sess_2694,781,2025-12-20 16:40:40.219548,2025-12-20 16:40:40.219548,1,1,0,0,1,0.0,0.0,False,False
sess_2695,262,2026-01-02 17:27:45.183414,2026-01-17 13:35:42.186925,2,0,1,1,2,1282077.003511,0.0,False,False
sess_2696,693,2025-10-22 06:59:26.242937,2025-11-03 10:19:44.185418,2,1,0,1,2,1048817.942481,0.0,True,False
sess_2697,10,2026-04-04 02:45:48.207677,2026-04-04 02:45:48.207677,1,0,1,0,1,0.0,0.0,False,False
sess_2698,966,2025-07-28 20:47:22.240934,2025-07-28 20:47:22.240934,1,0,1,0,1,0.0,0.0,False,False
sess_2699,117,2025-09-01 20:15:30.209185,2026-05-28 15:15:24.240934,5,1,2,2,5,23223594.031749,2.0,False,False
sess_27,428,2025-12-01 08:17:18.207677,2025-12-01 08:17:18.207677,1,1,0,0,1,0.0,0.0,False,False
sess_2700,699,2025-08-06 23:10:41.181409,2025-09-28 20:45:48.207677,2,0,1,1,2,4570507.026268,0.0,False,False
sess_2701,632,2026-03-17 18:05:49.186925,2026-05-22 01:29:15.240934,4,2,1,1,4,5642606.054009,0.5,False,False
sess_2702,972,2025-10-17 16:04:12.251960,2025-10-17 16:04:12.251960,1,1,0,0,1,0.0,0.0,False,False
sess_2703,652,2025-10-02 03:36:40.227826,2025-10-02 03:36:40.227826,1,0,1,0,1,0.0,0.0,False,False
sess_2704,720,2025-08-17 03:11:02.228610,2026-01-21 14:04:30.242937,6,2,4,0,6,13604008.014327,2.0,False,False
sess_2705,817,2026-03-13 20:00:56.226324,2026-04-08 17:19:31.222317,2,1,1,0,2,2236714.995993,1.0,False,False
sess_2707,1012,2025-09-30 05:42:55.240934,2026-04-11 12:37:34.214026,5,2,1,2,5,16700078.973092,0.5,False,False
sess_2708,344,2026-03-14 03:03:36.214026,2026-03-14 03:03:36.214026,1,1,0,0,1,0.0,0.0,False,False
sess_2709,1035,2025-08-28 16:55:36.216529,2025-10-21 22:58:15.199974,3,0,3,0,3,4687358.983445,0.0,False,False
sess_271,789,2025-09-11 16:29:19.240934,2025-09-11 16:29:19.240934,1,1,0,0,1,0.0,0.0,False,False
sess_2710,342,2025-08-13 03:58:08.222317,2026-06-11 01:05:18.212022,2,1,0,1,2,26082429.989705,0.0,True,False
sess_2711,43,2025-07-01 00:51:03.197951,2025-07-01 00:51:03.197951,1,1,0,0,1,0.0,0.0,False,False
sess_2712,19,2025-09-14 12:18:58.186925,2025-12-02 05:36:40.186925,2,1,0,1,2,6801462.0,0.0,True,False
sess_2713,817,2025-08-18 20:41:26.181409,2025-08-18 20:41:26.181409,1,0,1,0,1,0.0,0.0,False,False
sess_2714,9,2025-12-19 07:59:10.178635,2025-12-19 07:59:10.178635,1,1,0,0,1,0.0,0.0,False,False
sess_2715,1,2025-08-22 13:35:48.199974,2025-08-22 13:35:48.199974,1,0,0,1,1,0.0,0.0,True,False
sess_2716,926,2025-12-22 23:22:09.214026,2025-12-22 23:22:09.214026,1,0,1,0,1,0.0,0.0,False,False
sess_2717,902,2025-11-11 19:58:20.237113,2026-06-07 06:00:40.181409,4,1,2,1,4,17920939.944296,2.0,False,False
sess_2718,729,2026-03-16 22:37:07.186925,2026-05-15 00:48:25.202536,2,0,1,1,2,5105478.015611,0.0,False,False
sess_272,369,2025-08-31 14:59:48.247953,2025-08-31 14:59:48.247953,1,0,1,0,1,0.0,0.0,False,False
sess_2720,215,2025-11-19 08:21:57.216529,2026-04-30 05:18:44.199974,2,2,0,0,2,13985806.983445,0.0,False,False
sess_2721,555,2025-06-18 11:27:44.216529,2026-02-13 04:09:45.209185,3,1,2,0,3,20709720.992656,2.0,False,False
sess_2722,546,2025-10-22 09:40:30.185418,2025-10-22 09:40:30.185418,1,0,0,1,1,0.0,0.0,True,False
sess_2723,567,2026-02-02 08:49:17.228610,2026-02-08 11:41:21.185418,2,2,0,0,2,528723.956808,0.0,False,False
sess_2724,627,2025-06-24 07:48:51.226324,2025-09-27 16:15:14.214026,2,1,1,0,2,8238382.987702,1.0,False,False
sess_2725,77,2025-08-21 14:00:45.235934,2026-06-09 01:01:40.228610,3,0,1,2,3,25182054.992676,0.0,False,False
sess_2726,798,2025-09-13 10:27:45.228610,2026-03-30 00:57:28.240934,3,0,2,1,3,17072983.012324,0.0,False,False
sess_2727,912,2025-10-16 14:32:42.228610,2026-01-12 11:40:41.251960,2,0,0,2,2,7592879.02335,0.0,True,False
sess_2728,427,2025-07-02 12:40:48.218542,2025-07-02 12:40:48.218542,1,0,1,0,1,0.0,0.0,False,False
sess_2729,752,2025-07-30 02:09:20.228610,2026-04-25 21:51:04.254569,3,2,1,0,3,23312504.025959,0.5,False,False
sess_273,26,2026-03-31 02:22:55.251960,2026-05-02 21:30:28.238931,2,0,0,2,2,2833652.986971,0.0,True,False
sess_2731,541,2025-07-25 17:57:16.249957,2026-03-13 07:39:32.238931,2,0,2,0,2,19921335.988974,0.0,False,False
sess_2732,170,2026-02-02 22:38:56.214026,2026-02-02 22:38:56.214026,1,1,0,0,1,0.0,0.0,False,False
sess_2733,688,2025-06-29 09:27:26.226324,2025-11-27 12:34:16.251960,2,1,1,0,2,13057610.025636,1.0,False,False
sess_2734,1041,2025-06-21 08:06:45.240934,2025-12-22 18:25:56.228610,3,1,2,0,3,15934750.987676,2.0,False,False
sess_2735,969,2025-07-06 13:05:25.214026,2026-05-19 23:35:41.240934,6,3,0,3,6,27426616.026908,0.0,True,False
sess_2736,756,2025-09-27 20:28:36.212022,2026-02-21 13:05:49.186925,2,1,1,0,2,12674232.974903,1.0,False,False
sess_2738,316,2026-01-06 16:07:23.222317,2026-01-06 16:07:23.222317,1,0,1,0,1,0.0,0.0,False,False
sess_274,1097,2025-09-01 17:47:06.224321,2026-02-26 17:02:07.235934,3,1,0,2,3,15376501.011613,0.0,True,False
sess_2740,53,2025-10-08 16:31:04.186925,2026-02-08 08:46:38.228610,2,1,0,1,2,10599334.041685,0.0,True,False
sess_2741,744,2025-07-26 03:57:47.203543,2025-08-06 18:05:15.222317,2,1,0,1,2,1001248.018774,0.0,True,False
sess_2743,496,2025-09-20 21:51:20.240934,2026-01-11 19:00:45.227826,4,1,2,1,4,9752964.986892,2.0,False,False
sess_2744,135,2025-09-09 21:25:59.203543,2025-12-22 08:50:08.226324,3,0,3,0,3,8940249.022781,0.0,False,False
sess_2745,611,2026-06-06 09:03:04.240934,2026-06-06 09:03:04.240934,1,0,1,0,1,0.0,0.0,False,False
sess_2746,695,2025-07-05 09:44:55.209185,2026-05-17 09:01:40.226324,3,1,1,1,3,27299805.017139,1.0,False,False
sess_2747,874,2026-03-15 01:15:54.178635,2026-03-15 01:15:54.178635,1,0,0,1,1,0.0,0.0,True,False
sess_2748,1019,2025-08-27 15:18:53.207677,2026-05-05 02:45:25.214026,5,1,1,3,5,21641192.006349,1.0,False,False
sess_275,991,2025-07-01 02:58:25.249957,2026-06-04 10:42:20.237113,3,2,0,1,3,29231034.987156,0.0,True,False
sess_2750,945,2025-06-13 16:32:13.251960,2026-02-03 20:12:18.178635,4,1,2,1,4,20317204.926675,2.0,False,False
sess_2751,414,2025-06-14 21:47:11.245946,2026-02-07 03:33:22.178635,3,0,2,1,3,20497570.932689,0.0,False,False
sess_2752,184,2025-06-27 23:02:45.238931,2026-05-27 04:24:52.251960,2,0,0,2,2,28790527.013029,0.0,True,False
sess_2753,571,2025-06-25 02:30:42.243940,2026-05-29 01:04:10.178635,5,0,5,0,5,29198007.934695,0.0,False,False
sess_2754,192,2025-09-25 04:31:53.240934,2025-09-25 04:31:53.240934,1,0,1,0,1,0.0,0.0,False,False
sess_2755,72,2025-10-21 06:03:17.186925,2025-10-29 11:29:18.228610,2,1,1,0,2,710761.041685,1.0,False,False
sess_2756,17,2026-03-08 00:02:46.216529,2026-03-08 00:02:46.216529,1,0,1,0,1,0.0,0.0,False,False
sess_2757,663,2025-09-21 11:41:44.186925,2026-04-19 05:34:13.183414,2,0,0,2,2,18121948.996489,0.0,True,False
sess_2758,190,2025-10-12 17:44:09.212022,2026-06-10 16:23:30.186925,2,1,1,0,2,20817560.974903,1.0,False,False
sess_276,280,2025-11-12 17:38:50.228610,2025-11-12 17:38:50.228610,1,1,0,0,1,0.0,0.0,False,False
sess_2760,311,2025-10-21 08:45:15.240934,2025-10-21 08:45:15.240934,1,0,1,0,1,0.0,0.0,False,False
sess_2761,903,2025-06-15 10:01:03.186925,2025-12-29 06:59:18.226324,3,3,0,0,3,17009895.039399,0.0,False,False
sess_2762,6,2025-06-15 22:10:53.249957,2026-06-02 19:53:22.199974,2,1,1,0,2,30404548.950017,1.0,False,False
sess_2764,405,2025-10-30 23:17:08.251960,2025-10-30 23:17:08.251960,1,0,0,1,1,0.0,0.0,True,False
sess_2765,740,2025-06-25 17:40:28.222317,2026-06-07 13:55:38.214026,4,0,2,2,4,29967309.991709,0.0,False,False
sess_2766,582,2025-12-18 06:04:52.249957,2026-05-02 03:02:55.186925,2,1,1,0,2,11653082.936968,1.0,False,False
sess_2767,828,2025-11-19 02:45:05.209185,2025-11-19 02:45:05.209185,1,0,0,1,1,0.0,0.0,True,False
sess_2768,1030,2025-07-07 20:51:49.216529,2025-09-16 21:56:55.185418,2,1,1,0,2,6138305.968889,1.0,False,False
sess_277,238,2026-03-01 11:36:42.238931,2026-03-01 11:36:42.238931,1,0,0,1,1,0.0,0.0,True,False
sess_2770,569,2026-03-17 05:26:44.228610,2026-06-03 10:57:06.214026,3,0,2,1,3,6759021.985416,0.0,False,False
sess_2771,774,2025-07-29 15:34:52.251960,2025-08-04 10:25:13.243940,2,0,0,2,2,499820.99198,0.0,True,False
sess_2772,401,2025-07-05 07:17:31.219548,2025-07-05 07:17:31.219548,1,1,0,0,1,0.0,0.0,False,False
sess_2773,166,2025-06-25 12:22:33.247953,2025-12-12 08:14:24.186925,2,0,0,2,2,14673110.938972,0.0,True,False
sess_2774,689,2026-03-31 19:00:18.228610,2026-05-22 09:24:47.235934,4,2,1,1,4,4458269.007324,0.5,False,False
sess_2775,12,2026-02-04 20:33:56.186925,2026-04-18 20:34:03.249957,3,0,2,1,3,6307207.063032,0.0,False,False
sess_2776,1065,2025-08-31 20:20:26.238931,2025-08-31 20:20:26.238931,1,0,0,1,1,0.0,0.0,True,False
sess_2777,949,2025-10-31 00:31:00.216529,2025-10-31 00:31:00.216529,1,1,0,0,1,0.0,0.0,False,False
sess_2778,270,2026-04-26 00:35:21.228610,2026-04-26 00:35:21.228610,1,0,0,1,1,0.0,0.0,True,False
sess_2779,1064,2025-10-15 02:26:52.240934,2025-11-07 21:58:04.228610,2,1,0,1,2,2057471.987676,0.0,True,False
sess_2780,597,2025-08-18 01:52:35.253968,2026-04-06 00:26:52.240934,3,2,0,1,3,19953256.986966,0.0,True,False
sess_2781,656,2025-11-20 14:01:28.224321,2026-04-03 12:04:26.216529,3,2,0,1,3,11570577.992208,0.0,True,False
sess_2782,360,2026-02-20 12:11:03.186925,2026-02-20 12:11:03.186925,1,1,0,0,1,0.0,0.0,False,False
sess_2783,828,2025-10-16 11:08:17.181409,2025-10-16 11:08:17.181409,1,0,1,0,1,0.0,0.0,False,False
sess_2784,691,2025-08-25 06:03:17.238931,2025-11-12 23:13:40.222317,2,1,1,0,2,6887422.983386,1.0,False,False
sess_2785,785,2025-10-29 11:58:28.203543,2025-12-14 17:55:49.181409,2,0,1,1,2,3995840.977866,0.0,False,False
sess_2786,464,2025-06-11 04:36:45.203543,2026-01-30 05:03:07.186925,2,1,1,0,2,20132781.983382,1.0,False,False
sess_2787,342,2026-06-04 17:42:05.209185,2026-06-04 17:42:05.209185,1,0,0,1,1,0.0,0.0,True,False
sess_2788,816,2025-09-22 00:53:57.209185,2025-09-22 00:53:57.209185,1,0,1,0,1,0.0,0.0,False,False
sess_2789,925,2025-08-11 14:59:42.238931,2026-05-31 03:19:19.247953,3,1,0,2,3,25273177.009022,0.0,True,False
sess_279,1010,2025-11-09 18:47:25.245946,2025-11-09 18:47:25.245946,1,1,0,0,1,0.0,0.0,False,False
sess_2790,490,2025-08-03 05:55:16.242937,2026-04-09 19:56:36.224321,3,0,2,1,3,21564079.981384,0.0,False,False
sess_2791,325,2025-11-16 08:55:05.243940,2025-11-16 08:55:05.243940,1,1,0,0,1,0.0,0.0,False,False
sess_2793,110,2025-11-28 05:58:09.185418,2025-11-28 05:58:09.185418,1,1,0,0,1,0.0,0.0,False,False
sess_2794,1049,2025-08-30 06:45:54.199974,2026-02-28 07:38:06.219548,2,0,2,0,2,15727932.019574,0.0,False,False
sess_2795,772,2025-07-04 17:57:18.249957,2026-03-27 06:34:18.228610,4,1,2,1,4,22941419.978653,2.0,False,False
sess_2796,639,2025-07-02 01:35:19.240934,2026-02-15 18:50:43.228610,3,2,0,1,3,19761323.987676,0.0,True,False
sess_2798,380,2025-08-07 13:04:32.178635,2026-05-01 13:16:31.207677,3,0,1,2,3,23069519.029042,0.0,False,False
sess_2799,506,2025-10-03 02:12:56.243940,2026-05-06 16:53:12.216529,3,1,1,1,3,18628815.972589,1.0,False,False
sess_28,909,2026-03-05 07:47:50.235934,2026-06-03 21:14:54.183414,4,0,2,2,4,7824423.94748,0.0,False,False
sess_280,745,2025-07-05 08:29:33.249957,2026-04-01 18:30:02.202536,3,2,1,0,3,23364028.952579,0.5,False,False
sess_2801,913,2025-07-20 07:43:28.178635,2026-03-04 13:43:26.235934,4,2,0,2,4,19634398.057299,0.0,True,False
sess_2802,543,2026-03-11 12:19:21.186925,2026-03-11 12:19:21.186925,1,0,1,0,1,0.0,0.0,False,False
sess_2803,760,2026-02-01 13:30:21.251960,2026-02-01 13:30:21.251960,1,1,0,0,1,0.0,0.0,False,False
sess_2804,300,2025-08-14 06:09:32.222317,2026-05-19 23:44:35.251960,5,2,2,1,5,24082503.029643,1.0,False,False
sess_2805,110,2025-07-04 22:53:57.185418,2026-06-01 05:18:41.216529,4,3,1,0,4,28621484.031111,0.3333333333333333,False,False
sess_2806,435,2026-03-23 07:29:48.219548,2026-03-23 07:29:48.219548,1,1,0,0,1,0.0,0.0,False,False
sess_2807,310,2026-02-02 04:24:42.178635,2026-04-08 22:57:05.237113,3,0,1,2,3,5682743.058478,0.0,False,False
sess_2808,490,2025-12-04 04:03:07.251960,2026-01-26 08:39:41.214026,2,1,0,1,2,4595793.962066,0.0,True,False
sess_2809,293,2025-07-02 13:03:18.185418,2026-03-16 01:53:59.178635,4,0,1,3,4,22164640.993217,0.0,False,False
sess_281,292,2025-12-25 10:13:14.219548,2025-12-25 10:13:14.219548,1,0,1,0,1,0.0,0.0,False,False
sess_2810,301,2026-03-12 23:33:38.209185,2026-03-12 23:33:38.209185,1,0,0,1,1,0.0,0.0,True,False
sess_2811,971,2025-10-09 06:32:59.186925,2026-06-05 19:38:31.178635,5,0,3,2,5,20696731.99171,0.0,False,False
sess_2812,127,2025-11-15 23:06:04.224321,2026-05-22 18:16:31.226324,3,2,1,0,3,16225827.002003,0.5,False,False
sess_2813,390,2026-02-27 08:01:40.240934,2026-02-27 08:01:40.240934,1,0,0,1,1,0.0,0.0,True,False
sess_2814,304,2025-09-05 03:43:01.219548,2026-02-18 21:29:22.228610,3,1,0,2,3,14406381.009062,0.0,True,False
sess_2815,1091,2026-05-10 11:23:49.186925,2026-05-10 11:23:49.186925,1,1,0,0,1,0.0,0.0,False,False
sess_2816,11,2025-07-17 11:42:00.247953,2026-05-07 22:15:18.251960,2,0,2,0,2,25439598.004007,0.0,False,False
sess_2817,47,2026-02-10 05:45:15.238931,2026-03-29 17:32:58.228610,2,1,1,0,2,4103262.989679,1.0,False,False
sess_2818,738,2025-10-25 10:25:09.186925,2025-10-25 10:25:09.186925,1,0,0,1,1,0.0,0.0,True,False
sess_2819,473,2025-10-12 14:49:26.195433,2026-04-01 14:22:30.185418,2,1,0,1,2,14772783.989985,0.0,True,False
sess_282,327,2025-10-10 20:14:12.222317,2026-04-12 00:21:05.249957,4,4,0,0,4,15826013.02764,0.0,False,False
sess_2820,964,2025-07-15 06:13:12.228610,2025-10-03 10:04:41.216529,2,0,0,2,2,6925888.987919,0.0,True,False
sess_2821,342,2025-09-03 15:15:37.247953,2025-11-21 18:03:19.186925,2,0,0,2,2,6835661.938972,0.0,True,False
sess_2822,899,2025-07-31 03:53:04.216529,2026-06-03 14:52:36.199974,3,1,2,0,3,26564371.983445,2.0,False,False
sess_2823,25,2025-11-13 06:01:27.178635,2026-02-24 22:35:49.237113,3,1,2,0,3,8958862.058478,2.0,False,False
sess_2824,1013,2025-08-10 01:22:22.251960,2026-05-02 10:21:41.249957,4,1,1,2,4,22928358.997997,1.0,False,False
sess_2825,861,2025-07-03 09:54:37.185418,2025-11-27 08:56:43.247953,6,1,3,2,6,12697326.062535,3.0,False,False
sess_2827,175,2025-09-30 06:46:49.226324,2026-06-09 15:03:25.237113,4,2,1,1,4,21802596.010789,0.5,False,False
sess_2828,651,2025-06-14 06:08:29.222317,2025-09-17 11:31:46.209185,2,2,0,0,2,8227396.986868,0.0,False,False
sess_2829,898,2025-09-04 03:27:06.181409,2025-09-04 03:27:06.181409,1,0,1,0,1,0.0,0.0,False,False
sess_283,160,2025-12-08 05:19:03.216529,2026-05-19 19:07:40.178635,3,1,1,1,3,14046516.962106,1.0,False,False
sess_2830,707,2026-02-03 23:50:08.209185,2026-04-27 08:01:48.219548,4,1,2,1,4,7114300.010363,2.0,False,False
sess_2831,19,2026-02-10 14:18:28.224321,2026-04-21 19:28:28.186925,2,1,1,0,2,6066599.962604,1.0,False,False
sess_2833,243,2025-10-26 08:34:17.186925,2026-01-16 12:46:34.212022,3,1,1,1,3,7099937.025097,1.0,False,False
sess_2834,914,2025-07-03 06:43:19.237113,2025-07-03 06:43:19.237113,1,0,0,1,1,0.0,0.0,True,False
sess_2837,568,2026-01-15 11:48:13.185418,2026-01-26 08:26:41.214026,2,0,1,1,2,938308.028608,0.0,False,False
sess_2838,1053,2025-08-09 07:37:55.181409,2025-09-14 16:46:46.247953,2,0,0,2,2,3143331.066544,0.0,True,False
sess_2839,842,2025-10-09 20:52:28.186925,2025-10-09 20:52:28.186925,1,0,0,1,1,0.0,0.0,True,False
sess_284,157,2025-07-10 20:55:32.214026,2026-02-07 08:44:11.242937,2,2,0,0,2,18272919.028911,0.0,False,False
sess_2840,744,2026-03-13 22:54:11.243940,2026-03-13 22:54:11.243940,1,1,0,0,1,0.0,0.0,False,False
sess_2841,866,2025-10-29 16:57:06.238931,2025-12-14 19:22:46.186925,2,0,1,1,2,3983139.947994,0.0,False,False
sess_2842,298,2025-09-11 17:54:31.224321,2025-09-11 17:54:31.224321,1,0,1,0,1,0.0,0.0,False,False
sess_2843,467,2026-05-12 20:04:01.228610,2026-05-12 20:04:01.228610,1,1,0,0,1,0.0,0.0,False,False
sess_2844,446,2025-09-23 21:06:13.226324,2026-06-01 16:42:55.226324,3,0,2,1,3,21670602.0,0.0,False,False
sess_2845,632,2025-09-29 18:58:39.251960,2026-02-24 14:01:05.228610,2,1,0,1,2,12769345.97665,0.0,True,False
sess_2846,542,2025-09-22 16:13:57.216529,2025-10-09 18:36:25.247953,2,1,0,1,2,1477348.031424,0.0,True,False
sess_2848,780,2025-09-06 06:16:23.222317,2026-01-24 05:29:25.181409,2,1,0,1,2,12093181.959092,0.0,True,False
sess_2849,730,2026-03-01 03:17:36.222317,2026-04-25 18:11:12.186925,2,1,0,1,2,4805615.964608,0.0,True,False
sess_285,543,2025-11-11 07:58:22.219548,2026-05-31 02:09:41.224321,3,0,1,2,3,17345479.004773,0.0,False,False
sess_2850,52,2025-11-17 14:44:49.183414,2025-11-17 14:44:49.183414,1,0,0,1,1,0.0,0.0,True,False
sess_2851,238,2026-01-07 21:38:33.224321,2026-05-27 05:39:28.228610,2,1,1,0,2,12038455.004289,1.0,False,False
sess_2852,24,2025-08-04 19:32:05.212022,2026-02-28 16:08:49.212022,4,2,2,0,4,17959004.0,1.0,False,False
sess_2853,870,2025-09-07 14:45:26.245946,2025-09-07 14:45:26.245946,1,0,0,1,1,0.0,0.0,True,False
sess_2854,190,2026-01-16 02:15:23.181409,2026-02-15 15:48:08.251960,2,0,1,1,2,2640765.070551,0.0,False,False
sess_2855,648,2025-12-27 10:35:12.228610,2026-02-15 15:07:56.209185,2,0,1,1,2,4336363.980575,0.0,False,False
sess_2856,81,2025-08-03 22:13:48.214026,2025-08-03 22:13:48.214026,1,1,0,0,1,0.0,0.0,False,False
sess_2857,188,2025-07-17 04:51:16.181409,2026-02-15 15:15:34.211509,3,3,0,0,3,18440658.0301,0.0,False,False
sess_2858,712,2025-07-15 17:59:49.181409,2026-06-05 04:22:28.226324,2,0,1,1,2,28030959.044915,0.0,False,False
sess_2859,186,2025-06-25 11:21:15.228610,2025-06-25 11:21:15.228610,1,1,0,0,1,0.0,0.0,False,False
sess_286,101,2026-01-23 08:25:04.219548,2026-01-23 08:25:04.219548,1,1,0,0,1,0.0,0.0,False,False
sess_2860,149,2026-02-27 16:59:21.228610,2026-02-27 16:59:21.228610,1,0,1,0,1,0.0,0.0,False,False
sess_2861,809,2025-06-27 00:40:01.224321,2025-11-17 12:44:57.186925,3,1,0,2,3,12398695.962604,0.0,True,False
sess_2863,884,2025-08-26 09:11:43.249957,2026-06-09 19:09:51.224321,4,2,2,0,4,24832687.974364,1.0,False,False
sess_2865,445,2025-10-07 07:00:52.245946,2026-01-16 21:20:08.218542,3,2,0,1,3,8777955.972596,0.0,True,False
sess_2866,614,2025-10-13 23:54:47.186925,2025-12-31 02:13:57.212022,2,1,1,0,2,6747550.025097,1.0,False,False
sess_2867,371,2026-01-28 15:32:32.253968,2026-01-28 15:32:32.253968,1,1,0,0,1,0.0,0.0,False,False
sess_2868,570,2025-07-27 15:32:12.186925,2026-02-28 01:47:29.240934,5,0,4,1,5,18612917.054009,0.0,False,False
sess_2869,114,2026-04-30 06:46:26.245946,2026-04-30 06:46:26.245946,1,0,0,1,1,0.0,0.0,True,False
sess_287,1031,2025-09-01 14:16:43.224321,2025-10-30 10:43:40.183414,2,0,1,1,2,5084816.959093,0.0,False,False
sess_2870,784,2025-08-14 03:06:29.249957,2026-03-13 00:19:48.242937,4,0,3,1,4,18220398.99298,0.0,False,False
sess_2871,881,2025-07-07 16:55:10.228610,2026-04-11 11:03:03.186925,2,1,1,0,2,23998072.958315,1.0,False,False
sess_2872,488,2025-06-29 08:43:20.216529,2025-06-29 08:43:20.216529,1,0,0,1,1,0.0,0.0,True,False
sess_2873,1084,2026-02-27 08:13:52.224321,2026-05-26 15:05:55.214026,2,1,1,0,2,7627922.989705,1.0,False,False
sess_2874,1022,2025-08-30 19:07:18.222317,2026-01-24 05:31:35.203543,2,1,1,0,2,12651856.981226,1.0,False,False
sess_2875,815,2025-06-19 18:22:09.249957,2026-05-06 21:52:25.235934,2,0,1,1,2,27747015.985977,0.0,False,False
sess_2877,996,2026-04-23 21:36:22.242937,2026-05-24 17:31:37.181409,2,2,0,0,2,2663714.938472,0.0,False,False
sess_2878,678,2025-08-24 22:19:15.249957,2026-03-11 02:11:38.214026,3,2,0,1,3,17121142.964069,0.0,True,False
sess_2879,308,2026-01-24 10:24:33.181409,2026-01-24 10:24:33.181409,1,0,1,0,1,0.0,0.0,False,False
sess_2881,191,2026-02-19 06:42:20.214026,2026-02-19 06:42:20.214026,1,0,1,0,1,0.0,0.0,False,False
sess_2882,123,2025-09-06 18:28:32.240934,2026-06-10 16:29:12.238931,2,0,2,0,2,23925639.997997,0.0,False,False
sess_2883,787,2025-11-15 03:55:12.224321,2026-04-19 13:33:19.237113,2,1,1,0,2,13426687.012792,1.0,False,False
sess_2884,76,2025-08-01 10:56:37.216529,2026-05-23 01:05:18.186925,3,3,0,0,3,25452520.970396,0.0,False,False
sess_2885,562,2026-01-19 06:02:54.240934,2026-01-19 06:02:54.240934,1,1,0,0,1,0.0,0.0,False,False
sess_2886,946,2025-08-18 05:00:30.228610,2026-05-19 12:03:51.219548,4,1,3,0,4,23699000.990938,3.0,False,False
sess_2888,730,2026-04-25 06:52:04.228610,2026-06-08 17:40:33.214026,4,2,1,1,4,3840508.985416,0.5,False,False
sess_2889,166,2025-07-04 20:01:02.186925,2026-01-01 14:48:49.181409,2,0,1,1,2,15619666.994484,0.0,False,False
sess_2890,771,2025-12-05 22:13:10.219548,2025-12-05 22:13:10.219548,1,0,1,0,1,0.0,0.0,False,False
sess_2891,176,2025-11-06 17:04:42.212022,2026-03-31 05:42:20.186925,3,1,1,1,3,12487057.974903,1.0,False,False
sess_2892,926,2025-06-14 09:15:36.242937,2026-04-17 06:53:17.186925,2,1,1,0,2,26516260.943988,1.0,False,False
sess_2893,899,2025-07-25 02:38:36.186925,2026-06-02 04:52:11.251960,4,1,1,2,4,26964815.065035,1.0,False,False
sess_2894,761,2025-06-26 18:54:54.228610,2025-10-11 06:14:44.249957,3,1,1,1,3,9199190.021347,1.0,False,False
sess_2896,978,2025-06-13 20:23:42.214026,2025-06-13 20:23:42.214026,1,0,0,1,1,0.0,0.0,True,False
sess_2897,1002,2025-10-16 06:17:17.202536,2025-11-10 13:21:35.237113,2,0,2,0,2,2185458.034577,0.0,False,False
sess_2898,386,2025-08-10 05:14:11.228610,2025-09-28 10:20:32.247953,2,0,2,0,2,4251981.019343,0.0,False,False
sess_2899,849,2025-12-10 09:37:23.216529,2026-03-08 09:06:14.183414,2,0,1,1,2,7601330.966885,0.0,False,False
sess_29,186,2025-09-20 13:48:19.224321,2026-06-05 08:47:14.228610,3,0,1,2,3,22273135.004289,0.0,False,False
sess_290,202,2025-11-28 16:54:12.218542,2026-03-31 09:27:50.228610,3,0,2,1,3,10600418.010068,0.0,False,False
sess_2900,1008,2025-07-06 10:59:59.228610,2025-07-06 10:59:59.228610,1,1,0,0,1,0.0,0.0,False,False
sess_2901,868,2026-03-04 12:27:13.199974,2026-05-26 06:50:22.245946,2,1,0,1,2,7150989.045972,0.0,True,False
sess_2904,517,2025-06-24 02:28:51.243940,2025-06-24 02:28:51.243940,1,1,0,0,1,0.0,0.0,False,False
sess_2905,153,2025-06-13 16:27:50.195433,2025-12-02 11:48:16.245946,3,1,1,1,3,14844026.050513,1.0,False,False
sess_2906,675,2026-01-10 19:18:18.243940,2026-02-24 02:10:14.243940,2,0,1,1,2,3826316.0,0.0,False,False
sess_2907,920,2025-06-15 06:56:44.253968,2025-11-16 21:08:27.186925,4,3,0,1,4,13356702.932957,0.0,True,False
sess_2908,918,2025-08-11 14:46:04.243940,2025-08-11 14:46:04.243940,1,0,0,1,1,0.0,0.0,True,False
sess_2909,158,2025-08-09 17:29:29.228610,2026-05-13 06:36:55.199974,2,0,0,2,2,23893645.971364,0.0,True,False
sess_291,303,2025-06-27 04:02:13.240934,2025-06-27 04:02:13.240934,1,1,0,0,1,0.0,0.0,False,False
sess_2910,882,2026-01-15 18:05:44.228610,2026-01-15 18:05:44.228610,1,0,1,0,1,0.0,0.0,False,False
sess_2911,370,2025-11-15 20:33:45.216529,2026-05-06 18:25:47.209185,3,1,2,0,3,14853121.992656,2.0,False,False
sess_2912,387,2025-12-18 08:05:58.247953,2026-04-18 02:00:21.212022,3,2,1,0,3,10432462.964069,0.5,False,False
sess_2913,1041,2025-11-20 22:04:07.178635,2026-03-09 09:22:31.212022,2,0,2,0,2,9371904.033387,0.0,False,False
sess_2915,641,2025-06-19 16:57:48.251960,2025-06-28 17:24:17.186925,2,0,0,2,2,779188.934965,0.0,True,False
sess_2916,747,2026-03-10 19:57:34.209185,2026-03-11 11:35:06.195433,2,0,0,2,2,56251.986248,0.0,True,False
sess_2917,436,2025-09-03 20:14:37.235934,2026-04-27 23:29:21.197951,5,2,2,1,5,20402083.962017,1.0,False,False
sess_2918,823,2025-11-10 12:58:40.214026,2026-01-25 10:50:48.178635,2,2,0,0,2,6558727.964609,0.0,False,False
sess_2919,908,2026-02-06 02:31:14.238931,2026-02-06 02:31:14.238931,1,0,0,1,1,0.0,0.0,True,False
sess_292,778,2025-08-11 14:08:48.245946,2025-12-07 08:43:45.240934,3,1,0,2,3,10175696.994988,0.0,True,False
sess_2920,808,2025-10-09 12:29:51.222317,2026-03-08 13:37:51.186925,2,0,1,1,2,12964079.964608,0.0,False,False
sess_2921,677,2026-02-21 05:19:42.251960,2026-02-21 05:19:42.251960,1,1,0,0,1,0.0,0.0,False,False
sess_2922,175,2025-08-15 01:47:42.228610,2026-04-21 04:49:03.212022,4,2,2,0,4,21524480.983412,1.0,False,False
sess_2923,638,2025-06-24 00:51:34.253968,2025-06-24 00:51:34.253968,1,0,1,0,1,0.0,0.0,False,False
sess_2924,119,2025-06-25 07:24:51.228610,2025-06-25 07:24:51.228610,1,0,0,1,1,0.0,0.0,True,False
sess_2926,182,2025-08-13 20:53:02.218542,2026-04-15 05:17:00.222317,3,1,0,2,3,21111838.003775,0.0,True,False
sess_2927,859,2025-08-08 10:14:22.212022,2026-04-04 17:04:07.178635,5,0,1,4,5,20674184.966613,0.0,False,False
sess_2928,1079,2025-12-14 18:43:49.237113,2026-03-14 06:40:22.224321,3,0,1,2,3,7732592.987208,0.0,False,False
sess_293,602,2025-09-20 14:18:46.199974,2025-09-20 14:18:46.199974,1,1,0,0,1,0.0,0.0,False,False
sess_2930,496,2026-05-07 23:23:35.240934,2026-05-07 23:23:35.240934,1,0,0,1,1,0.0,0.0,True,False
sess_2931,986,2025-07-11 09:35:02.186925,2025-07-11 09:35:02.186925,1,1,0,0,1,0.0,0.0,False,False
sess_2932,688,2025-10-27 19:58:43.186925,2025-10-27 19:58:43.186925,1,1,0,0,1,0.0,0.0,False,False
sess_2933,993,2025-07-28 20:43:12.219548,2026-06-11 11:17:10.214026,2,1,1,0,2,27441237.994478,1.0,False,False
sess_2934,290,2025-10-12 23:16:42.224321,2026-02-23 07:37:29.227826,2,0,2,0,2,11521247.003505,0.0,False,False
sess_2935,403,2025-10-16 13:41:41.186925,2026-05-05 23:31:58.245946,4,3,0,1,4,17401817.059021,0.0,True,False
sess_2936,791,2025-08-04 21:03:56.214026,2026-04-09 18:07:39.203543,4,2,2,0,4,21416622.989517,1.0,False,False
sess_2937,520,2025-09-21 21:03:03.245946,2025-11-27 20:25:39.222317,3,2,0,1,3,5786555.976371,0.0,True,False
sess_2938,1025,2025-09-11 02:11:00.186925,2026-05-12 08:05:44.243940,4,0,3,1,4,21016484.057015,0.0,False,False
sess_2939,599,2026-01-15 15:34:45.222317,2026-01-17 09:15:32.211509,2,1,1,0,2,150046.989192,1.0,False,False
sess_294,45,2025-11-28 12:06:44.216529,2026-01-16 15:56:57.224321,3,2,0,1,3,4247413.007792,0.0,True,False
sess_2940,933,2025-08-19 20:31:53.214026,2026-02-15 10:32:36.228610,2,2,0,0,2,15516043.014584,0.0,False,False
sess_2941,397,2025-09-18 17:04:12.245946,2026-03-11 06:37:21.178635,2,0,2,0,2,14995988.932689,0.0,False,False
sess_2942,959,2025-08-01 00:37:51.245946,2025-08-01 00:37:51.245946,1,0,0,1,1,0.0,0.0,True,False
sess_2943,321,2025-06-21 23:52:36.237113,2025-06-21 23:52:36.237113,1,0,0,1,1,0.0,0.0,True,False
sess_2945,901,2025-09-19 04:42:20.185418,2025-09-19 04:42:20.185418,1,1,0,0,1,0.0,0.0,False,False
sess_2946,173,2025-09-05 04:35:05.240934,2025-10-08 14:04:58.216529,3,1,0,2,3,2885392.975595,0.0,True,False
sess_2947,522,2026-01-24 10:11:56.242937,2026-03-24 23:27:34.183414,2,0,2,0,2,5145337.940477,0.0,False,False
sess_2948,168,2025-06-12 16:30:42.186925,2026-01-30 01:20:17.228610,3,1,1,1,3,19990175.041685,1.0,False,False
sess_2949,592,2026-02-03 01:33:52.235934,2026-02-15 21:23:27.226324,2,1,1,0,2,1108174.99039,1.0,False,False
sess_295,307,2025-10-01 05:10:39.186925,2025-10-01 05:10:39.186925,1,0,1,0,1,0.0,0.0,False,False
sess_2950,120,2025-06-14 15:03:38.203543,2025-06-14 15:03:38.203543,1,0,1,0,1,0.0,0.0,False,False
sess_2952,1017,2025-08-13 20:11:48.245946,2025-08-13 20:11:48.245946,1,1,0,0,1,0.0,0.0,False,False
sess_2953,693,2025-09-02 12:02:39.183414,2026-05-23 22:13:11.186925,3,1,1,1,3,22759832.003511,1.0,False,False
sess_2954,722,2026-02-15 08:29:08.228610,2026-05-22 03:16:35.240934,2,2,0,0,2,8275647.012324,0.0,False,False
sess_2956,635,2025-10-06 20:48:31.181409,2026-06-04 20:34:44.197951,3,2,1,0,3,20821573.016542,0.5,False,False
sess_2957,72,2025-06-25 16:57:32.181409,2026-05-13 20:02:45.237113,3,1,1,1,3,27831913.055704,1.0,False,False
sess_2958,293,2025-10-18 14:13:47.214026,2026-04-14 02:21:00.197951,3,0,1,2,3,15336432.983925,0.0,False,False
sess_2959,169,2025-09-09 00:10:56.186925,2026-06-05 04:24:22.251960,4,1,1,2,4,23256806.065035,1.0,False,False
sess_2960,119,2026-02-10 08:16:58.181409,2026-02-10 08:16:58.181409,1,0,1,0,1,0.0,0.0,False,False
sess_2961,555,2025-08-14 08:27:11.222317,2026-01-18 12:25:34.195433,4,0,2,2,4,13579102.973116,0.0,False,False
sess_2962,959,2025-07-25 10:39:49.251960,2026-01-18 05:47:52.214026,2,1,1,0,2,15275282.962066,1.0,False,False
sess_2963,545,2025-12-01 01:46:41.245946,2026-06-08 19:12:50.186925,2,1,1,0,2,16392368.940979,1.0,False,False
sess_2964,728,2025-07-01 13:41:46.186925,2026-01-13 13:42:13.181409,4,0,4,0,4,16934426.994484,0.0,False,False
sess_2965,734,2025-08-03 12:00:58.228610,2025-08-03 12:00:58.228610,1,0,1,0,1,0.0,0.0,False,False
sess_2966,1027,2025-10-12 19:30:42.228610,2026-05-03 12:55:33.203543,4,2,2,0,4,17515490.974933,1.0,False,False
sess_2968,271,2025-07-29 07:20:16.253968,2026-06-02 08:15:18.214026,4,2,1,1,4,26614501.960058,0.5,False,False
sess_2969,881,2025-08-03 05:54:38.228610,2026-03-01 22:12:07.222317,2,0,1,1,2,18202648.993707,0.0,False,False
sess_2970,1082,2025-11-03 06:04:23.251960,2025-11-13 12:57:17.237113,2,1,0,1,2,888773.985153,0.0,True,False
sess_2971,709,2025-10-01 10:48:16.186925,2026-01-25 14:25:26.186925,2,2,0,0,2,10035430.0,0.0,False,False
sess_2972,352,2025-07-03 14:08:01.186925,2026-03-21 13:29:53.228610,2,2,0,0,2,22548112.041685,0.0,False,False
sess_2973,691,2025-07-08 23:42:18.216529,2026-02-08 09:23:39.224321,3,0,2,1,2,18524481.007792,0.0,False,False
sess_2974,242,2026-01-12 21:06:47.247953,2026-01-29 13:47:49.178635,2,2,0,0,2,1442461.930682,0.0,False,False
sess_2975,611,2026-05-25 06:57:52.186925,2026-05-25 06:57:52.186925,1,0,1,0,1,0.0,0.0,False,False
sess_2976,275,2025-08-05 22:26:49.186925,2026-06-01 05:07:12.247953,3,0,0,3,3,25857623.061028,0.0,True,False
sess_2977,976,2025-11-26 14:15:51.240934,2025-11-26 14:15:51.240934,1,1,0,0,1,0.0,0.0,False,False
sess_2978,823,2025-07-17 02:24:16.181409,2026-02-19 21:36:57.228610,2,1,1,0,2,18817961.047201,1.0,False,False
sess_298,1047,2025-07-07 14:00:43.227826,2026-04-09 14:23:32.185418,4,2,2,0,4,23847768.957592,1.0,False,False
sess_2980,598,2026-01-07 00:55:10.228610,2026-06-10 18:44:33.186925,3,2,1,0,3,13369762.958315,0.5,False,False
sess_2981,806,2025-11-30 01:38:14.186925,2025-11-30 01:38:14.186925,1,0,0,1,1,0.0,0.0,True,False
sess_2983,306,2025-08-26 04:09:04.249957,2026-02-27 14:56:36.247953,6,3,2,1,6,16022851.997996,0.6666666666666666,False,False
sess_2985,761,2025-07-16 14:31:16.238931,2025-11-14 20:06:16.226324,2,0,0,2,2,10474499.987393,0.0,True,False
sess_2986,256,2025-12-17 15:24:36.228610,2026-06-01 11:24:06.212022,4,1,1,2,4,14327969.983412,1.0,False,False
sess_2987,330,2025-09-27 04:40:30.214026,2026-06-01 09:10:35.249957,3,2,1,0,3,21357005.035931,0.5,False,False
sess_2988,2,2025-08-18 08:20:32.209185,2026-05-17 07:10:25.237113,2,1,0,1,2,23496593.027928,0.0,True,False
sess_2989,338,2025-09-05 17:16:53.243940,2026-01-03 16:21:46.226324,3,1,2,0,3,10364692.982384,2.0,False,False
sess_299,479,2025-09-12 00:21:13.247953,2026-04-28 17:28:53.216529,5,3,0,2,5,19760859.968576,0.0,True,False
sess_2990,334,2026-05-20 22:06:46.237113,2026-05-20 22:06:46.237113,1,0,0,1,1,0.0,0.0,True,False
sess_2991,613,2025-10-20 09:11:58.186925,2025-10-20 09:11:58.186925,1,0,1,0,1,0.0,0.0,False,False
sess_2992,282,2025-07-18 13:52:48.178635,2025-07-18 13:52:48.178635,1,1,0,0,1,0.0,0.0,False,False
sess_2993,25,2025-10-22 03:02:39.249957,2025-10-22 03:02:39.249957,1,0,1,0,1,0.0,0.0,False,False
sess_2994,655,2025-07-31 23:33:26.226324,2026-03-10 00:16:06.251960,4,1,2,1,4,19096960.025636,2.0,False,False
sess_2995,215,2025-06-26 00:57:39.224321,2026-04-18 03:17:12.207677,5,0,4,1,5,25582772.983356,0.0,False,False
sess_2996,167,2025-11-30 09:43:00.237113,2025-11-30 09:43:00.237113,1,1,0,0,1,0.0,0.0,False,False
sess_2997,437,2026-02-21 04:39:22.214026,2026-04-24 20:37:18.240934,2,0,1,1,2,5414276.026908,0.0,False,False
sess_2999,946,2026-01-14 20:36:53.245946,2026-01-14 20:36:53.245946,1,0,0,1,1,0.0,0.0,True,False
sess_3,48,2025-06-11 16:09:33.228610,2026-01-05 19:39:48.240934,2,0,1,1,2,17983815.012324,0.0,False,False
sess_30,498,2026-02-28 21:00:08.228610,2026-05-03 08:49:20.186925,2,0,0,2,2,5485751.958315,0.0,True,False
sess_300,1056,2025-07-22 13:59:22.181409,2026-05-24 10:05:16.253968,4,4,0,0,4,26424354.072559,0.0,False,False
sess_3000,690,2025-06-14 10:44:24.228610,2025-06-14 10:44:24.228610,1,1,0,0,1,0.0,0.0,False,False
sess_3001,355,2026-05-15 04:03:40.237113,2026-05-15 04:03:40.237113,1,1,0,0,1,0.0,0.0,False,False
sess_3002,1032,2025-06-14 20:56:06.247953,2025-12-27 12:21:47.186925,4,0,3,1,4,16903540.938972,0.0,False,False
sess_3003,825,2025-06-26 15:41:28.216529,2026-05-07 02:43:48.245946,5,0,4,1,5,27169340.029417,0.0,False,False
sess_3004,258,2025-10-22 19:50:25.186925,2026-05-25 08:33:18.183414,3,1,1,1,3,18535372.996489,1.0,False,False
sess_3005,924,2025-09-06 13:26:30.197951,2026-02-15 09:19:36.245946,4,0,2,2,4,13981986.047995,0.0,False,False
sess_3006,289,2025-07-22 23:55:55.214026,2026-02-09 12:09:56.237113,3,1,1,1,3,17410441.023087,1.0,False,False
sess_3007,1005,2025-07-26 17:21:30.214026,2025-10-15 15:43:57.242937,3,0,1,2,3,6992547.028911,0.0,False,False
sess_3009,589,2025-11-07 11:24:06.214026,2026-02-22 05:30:40.183414,2,1,0,1,2,9223593.969388,0.0,True,False
sess_301,834,2026-01-03 15:49:03.186925,2026-02-12 06:43:10.228610,2,1,0,1,2,3423247.041685,0.0,True,False
sess_3010,741,2025-06-13 14:57:22.247953,2026-04-28 12:33:03.249957,5,3,0,2,5,27552941.002004,0.0,True,False
sess_3011,20,2026-02-22 01:28:53.178635,2026-05-30 06:24:32.209185,2,1,0,1,2,8398539.03055,0.0,True,False
sess_3012,24,2026-05-03 21:53:00.240934,2026-05-14 01:50:43.228610,3,2,0,1,3,878262.987676,0.0,True,False
sess_3016,122,2025-07-22 15:11:09.183414,2026-06-09 19:13:17.228610,3,1,1,1,3,27835328.045196,1.0,False,False
sess_3017,337,2025-10-30 21:48:28.209185,2026-05-11 11:41:47.178635,3,0,1,2,3,16638798.96945,0.0,False,False
sess_3018,1056,2025-09-02 19:31:11.237113,2025-12-20 12:47:23.237113,2,1,0,1,2,9393372.0,0.0,True,False
sess_3019,663,2025-09-09 13:14:57.228610,2025-09-09 13:14:57.228610,1,1,0,0,1,0.0,0.0,False,False
sess_302,996,2025-08-04 09:29:50.226324,2026-03-14 03:51:43.237113,4,3,1,0,4,19160513.010789,0.3333333333333333,False,False
sess_3020,1016,2025-11-05 08:26:05.186925,2025-11-29 07:25:42.240934,2,0,2,0,2,2069977.054009,0.0,False,False
sess_3022,582,2025-06-29 18:13:19.183414,2026-05-31 19:59:21.214026,2,1,0,1,2,29036762.030612,0.0,True,False
sess_3023,629,2025-09-25 10:08:23.181409,2026-02-18 04:00:40.197951,3,2,1,0,3,12592337.016542,0.5,False,False
sess_3024,939,2025-07-17 12:43:10.228610,2025-07-17 12:43:10.228610,1,0,0,1,1,0.0,0.0,True,False
sess_3025,654,2025-07-17 04:01:36.253968,2025-07-17 04:01:36.253968,1,0,0,1,1,0.0,0.0,True,False
sess_3026,795,2025-09-25 14:45:18.209185,2026-03-06 18:16:36.240934,3,0,2,1,3,14009478.031749,0.0,False,False
sess_3027,316,2025-06-14 06:03:21.199974,2026-04-11 22:59:07.228610,4,1,1,2,4,26067346.028636,1.0,False,False
sess_3028,768,2025-10-12 03:57:13.228610,2026-06-11 04:11:53.245946,2,1,0,1,2,20909680.017336,0.0,True,False
sess_3030,409,2025-08-18 12:05:52.186925,2026-02-20 08:25:38.228610,3,1,2,0,3,16057186.041685,2.0,False,False
sess_3031,1098,2025-08-21 23:38:36.224321,2026-05-31 03:23:14.240934,3,1,2,0,3,24378278.016613,2.0,False,False
sess_3032,12,2026-05-19 01:29:02.226324,2026-05-19 01:29:02.226324,1,1,0,0,1,0.0,0.0,False,False
sess_3033,939,2025-07-20 14:32:49.240934,2025-07-23 10:09:45.178635,2,0,1,1,2,243415.937701,0.0,False,False
sess_3034,312,2025-07-18 20:11:24.199974,2026-04-21 04:54:14.242937,2,1,0,1,2,23877770.042963,0.0,True,False
sess_3035,262,2025-08-11 19:26:03.222317,2026-04-03 16:21:59.235934,2,1,0,1,2,20292956.013617,0.0,True,False
sess_3036,272,2025-07-01 19:15:33.224321,2026-06-07 23:27:36.238931,7,2,1,4,6,29477523.01461,0.5,False,False
sess_3038,796,2025-08-28 17:23:18.228610,2025-08-28 17:23:18.228610,1,1,0,0,1,0.0,0.0,False,False
sess_304,98,2025-07-27 22:21:59.224321,2026-01-10 12:34:16.228610,2,1,1,0,2,14393537.004289,1.0,False,False
sess_3040,840,2025-08-27 10:17:03.235934,2025-12-29 06:12:15.186925,2,2,0,0,2,10698911.950991,0.0,False,False
sess_3041,143,2025-06-21 22:57:54.212022,2025-12-23 07:28:05.238931,5,0,3,2,5,15928211.026909,0.0,False,False
sess_3042,762,2025-07-20 12:37:56.224321,2026-04-26 07:38:24.224321,7,4,2,1,7,24174028.0,0.5,False,False
sess_3044,820,2026-06-06 04:23:14.242937,2026-06-06 04:23:14.242937,1,1,0,0,1,0.0,0.0,False,False
sess_3045,353,2025-06-15 21:49:50.222317,2026-04-04 05:52:01.202536,5,2,2,1,5,25257730.980219,1.0,False,False
sess_3046,609,2025-10-22 10:06:35.181409,2025-11-01 09:32:38.214026,2,0,2,0,2,861963.032617,0.0,False,False
sess_3049,95,2025-12-27 15:47:27.211509,2025-12-27 15:47:27.211509,1,0,0,1,1,0.0,0.0,True,False
sess_305,955,2026-05-05 03:49:49.226324,2026-05-05 03:49:49.226324,1,1,0,0,1,0.0,0.0,False,False
sess_3050,33,2025-08-17 12:20:02.228610,2025-08-17 12:20:02.228610,1,1,0,0,1,0.0,0.0,False,False
sess_3051,824,2025-06-25 11:23:56.181409,2025-12-12 08:10:06.228610,2,2,0,0,2,14676370.047201,0.0,False,False
sess_3052,334,2025-07-09 20:45:14.226324,2026-01-25 08:14:50.240934,3,0,1,2,3,17234976.01461,0.0,False,False
sess_3053,126,2025-07-21 19:49:27.247953,2025-12-26 19:32:47.178635,3,0,1,2,3,13650199.930682,0.0,False,False
sess_3054,421,2025-07-26 12:39:26.214026,2025-07-26 12:39:26.214026,1,1,0,0,1,0.0,0.0,False,False
sess_3055,559,2025-09-27 15:38:09.186925,2026-04-23 03:02:01.226324,3,0,2,1,3,17925832.039399,0.0,False,False
sess_3056,927,2026-03-29 11:44:50.247953,2026-03-29 11:44:50.247953,1,0,0,1,1,0.0,0.0,True,False
sess_3057,1006,2025-07-02 23:55:58.249957,2025-11-20 04:27:13.237113,2,1,0,1,2,12112274.987156,0.0,True,False
sess_3058,96,2025-11-01 16:57:25.228610,2026-04-03 15:22:21.249957,4,1,0,3,4,13213496.021347,0.0,True,False
sess_3059,680,2025-07-17 03:28:40.186925,2026-02-21 14:03:54.211509,5,1,0,4,5,18959714.024584,0.0,True,False
sess_3060,640,2025-10-24 03:03:09.209185,2025-10-24 03:03:09.209185,1,1,0,0,1,0.0,0.0,False,False
sess_3061,906,2026-01-16 05:28:06.219548,2026-06-06 16:09:27.214026,2,1,1,0,2,12220880.994478,1.0,False,False
sess_3062,429,2025-11-21 20:56:40.195433,2025-11-21 20:56:40.195433,1,0,1,0,1,0.0,0.0,False,False
sess_3063,849,2025-08-12 06:24:01.226324,2025-08-12 06:24:01.226324,1,0,0,1,1,0.0,0.0,True,False
sess_3064,320,2026-06-03 18:55:08.222317,2026-06-03 18:55:08.222317,1,0,0,1,1,0.0,0.0,True,False
sess_3065,188,2026-02-12 02:06:48.228610,2026-06-11 13:43:32.245946,2,1,1,0,2,10323404.017336,1.0,False,False
sess_3066,1041,2026-04-06 05:12:12.186925,2026-04-06 05:12:12.186925,1,1,0,0,1,0.0,0.0,False,False
sess_3067,630,2025-08-30 10:23:45.214026,2025-08-30 10:23:45.214026,1,1,0,0,1,0.0,0.0,False,False
sess_3068,185,2025-09-14 17:15:33.249957,2026-04-29 08:34:26.216529,3,2,0,1,3,19581532.966572,0.0,True,False
sess_3070,330,2025-11-09 03:27:36.238931,2025-12-24 11:28:44.209185,3,0,2,1,3,3916867.970254,0.0,False,False
sess_3071,827,2026-05-19 07:25:38.253968,2026-05-19 07:25:38.253968,1,1,0,0,1,0.0,0.0,False,False
sess_3072,370,2026-02-02 00:47:24.212022,2026-03-01 05:36:47.219548,3,1,1,1,3,2350163.007526,1.0,False,False
sess_3073,387,2026-03-26 12:02:33.216529,2026-03-26 12:02:33.216529,1,1,0,0,1,0.0,0.0,False,False
sess_3074,1007,2025-07-27 23:28:15.216529,2026-02-01 20:45:50.214026,2,2,0,0,2,16319854.997497,0.0,False,False
sess_3075,714,2025-08-08 06:38:56.214026,2026-06-09 23:00:41.214026,2,2,0,0,2,26410905.0,0.0,False,False
sess_3077,616,2025-08-18 09:21:31.228610,2026-02-25 20:32:31.216529,4,0,1,3,4,16542659.987919,0.0,False,False
sess_3078,706,2025-08-06 14:18:24.242937,2025-08-26 12:12:02.203543,2,2,0,0,2,1720417.960606,0.0,False,False
sess_3079,1053,2025-07-15 04:10:23.235934,2025-12-05 14:06:20.186925,4,1,1,2,4,12390956.950991,1.0,False,False
sess_308,694,2025-08-05 05:32:49.186925,2026-02-19 10:56:44.219548,4,0,3,1,4,17126635.032623,0.0,False,False
sess_3081,769,2026-02-18 17:12:22.224321,2026-05-18 03:08:06.228610,2,2,0,0,2,7638944.004289,0.0,False,False
sess_3082,560,2025-10-20 19:02:44.214026,2026-04-30 01:04:59.219548,3,1,2,0,3,16524135.005522,2.0,False,False
sess_3083,479,2025-11-05 10:13:24.212022,2025-11-05 10:13:24.212022,1,0,1,0,1,0.0,0.0,False,False
sess_3084,1055,2025-08-31 05:14:18.183414,2026-06-04 17:30:18.186925,4,1,1,2,4,23976960.003511,1.0,False,False
sess_3085,1089,2025-11-26 02:27:43.216529,2026-02-05 22:58:06.249957,2,2,0,0,2,6208223.033428,0.0,False,False
sess_3086,83,2025-11-28 13:40:20.222317,2026-06-07 18:15:25.224321,3,1,0,2,3,16518905.002004,0.0,True,False
sess_3087,31,2025-11-30 19:27:12.212022,2026-04-22 17:19:15.203543,3,0,2,1,3,12347522.991521,0.0,False,False
sess_3088,231,2025-06-19 02:14:17.214026,2025-06-19 02:14:17.214026,1,1,0,0,1,0.0,0.0,False,False
sess_3089,276,2025-10-21 06:38:48.186925,2026-04-16 20:40:22.226324,2,0,2,0,2,15343294.039399,0.0,False,False
sess_309,1100,2025-06-27 07:27:52.178635,2025-10-16 11:20:54.219548,3,2,0,1,3,9604382.040913,0.0,True,False
sess_3090,584,2026-05-14 04:59:45.240934,2026-05-14 04:59:45.240934,1,0,0,1,1,0.0,0.0,True,False
sess_3091,92,2025-08-15 13:02:30.185418,2026-02-04 03:59:17.249957,2,0,2,0,2,14914607.064539,0.0,False,False
sess_3092,1066,2025-06-15 14:21:42.249957,2026-05-05 23:30:42.249957,5,0,4,1,5,28026540.0,0.0,False,False
sess_3093,463,2025-06-11 23:37:35.186925,2026-05-16 15:29:39.186925,2,1,1,0,2,29260324.0,1.0,False,False
sess_3094,366,2025-07-18 03:56:31.186925,2026-04-03 06:15:09.186925,3,1,0,2,3,22385918.0,0.0,True,False
sess_3095,481,2025-09-17 22:42:09.251960,2026-01-28 22:34:33.212022,2,2,0,0,2,11490743.960062,0.0,False,False
sess_3096,579,2025-10-18 19:32:07.186925,2026-01-04 01:04:51.222317,2,1,0,1,2,6672764.035392,0.0,True,False
sess_3097,751,2025-06-28 08:38:51.186925,2025-12-30 15:18:29.240934,3,0,2,1,3,16007978.054009,0.0,False,False
sess_3098,906,2026-02-26 11:36:44.224321,2026-06-02 06:22:48.235934,2,2,0,0,2,8275564.011613,0.0,False,False
sess_3099,530,2026-05-14 10:02:22.247953,2026-05-14 10:02:22.247953,1,0,0,1,1,0.0,0.0,True,False
sess_31,467,2025-09-19 19:39:19.181409,2026-02-25 11:54:47.240934,3,1,1,1,3,13709728.059525,1.0,False,False
sess_310,428,2025-07-17 03:57:52.186925,2025-09-23 12:27:19.216529,2,1,1,0,2,5905767.029604,1.0,False,False
sess_3100,214,2026-02-06 12:45:24.219548,2026-02-06 12:45:24.219548,1,1,0,0,1,0.0,0.0,False,False
sess_3103,20,2026-05-23 00:16:19.228610,2026-05-23 00:16:19.228610,1,0,1,0,1,0.0,0.0,False,False
sess_3104,333,2026-01-17 01:43:17.238931,2026-01-17 01:43:17.238931,1,0,1,0,1,0.0,0.0,False,False
sess_3105,131,2026-05-26 06:39:54.228610,2026-05-26 06:39:54.228610,1,0,0,1,1,0.0,0.0,True,False
sess_3106,1057,2025-09-20 18:09:07.238931,2026-05-28 04:58:42.186925,3,0,1,2,3,21552574.947994,0.0,False,False
sess_3107,198,2025-11-06 05:42:47.238931,2026-02-08 05:09:30.247953,2,2,0,0,2,8119603.009022,0.0,False,False
sess_3108,789,2025-11-12 21:40:18.183414,2026-01-11 14:16:59.186925,2,0,1,1,2,5157401.003511,0.0,False,False
sess_3109,678,2025-06-15 11:30:27.249957,2026-05-18 00:07:39.228610,4,1,2,1,4,29075831.978653,2.0,False,False
sess_311,499,2026-03-04 18:21:12.251960,2026-03-04 18:21:12.251960,1,0,0,1,1,0.0,0.0,True,False
sess_3110,390,2025-08-24 19:49:34.222317,2026-05-23 13:39:44.222317,2,0,1,1,2,23478610.0,0.0,False,False
sess_3112,113,2025-12-04 04:56:34.235934,2026-05-13 18:31:22.218542,2,1,1,0,2,13872887.982608,1.0,False,False
sess_3113,138,2026-01-09 22:42:27.219548,2026-01-09 22:42:27.219548,1,1,0,0,1,0.0,0.0,False,False
sess_3114,776,2025-08-17 23:07:56.243940,2025-10-21 00:05:34.216529,2,0,1,1,2,5533057.972589,0.0,False,False
sess_3115,64,2025-11-26 05:38:36.185418,2026-06-09 19:50:09.183414,3,1,1,1,3,16899092.997996,1.0,False,False
sess_3116,890,2025-12-09 22:54:28.216529,2025-12-09 22:54:28.216529,1,1,0,0,1,0.0,0.0,False,False
sess_3117,951,2025-12-05 07:21:33.212022,2025-12-05 07:21:33.212022,1,0,1,0,1,0.0,0.0,False,False
sess_3118,989,2025-06-20 04:27:16.216529,2026-03-13 13:42:16.197951,2,0,0,2,2,23015699.981422,0.0,True,False
sess_3119,24,2025-06-22 09:33:21.214026,2025-06-22 09:33:21.214026,1,0,1,0,1,0.0,0.0,False,False
sess_312,206,2025-09-21 00:19:02.240934,2025-11-08 05:29:35.247953,2,0,1,1,2,4165833.007019,0.0,False,False
sess_3120,887,2025-07-02 06:40:52.183414,2026-05-07 19:28:41.214026,2,0,1,1,2,26743669.030612,0.0,False,False
sess_3121,533,2025-06-24 13:36:32.181409,2026-06-10 08:17:38.224321,3,2,0,1,3,30307266.042912,0.0,True,False
sess_3122,184,2026-01-01 21:39:19.228610,2026-01-01 21:39:19.228610,1,0,1,0,1,0.0,0.0,False,False
sess_3123,1060,2025-11-30 15:19:32.247953,2025-11-30 15:19:32.247953,1,0,0,1,1,0.0,0.0,True,False
sess_3124,786,2026-01-02 05:18:55.186925,2026-01-02 05:18:55.186925,1,0,0,1,1,0.0,0.0,True,False
sess_3125,443,2025-07-20 02:09:06.183414,2025-11-03 03:15:25.186925,3,0,2,1,3,9162379.003511,0.0,False,False
sess_3126,414,2025-10-26 23:16:40.219548,2026-04-20 17:08:02.186925,2,0,2,0,2,15184281.967377,0.0,False,False
sess_3127,255,2025-06-12 19:54:51.218542,2026-04-22 13:34:15.207677,2,1,0,1,2,27106763.989135,0.0,True,False
sess_3128,401,2025-09-22 02:23:03.178635,2025-09-22 02:23:03.178635,1,0,0,1,1,0.0,0.0,True,False
sess_3129,622,2025-06-13 04:49:16.181409,2026-04-29 03:21:07.185418,3,1,1,1,3,27642711.004009,1.0,False,False
sess_313,407,2025-10-14 03:32:11.247953,2025-10-14 03:32:11.247953,1,1,0,0,1,0.0,0.0,False,False
sess_3130,771,2025-10-14 17:06:52.186925,2025-10-14 17:06:52.186925,1,1,0,0,1,0.0,0.0,False,False
sess_3131,321,2025-06-18 04:30:28.253968,2026-01-04 08:09:09.237113,3,1,2,0,3,17293120.983145,2.0,False,False
sess_3132,373,2025-10-26 15:28:10.199974,2026-02-21 00:05:02.226324,3,1,1,1,3,10139812.02635,1.0,False,False
sess_3133,1018,2025-07-09 09:34:27.186925,2026-03-09 16:01:46.186925,3,2,0,1,3,21018439.0,0.0,True,False
sess_3134,747,2025-12-16 16:23:25.242937,2026-04-24 20:18:32.186925,2,1,0,1,2,11159706.943988,0.0,True,False
sess_3135,556,2026-04-09 15:08:54.228610,2026-04-09 15:08:54.228610,1,1,0,0,1,0.0,0.0,False,False
sess_3136,1004,2025-07-07 10:09:39.240934,2026-04-12 10:12:07.186925,2,0,1,1,2,24105747.945991,0.0,False,False
sess_3137,314,2025-06-18 02:53:41.247953,2025-10-30 06:24:57.219548,2,1,0,1,2,11590275.971595,0.0,True,False
sess_3138,323,2026-04-14 00:01:33.228610,2026-04-14 00:01:33.228610,1,1,0,0,1,0.0,0.0,False,False
sess_3139,439,2025-06-20 12:30:53.186925,2026-05-10 14:37:53.186925,3,1,0,2,3,28001220.0,0.0,True,False
sess_3140,52,2025-09-02 14:32:24.183414,2025-09-02 14:32:24.183414,1,0,1,0,1,0.0,0.0,False,False
sess_3141,243,2025-06-20 20:47:04.186925,2025-06-20 20:47:04.186925,1,0,1,0,1,0.0,0.0,False,False
sess_3143,562,2025-07-27 04:34:39.228610,2026-01-28 15:08:18.237113,4,1,2,1,4,16022019.008503,2.0,False,False
sess_3144,434,2025-06-19 17:23:14.216529,2025-10-28 17:50:52.186925,5,2,1,2,5,11320057.970396,0.5,False,False
sess_3145,936,2026-01-09 12:27:36.224321,2026-01-09 12:27:36.224321,1,0,1,0,1,0.0,0.0,False,False
sess_3146,976,2026-02-05 19:24:59.253968,2026-03-06 06:50:06.238931,2,1,1,0,2,2460306.984963,1.0,False,False
sess_3147,581,2025-11-30 15:46:47.228610,2025-12-23 14:29:08.185418,2,1,0,1,2,1982540.956808,0.0,True,False
sess_3148,924,2025-11-02 04:58:43.183414,2026-06-09 11:24:37.228610,5,2,2,1,5,18944754.045196,1.0,False,False
sess_3149,934,2025-12-04 09:40:24.186925,2026-05-11 19:13:45.247953,2,0,1,1,2,13685601.061028,0.0,False,False
sess_315,266,2026-03-09 09:04:53.226324,2026-03-09 09:04:53.226324,1,1,0,0,1,0.0,0.0,False,False
sess_3150,119,2025-11-06 23:39:44.224321,2026-03-11 21:52:14.245946,4,0,1,3,4,10793550.021625,0.0,False,False
sess_3151,145,2025-12-21 18:59:45.185418,2026-03-02 20:27:21.214026,3,0,2,1,3,6139656.028608,0.0,False,False
sess_3152,246,2025-10-13 21:37:40.228610,2026-04-18 00:06:37.216529,4,4,0,0,4,16079336.987919,0.0,False,False
sess_3153,815,2025-08-12 04:36:56.228610,2026-04-26 16:30:13.245946,3,2,0,1,3,22247597.017336,0.0,True,False
sess_3154,270,2025-08-13 08:35:56.235934,2026-04-29 02:12:12.186925,3,0,1,2,3,22354575.950991,0.0,False,False
sess_3155,459,2025-11-06 11:50:05.240934,2026-01-08 22:20:56.186925,2,1,1,0,2,5481050.945991,1.0,False,False
sess_3156,829,2025-10-11 04:07:18.186925,2026-02-28 08:29:03.249957,2,2,0,0,2,12111705.063032,0.0,False,False
sess_3157,634,2025-10-06 20:53:15.186925,2026-04-22 05:42:58.181409,2,0,2,0,2,17052582.994484,0.0,False,False
sess_3158,726,2025-11-06 03:05:40.186925,2025-11-06 03:05:40.186925,1,1,0,0,1,0.0,0.0,False,False
sess_3159,1044,2026-05-11 05:40:40.183414,2026-05-11 05:40:40.183414,1,1,0,0,1,0.0,0.0,False,False
sess_316,332,2025-10-12 18:23:48.212022,2025-12-30 14:50:42.183414,2,0,1,1,2,6812813.971392,0.0,False,False
sess_3160,471,2025-11-27 00:48:09.219548,2026-03-25 16:17:30.181409,4,0,3,1,4,10250960.961861,0.0,False,False
sess_3162,674,2026-02-09 11:44:04.238931,2026-02-28 18:10:49.186925,2,1,1,0,2,1664804.947994,1.0,False,False
sess_3164,301,2025-11-26 13:10:02.237113,2026-04-09 22:21:19.235934,3,0,1,2,3,11610676.998821,0.0,False,False
sess_3165,701,2025-12-19 04:49:27.249957,2026-01-17 20:34:03.183414,3,0,1,2,3,2562275.933457,0.0,False,False
sess_3166,697,2026-02-03 02:07:11.249957,2026-02-03 02:07:11.249957,1,0,0,1,1,0.0,0.0,True,False
sess_3167,364,2025-08-26 21:30:36.186925,2026-04-14 19:31:04.219548,4,1,3,0,4,19951228.032623,3.0,False,False
sess_3168,311,2025-08-06 07:10:17.249957,2026-04-05 05:07:44.216529,4,1,1,2,4,20901446.966572,1.0,False,False
sess_3169,162,2025-12-22 00:51:23.214026,2026-02-28 13:04:21.237113,4,1,2,1,4,5919178.023087,2.0,False,False
sess_317,102,2025-06-30 04:07:45.251960,2025-12-23 08:47:01.247953,3,0,2,1,3,15223155.995993,0.0,False,False
sess_3170,779,2025-06-13 05:52:20.209185,2025-08-09 20:49:00.212022,3,1,1,1,3,4978600.002837,1.0,False,False
sess_3171,812,2025-07-12 21:43:23.185418,2025-07-12 21:43:23.185418,1,0,0,1,1,0.0,0.0,True,False
sess_3172,622,2026-03-02 18:08:24.226324,2026-03-02 18:08:24.226324,1,0,0,1,1,0.0,0.0,True,False
sess_3174,467,2026-02-03 19:29:01.209185,2026-05-05 11:34:51.186925,2,1,0,1,2,7833949.97774,0.0,True,False
sess_3175,333,2026-03-14 10:37:14.235934,2026-04-12 14:05:41.186925,2,0,0,2,2,2518106.950991,0.0,True,False
sess_3176,502,2025-07-25 07:40:53.238931,2026-04-23 07:39:55.183414,2,0,1,1,2,23500741.944483,0.0,False,False
sess_318,343,2025-09-06 11:32:38.238931,2026-05-09 06:37:00.186925,3,1,0,2,3,21150261.947994,0.0,True,False
sess_3180,70,2025-08-25 11:57:08.228610,2025-12-24 21:33:37.183414,3,0,1,2,3,10488988.954804,0.0,False,False
sess_3181,578,2025-12-03 13:45:32.226324,2025-12-03 13:45:32.226324,1,0,1,0,1,0.0,0.0,False,False
sess_3182,356,2025-12-07 12:39:43.183414,2025-12-07 12:39:43.183414,1,0,1,0,1,0.0,0.0,False,False
sess_3183,446,2025-07-12 09:46:58.219548,2025-07-12 09:46:58.219548,1,0,1,0,1,0.0,0.0,False,False
sess_3185,800,2025-07-28 19:04:34.186925,2026-01-02 09:38:38.226324,4,0,3,1,4,13617244.039399,0.0,False,False
sess_3186,367,2026-02-21 07:52:35.237113,2026-02-21 07:52:35.237113,1,1,0,0,1,0.0,0.0,False,False
sess_3187,847,2025-09-28 21:25:24.224321,2026-05-21 12:24:29.228610,5,3,0,2,5,20271545.004289,0.0,True,False
sess_3188,952,2026-01-15 15:06:32.238931,2026-03-19 08:15:48.178635,2,1,1,0,2,5418555.939704,1.0,False,False
sess_3189,371,2025-08-15 22:28:08.197951,2026-03-03 11:49:40.214026,4,2,2,0,4,17241692.016075,1.0,False,False
sess_3190,411,2025-06-24 00:57:43.202536,2025-12-02 13:18:02.216529,3,3,0,0,3,13954819.013993,0.0,False,False
sess_3191,633,2025-12-05 16:38:58.240934,2025-12-05 16:38:58.240934,1,0,0,1,1,0.0,0.0,True,False
sess_3192,1087,2025-07-21 23:47:10.224321,2025-12-08 17:18:48.240934,3,0,2,1,3,12072698.016613,0.0,False,False
sess_3193,670,2025-09-16 12:05:30.251960,2026-01-30 19:03:00.242937,2,1,1,0,2,11775449.990977,1.0,False,False
sess_3194,935,2025-10-13 01:24:31.249957,2025-11-27 01:12:34.209185,3,0,2,1,3,3887282.959228,0.0,False,False
sess_3196,795,2025-08-14 12:32:56.186925,2026-04-29 08:23:40.222317,4,1,1,2,4,22276244.035392,1.0,False,False
sess_3197,59,2025-07-24 04:31:28.238931,2025-08-16 01:28:19.212022,3,0,2,1,3,1976210.973091,0.0,False,False
sess_3198,7,2025-07-14 17:30:35.197951,2026-04-12 22:05:04.219548,5,1,1,3,5,23517269.021597,1.0,False,False
sess_3199,481,2025-10-17 15:07:35.228610,2025-12-03 07:36:53.245946,3,2,1,0,3,4033758.017336,0.5,False,False
sess_320,369,2026-02-22 07:47:38.185418,2026-02-22 07:47:38.185418,1,0,0,1,1,0.0,0.0,True,False
sess_3200,165,2025-06-16 18:17:55.216529,2026-04-07 08:27:56.226324,3,1,1,1,3,25452601.009795,1.0,False,False
sess_3201,548,2025-08-29 05:33:15.238931,2026-01-16 10:50:34.242937,2,1,0,1,2,12115039.004006,0.0,True,False
sess_3202,195,2025-07-11 20:23:51.186925,2025-10-12 06:12:24.228610,2,0,0,2,2,7984113.041685,0.0,True,False
sess_3203,782,2026-04-16 11:15:01.249957,2026-04-16 11:15:01.249957,1,1,0,0,1,0.0,0.0,False,False
sess_3204,471,2026-04-02 16:20:41.181409,2026-04-02 16:20:41.181409,1,0,0,1,1,0.0,0.0,True,False
sess_3205,467,2025-07-15 19:47:15.237113,2025-11-06 08:09:51.222317,3,2,0,1,3,9807755.985204,0.0,True,False
sess_3206,930,2025-07-04 10:13:21.181409,2026-05-18 02:45:05.186925,6,2,2,2,6,27448304.005516,1.0,False,False
sess_3209,908,2026-02-12 17:08:11.240934,2026-05-27 20:16:47.216529,3,1,1,1,3,8996915.975595,1.0,False,False
sess_321,588,2025-09-09 02:30:44.219548,2026-03-09 09:55:54.212022,5,2,2,1,5,15665109.992474,1.0,False,False
sess_3210,563,2025-07-17 16:41:34.247953,2025-10-06 13:42:28.249957,2,1,1,0,2,6987654.002004,1.0,False,False
sess_3212,1039,2026-04-14 00:09:28.249957,2026-04-14 00:09:28.249957,1,0,1,0,1,0.0,0.0,False,False
sess_3213,827,2025-08-17 06:33:27.212022,2026-05-17 17:11:16.238931,4,1,1,2,4,23625469.026909,1.0,False,False
sess_3214,80,2025-07-26 02:32:43.214026,2026-03-29 11:55:54.181409,3,1,2,0,3,21288190.967383,2.0,False,False
sess_3215,45,2025-06-30 23:10:19.226324,2026-05-29 23:03:01.207677,2,0,2,0,2,28770761.981353,0.0,False,False
sess_3216,34,2025-10-13 14:33:05.219548,2026-04-19 03:31:56.247953,3,1,1,1,3,16203531.028405,1.0,False,False
sess_3217,116,2025-09-10 19:57:37.186925,2025-09-10 19:57:37.186925,1,0,1,0,1,0.0,0.0,False,False
sess_3219,282,2025-08-05 05:52:11.228610,2026-05-26 13:12:02.222317,4,3,1,0,4,25427990.993707,0.3333333333333333,False,False
sess_322,644,2025-10-07 05:09:07.222317,2026-03-06 00:40:32.249957,3,1,1,1,3,12943885.02764,1.0,False,False
sess_3220,767,2026-01-05 19:54:07.214026,2026-03-16 11:56:52.216529,2,1,0,1,2,6019365.002503,0.0,True,False
sess_3222,169,2026-02-11 00:51:46.247953,2026-02-11 00:51:46.247953,1,1,0,0,1,0.0,0.0,False,False
sess_3223,192,2025-09-15 05:58:23.222317,2026-01-07 14:31:22.183414,3,1,1,1,3,9880378.961097,1.0,False,False
sess_3224,1052,2025-08-29 23:55:51.242937,2025-08-29 23:55:51.242937,1,1,0,0,1,0.0,0.0,False,False
sess_3225,1071,2025-11-21 05:51:14.181409,2025-11-21 05:51:14.181409,1,1,0,0,1,0.0,0.0,False,False
sess_3227,118,2025-08-12 20:15:42.185418,2025-12-09 02:44:01.183414,3,1,1,1,3,10218498.997996,1.0,False,False
sess_3228,296,2025-07-17 07:16:07.181409,2026-06-11 06:06:57.228610,3,1,1,1,3,28421450.047201,1.0,False,False
sess_3229,988,2025-08-27 19:35:08.178635,2026-03-28 09:25:15.186925,2,1,0,1,2,18366607.00829,0.0,True,False
sess_323,903,2025-07-08 00:14:35.181409,2026-06-08 04:22:42.228610,3,2,1,0,3,28958887.047201,0.5,False,False
sess_3230,6,2025-10-24 01:47:22.186925,2026-03-16 14:33:25.214026,2,0,0,2,2,12401163.027101,0.0,True,False
sess_3231,637,2026-01-26 23:58:02.224321,2026-01-26 23:58:02.224321,1,0,0,1,1,0.0,0.0,True,False
sess_3232,154,2025-08-12 22:54:54.183414,2026-06-10 12:09:46.186925,3,0,0,3,3,26054092.003511,0.0,True,False
sess_3233,596,2025-09-19 00:36:52.183414,2026-03-30 02:02:49.216529,4,1,2,1,4,16593957.033115,2.0,False,False
sess_3234,142,2025-07-04 06:35:58.222317,2025-09-21 15:45:22.186925,2,0,1,1,2,6858563.964608,0.0,False,False
sess_3236,482,2025-12-18 14:22:54.212022,2026-05-23 10:20:09.219548,2,1,0,1,2,13463835.007526,0.0,True,False
sess_3237,733,2026-04-18 18:12:29.238931,2026-04-18 18:12:29.238931,1,0,0,1,1,0.0,0.0,True,False
sess_3238,238,2025-08-19 07:23:54.247953,2026-02-19 22:32:12.186925,2,1,0,1,2,15952097.938972,0.0,True,False
sess_3239,957,2025-06-15 11:27:29.209185,2026-04-17 12:45:44.240934,7,2,2,3,7,26443095.031749,1.0,False,False
sess_324,108,2026-02-20 22:16:22.178635,2026-02-20 22:16:22.178635,1,0,1,0,1,0.0,0.0,False,False
sess_3240,810,2025-06-14 01:54:59.186925,2025-06-14 01:54:59.186925,1,0,1,0,1,0.0,0.0,False,False
sess_3241,553,2025-12-21 20:30:05.203543,2025-12-21 20:30:05.203543,1,1,0,0,1,0.0,0.0,False,False
sess_3242,519,2026-04-03 14:58:17.216529,2026-06-11 19:51:01.218542,2,0,0,2,2,5979164.002013,0.0,True,False
sess_3243,993,2025-08-06 23:36:27.181409,2025-11-28 23:22:13.228610,2,2,0,0,2,9848746.047201,0.0,False,False
sess_3244,1084,2026-02-08 07:43:27.212022,2026-05-21 05:27:06.186925,2,1,0,1,2,8804618.974903,0.0,True,False
sess_3245,411,2025-08-18 01:11:52.253968,2026-01-20 03:29:57.245946,2,0,1,1,2,13400284.991978,0.0,False,False
sess_3246,900,2025-08-07 12:06:21.242937,2026-04-18 18:30:45.181409,3,1,2,0,3,21968663.938472,2.0,False,False
sess_3247,3,2025-07-01 16:06:40.222317,2025-07-01 16:06:40.222317,1,1,0,0,1,0.0,0.0,False,False
sess_3248,785,2025-06-30 16:22:37.209185,2025-12-26 18:32:33.245946,3,0,1,2,3,15473396.036761,0.0,False,False
sess_325,763,2025-07-08 16:22:35.222317,2025-09-25 08:14:32.228610,2,1,1,0,2,6796317.006293,1.0,False,False
sess_3250,178,2025-07-08 19:46:14.228610,2025-12-17 13:22:45.178635,3,0,2,1,3,13973790.950025,0.0,False,False
sess_3251,459,2025-07-25 17:39:54.212022,2026-05-07 22:00:20.228610,3,0,1,2,3,24726026.016588,0.0,False,False
sess_3253,211,2025-09-11 19:31:26.243940,2025-09-11 19:31:26.243940,1,0,1,0,1,0.0,0.0,False,False
sess_3254,733,2025-07-02 20:39:24.197951,2025-07-02 20:39:24.197951,1,0,1,0,1,0.0,0.0,False,False
sess_3255,662,2025-09-25 21:50:42.237113,2025-12-31 08:48:17.186925,2,0,2,0,2,8333854.949812,0.0,False,False
sess_3256,148,2025-11-15 16:29:42.228610,2026-02-05 19:18:05.249957,2,0,2,0,2,7094903.021347,0.0,False,False
sess_3257,27,2025-07-05 20:59:17.181409,2026-04-24 16:48:35.245946,4,2,0,2,4,25300158.064537,0.0,True,False
sess_3258,428,2026-02-19 12:18:07.251960,2026-03-07 20:35:05.238931,2,0,1,1,2,1412217.986971,0.0,False,False
sess_3259,341,2025-09-27 19:27:24.209185,2026-02-28 05:21:51.186925,3,2,1,0,3,13254866.97774,0.5,False,False
sess_326,1099,2025-07-02 19:20:27.214026,2025-11-13 08:40:57.186925,3,1,0,2,3,11539229.972899,0.0,True,False
sess_3260,349,2025-08-07 01:43:45.228610,2025-08-23 11:33:19.181409,2,0,2,0,2,1417773.952799,0.0,False,False
sess_3261,470,2025-11-05 01:56:13.228610,2026-01-25 22:55:12.240934,3,2,0,1,3,7073939.012324,0.0,True,False
sess_3262,966,2026-05-11 16:34:19.228610,2026-06-06 07:25:25.247953,2,0,1,1,2,2213466.019343,0.0,False,False
sess_3263,1002,2026-01-01 08:23:09.186925,2026-05-16 12:00:04.237113,2,2,0,0,2,11677015.050188,0.0,False,False
sess_3264,29,2026-03-14 06:48:03.238931,2026-04-22 10:07:56.186925,2,0,1,1,2,3381592.947994,0.0,False,False
sess_3265,640,2025-12-09 10:31:12.216529,2026-06-04 16:15:15.195433,3,1,2,0,3,15313442.978904,2.0,False,False
sess_3266,75,2025-08-19 20:46:25.212022,2026-01-31 07:38:26.227826,2,0,0,2,2,14208721.015804,0.0,True,False
sess_3267,604,2026-04-26 19:21:08.209185,2026-04-26 19:21:08.209185,1,0,0,1,1,0.0,0.0,True,False
sess_327,406,2026-01-02 02:32:07.178635,2026-02-21 13:02:16.238931,2,0,0,2,2,4357809.060296,0.0,True,False
sess_3270,396,2025-11-28 05:35:50.238931,2026-04-14 07:34:59.249957,2,0,0,2,2,11843949.011026,0.0,True,False
sess_3271,659,2026-03-15 20:18:51.237113,2026-03-31 04:58:01.238931,2,2,0,0,2,1327150.001818,0.0,False,False
sess_3272,345,2025-06-19 02:11:30.183414,2026-02-10 15:54:28.207677,3,1,0,2,3,20439778.024263,0.0,True,False
sess_3273,1049,2025-06-11 03:14:15.197951,2025-10-29 13:08:07.214026,2,0,1,1,2,12131632.016075,0.0,False,False
sess_3274,627,2025-09-09 12:18:01.238931,2026-01-19 22:05:50.228610,5,2,1,2,5,11440068.989679,0.5,False,False
sess_3275,515,2025-07-02 19:59:01.228610,2026-03-29 08:31:35.214026,7,2,3,2,7,23286753.985416,1.5,False,False
sess_3276,917,2025-07-22 17:21:00.203543,2026-01-14 23:50:19.240934,2,1,1,0,2,15229759.037391,1.0,False,False
sess_3278,74,2025-11-07 20:16:15.237113,2026-01-23 22:10:09.186925,3,1,2,0,3,6659633.949812,2.0,False,False
sess_3279,906,2025-08-01 12:16:21.186925,2026-05-16 11:38:58.245946,5,3,1,1,5,24880957.059021,0.3333333333333333,False,False
sess_328,893,2025-09-04 22:36:52.186925,2025-12-17 20:43:46.186925,3,0,1,2,3,8978814.0,0.0,False,False
sess_3280,587,2025-07-26 16:26:09.228610,2026-05-31 22:56:47.199974,4,1,0,3,4,26721037.971364,0.0,True,False
sess_3281,1029,2025-06-30 11:18:59.203543,2026-05-04 19:33:59.238931,2,1,1,0,2,26640900.035388,1.0,False,False
sess_3282,482,2025-10-30 07:40:06.199974,2025-10-30 07:40:06.199974,1,0,1,0,1,0.0,0.0,False,False
sess_3283,612,2025-12-15 00:53:50.219548,2025-12-15 00:53:50.219548,1,1,0,0,1,0.0,0.0,False,False
sess_3284,956,2025-12-24 10:18:41.228610,2025-12-24 10:18:41.228610,1,0,1,0,1,0.0,0.0,False,False
sess_3285,402,2025-08-29 17:56:05.181409,2026-01-07 01:49:57.222317,3,1,1,1,3,11260432.040908,1.0,False,False
sess_3286,221,2025-09-28 00:57:58.195433,2025-09-28 00:57:58.195433,1,0,1,0,1,0.0,0.0,False,False
sess_3287,189,2025-10-26 16:46:28.247953,2026-05-23 17:43:28.199974,3,1,1,1,3,18061019.952021,1.0,False,False
sess_3288,384,2026-01-13 23:47:34.228610,2026-01-21 12:19:36.224321,2,1,1,0,2,649921.995711,1.0,False,False
sess_3289,733,2025-09-09 23:06:00.183414,2025-10-15 18:15:43.186925,2,0,1,1,2,3092983.003511,0.0,False,False
sess_329,579,2026-02-21 10:43:31.238931,2026-04-28 22:49:59.237113,4,0,3,1,4,5745987.998182,0.0,False,False
sess_3290,548,2025-07-02 00:42:02.214026,2026-04-10 19:03:34.238931,5,2,2,1,5,24430892.024905,1.0,False,False
sess_3291,237,2026-05-10 00:36:13.238931,2026-05-10 00:36:13.238931,1,1,0,0,1,0.0,0.0,False,False
sess_3292,787,2025-08-25 04:42:34.237113,2026-05-01 08:25:32.195433,4,0,3,1,4,21526977.95832,0.0,False,False
sess_3293,241,2025-10-18 22:27:03.186925,2025-10-18 22:27:03.186925,1,1,0,0,1,0.0,0.0,False,False
sess_3294,930,2026-06-03 00:28:23.199974,2026-06-03 00:28:23.199974,1,0,1,0,1,0.0,0.0,False,False
sess_3295,915,2025-07-26 08:45:53.186925,2026-05-20 13:50:25.183414,3,1,1,1,3,25765471.996489,1.0,False,False
sess_3296,568,2025-07-21 18:51:39.186925,2026-05-06 12:56:52.181409,4,0,1,3,4,24948312.994484,0.0,False,False
sess_3297,43,2025-06-29 01:14:40.238931,2026-01-21 11:12:48.207677,3,0,1,2,3,17834287.968746,0.0,False,False
sess_3299,744,2025-07-08 14:10:14.183414,2025-10-26 08:34:05.209185,3,0,2,1,3,9483831.025771,0.0,False,False
sess_33,37,2025-06-20 11:58:30.178635,2025-10-11 16:16:26.240934,2,1,1,0,2,9778676.062299,1.0,False,False
sess_330,772,2025-10-15 21:31:26.222317,2025-10-15 21:31:26.222317,1,1,0,0,1,0.0,0.0,False,False
sess_3300,622,2025-06-23 09:19:23.209185,2026-05-13 03:10:39.242937,3,2,0,1,3,27971476.033752,0.0,True,False
sess_3302,818,2025-10-25 19:30:49.249957,2026-05-30 06:08:50.224321,6,3,0,3,6,18700680.974364,0.0,True,False
sess_3303,113,2025-10-12 05:17:00.228610,2026-01-17 19:05:10.237113,2,0,0,2,2,8430490.008503,0.0,True,False
sess_3304,279,2025-10-14 22:28:21.199974,2025-10-14 22:28:21.199974,1,1,0,0,1,0.0,0.0,False,False
sess_3305,111,2026-01-20 08:11:47.237113,2026-04-24 13:28:05.214026,2,0,1,1,2,8140577.976913,0.0,False,False
sess_3306,337,2025-09-29 20:26:24.214026,2025-10-21 15:40:02.186925,2,1,1,0,2,1883617.972899,1.0,False,False
sess_3307,192,2025-07-10 07:11:22.185418,2025-09-29 06:39:40.247953,3,1,1,1,3,6996498.062535,1.0,False,False
sess_3308,1037,2025-12-11 20:05:08.183414,2026-03-12 11:12:46.216529,2,0,1,1,2,7830458.033115,0.0,False,False
sess_3309,365,2025-10-04 21:04:43.249957,2026-06-01 14:04:04.185418,3,1,1,1,3,20710760.935461,1.0,False,False
sess_331,361,2025-11-10 16:09:13.224321,2025-11-10 16:09:13.224321,1,0,0,1,1,0.0,0.0,True,False
sess_3310,316,2025-10-29 23:42:13.183414,2025-10-29 23:42:13.183414,1,0,1,0,1,0.0,0.0,False,False
sess_3311,382,2026-04-09 00:24:14.186925,2026-04-09 00:24:14.186925,1,0,1,0,1,0.0,0.0,False,False
sess_3312,15,2025-11-23 12:46:00.209185,2026-03-06 04:47:04.228610,2,2,0,0,2,8870464.019425,0.0,False,False
sess_3313,610,2025-08-01 21:15:37.228610,2025-08-01 21:15:37.228610,1,1,0,0,1,0.0,0.0,False,False
sess_3314,875,2026-03-09 00:29:02.245946,2026-05-12 22:05:23.240934,2,0,0,2,2,5607380.994988,0.0,True,False
sess_3315,100,2025-08-30 18:33:43.203543,2025-12-30 06:16:55.216529,3,0,3,0,3,10496592.012986,0.0,False,False
sess_3316,108,2025-06-15 09:55:01.228610,2025-06-15 09:55:01.228610,1,1,0,0,1,0.0,0.0,False,False
sess_3317,844,2025-07-06 01:42:44.245946,2025-09-14 13:38:09.219548,2,2,0,0,2,6090924.973602,0.0,False,False
sess_3318,408,2025-10-09 06:20:28.237113,2025-10-13 19:48:49.228610,2,2,0,0,2,394100.991497,0.0,False,False
sess_3319,483,2025-10-25 00:57:03.240934,2025-10-31 04:28:45.216529,2,0,1,1,2,531101.975595,0.0,False,False
sess_332,952,2025-07-24 04:27:24.219548,2026-04-25 04:15:48.228610,2,1,0,1,2,23759304.009062,0.0,True,False
sess_3320,147,2025-07-02 01:49:19.227826,2025-07-02 01:49:19.227826,1,1,0,0,1,0.0,0.0,False,False
sess_3321,738,2025-06-15 22:23:26.226324,2025-12-09 16:14:29.209185,6,1,2,3,6,15270662.982861,2.0,False,False
sess_3323,142,2025-12-06 06:13:31.240934,2026-05-28 20:44:06.226324,3,2,0,1,3,14999434.98539,0.0,True,False
sess_3324,158,2025-09-23 16:59:05.228610,2025-09-23 16:59:05.228610,1,0,1,0,1,0.0,0.0,False,False
sess_3325,7,2025-06-15 04:09:02.224321,2025-06-15 04:09:02.224321,1,0,0,1,1,0.0,0.0,True,False
sess_3326,179,2025-07-30 10:02:14.245946,2026-05-21 19:28:41.226324,4,4,0,0,4,25521986.980378,0.0,False,False
sess_3327,727,2025-08-16 21:16:05.226324,2025-09-19 07:45:36.209185,2,1,1,0,2,2888970.982861,1.0,False,False
sess_3328,518,2025-06-29 19:12:21.209185,2025-07-28 15:19:02.242937,2,0,0,2,2,2491601.033752,0.0,True,False
sess_333,244,2025-06-29 10:15:41.214026,2026-05-04 22:07:52.218542,3,2,1,0,3,26740331.004516,0.5,False,False
sess_3330,893,2025-10-24 10:04:03.235934,2026-04-28 03:16:13.186925,3,3,0,0,3,16045929.950991,0.0,False,False
sess_3331,42,2025-07-05 22:00:45.212022,2026-06-07 00:29:28.185418,3,0,2,1,3,29039322.973396,0.0,False,False
sess_3332,845,2025-09-17 01:28:56.216529,2026-03-28 19:13:57.242937,4,0,1,3,4,16652701.026408,0.0,False,False
sess_3333,995,2025-08-01 10:51:31.203543,2026-03-23 12:18:02.183414,3,0,2,1,3,20222790.979871,0.0,False,False
sess_3334,704,2025-09-28 09:56:37.237113,2025-09-28 09:56:37.237113,1,1,0,0,1,0.0,0.0,False,False
sess_3335,349,2025-07-29 16:37:20.219548,2026-05-07 13:27:08.222317,2,0,0,2,2,24353388.002769,0.0,True,False
sess_3337,953,2025-06-11 20:50:07.228610,2025-12-25 14:35:09.216529,7,3,3,1,7,16998301.987919,1.0,False,False
sess_3338,178,2025-11-20 11:22:29.209185,2026-05-08 15:16:31.197951,2,0,1,1,2,14615641.988766,0.0,False,False
sess_3339,225,2025-11-04 13:05:21.222317,2025-12-27 23:10:03.226324,3,1,0,2,3,4615482.004007,0.0,True,False
sess_334,750,2025-07-30 17:59:58.203543,2026-04-28 09:22:28.212022,3,1,0,2,3,23469750.008479,0.0,True,False
sess_3340,169,2026-01-08 14:38:13.219548,2026-05-19 07:58:20.214026,6,2,3,1,6,11294406.994478,1.5,False,False
sess_3341,360,2025-07-17 00:27:00.186925,2026-02-11 04:25:12.186925,2,0,0,2,2,18071892.0,0.0,True,False
sess_3344,252,2025-07-10 13:32:58.214026,2026-04-19 15:43:48.186925,5,1,2,2,5,24459049.972899,2.0,False,False
sess_3345,181,2025-12-12 15:10:31.249957,2026-03-17 15:20:10.199974,2,0,1,1,2,8208578.950017,0.0,False,False
sess_3346,1014,2025-08-11 21:52:07.218542,2026-02-14 14:32:15.224321,4,1,1,2,4,16130408.005779,1.0,False,False
sess_3349,451,2025-09-20 18:28:04.235934,2026-03-15 15:26:25.222317,2,0,1,1,2,15195500.986383,0.0,False,False
sess_335,1080,2025-09-17 00:26:27.211509,2026-03-27 13:50:52.224321,2,0,1,1,2,16550665.012812,0.0,False,False
sess_3351,261,2025-11-09 14:01:27.228610,2025-12-19 23:32:19.228610,2,0,1,1,2,3490252.0,0.0,False,False
sess_3352,605,2025-09-01 05:48:47.212022,2026-04-10 06:12:40.186925,3,0,0,3,3,19095832.974903,0.0,True,False
sess_3353,458,2025-11-14 23:58:56.209185,2025-11-14 23:58:56.209185,1,0,0,1,1,0.0,0.0,True,False
sess_3354,692,2025-07-06 19:45:30.197951,2026-03-12 10:54:15.222317,2,0,2,0,2,21481725.024366,0.0,False,False
sess_3355,13,2025-12-29 08:53:47.203543,2025-12-29 08:53:47.203543,1,0,1,0,1,0.0,0.0,False,False
sess_3356,1019,2025-08-26 09:10:43.199974,2026-04-08 02:20:40.224321,2,0,2,0,2,19415397.024347,0.0,False,False
sess_3357,831,2025-11-17 15:01:44.203543,2026-05-09 16:08:41.209185,2,1,0,1,2,14951217.005642,0.0,True,False
sess_3358,604,2025-08-11 04:33:51.178635,2026-03-17 09:04:47.207677,3,1,1,1,3,18851456.029042,1.0,False,False
sess_3359,935,2025-08-09 04:43:49.245946,2026-05-27 11:27:02.240934,4,2,1,1,4,25166592.994988,0.5,False,False
sess_336,594,2025-07-01 14:21:15.186925,2026-03-30 10:45:50.251960,4,2,0,2,4,23487875.065035,0.0,True,False
sess_3361,547,2026-03-21 07:57:55.186925,2026-03-21 07:57:55.186925,1,0,0,1,1,0.0,0.0,True,False
sess_3362,763,2026-01-13 22:58:21.228610,2026-01-13 22:58:21.228610,1,0,1,0,1,0.0,0.0,False,False
sess_3363,446,2025-07-09 22:05:16.228610,2026-03-18 17:04:10.224321,3,2,0,1,3,21754733.995711,0.0,True,False
sess_3364,118,2025-09-02 00:15:40.219548,2026-03-16 19:52:19.212022,4,1,1,2,4,16918598.992474,1.0,False,False
sess_3366,596,2025-12-28 05:04:38.214026,2026-05-10 20:12:43.240934,2,0,0,2,2,11545685.026908,0.0,True,False
sess_3367,205,2025-11-16 02:29:23.238931,2026-05-14 14:29:31.237113,2,1,1,0,2,15508807.998182,1.0,False,False
sess_3368,281,2026-01-22 19:02:01.181409,2026-06-03 14:53:27.216529,2,1,1,0,2,11389886.03512,1.0,False,False
sess_3369,954,2025-08-05 02:28:16.186925,2026-03-15 06:39:08.222317,3,0,2,1,3,19195852.035392,0.0,False,False
sess_337,789,2026-03-11 16:31:26.214026,2026-03-11 16:31:26.214026,1,1,0,0,1,0.0,0.0,False,False
sess_3371,245,2026-04-26 20:40:03.242937,2026-04-26 20:40:03.242937,1,0,0,1,1,0.0,0.0,True,False
sess_3372,750,2025-11-12 19:07:44.186925,2026-05-28 08:49:19.214026,3,1,2,0,3,16983695.027101,2.0,False,False
sess_3373,180,2025-11-12 21:01:37.207677,2025-11-12 21:01:37.207677,1,0,0,1,1,0.0,0.0,True,False
sess_3374,1031,2025-09-06 17:17:25.181409,2025-09-06 17:17:25.181409,1,0,1,0,1,0.0,0.0,False,False
sess_3376,1054,2025-10-07 02:00:02.226324,2025-11-12 06:07:54.211509,2,0,0,2,2,3125271.985185,0.0,True,False
sess_3377,600,2026-03-01 18:33:13.186925,2026-03-01 18:33:13.186925,1,0,0,1,1,0.0,0.0,True,False
sess_3378,691,2025-07-07 01:17:54.251960,2026-06-09 12:52:56.245946,3,3,0,0,3,29158501.993986,0.0,False,False
sess_3379,443,2025-07-04 15:43:23.214026,2025-12-02 15:52:12.186925,2,1,0,1,2,13046928.972899,0.0,True,False
sess_338,443,2025-10-14 01:02:06.222317,2026-01-26 19:13:42.228610,5,3,2,0,5,9051096.006293,0.6666666666666666,False,False
sess_3380,51,2025-10-26 05:10:20.186925,2026-02-27 14:20:14.237113,2,1,0,1,2,10746594.050188,0.0,True,False
sess_3381,810,2025-07-18 10:18:10.186925,2025-09-01 17:03:39.214026,2,2,0,0,2,3912329.027101,0.0,False,False
sess_3382,184,2025-11-04 23:10:35.243940,2025-12-06 10:08:54.214026,2,0,2,0,2,2717898.970086,0.0,False,False
sess_3383,475,2025-07-08 14:45:44.212022,2026-04-24 14:42:42.249957,3,1,2,0,3,25055818.037935,2.0,False,False
sess_3384,1012,2025-08-09 02:03:17.214026,2026-06-03 08:28:48.178635,5,2,2,1,5,25770330.964609,1.0,False,False
sess_3385,64,2026-04-25 02:37:50.247953,2026-04-25 02:37:50.247953,1,0,0,1,1,0.0,0.0,True,False
sess_3386,892,2025-12-14 08:22:17.216529,2026-01-30 04:29:40.212022,2,0,0,2,2,4046842.995493,0.0,True,False
sess_3387,468,2026-05-16 10:10:57.242937,2026-05-16 10:10:57.242937,1,1,0,0,1,0.0,0.0,False,False
sess_3389,849,2026-02-19 09:48:28.224321,2026-02-23 04:30:22.186925,2,0,1,1,2,326513.962604,0.0,False,False
sess_339,377,2025-07-21 09:03:14.228610,2026-02-17 12:57:44.185418,4,1,1,2,4,18244469.956808,1.0,False,False
sess_3390,715,2026-01-12 12:29:55.228610,2026-03-10 15:03:18.186925,2,0,1,1,2,4934002.958315,0.0,False,False
sess_3391,405,2026-03-30 22:04:50.186925,2026-03-30 22:04:50.186925,1,1,0,0,1,0.0,0.0,False,False
sess_3392,170,2025-08-18 06:17:13.219548,2026-01-30 20:34:07.186925,3,1,1,1,3,14307413.967377,1.0,False,False
sess_3393,1022,2025-08-23 22:31:09.224321,2026-05-07 06:22:43.185418,4,2,0,2,4,22146693.961097,0.0,True,False
sess_3394,865,2025-08-08 20:45:59.186925,2026-05-25 08:45:03.226324,6,1,2,3,6,25012744.039399,2.0,False,False
sess_3395,147,2025-06-17 20:46:12.186925,2026-05-12 08:49:18.186925,2,2,0,0,2,28382586.0,0.0,False,False
sess_3396,879,2025-11-03 11:54:35.228610,2025-11-03 11:54:35.228610,1,0,0,1,1,0.0,0.0,True,False
sess_3397,344,2025-06-27 06:38:35.249957,2026-04-18 00:49:33.245946,3,3,0,0,3,25467057.995989,0.0,False,False
sess_3398,274,2025-07-29 18:43:40.195433,2026-06-08 09:04:28.226324,2,0,0,2,2,27094848.030891,0.0,True,False
sess_3399,663,2026-01-06 13:28:51.178635,2026-01-06 13:28:51.178635,1,0,0,1,1,0.0,0.0,True,False
sess_34,1095,2026-03-10 02:53:59.249957,2026-04-11 00:29:27.228610,3,2,1,0,3,2756127.978653,0.5,False,False
sess_340,222,2025-07-12 11:05:28.247953,2026-05-10 10:57:05.235934,4,1,0,3,4,26092296.987981,0.0,True,False
sess_3400,805,2025-06-18 16:06:14.216529,2025-06-18 16:06:14.216529,1,1,0,0,1,0.0,0.0,False,False
sess_3401,874,2025-08-09 14:54:26.240934,2026-01-21 22:10:45.240934,2,0,1,1,2,14282179.0,0.0,False,False
sess_3403,422,2025-06-23 18:56:13.186925,2026-05-12 21:18:56.237113,2,0,1,1,2,27915763.050188,0.0,False,False
sess_3405,390,2026-02-12 23:22:50.222317,2026-02-17 17:54:39.197951,2,1,1,0,2,412308.975634,1.0,False,False
sess_3406,332,2025-09-13 17:57:19.228610,2026-01-31 12:09:02.245946,2,1,0,1,2,12075103.017336,0.0,True,False
sess_3407,1024,2026-05-02 18:00:47.242937,2026-05-02 18:00:47.242937,1,0,0,1,1,0.0,0.0,True,False
sess_3408,181,2026-06-07 03:34:45.186925,2026-06-07 03:34:45.186925,1,1,0,0,1,0.0,0.0,False,False
sess_3409,205,2025-07-06 04:21:04.183414,2026-03-26 20:09:22.240934,4,1,1,2,4,22780098.05752,1.0,False,False
sess_3410,768,2025-09-06 22:47:03.219548,2025-09-06 22:47:03.219548,1,0,1,0,1,0.0,0.0,False,False
sess_3411,781,2026-04-05 08:24:09.228610,2026-04-05 08:24:09.228610,1,0,1,0,1,0.0,0.0,False,False
sess_3412,18,2025-09-23 06:10:29.237113,2026-06-11 01:29:50.197951,4,1,2,1,4,22533560.960838,2.0,False,False
sess_3414,733,2025-07-11 08:30:39.240934,2025-07-11 08:30:39.240934,1,0,0,1,1,0.0,0.0,True,False
sess_3415,702,2025-06-22 00:37:48.207677,2026-04-04 02:21:04.235934,3,1,1,1,3,24716596.028257,1.0,False,False
sess_3416,399,2026-04-09 08:31:30.199974,2026-04-09 08:31:30.199974,1,0,0,1,1,0.0,0.0,True,False
sess_3418,1019,2025-06-27 22:44:01.186925,2026-02-08 04:57:49.178635,3,0,0,3,3,19462427.99171,0.0,True,False
sess_3419,130,2026-03-16 05:22:29.186925,2026-03-16 05:22:29.186925,1,0,1,0,1,0.0,0.0,False,False
sess_3420,99,2025-09-22 18:28:18.209185,2025-09-22 18:28:18.209185,1,0,1,0,1,0.0,0.0,False,False
sess_3421,367,2025-08-21 11:50:37.228610,2026-06-02 22:37:36.219548,2,1,1,0,2,24662818.990938,1.0,False,False
sess_3422,295,2026-03-18 03:12:49.212022,2026-04-16 10:14:07.228610,2,0,0,2,2,2530878.016588,0.0,True,False
sess_3423,181,2025-09-12 15:47:06.212022,2025-09-12 15:47:06.212022,1,0,1,0,1,0.0,0.0,False,False
sess_3425,996,2025-11-01 13:32:54.245946,2026-04-29 06:09:35.186925,3,0,0,3,3,15439000.940979,0.0,True,False
sess_3426,273,2025-11-05 19:26:36.226324,2025-11-05 19:26:36.226324,1,0,0,1,1,0.0,0.0,True,False
sess_3427,889,2025-07-30 06:50:53.228610,2026-06-06 19:12:31.228610,3,0,3,0,3,26914898.0,0.0,False,False
sess_3428,1017,2025-06-15 06:12:25.183414,2026-01-05 03:54:14.228610,3,1,0,2,3,17617309.045196,0.0,True,False
sess_3429,319,2025-10-23 00:37:22.181409,2026-05-14 10:47:49.199974,3,1,0,2,3,17575827.018565,0.0,True,False
sess_343,528,2025-11-02 18:25:18.212022,2026-05-26 10:27:25.186925,3,3,0,0,3,17683326.974903,0.0,False,False
sess_3431,548,2025-12-20 02:57:33.202536,2026-04-15 12:41:03.226324,2,1,1,0,2,10057410.023788,1.0,False,False
sess_3432,924,2025-07-02 08:36:09.186925,2026-02-24 15:36:09.237113,5,1,1,3,5,20502000.050188,1.0,False,False
sess_3433,33,2025-11-12 07:59:28.228610,2026-04-06 10:30:14.186925,2,1,0,1,2,12537045.958315,0.0,True,False
sess_3434,244,2025-09-15 08:22:06.178635,2026-04-29 17:08:13.183414,2,1,0,1,2,19557967.004779,0.0,True,False
sess_3435,210,2025-06-12 00:07:55.209185,2026-06-07 05:50:49.186925,4,1,1,2,4,31124573.97774,1.0,False,False
sess_3436,986,2025-12-23 16:26:00.211509,2025-12-23 16:26:00.211509,1,0,1,0,1,0.0,0.0,False,False
sess_3437,287,2026-02-03 23:46:07.186925,2026-04-18 08:00:17.186925,4,1,1,2,4,6336850.0,1.0,False,False
sess_3438,252,2025-07-26 20:38:04.186925,2025-07-26 20:38:04.186925,1,0,1,0,1,0.0,0.0,False,False
sess_344,875,2026-01-31 09:15:27.240934,2026-06-05 06:09:19.240934,2,1,1,0,2,10788832.0,1.0,False,False
sess_3440,389,2026-01-28 16:50:51.186925,2026-01-28 16:50:51.186925,1,0,0,1,1,0.0,0.0,True,False
sess_3441,686,2025-12-25 12:58:42.216529,2026-03-07 02:41:32.240934,2,1,0,1,2,6183770.024405,0.0,True,False
sess_3442,1000,2025-06-25 23:29:06.186925,2025-10-20 00:11:25.240934,2,1,1,0,2,10024939.054009,1.0,False,False
sess_3443,375,2025-07-21 03:00:08.249957,2026-02-18 23:44:58.186925,2,1,1,0,2,18391489.936968,1.0,False,False
sess_3444,938,2025-11-06 21:18:04.186925,2026-04-06 06:59:27.228610,5,1,2,2,5,12994883.041685,2.0,False,False
sess_3445,464,2025-12-22 16:03:16.212022,2025-12-29 21:28:31.186925,2,0,1,1,2,624314.974903,0.0,False,False
sess_3446,573,2026-03-17 12:56:30.242937,2026-03-17 12:56:30.242937,1,0,0,1,1,0.0,0.0,True,False
sess_3448,1076,2025-11-23 16:08:09.240934,2025-11-23 16:08:09.240934,1,0,1,0,1,0.0,0.0,False,False
sess_3449,930,2025-11-11 12:10:20.195433,2025-11-11 12:10:20.195433,1,0,1,0,1,0.0,0.0,False,False
sess_345,793,2025-07-06 13:41:14.249957,2026-03-17 16:28:02.222317,4,2,1,1,4,21955607.97236,0.5,False,False
sess_3451,824,2025-11-11 15:01:41.216529,2026-01-18 12:42:15.216529,2,0,2,0,2,5866834.0,0.0,False,False
sess_3452,512,2025-07-27 19:40:56.178635,2026-03-17 19:46:27.214026,5,2,1,2,5,20131531.035391,0.5,False,False
sess_3453,373,2025-12-03 20:59:23.186925,2026-03-15 08:09:59.228610,5,3,2,0,5,8766636.041685,0.6666666666666666,False,False
sess_3454,651,2026-01-20 11:05:13.237113,2026-05-04 05:09:05.186925,2,2,0,0,2,8964231.949812,0.0,False,False
sess_3455,106,2025-08-06 22:28:38.178635,2026-05-11 18:01:16.238931,3,2,0,1,3,24003158.060296,0.0,True,False
sess_3456,856,2025-06-17 20:28:28.186925,2026-04-09 14:28:11.253968,3,0,2,1,3,25552783.067043,0.0,False,False
sess_3457,200,2025-06-17 15:16:39.212022,2026-02-07 09:28:54.240934,4,0,1,3,4,20283135.028912,0.0,False,False
sess_3458,563,2025-06-18 22:46:13.238931,2026-04-21 18:38:36.212022,5,3,0,2,5,26509942.973091,0.0,True,False
sess_346,59,2025-07-29 02:31:41.224321,2025-07-29 02:31:41.224321,1,0,0,1,1,0.0,0.0,True,False
sess_3460,544,2025-08-25 07:32:08.222317,2026-03-16 15:43:44.199974,2,1,1,0,2,17568695.977657,1.0,False,False
sess_3461,938,2025-09-05 08:06:48.186925,2026-05-25 16:36:31.181409,3,1,2,0,3,22667382.994484,2.0,False,False
sess_3463,210,2025-06-26 02:27:27.178635,2025-07-19 01:36:13.228610,2,1,1,0,2,1984126.049975,1.0,False,False
sess_3464,312,2026-03-25 14:47:51.219548,2026-04-06 13:24:19.214026,2,1,0,1,2,1031787.994478,0.0,True,False
sess_3465,468,2025-11-08 08:46:27.186925,2025-11-08 08:46:27.186925,1,0,1,0,1,0.0,0.0,False,False
sess_3467,1060,2025-09-02 03:55:42.238931,2026-05-29 11:38:55.235934,5,2,1,2,5,23269392.997003,0.5,False,False
sess_3468,708,2025-06-24 03:21:36.242937,2025-06-24 03:21:36.242937,1,0,0,1,1,0.0,0.0,True,False
sess_3469,838,2026-04-28 07:44:14.203543,2026-04-28 07:44:14.203543,1,1,0,0,1,0.0,0.0,False,False
sess_347,569,2025-10-23 14:25:43.226324,2026-02-25 16:56:45.181409,3,0,2,1,3,10809061.955085,0.0,False,False
sess_3470,438,2025-08-04 18:11:14.197951,2025-08-04 18:11:14.197951,1,1,0,0,1,0.0,0.0,False,False
sess_3471,688,2026-02-20 19:40:19.186925,2026-03-06 20:35:46.199974,2,2,0,0,2,1212927.013049,0.0,False,False
sess_3472,123,2025-08-05 11:02:52.216529,2025-08-05 11:02:52.216529,1,0,1,0,1,0.0,0.0,False,False
sess_3473,349,2025-08-01 17:31:08.181409,2026-01-17 04:51:45.226324,2,1,1,0,2,14556037.044915,1.0,False,False
sess_3475,105,2025-12-29 09:06:11.186925,2025-12-29 09:06:11.186925,1,1,0,0,1,0.0,0.0,False,False
sess_3476,546,2025-06-21 05:23:05.247953,2025-06-21 05:23:05.247953,1,0,0,1,1,0.0,0.0,True,False
sess_3477,266,2026-05-13 06:38:13.249957,2026-05-13 06:38:13.249957,1,1,0,0,1,0.0,0.0,False,False
sess_3478,463,2025-11-24 16:46:05.203543,2025-11-24 16:46:05.203543,1,0,0,1,1,0.0,0.0,True,False
sess_348,464,2026-02-07 17:56:19.228610,2026-05-16 03:43:40.209185,3,1,2,0,3,8416040.980575,2.0,False,False
sess_3480,749,2025-08-09 14:09:44.240934,2025-08-09 14:09:44.240934,1,0,1,0,1,0.0,0.0,False,False
sess_3482,496,2025-08-23 07:30:50.240934,2025-09-02 14:36:35.245946,2,2,0,0,2,889545.005012,0.0,False,False
sess_3483,612,2026-03-23 21:18:38.228610,2026-03-23 21:18:38.228610,1,0,1,0,1,0.0,0.0,False,False
sess_3484,747,2025-06-22 13:31:55.224321,2026-06-05 12:19:39.181409,3,1,2,0,3,30062863.957088,2.0,False,False
sess_3486,627,2025-08-25 02:37:50.238931,2025-08-25 02:37:50.238931,1,0,0,1,1,0.0,0.0,True,False
sess_3487,659,2026-03-13 22:06:23.186925,2026-05-08 17:23:16.237113,3,2,1,0,3,4821413.050188,0.5,False,False
sess_3488,6,2025-09-25 11:52:24.209185,2026-06-11 18:27:40.183414,5,1,1,3,5,22401315.974229,1.0,False,False
sess_3489,725,2025-06-14 13:08:30.235934,2026-03-16 14:00:37.209185,3,2,0,1,3,23763126.973251,0.0,True,False
sess_349,362,2026-03-18 06:18:23.245946,2026-03-18 06:18:23.245946,1,0,1,0,1,0.0,0.0,False,False
sess_3490,914,2025-10-19 14:12:36.228610,2026-05-24 11:44:50.222317,3,0,2,1,3,18739933.993707,0.0,False,False
sess_3491,932,2025-09-26 14:22:45.199974,2026-03-31 17:06:40.228610,3,2,0,1,3,16080235.028636,0.0,True,False
sess_3492,190,2026-05-11 01:41:52.249957,2026-05-11 01:41:52.249957,1,1,0,0,1,0.0,0.0,False,False
sess_3493,809,2025-12-06 17:59:31.178635,2025-12-06 17:59:31.178635,1,0,1,0,1,0.0,0.0,False,False
sess_3495,244,2025-08-25 12:30:12.214026,2026-05-04 19:37:15.245946,6,2,1,3,6,21798423.03192,0.5,False,False
sess_3497,936,2025-11-02 11:43:15.219548,2025-11-02 11:43:15.219548,1,0,0,1,1,0.0,0.0,True,False
sess_3498,909,2025-12-03 16:35:01.247953,2026-05-14 19:54:13.228610,3,1,1,1,3,14008751.980657,1.0,False,False
sess_3499,1070,2026-02-08 10:08:14.247953,2026-02-08 10:08:14.247953,1,1,0,0,1,0.0,0.0,False,False
sess_350,723,2025-09-30 12:46:31.219548,2025-09-30 12:46:31.219548,1,0,1,0,1,0.0,0.0,False,False
sess_3500,61,2026-04-14 18:52:50.238931,2026-04-14 18:52:50.238931,1,1,0,0,1,0.0,0.0,False,False
sess_3501,250,2025-10-09 01:22:21.186925,2025-10-09 01:22:21.186925,1,0,0,1,1,0.0,0.0,True,False
sess_3502,668,2026-02-11 12:37:20.181409,2026-04-28 09:49:15.237113,2,2,0,0,2,6556315.055704,0.0,False,False
sess_3504,368,2025-12-12 18:44:47.212022,2025-12-12 18:44:47.212022,1,1,0,0,1,0.0,0.0,False,False
sess_3505,186,2026-05-20 06:48:18.238931,2026-05-20 06:48:18.238931,1,0,1,0,1,0.0,0.0,False,False
sess_3506,1096,2026-03-10 22:11:49.219548,2026-06-07 05:14:05.228610,2,1,1,0,2,7628536.009062,1.0,False,False
sess_3507,647,2025-10-18 17:05:56.251960,2025-10-18 17:05:56.251960,1,0,0,1,1,0.0,0.0,True,False
sess_3509,359,2025-09-17 05:56:05.216529,2026-05-19 17:15:34.216529,3,0,1,2,3,21122369.0,0.0,False,False
sess_351,826,2026-01-22 08:42:57.249957,2026-05-30 23:15:00.212022,3,1,1,1,3,11111522.962065,1.0,False,False
sess_3510,91,2025-10-10 22:40:25.247953,2025-10-10 22:40:25.247953,1,1,0,0,1,0.0,0.0,False,False
sess_3511,626,2025-12-23 06:07:49.240934,2026-06-09 17:17:53.226324,2,0,1,1,2,14555403.98539,0.0,False,False
sess_3512,174,2025-07-04 23:29:07.237113,2025-12-01 15:40:39.186925,3,1,1,1,3,12931891.949812,1.0,False,False
sess_3513,14,2026-05-09 07:29:48.178635,2026-06-09 21:39:40.214026,2,0,0,2,2,2729392.035391,0.0,True,False
sess_3515,1071,2026-02-24 07:20:34.186925,2026-02-24 07:20:34.186925,1,0,0,1,1,0.0,0.0,True,False
sess_3516,516,2025-12-04 16:46:06.211509,2026-05-14 15:06:57.238931,2,1,0,1,2,13904451.027422,0.0,True,False
sess_3517,47,2025-10-01 19:46:12.254569,2025-10-01 19:46:12.254569,1,0,1,0,1,0.0,0.0,False,False
sess_3518,860,2025-07-27 15:30:34.186925,2026-05-06 23:28:22.222317,5,1,2,2,5,24479868.035392,2.0,False,False
sess_3519,1,2025-12-11 01:56:57.249957,2026-02-19 22:19:18.226324,2,1,0,1,2,6121340.976367,0.0,True,False
sess_3520,411,2025-10-18 13:46:25.243940,2025-10-18 13:46:25.243940,1,0,0,1,1,0.0,0.0,True,False
sess_3521,370,2025-08-27 08:32:07.238931,2026-04-25 12:33:30.228610,3,0,3,0,3,20836882.989679,0.0,False,False
sess_3522,390,2025-06-24 21:48:21.247953,2025-11-30 20:19:39.222317,3,0,0,3,3,13732277.974364,0.0,True,False
sess_3523,893,2026-04-17 16:14:08.214026,2026-04-30 15:00:46.207677,2,1,0,1,2,1118797.993651,0.0,True,False
sess_3524,658,2025-09-08 01:34:59.181409,2026-03-11 16:52:48.214026,3,1,1,1,3,15952669.032617,1.0,False,False
sess_3525,994,2026-02-08 13:39:15.228610,2026-02-08 13:39:15.228610,1,0,0,1,1,0.0,0.0,True,False
sess_3526,451,2025-11-16 13:03:21.218542,2026-01-16 04:58:12.183414,2,1,1,0,2,5241290.964872,1.0,False,False
sess_3528,1050,2025-11-22 05:17:05.245946,2026-02-14 06:02:01.235934,2,1,1,0,2,7260295.989988,1.0,False,False
sess_3529,707,2025-08-02 17:51:19.216529,2025-11-27 16:55:22.216529,5,1,2,2,5,10105443.0,2.0,False,False
sess_3530,930,2025-08-09 20:26:18.212022,2026-03-20 22:16:45.214026,3,1,1,1,3,19273827.002004,1.0,False,False
sess_3531,593,2026-04-07 17:41:27.235934,2026-04-07 17:41:27.235934,1,0,0,1,1,0.0,0.0,True,False
sess_3532,618,2025-07-10 13:12:00.183414,2026-04-13 00:57:39.214026,3,2,0,1,3,23888739.030612,0.0,True,False
sess_3533,984,2025-08-24 09:26:05.214026,2025-08-24 09:26:05.214026,1,0,0,1,1,0.0,0.0,True,False
sess_3535,1003,2025-08-23 19:54:44.228610,2025-12-11 06:01:23.245946,3,1,2,0,3,9453999.017336,2.0,False,False
sess_3536,440,2025-07-03 17:56:02.195433,2026-01-03 21:29:34.224321,4,0,1,3,4,15910412.028888,0.0,False,False
sess_3537,558,2025-07-07 04:04:27.251960,2025-09-27 00:30:52.224321,4,0,2,2,4,7071984.972361,0.0,False,False
sess_3538,635,2025-07-23 18:25:37.197951,2026-04-07 16:13:57.186925,3,2,0,1,3,22283299.988974,0.0,True,False
sess_3539,33,2025-08-04 13:46:20.186925,2026-02-26 10:02:32.218542,3,2,0,1,3,17784972.031617,0.0,True,False
sess_354,19,2025-09-19 00:41:01.183414,2025-11-01 12:14:01.251960,3,0,1,2,3,3756780.068546,0.0,False,False
sess_3540,336,2025-06-12 08:37:20.212022,2025-07-04 19:07:02.227826,2,0,1,1,2,1938582.015804,0.0,False,False
sess_3541,78,2026-01-26 06:29:20.209185,2026-05-21 23:14:08.240934,3,0,3,0,3,9996288.031749,0.0,False,False
sess_3542,759,2025-06-11 12:27:28.224321,2025-06-11 12:27:28.224321,1,0,0,1,1,0.0,0.0,True,False
sess_3543,980,2025-06-26 23:43:43.247953,2026-03-11 13:46:39.212022,4,2,1,1,4,22255375.964069,0.5,False,False
sess_3544,611,2025-11-05 12:05:05.222317,2026-02-06 12:45:54.222317,3,2,1,0,3,8037649.0,0.5,False,False
sess_3545,181,2026-03-29 12:27:37.212022,2026-03-29 12:27:37.212022,1,0,0,1,1,0.0,0.0,True,False
sess_3546,443,2025-07-08 18:40:32.227826,2026-05-28 14:14:53.228610,2,1,0,1,2,27977661.000784,0.0,True,False
sess_3547,770,2025-06-22 18:22:20.186925,2025-06-28 15:10:59.186925,2,0,1,1,2,506919.0,0.0,False,False
sess_3548,176,2025-11-05 05:14:17.197951,2025-11-05 05:14:17.197951,1,0,0,1,1,0.0,0.0,True,False
sess_3549,791,2025-07-16 10:26:48.219548,2025-11-12 06:04:52.181409,2,1,1,0,2,10265883.961861,1.0,False,False
sess_355,101,2026-05-21 14:05:18.247953,2026-05-21 14:05:18.247953,1,0,1,0,1,0.0,0.0,False,False
sess_3550,912,2025-08-12 05:37:23.219548,2026-02-24 06:14:16.228610,3,1,2,0,3,16936613.009062,2.0,False,False
sess_3552,138,2025-06-24 01:40:24.183414,2026-06-05 22:18:09.181409,4,0,1,3,4,29968664.997995,0.0,False,False
sess_3553,703,2025-07-12 20:47:35.228610,2026-01-22 08:47:34.247953,3,1,1,1,3,16718399.019343,1.0,False,False
sess_3554,147,2026-03-22 10:55:13.238931,2026-06-11 09:08:54.251960,2,0,2,0,2,6992021.013029,0.0,False,False
sess_3556,663,2026-01-09 08:53:46.181409,2026-01-09 08:53:46.181409,1,0,1,0,1,0.0,0.0,False,False
sess_3557,609,2025-12-24 07:51:44.222317,2026-01-19 22:16:42.245946,2,0,0,2,2,2298298.023629,0.0,True,False
sess_3558,672,2025-10-05 04:18:56.216529,2025-11-30 05:19:19.181409,3,0,2,1,3,4842022.96488,0.0,False,False
sess_3559,808,2025-07-11 18:09:32.247953,2026-05-02 19:14:48.228610,5,1,4,0,5,25491915.980657,4.0,False,False
sess_356,609,2025-08-31 10:26:03.219548,2026-01-15 11:50:02.224321,2,1,1,0,2,11841839.004773,1.0,False,False
sess_3560,1055,2025-07-08 18:08:10.209185,2025-07-08 18:08:10.209185,1,1,0,0,1,0.0,0.0,False,False
sess_3561,340,2025-10-12 17:00:25.186925,2026-02-04 10:29:20.237113,2,2,0,0,2,9912535.050188,0.0,False,False
sess_3562,918,2025-07-18 12:22:31.226324,2026-02-23 11:45:32.186925,3,1,2,0,3,19005780.960601,2.0,False,False
sess_3563,104,2025-12-23 05:38:04.251960,2025-12-23 05:38:04.251960,1,0,1,0,1,0.0,0.0,False,False
sess_3566,759,2025-10-25 05:13:47.237113,2025-12-27 03:55:41.186925,3,0,2,1,3,5438513.949812,0.0,False,False
sess_3568,1084,2025-11-03 15:52:38.209185,2025-12-24 17:16:14.186925,2,2,0,0,2,4411415.97774,0.0,False,False
sess_357,957,2025-10-24 02:36:05.237113,2026-01-25 05:53:11.228610,2,0,2,0,2,8047025.991497,0.0,False,False
sess_3570,377,2025-07-26 20:19:34.178635,2026-05-26 03:40:07.243940,3,1,1,1,3,26205633.065305,1.0,False,False
sess_3572,831,2025-07-16 03:33:08.212022,2025-08-20 05:33:09.212022,2,1,0,1,2,3031201.0,0.0,True,False
sess_3573,739,2025-06-30 04:54:32.212022,2025-06-30 04:54:32.212022,1,0,1,0,1,0.0,0.0,False,False
sess_3574,1020,2025-06-11 14:22:53.247953,2026-01-08 14:08:36.247953,4,3,0,1,4,18229543.0,0.0,True,False
sess_3576,208,2026-02-01 05:30:44.186925,2026-02-01 05:30:44.186925,1,1,0,0,1,0.0,0.0,False,False
sess_3577,523,2026-03-17 18:09:02.240934,2026-03-17 18:09:02.240934,1,0,0,1,1,0.0,0.0,True,False
sess_3578,984,2025-06-17 19:27:52.218542,2026-01-30 23:19:28.222317,4,2,1,1,4,19626696.003775,0.5,False,False
sess_3579,13,2025-10-13 11:02:13.222317,2025-10-13 11:02:13.222317,1,0,1,0,1,0.0,0.0,False,False
sess_358,163,2025-06-14 20:01:35.186925,2026-03-31 18:14:01.228610,3,3,0,0,3,25049546.041685,0.0,False,False
sess_3580,155,2025-11-30 10:58:18.186925,2026-01-16 14:36:34.186925,3,0,1,2,3,4073896.0,0.0,False,False
sess_3581,244,2026-03-29 14:31:33.186925,2026-05-26 09:26:02.228610,2,1,0,1,2,4992869.041685,0.0,True,False
sess_3582,691,2025-10-09 16:48:48.227826,2026-04-13 13:04:47.238931,2,1,0,1,2,16056959.011105,0.0,True,False
sess_3583,709,2025-07-27 02:07:01.216529,2026-01-19 22:14:02.211204,5,3,0,2,5,15278820.994675,0.0,True,False
sess_3584,545,2025-06-17 05:41:39.181409,2025-08-18 00:35:04.228610,2,0,2,0,2,5338405.047201,0.0,False,False
sess_3585,638,2025-08-01 04:21:54.214026,2025-08-01 04:21:54.214026,1,0,0,1,1,0.0,0.0,True,False
sess_3586,701,2025-09-16 11:25:21.186925,2026-04-21 17:59:17.185418,4,1,2,1,4,18772435.998493,2.0,False,False
sess_3587,192,2026-05-07 09:48:49.186925,2026-05-07 09:48:49.186925,1,0,0,1,1,0.0,0.0,True,False
sess_3588,373,2025-10-04 08:44:15.238931,2026-05-18 14:35:11.186925,3,0,2,1,3,19547455.947994,0.0,False,False
sess_3589,734,2025-08-20 07:07:47.186925,2025-08-20 07:07:47.186925,1,1,0,0,1,0.0,0.0,False,False
sess_359,354,2025-07-24 09:18:36.183414,2026-05-18 18:37:22.228610,5,2,1,2,5,25780726.045196,0.5,False,False
sess_3591,559,2025-09-26 00:21:30.216529,2026-05-09 23:34:11.203543,5,1,1,3,5,19523560.987014,1.0,False,False
sess_3592,997,2025-07-03 03:37:42.186925,2025-07-22 18:55:48.228610,2,0,0,2,2,1696686.041685,0.0,True,False
sess_3593,1061,2025-07-07 22:25:28.251960,2026-06-01 06:04:42.249957,4,1,2,1,4,28366753.997997,2.0,False,False
sess_3594,205,2025-12-05 20:58:59.247953,2026-03-25 17:43:55.216529,5,2,1,2,5,9492295.968576,0.5,False,False
sess_3595,163,2025-06-18 15:34:22.214026,2026-04-30 21:56:27.240934,4,1,1,2,4,27325325.026908,1.0,False,False
sess_3596,198,2025-07-03 14:15:02.212022,2026-06-08 15:42:30.228610,4,2,1,1,4,29381248.016588,0.5,False,False
sess_3597,658,2025-06-28 10:42:56.245946,2026-04-20 15:13:36.186925,3,0,2,1,3,25590639.940979,0.0,False,False
sess_3598,642,2025-07-18 05:34:43.222317,2026-05-29 11:13:54.186925,4,2,0,2,4,27236350.964608,0.0,True,False
sess_3599,299,2025-07-12 15:56:51.186925,2025-07-12 15:56:51.186925,1,1,0,0,1,0.0,0.0,False,False
sess_36,591,2025-06-14 09:31:41.245946,2026-03-02 00:53:38.235934,3,0,2,1,3,22519316.989988,0.0,False,False
sess_360,612,2025-09-17 04:04:43.212022,2025-12-07 16:07:47.251960,3,0,1,2,3,7041784.039938,0.0,False,False
sess_3600,342,2025-07-09 10:58:17.186925,2026-06-08 15:37:55.240934,7,1,4,2,7,28874378.054009,4.0,False,False
sess_3601,327,2025-08-16 17:03:03.186925,2025-08-16 17:03:03.186925,1,0,1,0,1,0.0,0.0,False,False
sess_3602,746,2025-09-14 16:50:38.228610,2025-12-04 13:59:47.199974,2,0,2,0,2,6988148.971364,0.0,False,False
sess_3603,464,2025-08-11 07:10:50.186925,2025-08-11 07:10:50.186925,1,1,0,0,1,0.0,0.0,False,False
sess_3604,809,2026-03-06 19:35:13.183414,2026-03-06 19:35:13.183414,1,0,0,1,1,0.0,0.0,True,False
sess_3605,732,2025-08-14 04:36:09.178635,2025-10-01 08:17:41.226324,2,0,2,0,2,4160492.047689,0.0,False,False
sess_3606,1083,2026-01-04 16:48:25.186925,2026-01-04 16:48:25.186925,1,1,0,0,1,0.0,0.0,False,False
sess_3607,325,2025-07-06 15:37:11.237113,2025-09-22 11:53:45.243940,4,2,1,1,4,6725794.006827,0.5,False,False
sess_3608,255,2026-03-05 14:14:27.186925,2026-06-08 15:30:04.185418,3,0,0,3,3,8212536.998493,0.0,True,False
sess_3609,391,2025-12-31 16:11:18.186925,2026-03-01 16:30:55.245946,2,0,0,2,2,5185177.059021,0.0,True,False
sess_361,285,2026-04-08 18:22:54.212022,2026-04-08 18:22:54.212022,1,1,0,0,1,0.0,0.0,False,False
sess_3610,523,2026-04-16 10:43:56.224321,2026-04-16 10:43:56.224321,1,1,0,0,1,0.0,0.0,False,False
sess_3611,67,2025-11-24 03:31:34.249957,2025-11-24 03:31:34.249957,1,1,0,0,1,0.0,0.0,False,False
sess_3612,649,2026-03-17 16:30:34.243940,2026-03-17 16:30:34.243940,1,0,1,0,1,0.0,0.0,False,False
sess_3613,122,2026-05-06 13:53:40.247953,2026-05-06 13:53:40.247953,1,0,1,0,1,0.0,0.0,False,False
sess_3614,106,2025-08-22 23:28:50.251960,2026-01-24 15:59:23.240934,2,0,2,0,2,13365032.988974,0.0,False,False
sess_3615,872,2025-11-17 14:30:33.245946,2025-11-17 14:30:33.245946,1,1,0,0,1,0.0,0.0,False,False
sess_3616,759,2025-06-20 02:24:16.186925,2025-10-05 08:10:35.181409,2,0,1,1,2,9265578.994484,0.0,False,False
sess_3617,353,2025-12-03 23:40:53.183414,2026-04-04 00:00:33.207677,3,0,0,3,3,10455580.024263,0.0,True,False
sess_3618,615,2025-09-18 00:41:05.214026,2025-10-27 09:25:59.216529,2,2,0,0,2,3401094.002503,0.0,False,False
sess_3619,1050,2026-01-22 02:51:53.240934,2026-05-20 04:12:03.243940,3,2,0,1,3,10200010.003006,0.0,True,False
sess_3620,625,2025-07-13 16:41:03.222317,2026-02-02 10:25:58.186925,4,2,2,0,4,17603094.964608,1.0,False,False
sess_3621,759,2026-01-09 14:07:58.251960,2026-05-08 15:05:39.219548,4,3,1,0,4,10285060.967588,0.3333333333333333,False,False
sess_3622,754,2026-01-08 05:00:18.247953,2026-05-04 04:57:04.249957,3,1,0,2,3,10022206.002004,0.0,True,False
sess_3623,573,2025-10-21 15:14:20.181409,2025-10-21 15:14:20.181409,1,1,0,0,1,0.0,0.0,False,False
sess_3624,1009,2025-07-03 22:08:46.214026,2025-12-28 15:39:22.245946,2,1,1,0,2,15355836.03192,1.0,False,False
sess_3625,403,2025-12-14 03:07:21.228610,2026-03-21 02:28:07.228610,2,0,2,0,2,8378446.0,0.0,False,False
sess_3626,701,2026-01-26 14:49:57.251960,2026-01-26 14:49:57.251960,1,1,0,0,1,0.0,0.0,False,False
sess_3628,423,2025-10-12 18:51:28.209185,2025-10-12 18:51:28.209185,1,0,1,0,1,0.0,0.0,False,False
sess_3629,206,2025-12-17 23:41:12.219548,2026-04-28 19:50:39.186925,3,1,0,2,3,11390966.967377,0.0,True,False
sess_363,136,2025-07-26 08:07:29.211204,2025-10-25 11:12:02.178635,5,1,1,3,5,7873472.967431,1.0,False,False
sess_3631,182,2025-11-23 05:46:56.249957,2026-05-30 13:00:41.207677,3,0,2,1,3,16269224.95772,0.0,False,False
sess_3632,860,2025-06-30 19:44:20.249957,2026-02-11 05:00:13.235934,2,0,1,1,2,19473352.985977,0.0,False,False
sess_3633,946,2025-12-02 12:32:06.251960,2026-03-15 06:30:00.243940,2,1,1,0,2,8877473.99198,1.0,False,False
sess_3635,159,2025-06-19 23:44:57.186925,2026-05-06 12:44:51.203543,6,0,4,2,6,27694794.016618,0.0,False,False
sess_3636,603,2026-02-23 00:31:26.243940,2026-02-23 00:31:26.243940,1,1,0,0,1,0.0,0.0,False,False
sess_3637,1045,2026-02-08 15:08:09.186925,2026-02-08 15:08:09.186925,1,0,1,0,1,0.0,0.0,False,False
sess_3638,515,2025-10-05 09:06:39.218542,2025-11-11 05:13:20.222317,3,1,2,0,3,3182801.003775,2.0,False,False
sess_3639,940,2026-04-22 19:05:44.178635,2026-04-22 19:05:44.178635,1,1,0,0,1,0.0,0.0,False,False
sess_364,685,2025-09-08 13:25:25.228610,2025-10-18 09:22:44.251960,2,0,2,0,2,3441439.02335,0.0,False,False
sess_3640,65,2026-01-08 01:35:01.211509,2026-05-16 22:23:08.222317,2,1,0,1,2,11134087.010808,0.0,True,False
sess_3641,305,2025-09-21 22:16:07.181409,2025-12-21 07:48:41.186925,2,0,2,0,2,7810354.005516,0.0,False,False
sess_3642,515,2026-01-26 04:14:10.238931,2026-03-04 12:22:10.228610,2,1,0,1,2,3226079.989679,0.0,True,False
sess_3643,984,2026-05-12 16:43:23.237113,2026-05-12 16:43:23.237113,1,0,1,0,1,0.0,0.0,False,False
sess_3644,558,2025-12-02 07:52:45.195433,2025-12-02 07:52:45.195433,1,0,0,1,1,0.0,0.0,True,False
sess_3645,218,2025-09-25 05:21:25.247953,2026-03-23 13:37:14.247953,3,0,1,2,3,15495349.0,0.0,False,False
sess_3646,314,2025-11-01 01:27:28.222317,2025-11-01 01:27:28.222317,1,0,0,1,1,0.0,0.0,True,False
sess_3647,349,2025-09-01 12:14:08.238931,2025-09-01 12:14:08.238931,1,1,0,0,1,0.0,0.0,False,False
sess_3648,108,2025-08-06 12:44:40.245946,2026-05-22 01:06:24.212022,6,2,0,4,6,24927703.966076,0.0,True,False
sess_365,744,2026-03-27 21:26:37.216529,2026-03-27 21:26:37.216529,1,0,0,1,1,0.0,0.0,True,False
sess_3651,1088,2026-03-09 05:17:35.228610,2026-03-09 05:17:35.228610,1,1,0,0,1,0.0,0.0,False,False
sess_3652,50,2025-08-09 05:08:33.214026,2025-10-30 05:04:02.228610,2,1,0,1,2,7084529.014584,0.0,True,False
sess_3653,847,2025-07-23 08:02:14.228610,2026-02-11 00:51:45.183414,6,4,2,0,6,17513370.954804,0.5,False,False
sess_3655,526,2025-12-02 06:41:14.240934,2025-12-11 10:57:06.238931,2,2,0,0,2,792951.997997,0.0,False,False
sess_3656,841,2026-05-05 00:36:54.186925,2026-05-12 21:01:10.238931,2,0,1,1,2,678256.052006,0.0,False,False
sess_3657,100,2025-11-11 04:26:00.228610,2026-01-03 04:50:19.242937,2,0,2,0,2,4580659.014327,0.0,False,False
sess_3658,264,2025-07-05 04:42:27.181409,2026-03-12 05:28:10.181409,2,1,0,1,2,21602743.0,0.0,True,False
sess_3660,43,2025-07-18 14:31:30.185418,2025-08-29 23:12:57.242937,3,2,0,1,3,3660087.057519,0.0,True,False
sess_3661,452,2025-07-05 00:15:04.228610,2025-08-12 19:43:33.209185,2,1,0,1,2,3353308.980575,0.0,True,False
sess_3662,1074,2025-10-21 23:39:56.212022,2026-04-03 03:46:18.228610,2,1,1,0,2,14097982.016588,1.0,False,False
sess_3664,639,2026-02-26 03:22:29.238931,2026-02-26 03:22:29.238931,1,0,0,1,1,0.0,0.0,True,False
sess_3665,532,2025-10-31 05:26:04.240934,2025-10-31 05:26:04.240934,1,0,0,1,1,0.0,0.0,True,False
sess_3666,154,2025-07-13 14:23:26.197951,2026-02-05 21:31:43.235934,2,0,1,1,2,17910497.037983,0.0,False,False
sess_3667,374,2025-09-03 20:43:56.186925,2025-10-23 05:39:22.209185,2,0,1,1,2,4265726.02226,0.0,False,False
sess_3668,772,2025-07-12 04:13:14.214026,2026-04-08 23:27:42.209185,2,1,1,0,2,23397267.995159,1.0,False,False
sess_3669,583,2026-03-19 19:49:50.178635,2026-04-14 14:36:58.238931,2,2,0,0,2,2227628.060296,0.0,False,False
sess_367,3,2025-10-25 04:26:01.226324,2026-04-01 15:13:01.224321,2,1,1,0,2,13690019.997997,1.0,False,False
sess_3670,870,2026-05-05 18:04:13.228610,2026-05-05 18:04:13.228610,1,0,1,0,1,0.0,0.0,False,False
sess_3672,990,2025-08-13 03:04:53.212022,2025-08-13 03:04:53.212022,1,0,0,1,1,0.0,0.0,True,False
sess_3673,901,2026-03-18 12:04:19.240934,2026-05-23 07:18:18.228610,3,1,1,1,3,5685238.987676,1.0,False,False
sess_3674,425,2026-02-24 03:49:04.224321,2026-02-24 03:49:04.224321,1,0,0,1,1,0.0,0.0,True,False
sess_3676,884,2025-07-28 15:49:36.228610,2026-04-20 17:29:06.228610,3,1,0,2,3,22988370.0,0.0,True,False
sess_3677,1002,2025-09-08 02:35:53.185418,2026-02-13 16:57:49.228610,2,0,0,2,2,13702916.043192,0.0,True,False
sess_3678,66,2025-08-10 01:11:08.224321,2026-03-05 19:48:50.247953,2,1,1,0,2,17951862.023632,1.0,False,False
sess_3679,567,2025-11-28 04:41:44.247953,2025-11-28 04:41:44.247953,1,0,0,1,1,0.0,0.0,True,False
sess_368,526,2025-06-20 01:09:15.245946,2026-01-31 22:38:50.197951,4,1,1,2,4,19517374.952005,1.0,False,False
sess_3680,187,2025-08-10 06:49:07.247953,2026-04-22 23:35:39.245946,2,0,1,1,2,22092391.997993,0.0,False,False
sess_3681,147,2025-06-16 20:41:41.212022,2026-05-06 16:08:29.226324,4,2,1,1,4,27977208.014302,0.5,False,False
sess_3683,504,2026-03-01 05:20:39.228610,2026-03-01 05:20:39.228610,1,0,0,1,1,0.0,0.0,True,False
sess_3684,1043,2025-09-05 22:54:08.178635,2025-09-25 14:28:57.224321,2,0,2,0,2,1697689.045686,0.0,False,False
sess_3685,76,2026-01-06 23:54:06.186925,2026-05-07 20:21:17.186925,2,0,1,1,2,10441631.0,0.0,False,False
sess_3686,819,2025-09-24 11:30:39.249957,2025-09-24 11:30:39.249957,1,0,1,0,1,0.0,0.0,False,False
sess_3687,142,2025-11-08 03:16:37.186925,2025-11-08 03:16:37.186925,1,0,0,1,1,0.0,0.0,True,False
sess_3688,86,2025-12-01 14:51:54.212022,2026-03-05 17:44:30.224321,2,0,0,2,2,8131956.012299,0.0,True,False
sess_3689,614,2025-08-25 18:41:43.186925,2025-12-16 13:50:02.186925,4,1,2,1,4,9745699.0,2.0,False,False
sess_369,64,2025-10-22 08:50:03.228610,2025-10-22 08:50:03.228610,1,0,1,0,1,0.0,0.0,False,False
sess_3690,239,2025-12-12 19:06:54.253968,2026-04-07 06:30:05.228610,2,0,0,2,2,9976990.974642,0.0,True,False
sess_3692,500,2026-04-24 12:17:58.228610,2026-04-29 08:27:47.216529,2,0,0,2,2,418188.987919,0.0,True,False
sess_3693,102,2026-04-20 00:06:24.237113,2026-04-20 00:06:24.237113,1,0,1,0,1,0.0,0.0,False,False
sess_3695,831,2025-09-07 22:35:01.247953,2025-09-07 22:35:01.247953,1,0,0,1,1,0.0,0.0,True,False
sess_3696,48,2025-12-09 09:10:47.227826,2026-05-12 12:29:14.185418,3,0,2,1,3,13317506.957592,0.0,False,False
sess_3697,1001,2025-10-06 08:56:23.235934,2026-05-11 22:47:38.224321,3,1,2,0,3,18798674.988387,2.0,False,False
sess_3698,166,2026-02-03 01:55:49.186925,2026-02-03 01:55:49.186925,1,0,0,1,1,0.0,0.0,True,False
sess_3699,619,2025-08-26 03:00:06.228610,2026-05-28 20:25:47.224321,3,1,2,0,3,23822740.995711,2.0,False,False
sess_37,539,2025-12-13 00:05:49.247953,2026-05-16 18:56:34.181409,2,1,1,0,2,13373444.933456,1.0,False,False
sess_370,88,2025-07-10 12:58:26.186925,2025-09-05 15:33:43.227826,2,1,0,1,2,4934117.040901,0.0,True,False
sess_3700,252,2026-03-27 17:43:52.222317,2026-03-27 17:43:52.222317,1,0,1,0,1,0.0,0.0,False,False
sess_3701,15,2025-09-02 10:08:45.219548,2025-09-02 10:08:45.219548,1,1,0,0,1,0.0,0.0,False,False
sess_3702,246,2025-11-06 02:19:17.247953,2026-04-14 17:58:37.240934,3,2,0,1,3,13793959.992981,0.0,True,False
sess_3703,785,2025-12-03 01:14:38.197951,2025-12-30 19:23:19.226324,3,0,1,2,3,2398121.028373,0.0,False,False
sess_3705,20,2025-07-06 09:35:04.224321,2025-07-06 09:35:04.224321,1,0,0,1,1,0.0,0.0,True,False
sess_3706,60,2025-11-04 23:36:47.212022,2025-11-04 23:36:47.212022,1,0,1,0,1,0.0,0.0,False,False
sess_3708,536,2025-06-19 20:22:34.228610,2026-06-08 04:00:51.207677,4,2,1,1,4,30526696.979067,0.5,False,False
sess_3709,434,2025-11-26 10:12:51.216529,2026-05-29 03:21:07.186925,3,1,0,2,3,15872895.970396,0.0,True,False
sess_371,757,2025-08-28 19:51:10.214026,2025-08-28 19:51:10.214026,1,1,0,0,1,0.0,0.0,False,False
sess_3710,475,2026-05-22 08:40:40.214026,2026-05-22 08:40:40.214026,1,0,0,1,1,0.0,0.0,True,False
sess_3711,663,2025-11-01 21:56:36.186925,2026-05-07 05:02:37.216529,2,1,0,1,2,16095961.029604,0.0,True,False
sess_3712,106,2026-02-19 04:21:21.228610,2026-04-22 04:39:49.224321,2,0,1,1,2,5357907.995711,0.0,False,False
sess_3714,902,2025-09-16 01:45:01.228610,2026-06-06 15:01:06.183414,2,0,1,1,2,22770964.954804,0.0,False,False
sess_3715,157,2025-08-17 22:26:46.186925,2026-05-28 20:35:33.249957,6,2,0,4,6,24530927.063032,0.0,True,False
sess_3717,861,2025-08-05 20:49:04.237113,2025-08-05 20:49:04.237113,1,1,0,0,1,0.0,0.0,False,False
sess_3718,14,2026-02-05 01:57:32.228610,2026-03-11 07:26:13.238931,2,0,0,2,2,2957321.010321,0.0,True,False
sess_3719,719,2025-07-20 10:07:25.228610,2025-12-10 05:29:21.181409,2,2,0,0,2,12338515.952799,0.0,False,False
sess_372,398,2025-09-15 14:20:19.228610,2025-09-15 14:20:19.228610,1,0,1,0,1,0.0,0.0,False,False
sess_3720,231,2025-06-18 17:21:19.228610,2026-05-23 17:19:58.203543,6,2,3,1,6,29289518.974933,1.5,False,False
sess_3721,192,2025-06-17 11:39:11.226324,2026-04-11 20:34:37.240934,4,2,2,0,4,25779326.01461,1.0,False,False
sess_3723,507,2026-01-07 18:41:52.235934,2026-01-07 18:41:52.235934,1,0,0,1,1,0.0,0.0,True,False
sess_3724,146,2026-03-26 20:00:30.207677,2026-03-26 20:00:30.207677,1,0,1,0,1,0.0,0.0,False,False
sess_3725,885,2025-12-04 13:03:10.245946,2026-05-20 08:28:12.178635,2,2,0,0,2,14412301.932689,0.0,False,False
sess_3726,426,2025-10-03 10:27:13.186925,2025-10-03 10:27:13.186925,1,0,1,0,1,0.0,0.0,False,False
sess_3727,209,2025-07-30 02:59:17.237113,2026-04-18 05:13:44.186925,2,0,1,1,2,22644866.949812,0.0,False,False
sess_3728,261,2025-06-13 16:55:47.214026,2026-01-19 18:43:43.228610,3,2,1,0,3,19014476.014584,0.5,False,False
sess_3729,552,2025-07-08 23:19:35.228610,2025-07-08 23:19:35.228610,1,0,1,0,1,0.0,0.0,False,False
sess_373,502,2025-06-21 15:43:44.181409,2025-10-15 16:33:49.183414,2,1,1,0,2,10025405.002005,1.0,False,False
sess_3730,102,2025-08-12 10:18:21.228610,2025-09-03 01:43:53.186925,2,0,1,1,2,1869931.958315,0.0,False,False
sess_3731,942,2025-08-19 01:18:41.240934,2026-03-24 03:17:08.216529,2,1,1,0,2,18755906.975595,1.0,False,False
sess_3732,686,2025-11-04 02:10:41.195433,2026-02-14 08:05:01.249957,2,0,1,1,2,8834060.054524,0.0,False,False
sess_3735,798,2025-08-12 16:28:45.185418,2026-02-23 13:04:27.212022,3,0,3,0,3,16835742.026604,0.0,False,False
sess_3736,830,2025-07-19 04:09:29.186925,2025-11-10 22:41:41.212022,2,0,1,1,2,9916332.025097,0.0,False,False
sess_3737,592,2025-11-19 05:39:16.240934,2026-04-17 01:39:32.203543,3,2,0,1,3,12859215.962609,0.0,True,False
sess_3738,143,2026-01-27 13:56:17.240934,2026-03-25 07:53:43.245946,2,0,1,1,2,4903046.005012,0.0,False,False
sess_374,418,2025-12-14 17:09:40.242937,2025-12-14 17:09:40.242937,1,0,0,1,1,0.0,0.0,True,False
sess_3740,476,2025-11-06 06:27:11.207677,2025-12-12 12:32:41.228610,2,0,1,1,2,3132330.020933,0.0,False,False
sess_3741,324,2025-08-28 23:00:58.214026,2026-06-01 13:46:33.245946,2,0,2,0,2,23899535.03192,0.0,False,False
sess_3742,422,2025-09-04 01:12:14.240934,2026-04-01 16:52:39.181409,2,0,1,1,2,18114024.940475,0.0,False,False
sess_3743,787,2025-10-17 17:42:34.240934,2025-12-29 06:07:28.224321,4,1,1,2,4,6265493.983387,1.0,False,False
sess_3744,368,2025-07-15 20:01:20.224321,2026-01-30 11:47:31.186925,4,1,1,2,4,17163970.962604,1.0,False,False
sess_3745,1085,2025-08-12 23:40:48.209185,2025-08-12 23:40:48.209185,1,0,1,0,1,0.0,0.0,False,False
sess_3748,245,2025-10-20 09:51:05.186925,2025-11-17 17:49:59.228610,2,0,1,1,2,2447934.041685,0.0,False,False
sess_3749,1010,2025-08-05 18:10:39.227826,2026-05-09 00:30:23.237113,2,1,1,0,2,23869184.009287,1.0,False,False
sess_375,532,2025-11-16 13:19:09.253968,2026-06-08 21:00:10.243940,3,2,1,0,3,17653260.989972,0.5,False,False
sess_3750,318,2026-01-16 10:16:38.181409,2026-01-16 10:16:38.181409,1,1,0,0,1,0.0,0.0,False,False
sess_3751,233,2025-06-17 03:38:11.199974,2025-06-17 03:38:11.199974,1,1,0,0,1,0.0,0.0,False,False
sess_3752,1010,2025-07-01 17:14:25.226324,2026-03-15 21:37:23.219548,3,0,0,3,3,22220577.993224,0.0,True,False
sess_3753,375,2026-04-29 09:34:10.178635,2026-04-29 09:34:10.178635,1,0,1,0,1,0.0,0.0,False,False
sess_3754,453,2025-07-01 23:09:51.212022,2025-10-07 16:05:30.209185,2,0,0,2,2,8441738.997163,0.0,True,False
sess_3755,316,2025-09-02 20:20:42.240934,2026-05-18 19:14:43.178635,3,1,2,0,3,22287240.937701,2.0,False,False
sess_3758,876,2025-09-17 09:38:11.178635,2026-05-04 20:12:57.178635,2,0,1,1,2,19823686.0,0.0,False,False
sess_3759,1066,2025-07-14 13:48:53.178635,2026-04-12 16:16:08.228610,3,1,1,1,3,23509635.049975,1.0,False,False
sess_376,661,2025-08-27 00:06:05.185418,2026-02-27 02:11:00.251960,2,1,0,1,2,15905095.066542,0.0,True,False
sess_3760,92,2025-12-03 06:19:28.237113,2026-02-20 23:02:14.247953,2,0,0,2,2,6885766.01084,0.0,True,False
sess_3761,907,2025-10-27 23:30:44.216529,2026-01-08 06:14:04.181409,2,2,0,0,2,6244999.96488,0.0,False,False
sess_3762,641,2026-03-09 11:53:10.212022,2026-03-09 11:53:10.212022,1,1,0,0,1,0.0,0.0,False,False
sess_3763,690,2026-01-12 16:34:59.228610,2026-01-12 16:34:59.228610,1,1,0,0,1,0.0,0.0,False,False
sess_3764,1083,2025-06-17 13:20:07.203543,2026-06-02 04:48:19.245946,5,2,2,1,5,30209292.042403,1.0,False,False
sess_3765,130,2025-10-15 21:38:38.183414,2026-03-17 22:34:49.216529,2,1,1,0,2,13222571.033115,1.0,False,False
sess_3766,1090,2025-08-30 08:57:49.247953,2026-05-28 11:09:50.207677,3,1,0,2,3,23422320.959724,0.0,True,False
sess_3768,189,2025-11-18 12:09:46.186925,2025-11-18 12:09:46.186925,1,0,1,0,1,0.0,0.0,False,False
sess_3769,288,2025-10-25 09:15:46.212022,2025-11-01 05:19:23.178635,2,1,1,0,2,590616.966613,1.0,False,False
sess_3770,877,2026-01-05 06:30:42.209185,2026-01-05 06:30:42.209185,1,0,0,1,1,0.0,0.0,True,False
sess_3771,528,2026-01-17 19:03:49.209185,2026-03-25 20:58:02.183414,2,0,0,2,2,5795652.974229,0.0,True,False
sess_3772,348,2025-08-27 11:26:55.228610,2025-08-27 11:26:55.228610,1,0,1,0,1,0.0,0.0,False,False
sess_3773,212,2025-06-17 16:00:34.224321,2025-06-17 16:00:34.224321,1,0,1,0,1,0.0,0.0,False,False
sess_3774,247,2025-08-08 08:53:58.186925,2026-04-19 00:41:44.224321,3,1,2,0,3,21916066.037396,2.0,False,False
sess_3775,736,2025-12-24 17:17:12.186925,2025-12-24 17:17:12.186925,1,0,0,1,1,0.0,0.0,True,False
sess_3776,751,2026-01-08 05:09:09.228610,2026-01-24 21:00:21.228610,2,0,2,0,2,1439472.0,0.0,False,False
sess_3777,622,2025-09-19 18:03:32.212022,2025-10-19 06:07:27.216529,2,0,1,1,2,2549035.004507,0.0,False,False
sess_378,557,2025-10-01 00:46:47.238931,2025-12-20 18:27:51.240934,3,0,2,1,3,6975664.002003,0.0,False,False
sess_3780,936,2025-07-05 16:23:45.222317,2026-03-21 04:52:52.228610,2,1,0,1,2,22336147.006293,0.0,True,False
sess_3781,999,2025-07-20 15:12:07.240934,2025-12-14 23:48:27.242937,3,1,2,0,3,12731780.002003,2.0,False,False
sess_3782,603,2025-08-31 13:57:18.181409,2026-05-08 22:49:41.249957,5,1,1,3,5,21631943.068548,1.0,False,False
sess_3783,978,2026-03-01 14:40:11.224321,2026-03-15 00:20:08.186925,2,0,2,0,2,1157996.962604,0.0,False,False
sess_3784,374,2025-08-25 06:14:32.226324,2025-08-25 06:14:32.226324,1,0,1,0,1,0.0,0.0,False,False
sess_3785,74,2026-01-05 23:29:28.247953,2026-04-28 10:09:44.240934,3,0,2,1,3,9715215.992981,0.0,False,False
sess_3786,610,2025-06-11 16:02:58.186925,2025-10-09 17:50:47.178635,2,2,0,0,2,10374468.99171,0.0,False,False
sess_3787,804,2025-08-27 07:34:21.228610,2026-04-13 16:27:18.228610,3,1,0,2,3,19817577.0,0.0,True,False
sess_3789,1026,2025-10-26 13:53:19.249957,2026-05-03 05:27:16.238931,3,1,2,0,3,16299236.988974,2.0,False,False
sess_379,773,2025-09-02 23:23:43.235934,2025-09-02 23:23:43.235934,1,0,0,1,1,0.0,0.0,True,False
sess_3790,1000,2026-02-16 02:40:16.181409,2026-02-16 02:40:16.181409,1,1,0,0,1,0.0,0.0,False,False
sess_3791,887,2025-09-30 03:11:04.186925,2025-09-30 03:11:04.186925,1,1,0,0,1,0.0,0.0,False,False
sess_3792,785,2026-01-01 22:48:48.243940,2026-01-12 16:42:47.242937,2,0,2,0,2,928438.998997,0.0,False,False
sess_3793,434,2025-11-16 23:37:43.186925,2025-11-16 23:37:43.186925,1,0,1,0,1,0.0,0.0,False,False
sess_3794,3,2025-08-11 09:58:52.228610,2025-09-16 11:09:25.186925,2,1,0,1,2,3114632.958315,0.0,True,False
sess_3795,1027,2025-08-06 16:24:44.237113,2026-06-01 07:15:01.245946,2,0,0,2,2,25800617.008833,0.0,True,False
sess_3796,635,2025-08-05 16:29:59.245946,2025-11-10 05:38:22.212022,3,1,2,0,3,8341702.966076,2.0,False,False
sess_3797,941,2026-03-07 02:47:05.199974,2026-06-04 10:26:15.197951,3,2,1,0,3,7717149.997977,0.5,False,False
sess_3799,69,2025-10-28 19:02:36.224321,2026-02-21 13:30:34.202536,2,1,0,1,2,10002477.978215,0.0,True,False
sess_38,489,2025-09-02 23:37:14.207677,2026-05-15 06:20:30.228610,2,0,1,1,2,21969796.020933,0.0,False,False
sess_380,214,2025-12-16 18:09:51.235934,2025-12-16 18:09:51.235934,1,0,1,0,1,0.0,0.0,False,False
sess_3800,101,2025-12-18 23:28:38.245946,2026-04-14 21:09:17.235934,4,2,1,1,4,10100438.989988,0.5,False,False
sess_3803,1057,2026-01-12 15:36:26.186925,2026-03-22 13:56:06.202536,3,1,1,1,3,5955580.015611,1.0,False,False
sess_3804,568,2025-08-07 09:36:54.247953,2025-12-02 04:50:25.226324,3,1,2,0,3,10091610.978371,2.0,False,False
sess_3805,723,2025-07-23 17:47:49.183414,2025-08-18 02:20:54.222317,2,1,0,1,2,2190785.038903,0.0,True,False
sess_3806,805,2026-04-26 13:21:33.212022,2026-04-26 13:21:33.212022,1,0,1,0,1,0.0,0.0,False,False
sess_3807,543,2025-09-03 00:43:38.242937,2026-01-12 21:47:07.228610,2,0,1,1,2,11394208.985673,0.0,False,False
sess_3808,857,2026-01-12 20:33:33.228610,2026-01-12 20:33:33.228610,1,0,1,0,1,0.0,0.0,False,False
sess_3809,406,2026-02-18 22:33:09.238931,2026-02-18 22:33:09.238931,1,0,1,0,1,0.0,0.0,False,False
sess_381,37,2025-09-22 09:17:25.203543,2026-01-01 23:42:16.226324,4,4,0,0,4,8778291.022781,0.0,False,False
sess_3810,587,2026-01-30 23:14:35.228610,2026-01-30 23:14:35.228610,1,0,0,1,1,0.0,0.0,True,False
sess_3811,533,2026-01-15 20:58:03.226324,2026-02-22 22:53:40.209185,2,0,1,1,2,3290136.982861,0.0,False,False
sess_3812,872,2025-06-22 00:50:35.224321,2026-05-10 21:02:58.228610,3,2,0,1,3,27893543.004289,0.0,True,False
sess_3813,471,2025-07-02 10:32:49.251960,2026-03-05 18:59:06.253968,5,0,3,2,5,21284777.002008,0.0,False,False
sess_3814,329,2025-10-23 15:09:50.183414,2025-10-23 15:09:50.183414,1,0,1,0,1,0.0,0.0,False,False
sess_3816,453,2025-09-22 17:26:33.212022,2025-11-07 02:29:42.186925,2,1,1,0,2,3920588.974903,1.0,False,False
sess_3817,1073,2026-03-10 04:07:37.242937,2026-04-20 23:21:55.186925,2,2,0,0,2,3611657.943988,0.0,False,False
sess_3818,168,2025-12-04 00:58:12.243940,2026-03-13 18:14:06.212022,2,0,0,2,2,8615753.968082,0.0,True,False
sess_382,1041,2026-02-12 17:10:02.199974,2026-04-05 01:51:16.243940,2,2,0,0,2,4437674.043966,0.0,False,False
sess_3820,425,2026-01-27 05:53:24.183414,2026-02-18 22:04:14.247953,2,0,1,1,2,1959050.064539,0.0,False,False
sess_3821,659,2025-09-10 13:01:08.183414,2026-03-19 15:47:04.224321,4,1,1,2,4,16425956.040907,1.0,False,False
sess_3822,112,2025-09-17 19:29:46.249957,2025-09-17 19:29:46.249957,1,0,1,0,1,0.0,0.0,False,False
sess_3824,185,2025-12-28 14:19:16.219548,2026-02-11 07:25:57.209185,3,2,0,1,3,3863200.989637,0.0,True,False
sess_3826,526,2026-02-02 15:48:14.199974,2026-02-02 15:48:14.199974,1,1,0,0,1,0.0,0.0,False,False
sess_3827,476,2026-01-18 03:43:56.203543,2026-04-29 03:59:37.209185,2,1,1,0,2,8727341.005642,1.0,False,False
sess_3829,542,2025-11-23 10:56:42.219548,2026-04-22 17:05:22.227826,3,0,2,1,3,12982120.008278,0.0,False,False
sess_383,521,2025-11-11 23:41:59.186925,2026-02-17 22:42:16.228610,2,0,0,2,2,8463617.041685,0.0,True,False
sess_3830,867,2025-10-13 13:38:56.224321,2026-06-10 06:09:46.228610,3,2,0,1,3,20709050.004289,0.0,True,False
sess_3832,830,2026-06-04 02:41:17.211204,2026-06-04 02:41:17.211204,1,0,1,0,1,0.0,0.0,False,False
sess_3833,1069,2025-10-30 20:25:46.186925,2026-05-18 22:42:08.212022,2,1,0,1,2,17288182.025097,0.0,True,False
sess_3834,46,2025-10-07 16:53:39.186925,2026-01-06 17:59:25.186925,2,2,0,0,2,7866346.0,0.0,False,False
sess_3835,112,2025-07-03 05:03:15.228610,2026-06-04 06:39:48.235934,2,2,0,0,2,29036193.007324,0.0,False,False
sess_3836,534,2025-08-16 00:32:17.216529,2026-01-20 23:44:29.249957,2,1,0,1,2,13648332.033428,0.0,True,False
sess_3837,820,2025-06-27 15:31:20.226324,2025-09-23 12:40:35.228610,4,3,1,0,4,7592955.002286,0.3333333333333333,False,False
sess_3838,271,2025-06-21 23:59:43.224321,2026-06-06 05:08:01.178635,4,0,3,1,4,30172097.954314,0.0,False,False
sess_3839,672,2025-07-28 02:25:03.228610,2025-07-28 02:25:03.228610,1,0,0,1,1,0.0,0.0,True,False
sess_384,793,2025-10-11 07:03:16.228610,2026-02-11 04:44:18.181409,4,0,2,2,4,10618861.952799,0.0,False,False
sess_3840,502,2025-10-19 09:46:11.186925,2026-04-21 03:23:16.219548,4,2,1,1,4,15874625.032623,0.5,False,False
sess_3842,611,2025-06-20 11:14:01.249957,2026-03-01 22:30:20.186925,3,0,2,1,3,21986178.936968,0.0,False,False
sess_3844,1076,2025-06-26 04:09:05.238931,2026-01-21 01:57:32.224321,3,3,0,0,3,18049706.98539,0.0,False,False
sess_3845,323,2025-07-05 17:34:51.238931,2026-05-23 14:56:53.254569,6,2,2,2,6,27811322.015638,1.0,False,False
sess_3846,866,2025-11-07 09:41:58.235934,2025-11-07 09:41:58.235934,1,0,1,0,1,0.0,0.0,False,False
sess_3847,628,2025-09-06 11:43:11.216529,2026-01-01 05:40:38.228610,3,1,0,2,3,10087047.012081,0.0,True,False
sess_3848,893,2025-11-10 18:53:08.185418,2026-01-06 07:04:07.228610,3,1,2,0,3,4882259.043192,2.0,False,False
sess_3849,534,2025-07-17 12:02:48.247953,2025-07-20 06:03:33.178635,2,1,0,1,2,237644.930682,0.0,True,False
sess_3850,109,2025-10-11 21:02:31.247953,2026-06-09 09:52:14.249957,2,1,0,1,2,20782183.002004,0.0,True,False
sess_3851,402,2025-06-24 05:47:12.203543,2025-10-08 06:40:01.214026,3,1,2,0,3,9161569.010483,2.0,False,False
sess_3852,118,2025-12-29 08:14:01.238931,2025-12-29 08:14:01.238931,1,1,0,0,1,0.0,0.0,False,False
sess_3853,502,2025-07-16 13:39:19.216529,2026-04-22 05:32:33.238931,4,1,2,1,4,24162794.022402,2.0,False,False
sess_3854,471,2025-08-01 00:15:24.251960,2026-02-24 21:17:02.228610,3,1,1,1,3,17960497.97665,1.0,False,False
sess_3856,477,2026-03-06 18:19:18.186925,2026-03-25 16:35:38.218542,2,2,0,0,2,1635380.031617,0.0,False,False
sess_3857,1065,2025-12-28 15:42:17.228610,2025-12-28 15:42:17.228610,1,1,0,0,1,0.0,0.0,False,False
sess_3858,407,2025-07-05 10:22:34.245946,2025-07-05 10:22:34.245946,1,0,0,1,1,0.0,0.0,True,False
sess_3859,773,2025-10-24 15:30:55.227826,2025-10-31 14:30:01.186925,2,0,1,1,2,601145.959099,0.0,False,False
sess_386,762,2025-11-21 04:27:26.228610,2026-01-14 17:30:51.249957,2,2,0,0,2,4712605.021347,0.0,False,False
sess_3860,932,2025-06-12 00:35:56.228610,2026-05-04 05:54:42.214026,5,2,1,2,5,28185525.985416,0.5,False,False
sess_3861,681,2025-06-26 00:25:17.226324,2025-08-27 02:26:05.185418,2,0,1,1,2,5364047.959094,0.0,False,False
sess_3862,929,2025-12-05 16:16:26.185418,2025-12-05 16:16:26.185418,1,1,0,0,1,0.0,0.0,False,False
sess_3863,151,2026-06-07 03:18:55.247953,2026-06-07 03:18:55.247953,1,1,0,0,1,0.0,0.0,False,False
sess_3864,93,2025-11-24 08:25:51.228610,2026-02-17 20:02:35.249957,2,2,0,0,2,7385804.021347,0.0,False,False
sess_3865,1002,2025-08-19 20:36:05.199974,2026-02-20 07:30:22.216529,3,1,1,1,3,15936857.016555,1.0,False,False
sess_3867,209,2025-07-22 03:39:50.227826,2025-07-22 03:39:50.227826,1,1,0,0,1,0.0,0.0,False,False
sess_3868,907,2025-12-29 11:42:44.228610,2025-12-29 11:42:44.228610,1,1,0,0,1,0.0,0.0,False,False
sess_3869,128,2025-10-04 06:01:56.216529,2026-01-26 17:34:38.199974,2,0,1,1,2,9891161.983445,0.0,False,False
sess_387,695,2025-08-20 17:53:04.224321,2026-01-10 11:11:34.228610,3,2,0,1,3,12331110.004289,0.0,True,False
sess_3870,1051,2026-04-06 06:05:04.199974,2026-04-06 06:05:04.199974,1,0,0,1,1,0.0,0.0,True,False
sess_3871,29,2025-10-11 19:53:04.197951,2026-01-08 19:32:24.253968,4,1,2,1,4,7688360.056017,2.0,False,False
sess_3872,253,2025-06-22 10:56:42.228610,2026-06-09 06:33:53.226324,4,1,3,0,4,30397030.997714,3.0,False,False
sess_3874,56,2025-08-27 11:48:14.226324,2026-04-08 16:07:51.228610,3,1,2,0,3,19369177.002286,2.0,False,False
sess_3875,787,2025-07-26 19:10:03.212022,2025-08-07 08:30:45.219548,2,0,0,2,2,998442.007526,0.0,True,False
sess_3876,1065,2025-09-06 01:53:10.226324,2025-09-06 01:53:10.226324,1,1,0,0,1,0.0,0.0,False,False
sess_3877,803,2025-06-23 11:28:22.214026,2025-11-05 12:11:25.247953,4,1,1,2,4,11666583.033927,1.0,False,False
sess_3879,694,2025-09-29 20:25:11.228610,2025-11-14 23:16:40.216529,2,1,1,0,2,3984688.987919,1.0,False,False
sess_388,718,2025-12-19 21:43:51.228610,2026-04-02 17:04:09.186925,2,0,2,0,2,8968817.958315,0.0,False,False
sess_3880,117,2025-11-11 11:10:56.238931,2025-11-11 11:10:56.238931,1,0,0,1,1,0.0,0.0,True,False
sess_3881,378,2025-10-22 14:27:25.240934,2025-12-14 07:08:55.181409,2,2,0,0,2,4552889.940475,0.0,False,False
sess_3882,1039,2025-09-15 23:44:18.249957,2025-11-22 00:42:16.186925,2,0,1,1,2,5792277.936968,0.0,False,False
sess_3883,966,2025-09-23 17:48:19.228610,2026-01-07 15:08:30.228610,2,0,1,1,2,9148811.0,0.0,False,False
sess_3884,776,2025-06-25 07:47:26.228610,2025-11-07 14:48:30.186925,3,1,0,2,3,11689263.958315,0.0,True,False
sess_3885,300,2025-08-11 02:13:03.186925,2025-10-05 11:06:08.186925,2,0,1,1,2,4783985.0,0.0,False,False
sess_3886,637,2025-07-05 04:31:36.238931,2026-03-16 13:35:21.216529,5,2,0,3,5,21978224.977598,0.0,True,False
sess_3887,79,2025-07-08 03:45:38.186925,2026-03-10 15:24:53.228610,2,0,1,1,2,21209955.041685,0.0,False,False
sess_3888,731,2025-08-30 09:53:18.249957,2026-01-24 18:25:54.228610,2,1,0,1,2,12731555.978653,0.0,True,False
sess_389,166,2025-10-24 18:55:06.243940,2026-01-07 16:26:49.181409,2,1,0,1,2,6471102.937469,0.0,True,False
sess_3891,712,2025-12-25 21:47:03.226324,2025-12-25 21:47:03.226324,1,0,1,0,1,0.0,0.0,False,False
sess_3892,564,2025-11-08 22:12:48.197951,2025-11-08 22:12:48.197951,1,1,0,0,1,0.0,0.0,False,False
sess_3893,485,2025-06-17 15:59:25.237113,2026-02-19 01:16:41.186925,2,0,1,1,2,21287835.949812,0.0,False,False
sess_3895,702,2025-08-23 01:13:02.242937,2026-03-10 17:19:05.197951,2,0,1,1,2,17251562.955014,0.0,False,False
sess_3897,87,2026-06-07 05:37:44.240934,2026-06-07 05:37:44.240934,1,1,0,0,1,0.0,0.0,False,False
sess_3898,313,2025-11-09 09:13:35.228610,2026-04-19 04:43:33.240934,2,0,1,1,2,13894198.012324,0.0,False,False
sess_3899,607,2025-11-16 02:23:12.224321,2026-02-15 11:27:40.185418,3,0,1,2,3,7895067.961097,0.0,False,False
sess_39,1,2025-11-03 03:22:18.249957,2025-11-03 03:22:18.249957,1,1,0,0,1,0.0,0.0,False,False
sess_390,527,2026-01-04 16:22:22.228610,2026-01-04 16:22:22.228610,1,1,0,0,1,0.0,0.0,False,False
sess_3900,757,2025-09-17 12:45:37.237113,2026-04-05 15:07:57.237113,4,1,1,2,4,17288540.0,1.0,False,False
sess_3901,967,2026-03-03 08:56:39.224321,2026-03-03 08:56:39.224321,1,1,0,0,1,0.0,0.0,False,False
sess_3902,243,2026-05-05 16:31:57.237113,2026-05-05 16:31:57.237113,1,1,0,0,1,0.0,0.0,False,False
sess_3903,806,2025-11-10 01:49:02.199974,2025-12-02 06:13:00.240934,2,1,0,1,2,1916638.04096,0.0,True,False
sess_3904,265,2025-10-14 22:10:34.240934,2025-11-18 19:13:54.237113,2,2,0,0,2,3013399.996179,0.0,False,False
sess_3905,1040,2025-12-25 05:25:19.237113,2026-05-20 17:41:28.224321,3,2,0,1,3,12658568.987208,0.0,True,False
sess_3906,1049,2026-04-04 04:03:17.245946,2026-05-17 16:50:16.186925,2,0,2,0,2,3761218.940979,0.0,False,False
sess_3907,38,2025-10-21 15:08:56.226324,2026-04-23 22:12:14.212022,3,0,2,1,3,15922997.985698,0.0,False,False
sess_3908,1032,2025-08-07 09:07:57.209185,2025-08-07 09:07:57.209185,1,0,0,1,1,0.0,0.0,True,False
sess_3909,488,2025-10-08 12:14:09.181409,2025-10-08 12:14:09.181409,1,0,0,1,1,0.0,0.0,True,False
sess_391,437,2025-07-07 18:30:08.249957,2025-12-29 05:00:36.245946,3,1,0,2,3,15071427.995989,0.0,True,False
sess_3910,1059,2026-04-17 13:07:08.199974,2026-04-17 13:07:08.199974,1,1,0,0,1,0.0,0.0,False,False
sess_3911,456,2025-09-22 01:48:35.226324,2026-05-28 03:07:29.227826,3,0,2,1,3,21431934.001502,0.0,False,False
sess_3912,482,2025-07-08 05:09:56.222317,2026-03-02 22:21:50.237113,3,1,2,0,3,20538714.014796,2.0,False,False
sess_3914,80,2025-08-06 19:17:03.228610,2026-01-19 04:52:26.197951,4,1,1,2,4,14290522.969341,1.0,False,False
sess_3915,472,2025-08-28 23:04:29.253968,2025-10-02 02:00:03.214026,2,0,2,0,2,2948133.960058,0.0,False,False
sess_3916,249,2026-01-21 18:28:12.245946,2026-03-04 18:55:44.185418,2,0,1,1,2,3630451.939472,0.0,False,False
sess_3917,618,2025-07-31 13:54:46.214026,2026-03-19 19:27:16.226324,2,1,1,0,2,19978350.012298,1.0,False,False
sess_3918,1053,2025-07-14 22:18:13.183414,2025-12-21 12:46:25.183414,2,1,1,0,2,13789692.0,1.0,False,False
sess_3919,176,2025-12-24 04:06:24.249957,2026-05-24 20:43:10.186925,6,3,1,2,6,13106205.936968,0.3333333333333333,False,False
sess_392,799,2026-01-12 04:40:59.186925,2026-04-06 15:46:21.224321,3,1,2,0,3,7297522.037396,2.0,False,False
sess_3920,1099,2025-11-07 14:34:25.238931,2025-11-07 14:34:25.238931,1,1,0,0,1,0.0,0.0,False,False
sess_3921,463,2026-01-15 19:32:02.214026,2026-02-14 14:05:57.186925,2,0,1,1,2,2572434.972899,0.0,False,False
sess_3923,423,2026-01-21 19:14:47.186925,2026-04-22 16:38:19.216529,2,1,0,1,2,7853012.029604,0.0,True,False
sess_3925,170,2025-12-19 22:09:27.181409,2026-01-23 15:30:18.209185,2,0,0,2,2,3000051.027776,0.0,True,False
sess_3926,688,2026-01-17 16:22:50.186925,2026-05-27 09:05:35.224321,2,0,0,2,2,11205765.037396,0.0,True,False
sess_3927,741,2025-09-30 13:50:19.185418,2025-12-25 14:27:50.224321,2,1,0,1,2,7432651.038903,0.0,True,False
sess_3929,206,2025-06-25 11:05:56.240934,2026-05-10 13:53:38.197951,5,0,3,2,5,27571661.957017,0.0,False,False
sess_393,403,2025-08-03 01:21:03.228610,2026-01-06 09:53:20.243940,2,1,0,1,2,13509137.01533,0.0,True,False
sess_3930,925,2025-12-25 06:09:29.178635,2026-04-09 06:50:02.195433,3,1,1,1,3,9074433.016798,1.0,False,False
sess_3931,192,2026-05-12 14:32:15.228610,2026-05-12 14:32:15.228610,1,0,0,1,1,0.0,0.0,True,False
sess_3932,1097,2025-10-28 16:24:02.183414,2026-06-03 15:38:00.228610,2,2,0,0,2,18832438.045196,0.0,False,False
sess_3933,269,2025-08-23 10:39:47.251960,2025-10-28 06:29:36.178635,2,0,1,1,2,5687388.926675,0.0,False,False
sess_3935,309,2025-10-26 14:12:06.186925,2025-10-26 14:12:06.186925,1,0,0,1,1,0.0,0.0,True,False
sess_3937,393,2025-10-15 19:34:33.183414,2026-01-28 15:29:03.224321,3,1,1,1,3,9057270.040907,1.0,False,False
sess_3938,949,2025-09-26 10:06:32.242937,2026-06-02 03:54:44.228610,5,1,2,2,5,21491291.985673,2.0,False,False
sess_3939,845,2026-01-01 11:04:57.186925,2026-05-21 17:40:00.212022,3,1,1,1,3,12119703.025097,1.0,False,False
sess_394,729,2025-09-27 18:17:51.219548,2025-12-31 19:09:14.181409,2,1,0,1,2,8211082.961861,0.0,True,False
sess_3940,713,2025-08-21 09:47:07.219548,2026-03-08 22:22:57.238931,4,2,2,0,4,17238950.019383,1.0,False,False
sess_3941,15,2025-10-13 01:31:57.212022,2026-04-14 22:54:25.214026,3,1,0,2,3,15888148.002004,0.0,True,False
sess_3943,140,2025-11-10 09:02:20.228610,2025-11-10 09:02:20.228610,1,1,0,0,1,0.0,0.0,False,False
sess_3944,958,2025-07-24 10:36:03.228610,2026-04-03 00:38:31.228610,3,1,1,1,3,21823348.0,1.0,False,False
sess_3945,696,2025-07-08 22:37:19.186925,2025-08-31 15:22:40.212022,2,1,1,0,2,4639521.025097,1.0,False,False
sess_3946,421,2025-08-28 07:29:11.228610,2025-08-28 07:29:11.228610,1,1,0,0,1,0.0,0.0,False,False
sess_3947,1080,2025-06-18 11:05:52.214026,2025-10-07 02:56:58.186925,3,1,2,0,3,9561065.972899,2.0,False,False
sess_3948,24,2025-08-07 03:34:35.186925,2026-05-18 08:37:58.181409,4,0,2,2,4,24555802.994484,0.0,False,False
sess_3949,1052,2026-01-19 03:23:29.183414,2026-01-22 18:31:50.195433,2,1,0,1,2,313701.012019,0.0,True,False
sess_3950,6,2025-06-12 10:52:24.209185,2026-04-16 12:33:48.197951,6,1,3,2,6,26617283.988766,3.0,False,False
sess_3951,85,2025-07-06 22:28:46.186925,2025-07-06 22:28:46.186925,1,1,0,0,1,0.0,0.0,False,False
sess_3952,765,2025-07-12 14:11:33.185418,2025-07-12 14:11:33.185418,1,1,0,0,1,0.0,0.0,False,False
sess_3953,800,2025-06-15 18:58:44.226324,2026-04-12 00:00:38.228610,3,0,3,0,3,25938114.002286,0.0,False,False
sess_3955,474,2026-04-04 19:52:08.254569,2026-04-04 19:52:08.254569,1,0,0,1,1,0.0,0.0,True,False
sess_3957,163,2025-07-31 14:56:06.228610,2026-01-19 17:41:47.186925,2,0,2,0,2,14870740.958315,0.0,False,False
sess_3958,704,2025-09-16 08:00:09.178635,2026-05-21 09:37:38.228610,4,2,0,2,4,21346649.049975,0.0,True,False
sess_3959,171,2025-09-02 19:24:29.235934,2026-03-08 00:18:43.249957,6,3,1,2,6,16088054.014023,0.3333333333333333,False,False
sess_396,121,2025-10-22 00:01:38.178635,2026-01-24 12:43:56.202536,2,0,0,2,2,8167338.023901,0.0,True,False
sess_3960,1093,2025-11-08 09:35:59.212022,2025-12-15 13:01:31.185418,2,0,2,0,2,3209131.973396,0.0,False,False
sess_3961,661,2025-12-17 19:18:07.186925,2026-03-11 21:48:24.228610,2,1,1,0,2,7266617.041685,1.0,False,False
sess_3962,244,2025-06-20 12:42:35.178635,2026-05-25 21:01:03.178635,5,2,0,3,5,29319508.0,0.0,True,False
sess_3963,245,2026-02-12 20:14:49.224321,2026-04-29 14:32:07.214026,3,2,0,1,3,6545837.989705,0.0,True,False
sess_3964,121,2025-11-28 02:54:17.245946,2026-01-05 03:29:12.237113,2,1,1,0,2,3285294.991167,1.0,False,False
sess_3966,808,2025-08-10 11:42:34.212022,2026-06-06 15:19:02.186925,2,1,1,0,2,25932987.974903,1.0,False,False
sess_3967,867,2025-07-17 08:21:56.228610,2025-07-17 08:21:56.228610,1,1,0,0,1,0.0,0.0,False,False
sess_3968,720,2025-11-02 13:42:32.237113,2025-11-02 13:42:32.237113,1,0,1,0,1,0.0,0.0,False,False
sess_3969,952,2025-07-18 11:44:57.226324,2026-05-04 17:45:03.209185,2,0,2,0,2,25077605.982861,0.0,False,False
sess_397,572,2026-02-23 06:07:41.235934,2026-05-01 09:41:28.228610,3,2,0,1,3,5801626.992676,0.0,True,False
sess_3970,680,2026-02-19 01:28:00.219548,2026-05-01 14:14:35.240934,2,0,1,1,2,6180395.021386,0.0,False,False
sess_3971,164,2025-07-12 20:53:56.186925,2026-03-28 11:48:03.251960,4,1,1,2,4,22344847.065035,1.0,False,False
sess_3972,705,2025-11-10 14:04:39.228610,2025-11-10 14:04:39.228610,1,0,0,1,1,0.0,0.0,True,False
sess_3973,382,2025-09-29 04:22:47.197951,2025-09-29 04:22:47.197951,1,0,0,1,1,0.0,0.0,True,False
sess_3974,435,2025-09-24 11:59:39.228610,2025-12-08 03:29:01.183414,2,0,0,2,2,6449361.954804,0.0,True,False
sess_3975,192,2025-06-12 12:44:20.228610,2026-02-19 18:12:30.228610,3,1,1,1,3,21792490.0,1.0,False,False
sess_3976,188,2025-07-06 18:10:05.181409,2026-02-12 02:34:58.199974,3,0,1,2,3,19038293.018565,0.0,False,False
sess_3977,1007,2026-05-27 13:24:05.226324,2026-05-27 13:24:05.226324,1,1,0,0,1,0.0,0.0,False,False
sess_3978,995,2025-09-27 17:07:50.228610,2026-05-18 00:53:49.235934,3,1,1,1,3,20072759.007324,1.0,False,False
sess_398,867,2025-11-05 10:31:40.228610,2026-02-10 00:27:34.183414,2,0,0,2,2,8344553.954804,0.0,True,False
sess_3980,469,2025-11-08 21:14:21.216529,2026-05-13 15:46:58.186925,3,1,1,1,3,16050756.970396,1.0,False,False
sess_3983,259,2025-07-19 17:12:23.199974,2026-01-20 06:34:52.212022,3,1,1,1,3,15945749.012048,1.0,False,False
sess_3984,605,2025-12-07 22:52:04.247953,2026-01-30 07:17:32.228610,2,0,1,1,2,4609527.980657,0.0,False,False
sess_3985,326,2025-09-13 21:24:09.183414,2025-09-13 21:24:09.183414,1,0,0,1,1,0.0,0.0,True,False
sess_3986,563,2025-06-15 01:04:04.186925,2026-04-10 08:20:01.249957,2,0,0,2,2,25859757.063032,0.0,True,False
sess_3987,450,2025-06-30 22:01:35.214026,2026-01-14 12:22:59.247953,2,0,1,1,2,17072484.033927,0.0,False,False
sess_3988,171,2025-06-22 09:56:08.214026,2026-05-20 05:39:27.245946,6,2,2,2,6,28669399.03192,1.0,False,False
sess_3989,584,2026-04-12 08:46:56.247953,2026-04-12 08:46:56.247953,1,0,0,1,1,0.0,0.0,True,False
sess_399,229,2025-08-24 20:26:51.228610,2025-12-11 19:02:58.251960,4,1,1,2,4,9412567.02335,1.0,False,False
sess_3990,825,2025-12-25 13:41:08.249957,2025-12-25 13:41:08.249957,1,0,0,1,1,0.0,0.0,True,False
sess_3991,48,2025-07-31 00:24:12.183414,2025-12-09 04:22:20.243940,2,0,2,0,2,11332688.060526,0.0,False,False
sess_3993,794,2026-04-02 09:11:23.222317,2026-04-02 09:11:23.222317,1,1,0,0,1,0.0,0.0,False,False
sess_3994,95,2025-09-30 04:35:58.186925,2026-04-23 02:12:09.216529,4,0,0,4,4,17703371.029604,0.0,True,False
sess_3995,545,2025-10-06 06:31:42.181409,2026-06-05 17:29:26.183414,2,1,0,1,2,20948264.002005,0.0,True,False
sess_3996,954,2026-01-05 04:30:29.242937,2026-01-05 04:30:29.242937,1,1,0,0,1,0.0,0.0,False,False
sess_3997,366,2025-09-16 06:35:52.237113,2025-10-02 21:38:32.216529,3,1,1,1,3,1436559.979416,1.0,False,False
sess_3998,43,2025-06-19 11:38:31.228610,2026-05-26 06:43:33.237113,4,0,2,2,4,29444702.008503,0.0,False,False
sess_3999,879,2025-10-18 13:21:58.226324,2026-06-11 23:00:07.218542,2,1,0,1,2,20425088.992218,0.0,True,False
sess_4,966,2025-12-30 12:47:35.228610,2026-03-12 10:02:52.240934,2,1,0,1,2,6210917.012324,0.0,True,False
sess_40,845,2025-08-01 13:53:37.186925,2026-03-12 22:34:45.243940,3,1,2,0,3,19298468.057015,2.0,False,False
sess_4000,938,2025-07-24 15:38:13.212022,2025-07-24 15:38:13.212022,1,1,0,0,1,0.0,0.0,False,False
sess_4001,27,2025-10-07 20:38:49.224321,2025-10-20 08:15:05.214026,2,1,0,1,2,1078575.989705,0.0,True,False
sess_4002,646,2025-12-16 02:13:44.228610,2025-12-16 02:13:44.228610,1,1,0,0,1,0.0,0.0,False,False
sess_4004,893,2025-08-22 09:31:49.212022,2026-02-25 04:55:30.245946,3,1,1,1,3,16140221.033924,1.0,False,False
sess_4005,367,2025-07-04 06:56:27.249957,2025-12-18 07:16:52.178635,4,1,0,3,4,14430024.928678,0.0,True,False
sess_4006,1008,2025-06-18 02:05:11.186925,2026-04-28 14:10:02.222317,4,1,0,3,4,27173091.035392,0.0,True,False
sess_4009,1084,2026-01-20 18:19:22.238931,2026-01-20 18:19:22.238931,1,0,0,1,1,0.0,0.0,True,False
sess_4011,67,2026-04-10 08:37:05.251960,2026-04-10 08:37:05.251960,1,0,1,0,1,0.0,0.0,False,False
sess_4013,391,2025-08-01 05:34:25.243940,2025-08-01 05:34:25.243940,1,0,0,1,1,0.0,0.0,True,False
sess_4014,658,2025-11-15 10:31:49.253968,2025-11-15 10:31:49.253968,1,0,1,0,1,0.0,0.0,False,False
sess_4015,525,2026-05-24 03:36:37.186925,2026-05-24 03:36:37.186925,1,0,0,1,1,0.0,0.0,True,False
sess_4016,681,2025-09-01 05:41:40.209185,2026-03-16 02:26:00.186925,3,0,2,1,3,16922659.97774,0.0,False,False
sess_4017,851,2025-09-29 16:25:50.228610,2026-03-31 20:00:54.228610,3,2,1,0,3,15824104.0,0.5,False,False
sess_4018,235,2025-07-23 20:56:36.214026,2025-07-23 20:56:36.214026,1,0,1,0,1,0.0,0.0,False,False
sess_4020,27,2025-09-11 08:39:32.240934,2025-12-25 17:55:50.209185,2,1,1,0,2,9105377.968251,1.0,False,False
sess_4021,67,2025-12-22 13:25:45.235934,2025-12-22 13:25:45.235934,1,1,0,0,1,0.0,0.0,False,False
sess_4023,266,2026-02-14 11:22:33.251960,2026-02-14 11:22:33.251960,1,0,1,0,1,0.0,0.0,False,False
sess_4024,254,2026-01-01 23:47:46.185418,2026-03-15 07:48:05.186925,3,2,0,1,3,6249619.001507,0.0,True,False
sess_4027,1052,2025-10-01 14:56:07.228610,2026-02-02 19:09:17.218542,2,0,0,2,2,10728789.989932,0.0,True,False
sess_4028,380,2025-07-06 21:50:52.186925,2025-07-06 21:50:52.186925,1,1,0,0,1,0.0,0.0,False,False
sess_4029,1059,2025-08-28 08:56:12.218542,2026-04-08 22:50:46.186925,4,1,2,1,4,19317273.968383,2.0,False,False
sess_403,257,2026-04-07 03:13:41.228610,2026-04-07 03:13:41.228610,1,0,1,0,1,0.0,0.0,False,False
sess_4030,199,2025-10-13 15:05:01.245946,2025-10-13 15:05:01.245946,1,0,0,1,1,0.0,0.0,True,False
sess_4031,1088,2025-07-11 20:38:05.186925,2026-03-05 07:54:45.219548,4,0,2,2,4,20431000.032623,0.0,False,False
sess_4032,1010,2025-09-08 22:53:21.181409,2025-09-08 22:53:21.181409,1,1,0,0,1,0.0,0.0,False,False
sess_4033,209,2025-06-15 05:42:31.226324,2025-09-05 21:55:54.222317,3,2,0,1,3,7143202.995993,0.0,True,False
sess_4034,544,2025-08-03 18:32:38.247953,2026-05-30 14:32:11.178635,2,0,1,1,2,25905572.930682,0.0,False,False
sess_4035,451,2025-07-01 00:05:31.181409,2025-11-02 18:23:27.228610,3,0,3,0,3,10779476.047201,0.0,False,False
sess_4036,298,2026-04-05 11:25:28.212022,2026-04-05 11:25:28.212022,1,0,1,0,1,0.0,0.0,False,False
sess_4039,71,2026-03-20 07:59:00.253968,2026-03-20 07:59:00.253968,1,0,1,0,1,0.0,0.0,False,False
sess_404,53,2025-09-08 01:36:49.212022,2026-03-08 14:40:25.235934,2,2,0,0,2,15685416.023912,0.0,False,False
sess_4040,942,2026-02-01 07:25:53.228610,2026-02-01 07:25:53.228610,1,1,0,0,1,0.0,0.0,False,False
sess_4041,23,2025-09-11 14:14:57.186925,2026-04-14 23:37:07.228610,2,0,0,2,2,18609730.041685,0.0,True,False
sess_4042,177,2026-03-02 05:59:19.183414,2026-03-02 05:59:19.183414,1,1,0,0,1,0.0,0.0,False,False
sess_4043,298,2025-07-15 14:13:41.186925,2026-03-24 12:13:06.247953,2,1,1,0,2,21765565.061028,1.0,False,False
sess_4044,787,2025-06-20 16:03:15.240934,2025-06-25 03:55:04.214026,2,0,0,2,2,388308.973092,0.0,True,False
sess_4046,620,2025-06-18 10:58:45.228610,2026-01-03 13:00:14.237113,4,2,1,1,4,17200889.008503,0.5,False,False
sess_4047,1004,2025-07-14 16:53:38.242937,2026-04-06 14:22:42.209185,6,4,2,0,5,22973343.966248,0.5,False,False
sess_4048,682,2025-11-10 18:45:06.186925,2025-11-10 18:45:06.186925,1,0,1,0,1,0.0,0.0,False,False
sess_4049,608,2025-10-10 07:17:53.240934,2026-02-26 19:58:26.228610,2,1,0,1,2,12055232.987676,0.0,True,False
sess_405,675,2025-11-17 23:55:25.185418,2026-01-15 11:04:41.216529,2,0,0,2,2,5051356.031111,0.0,True,False
sess_4050,1084,2025-10-29 12:41:27.222317,2026-03-10 23:05:53.245946,2,1,0,1,2,11442266.023629,0.0,True,False
sess_4051,380,2025-11-27 03:05:59.222317,2025-12-22 04:30:51.181409,3,1,1,1,3,2165091.959092,1.0,False,False
sess_4052,426,2025-09-22 07:19:13.249957,2025-12-12 03:38:07.228610,2,0,1,1,2,6985133.978653,0.0,False,False
sess_4053,19,2025-09-27 22:39:25.186925,2026-04-16 23:59:53.186925,2,2,0,0,2,17371228.0,0.0,False,False
sess_4054,569,2025-09-11 01:37:48.219548,2025-09-11 01:37:48.219548,1,1,0,0,1,0.0,0.0,False,False
sess_4055,184,2025-08-26 17:16:13.185418,2026-05-13 04:04:59.222317,3,1,0,2,3,22416526.036899,0.0,True,False
sess_4057,382,2025-06-15 00:01:19.218542,2026-02-28 15:22:52.183414,3,2,0,1,3,22346492.964872,0.0,True,False
sess_4058,630,2025-11-19 16:34:23.178635,2026-03-15 04:33:55.226324,3,1,1,1,3,9979172.047689,1.0,False,False
sess_4059,608,2025-11-17 11:49:09.197951,2026-03-29 17:19:55.224321,2,0,2,0,2,11424646.02637,0.0,False,False
sess_406,30,2025-07-14 18:46:10.186925,2026-04-23 18:31:56.251960,2,1,0,1,2,24450346.065035,0.0,True,False
sess_4062,608,2026-02-06 09:53:36.178635,2026-04-12 12:55:34.222317,3,0,1,2,3,5626918.043682,0.0,False,False
sess_4063,148,2025-08-30 07:16:30.228610,2025-11-08 02:59:14.228610,3,1,0,2,3,6032564.0,0.0,True,False
sess_4065,51,2026-03-04 06:18:09.251960,2026-03-04 06:18:09.251960,1,1,0,0,1,0.0,0.0,False,False
sess_4066,199,2025-10-13 02:06:23.214026,2026-03-28 21:47:59.249957,4,0,3,1,4,14413296.035931,0.0,False,False
sess_4067,297,2025-09-02 06:56:06.238931,2026-01-19 02:06:59.228610,3,2,0,1,3,11992252.989679,0.0,True,False
sess_4068,105,2025-09-26 11:57:03.228610,2026-04-22 23:54:40.186925,4,2,0,2,4,18014256.958315,0.0,True,False
sess_407,128,2025-10-04 18:15:21.183414,2025-10-04 18:15:21.183414,1,1,0,0,1,0.0,0.0,False,False
sess_4070,499,2025-09-29 19:12:28.203543,2025-11-23 00:00:49.224321,2,0,0,2,2,4682901.020778,0.0,True,False
sess_4071,1062,2025-08-12 08:18:41.212022,2026-05-16 04:13:03.251960,3,0,0,3,3,23918062.039938,0.0,True,False
sess_4072,177,2025-10-10 04:53:26.181409,2026-01-22 04:13:28.211509,2,2,0,0,2,8983202.0301,0.0,False,False
sess_4074,280,2025-12-30 04:39:32.186925,2026-06-01 19:47:17.228610,3,2,0,1,3,13273665.041685,0.0,True,False
sess_4075,945,2025-11-16 00:52:40.228610,2025-11-16 00:52:40.228610,1,0,0,1,1,0.0,0.0,True,False
sess_4076,944,2025-12-08 06:43:24.212022,2025-12-08 06:43:24.212022,1,0,1,0,1,0.0,0.0,False,False
sess_4077,409,2025-08-05 17:43:14.209185,2025-08-05 17:43:14.209185,1,1,0,0,1,0.0,0.0,False,False
sess_4078,967,2025-12-22 00:32:52.219548,2026-06-10 04:32:16.235934,2,1,1,0,2,14702364.016386,1.0,False,False
sess_4079,1054,2025-11-23 10:38:25.201981,2025-11-23 10:38:25.201981,1,0,1,0,1,0.0,0.0,False,False
sess_408,539,2025-06-17 06:12:32.245946,2025-12-02 10:35:35.214026,2,0,0,2,2,14530982.96808,0.0,True,False
sess_4080,279,2025-11-06 08:10:34.178635,2026-05-01 00:39:30.224321,3,0,1,2,3,15179336.045686,0.0,False,False
sess_4081,821,2025-06-27 15:24:31.186925,2026-03-20 14:01:07.249957,6,2,4,0,6,22977396.063032,2.0,False,False
sess_4083,449,2025-08-11 23:09:48.212022,2026-04-03 01:49:23.228610,2,0,0,2,2,20227175.016588,0.0,True,False
sess_4084,636,2026-01-14 20:41:00.186925,2026-05-10 03:13:50.245946,3,1,1,1,3,9959570.059021,1.0,False,False
sess_4085,455,2025-08-03 16:20:12.211509,2026-03-04 23:41:00.247953,5,1,4,0,5,18429648.036444,4.0,False,False
sess_4086,164,2025-12-12 14:09:10.186925,2025-12-12 14:09:10.186925,1,0,0,1,1,0.0,0.0,True,False
sess_4087,292,2025-09-01 11:34:28.186925,2026-05-23 22:07:02.186925,2,2,0,0,2,22847554.0,0.0,False,False
sess_4089,863,2026-01-22 08:32:00.186925,2026-01-22 08:32:00.186925,1,0,0,1,1,0.0,0.0,True,False
sess_409,677,2025-08-14 20:41:46.226324,2025-12-13 05:41:31.209185,3,0,1,2,3,10400384.982861,0.0,False,False
sess_4090,953,2026-02-18 04:47:30.228610,2026-04-22 05:36:46.228610,2,0,1,1,2,5446156.0,0.0,False,False
sess_4091,162,2026-04-02 01:23:43.212022,2026-05-27 16:42:49.197951,3,1,1,1,3,4807145.985929,1.0,False,False
sess_4092,903,2026-01-18 04:20:34.237113,2026-05-28 15:37:07.207677,2,1,1,0,2,11272592.970564,1.0,False,False
sess_4093,704,2025-06-14 22:16:00.216529,2026-04-04 15:07:39.247953,4,1,2,1,4,25375899.031424,2.0,False,False
sess_4094,941,2025-11-02 23:24:08.235934,2025-11-02 23:24:08.235934,1,0,0,1,1,0.0,0.0,True,False
sess_4095,581,2025-08-03 13:20:17.240934,2026-04-16 00:06:54.253968,7,3,1,3,7,22070797.013034,0.3333333333333333,False,False
sess_4096,468,2026-01-14 23:46:21.186925,2026-01-14 23:46:21.186925,1,0,0,1,1,0.0,0.0,True,False
sess_4097,12,2025-07-05 22:13:17.226324,2025-11-16 13:48:04.243940,2,1,0,1,2,11547287.017616,0.0,True,False
sess_4098,474,2026-02-08 11:24:15.228610,2026-02-08 11:24:15.228610,1,0,0,1,1,0.0,0.0,True,False
sess_4099,896,2026-05-26 14:18:52.181409,2026-05-26 14:18:52.181409,1,0,0,1,1,0.0,0.0,True,False
sess_410,391,2025-12-30 11:20:10.222317,2026-01-23 19:39:18.207677,2,0,1,1,2,2103547.98536,0.0,False,False
sess_4100,1091,2025-12-25 05:22:47.237113,2025-12-25 05:22:47.237113,1,1,0,0,1,0.0,0.0,False,False
sess_4102,1055,2025-07-05 22:08:49.228610,2025-12-24 15:44:41.186925,4,1,1,2,4,14837751.958315,1.0,False,False
sess_4103,739,2026-03-12 01:09:41.224321,2026-03-12 01:09:41.224321,1,0,0,1,1,0.0,0.0,True,False
sess_4104,927,2025-12-11 15:52:32.186925,2025-12-11 15:52:32.186925,1,1,0,0,1,0.0,0.0,False,False
sess_4105,356,2025-08-14 17:50:43.235934,2025-09-29 20:46:41.224321,2,0,1,1,2,3984957.988387,0.0,False,False
sess_4106,549,2025-09-07 12:51:58.186925,2026-06-04 07:30:17.240934,5,3,1,1,5,23308699.054009,0.3333333333333333,False,False
sess_4107,588,2025-10-23 07:21:46.178635,2025-10-23 07:21:46.178635,1,0,1,0,1,0.0,0.0,False,False
sess_4108,584,2025-06-15 16:34:34.209185,2025-09-26 06:03:45.237113,2,0,0,2,2,8861351.027928,0.0,True,False
sess_4110,658,2026-02-10 19:59:38.240934,2026-06-06 15:33:05.203543,3,1,1,1,3,10006406.962609,1.0,False,False
sess_4111,850,2025-06-17 06:44:31.228610,2026-05-01 14:38:32.228610,3,1,1,1,3,27503641.0,1.0,False,False
sess_4112,555,2026-04-28 01:53:00.228610,2026-04-28 01:53:00.228610,1,0,0,1,1,0.0,0.0,True,False
sess_4113,265,2025-07-01 09:53:02.183414,2025-07-01 09:53:02.183414,1,0,0,1,1,0.0,0.0,True,False
sess_4114,157,2025-07-22 11:06:45.199974,2025-07-22 11:06:45.199974,1,0,1,0,1,0.0,0.0,False,False
sess_4115,177,2026-02-02 22:16:52.240934,2026-05-03 09:57:23.209185,2,0,2,0,2,7731630.968251,0.0,False,False
sess_4117,339,2025-07-25 18:21:08.228610,2025-08-11 20:16:07.186925,3,1,0,2,3,1475698.958315,0.0,True,False
sess_4118,207,2025-06-11 05:03:38.212022,2026-02-02 00:58:31.228610,2,1,1,0,2,20375693.016588,1.0,False,False
sess_4119,80,2025-10-29 10:22:21.216529,2025-10-29 10:22:21.216529,1,0,0,1,1,0.0,0.0,True,False
sess_412,384,2025-08-20 15:05:18.237113,2026-04-12 17:44:04.224321,2,1,0,1,2,20313525.987208,0.0,True,False
sess_4120,15,2025-11-11 06:23:00.216529,2026-02-19 03:42:42.247953,2,0,2,0,2,8630382.031424,0.0,False,False
sess_4121,253,2025-06-22 09:12:21.197951,2026-04-19 15:14:06.186925,5,1,0,4,5,26028104.988974,0.0,True,False
sess_4122,87,2025-08-04 21:31:12.185418,2025-10-02 03:01:33.224321,2,0,2,0,2,5031021.038903,0.0,False,False
sess_4123,604,2025-08-05 13:56:32.218542,2025-08-05 13:56:32.218542,1,1,0,0,1,0.0,0.0,False,False
sess_4124,1023,2025-07-15 02:01:56.228610,2026-05-26 09:36:25.203543,5,3,1,1,5,27243268.974933,0.3333333333333333,False,False
sess_4125,898,2025-09-01 11:09:25.186925,2025-09-01 11:09:25.186925,1,0,1,0,1,0.0,0.0,False,False
sess_4126,996,2025-11-03 07:15:50.212022,2025-11-26 16:33:20.253968,2,1,1,0,2,2020650.041946,1.0,False,False
sess_4127,119,2026-06-01 08:18:28.212022,2026-06-01 08:18:28.212022,1,1,0,0,1,0.0,0.0,False,False
sess_4128,922,2025-09-01 17:53:25.247953,2025-09-01 17:53:25.247953,1,1,0,0,1,0.0,0.0,False,False
sess_4129,596,2026-05-05 15:40:40.242937,2026-05-05 15:40:40.242937,1,0,0,1,1,0.0,0.0,True,False
sess_413,958,2026-02-17 10:29:34.219548,2026-04-20 00:39:15.181409,3,2,1,0,3,5321380.961861,0.5,False,False
sess_4130,1092,2025-09-14 19:52:00.224321,2025-10-20 18:23:22.228610,2,1,0,1,2,3105082.004289,0.0,True,False
sess_4131,989,2025-07-12 08:09:48.186925,2026-01-01 05:42:04.242937,2,2,0,0,2,14938336.056012,0.0,False,False
sess_4132,397,2025-11-09 14:54:08.228610,2026-05-02 04:19:26.219548,4,0,1,3,4,14995517.990938,0.0,False,False
sess_4133,525,2025-10-19 21:52:28.181409,2026-04-17 05:31:41.228610,3,1,1,1,3,15493153.047201,1.0,False,False
sess_4134,458,2026-01-20 02:21:54.216529,2026-01-20 02:21:54.216529,1,1,0,0,1,0.0,0.0,False,False
sess_4135,511,2025-07-30 09:29:26.197951,2026-03-01 16:26:06.237113,2,1,0,1,2,18514600.039162,0.0,True,False
sess_4138,945,2025-11-19 17:12:19.218542,2026-03-27 01:30:52.209185,2,0,0,2,2,11002712.990643,0.0,True,False
sess_4139,178,2026-02-14 07:35:20.186925,2026-03-07 19:45:26.186925,2,0,1,1,2,1858206.0,0.0,False,False
sess_4140,393,2025-07-16 16:44:32.238931,2026-05-12 05:55:07.235934,5,2,1,2,5,25881034.997003,0.5,False,False
sess_4141,602,2025-06-16 09:39:57.178635,2026-05-19 14:59:19.224321,3,3,0,0,3,29135962.045686,0.0,False,False
sess_4142,731,2025-07-01 04:22:57.224321,2026-02-08 16:46:20.243940,4,2,1,1,4,19225403.019619,0.5,False,False
sess_4143,1008,2025-10-19 04:42:47.209185,2025-11-06 03:27:33.247953,2,1,0,1,2,1550686.038768,0.0,True,False
sess_4144,194,2026-05-18 17:00:43.226324,2026-05-18 17:00:43.226324,1,0,1,0,1,0.0,0.0,False,False
sess_4146,379,2025-08-23 18:33:48.178635,2025-08-23 18:33:48.178635,1,1,0,0,1,0.0,0.0,False,False
sess_4147,364,2025-07-30 11:56:36.186925,2026-05-06 22:03:57.207677,2,0,1,1,2,24228441.020752,0.0,False,False
sess_4148,34,2026-01-21 06:40:05.218542,2026-03-13 16:31:14.240934,2,1,1,0,2,4441869.022392,1.0,False,False
sess_4149,722,2025-07-04 05:05:50.228610,2026-05-31 02:14:30.251960,6,4,1,1,6,28588120.02335,0.25,False,False
sess_415,928,2025-11-23 11:21:53.186925,2025-11-23 11:21:53.186925,1,0,1,0,1,0.0,0.0,False,False
sess_4150,274,2025-10-16 21:53:13.222317,2026-01-30 15:30:41.209185,2,2,0,0,2,9135447.986868,0.0,False,False
sess_4151,450,2025-06-15 10:24:34.216529,2026-02-16 21:50:26.247953,4,2,1,1,4,21295552.031424,0.5,False,False
sess_4152,592,2025-11-10 07:01:14.203543,2026-03-27 05:52:26.214026,2,0,0,2,2,11832672.010483,0.0,True,False
sess_4153,290,2025-08-15 01:20:04.235934,2025-08-15 01:20:04.235934,1,1,0,0,1,0.0,0.0,False,False
sess_4154,480,2026-02-09 23:02:45.219548,2026-02-09 23:02:45.219548,1,1,0,0,1,0.0,0.0,False,False
sess_4155,666,2025-11-28 15:21:47.224321,2026-02-05 04:16:41.195433,3,1,2,0,3,5921693.971112,2.0,False,False
sess_4156,227,2025-11-03 16:44:23.247953,2025-11-24 11:13:09.245946,2,1,1,0,2,1794525.997993,1.0,False,False
sess_4157,486,2025-09-02 18:47:06.242937,2026-02-10 02:24:53.228610,2,1,0,1,2,13851466.985673,0.0,True,False
sess_4158,171,2025-12-18 14:11:16.243940,2026-04-21 16:11:20.186925,3,0,1,2,3,10720803.942985,0.0,False,False
sess_4159,442,2025-11-07 06:18:43.228610,2025-11-07 06:18:43.228610,1,0,0,1,1,0.0,0.0,True,False
sess_416,472,2025-08-18 08:20:38.214026,2025-09-16 07:49:19.245946,2,0,1,1,2,2503721.03192,0.0,False,False
sess_4160,143,2025-07-13 08:36:18.237113,2025-10-25 12:32:53.183414,4,3,1,0,4,8999794.946301,0.3333333333333333,False,False
sess_4161,1018,2025-08-17 05:26:03.216529,2026-04-06 07:29:55.178635,3,3,0,0,3,20052231.962106,0.0,False,False
sess_4162,916,2025-08-30 06:37:09.243940,2025-08-30 06:37:09.243940,1,1,0,0,1,0.0,0.0,False,False
sess_4165,421,2025-10-01 14:45:02.222317,2026-02-15 15:16:51.228610,3,1,1,1,3,11838709.006293,1.0,False,False
sess_4166,259,2025-09-07 10:56:30.209185,2026-04-16 03:53:21.216529,4,2,0,2,4,19069011.007344,0.0,True,False
sess_4167,938,2025-10-02 00:55:52.207677,2025-10-02 00:55:52.207677,1,0,0,1,1,0.0,0.0,True,False
sess_4168,442,2025-11-25 15:33:12.183414,2026-04-20 09:22:46.238931,3,1,1,1,3,12592174.055517,1.0,False,False
sess_4169,101,2025-12-20 05:14:56.183414,2025-12-20 05:14:56.183414,1,0,0,1,1,0.0,0.0,True,False
sess_4170,153,2025-11-17 23:22:39.240934,2026-01-10 16:17:28.222317,2,1,1,0,2,4640088.981383,1.0,False,False
sess_4171,1064,2025-08-28 06:26:10.197951,2026-03-25 20:43:03.219548,2,1,0,1,2,18109013.021597,0.0,True,False
sess_4172,528,2025-09-16 02:27:06.226324,2025-09-16 02:27:06.226324,1,1,0,0,1,0.0,0.0,False,False
sess_4173,747,2026-03-26 11:07:18.242937,2026-05-27 09:47:31.240934,2,1,1,0,2,5352012.997997,1.0,False,False
sess_4174,247,2025-06-19 00:16:57.238931,2026-05-07 00:43:08.207677,3,1,2,0,3,27822370.968746,2.0,False,False
sess_4176,571,2025-10-16 06:00:50.219548,2025-10-16 06:00:50.219548,1,1,0,0,1,0.0,0.0,False,False
sess_4179,425,2026-01-28 03:18:11.235934,2026-01-28 03:18:11.235934,1,1,0,0,1,0.0,0.0,False,False
sess_418,696,2025-09-09 12:00:44.237113,2026-04-03 10:12:14.212022,3,1,0,2,3,17791889.974909,0.0,True,False
sess_4181,854,2025-07-02 04:46:48.214026,2026-01-10 14:38:57.228610,5,0,3,2,5,16624329.014584,0.0,False,False
sess_4182,992,2025-11-19 18:26:43.216529,2026-06-02 09:07:46.186925,2,2,0,0,2,16814462.970396,0.0,False,False
sess_4183,856,2025-07-17 20:08:23.253968,2026-04-30 07:43:58.181409,4,2,2,0,4,24752134.927441,1.0,False,False
sess_4184,863,2025-06-25 07:03:47.197951,2025-06-25 07:03:47.197951,1,0,0,1,1,0.0,0.0,True,False
sess_4185,957,2026-02-14 17:45:12.214026,2026-04-28 18:51:38.224321,3,1,0,2,3,6311186.010295,0.0,True,False
sess_4186,945,2025-06-30 16:59:10.249957,2026-05-17 03:32:19.181409,4,1,1,2,4,27685988.931452,1.0,False,False
sess_4187,51,2025-09-01 10:35:06.183414,2025-09-01 10:35:06.183414,1,0,1,0,1,0.0,0.0,False,False
sess_4189,586,2026-01-15 22:16:13.181409,2026-01-15 22:16:13.181409,1,0,1,0,1,0.0,0.0,False,False
sess_419,162,2025-06-23 10:05:31.186925,2026-06-07 16:54:18.245946,8,1,5,2,8,30178127.059021,5.0,False,False
sess_4190,151,2025-08-09 09:02:08.219548,2025-08-09 09:02:08.219548,1,0,0,1,1,0.0,0.0,True,False
sess_4191,917,2026-01-27 11:29:09.211509,2026-02-04 12:09:54.228610,2,1,0,1,2,693645.017101,0.0,True,False
sess_4192,773,2025-11-20 05:19:42.228610,2025-11-20 05:19:42.228610,1,0,1,0,1,0.0,0.0,False,False
sess_4193,62,2025-08-01 12:28:16.214026,2026-02-28 22:03:00.178635,2,1,0,1,2,18264883.964609,0.0,True,False
sess_4194,115,2026-06-08 12:56:04.216529,2026-06-08 12:56:04.216529,1,0,0,1,1,0.0,0.0,True,False
sess_4195,1076,2025-07-04 22:56:08.228610,2025-09-11 10:22:14.211204,3,3,0,0,3,5916365.982594,0.0,False,False
sess_4196,542,2025-11-16 09:59:11.186925,2026-04-30 06:09:23.245946,3,1,2,0,3,14242212.059021,2.0,False,False
sess_4197,24,2025-12-04 14:00:48.183414,2025-12-04 14:00:48.183414,1,0,0,1,1,0.0,0.0,True,False
sess_4198,962,2025-09-01 00:51:03.185418,2026-01-01 06:00:20.185418,3,2,0,1,3,10559357.0,0.0,True,False
sess_4199,115,2025-07-09 19:06:12.186925,2026-05-01 22:21:33.224321,3,0,2,1,3,25586121.037396,0.0,False,False
sess_42,109,2025-10-03 15:55:05.178635,2025-10-03 15:55:05.178635,1,0,1,0,1,0.0,0.0,False,False
sess_420,870,2025-10-16 06:28:37.186925,2025-12-04 14:20:36.240934,2,1,1,0,2,4261919.054009,1.0,False,False
sess_4200,674,2025-08-18 21:23:07.219548,2025-08-18 21:23:07.219548,1,1,0,0,1,0.0,0.0,False,False
sess_4201,623,2025-09-30 13:40:39.219548,2026-06-02 05:18:13.216529,2,1,0,1,2,21137853.996981,0.0,True,False
sess_4202,870,2025-08-19 17:44:35.186925,2025-09-15 23:39:22.222317,3,2,1,0,3,2354087.035392,0.5,False,False
sess_4203,25,2026-03-30 19:23:47.247953,2026-03-30 19:23:47.247953,1,1,0,0,1,0.0,0.0,False,False
sess_4204,389,2026-03-06 07:14:47.253968,2026-03-06 07:14:47.253968,1,1,0,0,1,0.0,0.0,False,False
sess_4205,607,2025-08-18 05:21:21.209185,2026-04-04 13:18:29.235934,4,0,3,1,4,19814228.026749,0.0,False,False
sess_4206,333,2025-10-20 06:22:53.247953,2026-05-24 11:22:07.228610,3,1,1,1,3,18680353.980657,1.0,False,False
sess_4208,514,2026-03-15 17:50:52.186925,2026-05-16 10:02:30.228610,2,2,0,0,2,5328698.041685,0.0,False,False
sess_4210,620,2025-08-14 21:16:54.238931,2025-10-29 03:20:33.216529,2,0,1,1,2,6501818.977598,0.0,False,False
sess_4211,336,2025-11-30 03:54:58.195433,2025-11-30 03:54:58.195433,1,0,1,0,1,0.0,0.0,False,False
sess_4212,690,2025-10-14 12:37:51.199974,2026-02-28 15:09:14.186925,2,1,1,0,2,11845882.986951,1.0,False,False
sess_4213,34,2025-09-25 18:07:19.181409,2025-09-25 18:07:19.181409,1,0,0,1,1,0.0,0.0,True,False
sess_4214,300,2025-09-20 22:09:36.195433,2026-06-03 13:26:37.181409,2,0,1,1,2,22087020.985976,0.0,False,False
sess_4215,142,2025-06-25 21:12:20.251960,2026-05-15 00:44:00.253968,5,1,1,3,5,27919900.002008,1.0,False,False
sess_4216,246,2025-07-12 05:14:27.219548,2025-10-22 20:58:06.228610,2,1,0,1,2,8869419.009062,0.0,True,False
sess_4219,393,2025-07-13 08:05:10.249957,2025-12-13 15:00:06.238931,2,1,1,0,2,13244095.988974,1.0,False,False
sess_422,498,2025-08-29 18:57:52.186925,2025-09-09 20:41:57.240934,2,0,2,0,2,956645.054009,0.0,False,False
sess_4220,668,2025-06-26 19:21:50.178635,2025-10-24 12:46:57.242937,3,1,2,0,3,10344307.064302,2.0,False,False
sess_4221,264,2025-07-27 13:29:59.240934,2025-07-27 13:29:59.240934,1,0,0,1,1,0.0,0.0,True,False
sess_4222,787,2025-08-10 13:06:38.224321,2026-05-29 00:52:25.199974,4,1,3,0,4,25184746.975653,3.0,False,False
sess_4223,1066,2025-12-25 23:15:28.212022,2025-12-25 23:15:28.212022,1,0,1,0,1,0.0,0.0,False,False
sess_4224,23,2025-06-18 13:45:54.186925,2026-05-14 06:07:12.242937,5,3,2,0,5,28484478.056012,0.6666666666666666,False,False
sess_4225,97,2025-12-03 07:40:11.249957,2026-01-20 15:35:49.251960,2,1,0,1,2,4175738.002003,0.0,True,False
sess_4226,827,2025-07-08 05:18:05.186925,2026-03-12 01:24:25.237113,4,0,1,3,4,21326780.050188,0.0,False,False
sess_4227,600,2025-07-27 07:16:56.238931,2026-04-20 20:36:03.186925,4,1,3,0,4,23116746.947994,3.0,False,False
sess_4228,280,2025-09-29 12:24:12.186925,2025-09-29 12:24:12.186925,1,0,1,0,1,0.0,0.0,False,False
sess_4229,692,2025-10-13 20:57:40.245946,2025-11-08 08:15:40.226324,3,1,2,0,3,2200679.980378,2.0,False,False
sess_423,621,2025-12-05 13:28:22.219548,2025-12-05 13:28:22.219548,1,0,0,1,1,0.0,0.0,True,False
sess_4230,877,2025-10-11 14:28:29.228610,2026-02-18 15:58:38.222317,3,1,1,1,3,11237408.993707,1.0,False,False
sess_4231,653,2025-07-09 17:31:20.247953,2025-09-05 19:36:25.211509,2,2,0,0,2,5018704.963556,0.0,False,False
sess_4232,620,2025-11-06 06:39:38.219548,2025-11-06 06:39:38.219548,1,0,0,1,1,0.0,0.0,True,False
sess_4234,298,2025-06-18 19:04:33.197951,2025-07-17 21:29:46.249957,3,1,0,2,3,2514313.052006,0.0,True,False
sess_4235,308,2026-05-26 18:57:06.247953,2026-05-26 18:57:06.247953,1,1,0,0,1,0.0,0.0,False,False
sess_4236,964,2025-09-18 19:57:34.178635,2026-02-17 21:14:17.228610,2,0,1,1,2,13137403.049975,0.0,False,False
sess_4238,354,2025-10-24 10:02:58.226324,2026-04-08 06:44:59.222317,3,1,1,1,3,14330520.995993,1.0,False,False
sess_424,1002,2025-12-14 00:06:11.197951,2026-01-05 14:09:51.178635,2,0,1,1,2,1951419.980684,0.0,False,False
sess_4240,1056,2025-08-08 05:45:32.178635,2025-12-22 07:27:41.181409,2,2,0,0,2,11756529.002774,0.0,False,False
sess_4241,713,2026-02-25 19:08:13.249957,2026-02-25 19:08:13.249957,1,0,0,1,1,0.0,0.0,True,False
sess_4242,277,2025-09-07 04:19:36.228610,2026-05-11 18:17:34.237113,4,2,1,1,4,21304678.008503,0.5,False,False
sess_4243,183,2026-01-17 05:19:51.249957,2026-04-21 21:37:58.228610,2,1,1,0,2,8180286.978653,1.0,False,False
sess_4244,911,2026-03-12 06:25:28.251960,2026-03-12 06:25:28.251960,1,1,0,0,1,0.0,0.0,False,False
sess_4245,13,2025-06-16 08:54:50.235934,2025-08-25 18:14:42.218542,2,1,1,0,2,6081591.982608,1.0,False,False
sess_4246,1024,2026-02-17 13:02:17.226324,2026-02-25 00:48:18.249957,2,1,1,0,2,647161.023633,1.0,False,False
sess_4247,718,2026-01-17 17:14:36.228610,2026-04-06 10:51:08.214026,2,0,1,1,2,6802591.985416,0.0,False,False
sess_4248,1066,2025-06-16 20:39:19.219548,2026-01-01 06:38:33.181409,4,0,0,4,4,17143153.961861,0.0,True,False
sess_4249,208,2025-09-07 14:13:08.186925,2026-04-17 02:42:41.219548,4,0,0,4,4,19139373.032623,0.0,True,False
sess_425,517,2025-11-13 04:16:54.219548,2026-03-11 01:32:34.228610,2,2,0,0,2,10185340.009062,0.0,False,False
sess_4250,751,2025-07-08 13:25:21.219548,2026-03-20 19:42:15.216529,3,0,3,0,3,22054613.996981,0.0,False,False
sess_4251,655,2026-05-21 11:02:50.219548,2026-05-21 11:02:50.219548,1,1,0,0,1,0.0,0.0,False,False
sess_4252,16,2025-06-17 14:57:09.178635,2025-10-31 07:17:11.186925,3,0,2,1,3,11722802.00829,0.0,False,False
sess_4253,242,2025-10-03 16:30:59.186925,2026-05-02 09:43:46.224321,2,1,0,1,2,18205967.037396,0.0,True,False
sess_4254,952,2025-07-16 03:22:20.235934,2026-01-13 19:36:19.245946,2,1,0,1,2,15696839.010012,0.0,True,False
sess_4255,159,2025-09-28 08:38:24.249957,2026-05-23 22:33:45.240934,2,1,1,0,2,20526920.990977,1.0,False,False
sess_4256,843,2025-08-03 14:53:24.238931,2026-06-09 13:17:59.249957,3,2,0,1,3,26778275.011026,0.0,True,False
sess_4257,153,2025-11-18 23:55:11.186925,2025-12-25 03:11:02.178635,2,1,1,0,2,3122150.99171,1.0,False,False
sess_4258,814,2025-10-09 22:41:03.216529,2026-04-15 02:41:31.202536,2,0,1,1,2,16171227.986007,0.0,False,False
sess_4259,482,2025-07-21 19:06:40.242937,2025-07-21 19:06:40.242937,1,0,1,0,1,0.0,0.0,False,False
sess_426,11,2025-08-19 14:22:12.214026,2026-03-20 10:37:32.253968,4,2,0,2,4,18389720.039942,0.0,True,False
sess_4260,726,2026-06-10 17:37:26.245946,2026-06-10 17:37:26.245946,1,1,0,0,1,0.0,0.0,False,False
sess_4261,620,2025-09-15 17:25:30.228610,2026-02-11 11:09:52.226324,3,2,1,0,3,12851061.997714,0.5,False,False
sess_4262,1048,2025-06-12 11:52:07.228610,2026-06-11 17:51:26.238931,3,1,1,1,3,31471159.010321,1.0,False,False
sess_4263,810,2025-10-01 09:52:34.235934,2026-04-02 13:22:47.181409,2,1,0,1,2,15823812.945475,0.0,True,False
sess_4264,164,2025-11-23 14:37:13.216529,2025-11-23 14:37:13.216529,1,0,0,1,1,0.0,0.0,True,False
sess_4265,876,2025-08-14 16:23:33.228610,2025-11-03 12:36:18.247953,2,1,1,0,2,6984765.019343,1.0,False,False
sess_4266,795,2026-01-02 21:28:37.178635,2026-05-15 16:47:40.181409,2,0,1,1,2,11474343.002774,0.0,False,False
sess_4267,873,2025-09-16 00:00:32.228610,2026-05-31 19:02:08.186925,3,2,0,1,3,22273295.958315,0.0,True,False
sess_4268,909,2026-05-30 01:09:54.203543,2026-05-30 01:09:54.203543,1,1,0,0,1,0.0,0.0,False,False
sess_4269,578,2026-01-24 05:09:31.203543,2026-03-07 19:03:03.245946,2,1,0,1,2,3678812.042403,0.0,True,False
sess_427,51,2025-07-01 11:55:33.238931,2026-06-07 17:28:22.212022,4,1,2,1,4,29482368.973091,2.0,False,False
sess_4270,80,2025-12-23 11:52:39.253968,2025-12-23 11:52:39.253968,1,0,0,1,1,0.0,0.0,True,False
sess_4271,361,2025-09-02 09:30:23.228610,2026-01-12 03:41:48.209185,2,1,1,0,2,11383884.980575,1.0,False,False
sess_4272,177,2026-04-01 06:00:32.226324,2026-04-01 06:00:32.226324,1,0,1,0,1,0.0,0.0,False,False
sess_4273,430,2025-07-15 00:00:05.247953,2025-07-15 00:00:05.247953,1,0,0,1,1,0.0,0.0,True,False
sess_4274,35,2025-07-25 23:00:10.247953,2025-12-01 18:46:56.186925,2,0,1,1,2,11130405.938972,0.0,False,False
sess_4276,533,2025-12-01 15:31:47.212022,2025-12-01 15:31:47.212022,1,0,1,0,1,0.0,0.0,False,False
sess_4277,213,2025-10-16 00:52:04.186925,2025-10-16 00:52:04.186925,1,1,0,0,1,0.0,0.0,False,False
sess_4278,377,2025-07-28 08:36:33.228610,2026-04-18 07:55:51.183414,3,0,2,1,3,22807157.954804,0.0,False,False
sess_4279,129,2025-09-26 07:01:31.228610,2026-05-04 15:48:29.214026,4,0,2,2,4,19039617.985416,0.0,False,False
sess_428,963,2025-07-18 11:43:07.247953,2025-12-19 11:13:45.212022,3,3,0,0,3,13303837.964069,0.0,False,False
sess_4280,585,2026-01-18 05:08:02.216529,2026-04-14 11:21:46.226324,4,1,1,2,4,7452824.009795,1.0,False,False
sess_4281,121,2025-10-07 13:42:57.222317,2025-11-25 14:58:33.222317,2,0,2,0,2,4238136.0,0.0,False,False
sess_4282,957,2025-08-30 00:42:03.249957,2025-08-30 00:42:03.249957,1,0,0,1,1,0.0,0.0,True,False
sess_4283,76,2026-03-06 18:39:22.209185,2026-04-05 17:21:13.218542,2,0,0,2,2,2587311.009357,0.0,True,False
sess_4284,613,2025-08-14 19:33:34.237113,2026-05-23 15:30:46.186925,4,1,2,1,4,24350231.949812,2.0,False,False
sess_4285,185,2025-08-31 13:09:30.219548,2025-12-24 08:32:22.203543,3,0,2,1,3,9919371.983995,0.0,False,False
sess_4286,319,2025-12-31 18:21:35.219548,2025-12-31 18:21:35.219548,1,0,0,1,1,0.0,0.0,True,False
sess_4287,755,2025-10-19 17:11:23.219548,2025-12-28 00:22:25.214026,2,1,1,0,2,5987461.994478,1.0,False,False
sess_4288,305,2025-08-05 09:46:06.186925,2025-09-14 04:42:24.226324,2,1,0,1,2,3437778.039399,0.0,True,False
sess_429,928,2025-07-08 06:25:32.245946,2026-05-26 06:45:42.186925,2,1,1,0,2,27822009.940979,1.0,False,False
sess_4290,976,2025-10-08 10:49:02.211509,2026-02-08 08:15:00.222317,2,0,0,2,2,10617958.010808,0.0,True,False
sess_4291,620,2025-08-04 01:42:03.226324,2026-03-27 08:57:28.209185,2,0,2,0,2,20330124.982861,0.0,False,False
sess_4292,47,2025-11-11 08:40:24.183414,2025-12-12 18:02:04.226324,2,0,1,1,2,2712100.04291,0.0,False,False
sess_4293,607,2025-12-14 15:41:12.228610,2026-02-25 20:39:47.228610,2,1,0,1,2,6325115.0,0.0,True,False
sess_4294,444,2026-01-31 13:23:48.247953,2026-01-31 13:23:48.247953,1,0,0,1,1,0.0,0.0,True,False
sess_4295,62,2025-07-12 08:42:21.242937,2026-04-03 01:29:41.238931,6,0,2,4,6,22870039.995994,0.0,False,False
sess_4297,838,2025-08-11 16:25:14.228610,2025-08-11 16:25:14.228610,1,0,0,1,1,0.0,0.0,True,False
sess_4298,614,2025-09-29 17:24:05.186925,2026-05-21 18:39:04.228610,6,3,2,1,6,20222099.041685,0.6666666666666666,False,False
sess_4299,822,2025-10-29 12:01:21.238931,2026-02-26 18:45:31.209185,3,0,2,1,3,10392249.970254,0.0,False,False
sess_43,375,2025-08-05 13:00:43.203543,2026-02-03 18:30:45.243940,2,1,1,0,2,15744602.040397,1.0,False,False
sess_430,1077,2026-05-29 19:47:20.227826,2026-05-29 19:47:20.227826,1,0,1,0,1,0.0,0.0,False,False
sess_4300,691,2025-06-19 00:26:34.186925,2026-05-06 10:59:40.249957,2,1,0,1,2,27772386.063032,0.0,True,False
sess_4302,771,2025-12-25 10:34:08.183414,2026-06-08 23:58:00.209185,5,2,2,1,5,14304232.025771,1.0,False,False
sess_4303,823,2025-06-23 00:39:14.216529,2026-03-13 19:47:22.224321,4,0,2,2,4,22792088.007792,0.0,False,False
sess_4305,569,2025-09-26 14:06:13.226324,2025-09-26 14:06:13.226324,1,0,0,1,1,0.0,0.0,True,False
sess_4307,840,2025-10-03 08:36:02.238931,2026-05-22 19:17:13.228610,2,0,0,2,2,19996870.989679,0.0,True,False
sess_4309,842,2025-11-27 00:00:02.238931,2025-11-27 00:00:02.238931,1,0,1,0,1,0.0,0.0,False,False
sess_4310,5,2025-07-17 23:55:29.178635,2025-08-16 03:45:49.240934,3,1,1,1,3,2519420.062299,1.0,False,False
sess_4311,456,2025-08-16 17:24:18.178635,2026-04-22 11:56:43.209185,3,0,3,0,3,21493945.03055,0.0,False,False
sess_4312,837,2025-08-05 12:45:12.214026,2026-06-03 21:37:43.238931,3,1,1,1,3,26124751.024905,1.0,False,False
sess_4313,510,2025-08-12 01:11:45.218542,2025-08-12 20:20:14.207677,2,0,1,1,2,68908.989135,0.0,False,False
sess_4314,759,2025-06-16 09:44:27.219548,2025-11-12 08:07:47.240934,4,1,1,2,4,12867800.021386,1.0,False,False
sess_4315,828,2025-08-20 02:02:52.178635,2025-08-20 02:02:52.178635,1,0,0,1,1,0.0,0.0,True,False
sess_4316,235,2025-09-30 02:48:57.186925,2026-05-21 04:15:21.238931,2,2,0,0,2,20136384.052006,0.0,False,False
sess_4317,930,2025-09-05 03:56:03.228610,2025-09-05 03:56:03.228610,1,1,0,0,1,0.0,0.0,False,False
sess_4318,137,2025-07-02 16:37:42.228610,2025-10-31 11:24:36.228610,2,1,0,1,2,10435614.0,0.0,True,False
sess_4319,697,2025-08-02 09:10:38.186925,2025-08-02 09:10:38.186925,1,0,0,1,1,0.0,0.0,True,False
sess_432,292,2025-10-12 20:45:24.216529,2025-12-28 05:14:12.240934,2,0,1,1,2,6596928.024405,0.0,False,False
sess_4320,790,2025-06-17 18:13:50.237113,2026-03-31 09:23:50.242937,2,1,1,0,2,24765000.005824,1.0,False,False
sess_4321,13,2025-09-30 15:10:17.181409,2025-12-26 20:20:37.186925,3,2,1,0,3,7535420.005516,0.5,False,False
sess_4322,283,2026-02-10 19:13:33.247953,2026-02-10 19:13:33.247953,1,1,0,0,1,0.0,0.0,False,False
sess_4324,1016,2025-09-22 08:15:28.228610,2026-06-07 13:55:32.181409,4,2,1,1,4,22311603.952799,0.5,False,False
sess_4325,1050,2026-03-22 04:58:38.203543,2026-05-12 10:57:51.186925,2,0,1,1,2,4427952.983382,0.0,False,False
sess_4326,355,2026-05-07 00:46:50.224321,2026-05-07 00:46:50.224321,1,0,1,0,1,0.0,0.0,False,False
sess_4327,692,2025-08-28 08:04:46.226324,2026-04-12 09:50:15.197951,6,3,3,0,6,19619128.971627,1.0,False,False
sess_4328,434,2026-06-03 00:27:31.245946,2026-06-03 00:27:31.245946,1,1,0,0,1,0.0,0.0,False,False
sess_4329,328,2026-05-05 04:41:01.212022,2026-05-05 04:41:01.212022,1,0,0,1,1,0.0,0.0,True,False
sess_433,805,2025-06-22 03:33:19.251960,2026-01-07 11:10:51.212022,4,0,2,2,4,17221051.960062,0.0,False,False
sess_4330,906,2025-08-23 20:53:59.197951,2026-05-05 00:16:58.214026,3,1,0,2,3,21957779.016075,0.0,True,False
sess_4331,397,2025-08-19 02:13:01.216529,2026-04-04 11:18:58.186925,2,1,0,1,2,19731956.970396,0.0,True,False
sess_4332,528,2025-06-20 00:13:03.183414,2026-02-25 11:11:45.249957,4,0,1,3,4,21639522.066543,0.0,False,False
sess_4333,596,2025-06-24 10:46:09.186925,2025-09-14 07:54:37.247953,2,0,1,1,2,7074508.061028,0.0,False,False
sess_4335,277,2025-06-29 08:02:07.237113,2026-05-28 21:19:19.235934,3,0,0,3,3,28819031.998821,0.0,True,False
sess_4336,779,2025-06-29 11:19:10.228610,2025-06-29 11:19:10.228610,1,0,1,0,1,0.0,0.0,False,False
sess_4337,483,2025-07-25 00:29:51.178635,2025-12-28 18:09:50.181409,2,1,0,1,2,13541999.002774,0.0,True,False
sess_4338,559,2026-03-04 01:21:51.235934,2026-05-11 22:57:42.245946,2,0,0,2,2,5952951.010012,0.0,True,False
sess_4339,888,2025-07-22 08:36:15.186925,2025-12-30 09:39:04.203543,3,3,0,0,3,13914169.016618,0.0,False,False
sess_434,508,2025-11-02 06:44:45.186925,2026-06-03 15:19:38.237113,6,2,3,1,6,18434093.050188,1.5,False,False
sess_4341,802,2025-06-30 20:17:32.209185,2025-08-28 18:42:01.212022,3,2,0,1,3,5091869.002837,0.0,True,False
sess_4342,734,2025-09-22 18:44:46.203543,2026-01-25 02:25:34.214026,2,0,0,2,2,10741248.010483,0.0,True,False
sess_4343,585,2025-08-13 14:11:15.199974,2026-03-09 00:06:50.228610,3,2,0,1,3,17920535.028636,0.0,True,False
sess_4344,888,2025-08-25 16:19:47.186925,2025-08-25 16:19:47.186925,1,0,1,0,1,0.0,0.0,False,False
sess_4346,1049,2025-08-21 10:41:52.178635,2026-01-01 20:02:01.237113,2,2,0,0,2,11524809.058478,0.0,False,False
sess_4347,840,2025-06-19 06:08:15.214026,2026-02-16 00:31:02.247953,2,0,2,0,2,20888567.033927,0.0,False,False
sess_4348,876,2025-09-25 05:20:56.240934,2025-09-25 05:20:56.240934,1,0,1,0,1,0.0,0.0,False,False
sess_4349,360,2025-08-17 21:32:14.251960,2026-06-09 00:08:29.228610,4,1,1,2,4,25497374.97665,1.0,False,False
sess_4351,19,2025-11-01 04:17:49.186925,2026-01-25 18:29:31.228610,2,0,1,1,2,7395102.041685,0.0,False,False
sess_4352,791,2025-06-20 07:37:41.228610,2025-11-19 01:06:09.228610,2,2,0,0,2,13109308.0,0.0,False,False
sess_4353,225,2025-07-30 05:09:35.228610,2025-09-06 20:20:53.186925,2,1,0,1,2,3337877.958315,0.0,True,False
sess_4355,445,2025-08-12 15:31:52.186925,2026-06-02 09:48:45.251960,3,2,1,0,3,25381013.065035,0.5,False,False
sess_4356,379,2025-10-04 07:22:40.181409,2026-05-08 17:26:13.251960,2,1,0,1,2,18698613.070551,0.0,True,False
sess_4357,107,2025-07-15 02:26:22.235934,2026-04-07 03:40:37.186925,2,0,1,1,2,22986854.950991,0.0,False,False
sess_4358,303,2025-12-23 09:11:31.228610,2026-04-14 17:15:52.240934,2,1,0,1,2,9705861.012324,0.0,True,False
sess_4359,491,2025-07-12 16:09:04.183414,2025-11-22 07:48:55.207677,2,2,0,0,2,11461191.024263,0.0,False,False
sess_4360,1,2026-01-10 03:58:06.247953,2026-03-18 05:56:17.212022,2,1,1,0,2,5795890.964069,1.0,False,False
sess_4361,326,2025-07-30 23:58:46.209185,2025-07-30 23:58:46.209185,1,0,1,0,1,0.0,0.0,False,False
sess_4362,890,2025-08-03 07:49:05.249957,2025-12-15 10:36:24.218542,2,1,1,0,2,11587638.968585,1.0,False,False
sess_4363,715,2025-08-16 03:57:04.186925,2026-03-21 06:41:26.197951,4,1,1,2,4,18758662.011026,1.0,False,False
sess_4364,568,2025-07-27 14:14:16.186925,2026-01-18 05:28:10.203543,2,1,0,1,2,15088434.016618,0.0,True,False
sess_4367,247,2026-02-12 10:20:01.186925,2026-06-11 09:39:47.186925,2,1,1,0,2,10279186.0,1.0,False,False
sess_4368,401,2025-07-23 17:58:42.228610,2025-07-23 17:58:42.228610,1,1,0,0,1,0.0,0.0,False,False
sess_4369,422,2025-09-05 01:39:22.209185,2026-04-08 05:55:12.186925,4,2,0,2,4,18591349.97774,0.0,True,False
sess_437,582,2025-07-07 16:17:41.227826,2025-07-07 16:17:41.227826,1,0,0,1,1,0.0,0.0,True,False
sess_4370,189,2026-05-12 03:47:03.195433,2026-05-12 03:47:03.195433,1,0,1,0,1,0.0,0.0,False,False
sess_4372,36,2025-07-09 07:51:22.228610,2026-01-04 13:12:54.226324,3,0,1,2,3,15484891.997714,0.0,False,False
sess_4373,1062,2025-06-16 02:52:47.228610,2026-03-12 17:06:51.219548,3,1,1,1,3,23292843.990938,1.0,False,False
sess_4374,1085,2025-12-15 10:16:35.222317,2026-06-05 19:17:12.181409,3,3,0,0,3,14893236.959092,0.0,False,False
sess_4375,607,2025-09-01 07:08:54.235934,2026-02-10 01:15:41.214026,4,3,1,0,4,13975606.978092,0.3333333333333333,False,False
sess_4376,141,2025-10-05 12:10:45.178635,2025-10-05 12:10:45.178635,1,0,1,0,1,0.0,0.0,False,False
sess_4377,120,2025-08-15 10:47:41.222317,2026-05-25 02:42:36.228610,4,2,1,1,4,24422095.006293,0.5,False,False
sess_438,704,2025-07-19 04:13:45.212022,2026-04-16 13:27:41.207677,6,3,2,1,6,23447635.995655,0.6666666666666666,False,False
sess_4380,701,2026-02-06 17:34:43.212022,2026-02-06 17:34:43.212022,1,0,0,1,1,0.0,0.0,True,False
sess_4381,340,2026-01-07 01:50:00.186925,2026-01-07 01:50:00.186925,1,0,1,0,1,0.0,0.0,False,False
sess_4382,678,2026-05-12 11:28:21.240934,2026-05-30 17:56:36.178635,2,0,1,1,2,1578494.937701,0.0,False,False
sess_4383,833,2026-01-23 19:47:57.209185,2026-03-15 04:31:38.181409,2,0,2,0,2,4351420.972224,0.0,False,False
sess_4384,638,2025-10-13 13:51:44.235934,2026-03-02 10:23:16.226324,3,3,0,0,3,12083491.99039,0.0,False,False
sess_4386,230,2025-12-14 10:22:07.249957,2026-05-04 07:39:45.209185,3,3,0,0,3,12172657.959228,0.0,False,False
sess_4387,934,2025-12-26 10:20:11.228610,2026-05-19 11:39:54.224321,3,0,1,2,3,12446382.995711,0.0,False,False
sess_4388,847,2025-09-09 16:08:44.199974,2025-09-09 16:08:44.199974,1,0,1,0,1,0.0,0.0,False,False
sess_4389,868,2025-09-05 03:37:54.218542,2026-04-29 20:38:08.181409,5,0,4,1,5,20451613.962867,0.0,False,False
sess_439,137,2025-08-26 10:47:27.238931,2025-08-26 10:47:27.238931,1,0,0,1,1,0.0,0.0,True,False
sess_4390,744,2026-03-22 20:58:48.209185,2026-03-22 20:58:48.209185,1,1,0,0,1,0.0,0.0,False,False
sess_4391,769,2026-03-05 13:50:59.222317,2026-05-15 23:51:36.216529,2,0,1,1,2,6170436.994212,0.0,False,False
sess_4392,965,2026-01-26 21:26:57.238931,2026-01-26 21:26:57.238931,1,0,1,0,1,0.0,0.0,False,False
sess_4393,946,2025-06-12 12:30:27.183414,2025-06-17 00:41:34.222317,2,0,1,1,2,389467.038903,0.0,False,False
sess_4394,404,2025-06-25 19:42:41.186925,2026-05-24 09:55:21.247953,3,2,0,1,3,28735960.061028,0.0,True,False
sess_4395,110,2025-07-26 17:25:38.228610,2026-06-07 06:18:57.197951,3,1,1,1,3,27262398.969341,1.0,False,False
sess_4396,826,2025-10-10 19:28:30.197951,2026-06-08 00:14:12.181409,4,3,1,0,4,20753141.983458,0.3333333333333333,False,False
sess_4397,833,2026-01-18 21:05:14.214026,2026-01-18 21:05:14.214026,1,0,0,1,1,0.0,0.0,True,False
sess_4398,974,2025-08-30 09:04:02.228610,2026-03-04 09:49:08.203543,3,2,1,0,3,16073105.974933,0.5,False,False
sess_44,915,2025-07-03 20:12:00.214026,2025-12-03 20:03:33.178635,3,0,1,2,3,13218692.964609,0.0,False,False
sess_440,321,2025-06-26 02:15:10.224321,2025-12-11 20:05:35.212022,2,0,1,1,2,14579424.987701,0.0,False,False
sess_4400,1033,2025-10-14 18:30:55.183414,2026-02-06 18:32:59.186925,3,2,0,1,3,9936124.003511,0.0,True,False
sess_4401,719,2026-05-10 11:21:10.185418,2026-05-10 11:21:10.185418,1,0,1,0,1,0.0,0.0,False,False
sess_4402,86,2026-03-03 02:49:19.178635,2026-03-03 02:49:19.178635,1,0,0,1,1,0.0,0.0,True,False
sess_4403,809,2026-02-07 13:51:09.235934,2026-02-07 13:51:09.235934,1,0,1,0,1,0.0,0.0,False,False
sess_4405,551,2025-09-17 16:11:09.228610,2026-06-09 17:08:33.186925,5,2,1,2,5,22899443.958315,0.5,False,False
sess_4406,849,2025-07-25 10:03:52.186925,2026-03-24 09:58:05.199974,2,1,1,0,2,20908453.013049,1.0,False,False
sess_4407,132,2025-07-19 13:07:46.183414,2025-07-19 13:07:46.183414,1,0,0,1,1,0.0,0.0,True,False
sess_4408,138,2025-07-01 02:29:45.240934,2026-02-16 11:08:51.181409,3,1,0,2,3,19903145.940475,0.0,True,False
sess_4409,726,2025-07-10 21:35:13.224321,2026-05-09 20:37:28.214026,2,0,1,1,2,26175734.989705,0.0,False,False
sess_441,1039,2025-10-07 07:30:19.224321,2025-10-07 07:30:19.224321,1,0,1,0,1,0.0,0.0,False,False
sess_4410,651,2025-06-11 05:57:15.212022,2025-10-24 11:41:10.249957,3,0,3,0,3,11684635.037935,0.0,False,False
sess_4411,919,2025-06-11 14:12:42.186925,2026-06-02 07:15:55.178635,3,0,2,1,3,30733392.99171,0.0,False,False
sess_4412,301,2025-07-29 06:24:43.178635,2026-04-21 11:06:26.240934,6,1,3,2,6,22999303.062299,3.0,False,False
sess_4414,669,2026-02-18 13:20:30.216529,2026-02-18 13:20:30.216529,1,0,1,0,1,0.0,0.0,False,False
sess_4415,757,2025-06-19 09:01:21.240934,2026-03-24 12:01:49.222317,5,1,2,2,5,24030027.981383,2.0,False,False
sess_4416,377,2026-04-12 06:42:09.237113,2026-04-12 06:42:09.237113,1,0,1,0,1,0.0,0.0,False,False
sess_4417,910,2025-11-09 13:20:47.227826,2026-05-29 14:59:07.216529,2,0,1,1,2,17372299.988703,0.0,False,False
sess_4418,211,2025-12-11 08:04:03.212022,2025-12-11 08:04:03.212022,1,0,0,1,1,0.0,0.0,True,False
sess_4419,813,2025-08-05 04:11:00.219548,2025-12-30 03:14:48.185418,3,0,1,2,3,12697427.96587,0.0,False,False
sess_442,640,2025-06-13 02:48:22.224321,2026-01-21 17:45:09.228610,4,2,1,1,4,19234607.004289,0.5,False,False
sess_4420,370,2025-06-12 08:07:41.247953,2025-06-12 08:07:41.247953,1,1,0,0,1,0.0,0.0,False,False
sess_4421,509,2026-06-09 03:15:11.247953,2026-06-09 03:15:11.247953,1,0,1,0,1,0.0,0.0,False,False
sess_4422,498,2026-01-01 01:50:21.253968,2026-02-24 00:49:44.249957,4,1,1,2,4,4661962.995989,1.0,False,False
sess_4423,590,2026-02-13 17:39:28.219548,2026-05-29 11:46:08.224321,2,0,2,0,2,9050800.004773,0.0,False,False
sess_4424,1017,2025-06-15 10:33:43.183414,2025-11-08 21:24:14.227826,3,2,0,1,3,12653431.044412,0.0,True,False
sess_4426,202,2025-06-23 18:50:01.203543,2026-04-11 15:47:04.214026,3,2,1,0,3,25217823.010483,0.5,False,False
sess_4427,110,2025-06-21 00:18:38.207677,2026-05-02 03:35:04.243940,2,2,0,0,2,27227786.036263,0.0,False,False
sess_443,215,2025-10-10 14:13:04.207677,2026-04-28 17:39:31.199974,3,1,1,1,3,17292386.992297,1.0,False,False
sess_4430,966,2026-01-29 10:47:53.238931,2026-03-04 09:43:27.228610,2,1,0,1,2,2933733.989679,0.0,True,False
sess_4431,933,2026-03-08 05:26:01.216529,2026-03-08 05:26:01.216529,1,0,1,0,1,0.0,0.0,False,False
sess_4432,61,2025-09-12 12:22:57.218542,2026-02-20 06:47:25.178635,2,0,1,1,2,13890267.960093,0.0,False,False
sess_4433,263,2025-06-20 17:23:01.242937,2025-08-20 13:06:23.227826,3,0,0,3,3,5255001.984889,0.0,True,False
sess_4435,984,2025-08-05 18:12:30.216529,2026-06-11 16:48:34.224321,3,1,0,2,3,26778964.007792,0.0,True,False
sess_4436,752,2025-07-03 07:31:03.249957,2025-07-03 07:31:03.249957,1,0,1,0,1,0.0,0.0,False,False
sess_4437,763,2025-08-21 09:37:38.216529,2026-06-06 19:55:12.186925,2,1,0,1,2,25006653.970396,0.0,True,False
sess_4438,180,2026-01-03 10:23:04.228610,2026-01-03 10:23:04.228610,1,0,1,0,1,0.0,0.0,False,False
sess_4439,801,2025-08-10 10:10:40.186925,2026-05-21 15:38:19.238931,3,1,0,2,3,24557259.052006,0.0,True,False
sess_444,1045,2025-06-28 23:17:27.240934,2026-05-25 08:13:50.228610,2,2,0,0,2,28544182.987676,0.0,False,False
sess_4440,688,2025-11-10 18:13:17.216529,2025-11-10 18:13:17.216529,1,0,1,0,1,0.0,0.0,False,False
sess_4441,584,2026-02-14 04:01:06.226324,2026-02-14 04:01:06.226324,1,0,1,0,1,0.0,0.0,False,False
sess_4442,267,2025-11-05 15:19:43.186925,2026-03-27 10:53:56.209185,3,1,1,1,3,12252853.02226,1.0,False,False
sess_4444,24,2025-10-30 14:49:25.183414,2025-11-09 11:05:10.212022,2,1,0,1,2,850545.028608,0.0,True,False
sess_4445,882,2025-09-27 16:24:23.222317,2026-04-30 20:32:37.222317,3,1,1,1,3,18590894.0,1.0,False,False
sess_4446,1087,2025-06-13 10:58:22.183414,2025-08-24 06:16:37.238931,2,1,0,1,2,6203895.055517,0.0,True,False
sess_4448,388,2025-08-16 11:08:07.185418,2026-05-25 13:19:04.209185,2,0,2,0,2,24372657.023767,0.0,False,False
sess_4449,456,2025-08-12 04:35:57.186925,2025-08-12 04:35:57.186925,1,1,0,0,1,0.0,0.0,False,False
sess_445,399,2025-07-23 01:31:50.251960,2026-03-30 15:41:35.228610,3,2,1,0,3,21650984.97665,0.5,False,False
sess_4451,14,2025-10-04 08:19:22.214026,2026-03-12 06:53:12.186925,3,0,1,2,3,13732429.972899,0.0,False,False
sess_4452,893,2026-05-04 08:45:59.242937,2026-05-04 08:45:59.242937,1,0,0,1,1,0.0,0.0,True,False
sess_4453,686,2025-08-07 00:46:09.228610,2025-08-07 00:46:09.228610,1,0,1,0,1,0.0,0.0,False,False
sess_4455,362,2026-01-24 03:37:14.226324,2026-01-24 03:37:14.226324,1,1,0,0,1,0.0,0.0,False,False
sess_4456,69,2026-02-02 17:36:26.181409,2026-02-02 17:36:26.181409,1,1,0,0,1,0.0,0.0,False,False
sess_4457,693,2025-08-29 12:30:10.224321,2025-11-11 10:09:58.216529,2,1,1,0,2,6385187.992208,1.0,False,False
sess_4458,861,2025-06-16 20:29:56.207677,2026-03-26 16:52:40.212022,4,2,0,2,4,24438164.004345,0.0,True,False
sess_4459,927,2025-09-09 15:27:24.178635,2026-04-21 18:56:01.249957,3,0,1,2,3,19366117.071322,0.0,False,False
sess_446,549,2025-10-23 00:28:28.183414,2026-04-11 08:14:29.186925,3,2,0,1,3,14715961.003511,0.0,True,False
sess_4460,324,2026-03-30 15:28:21.226324,2026-03-30 15:28:21.226324,1,0,0,1,1,0.0,0.0,True,False
sess_4461,16,2025-09-10 03:12:33.254569,2026-02-24 04:37:32.178635,2,0,1,1,2,14433898.924066,0.0,False,False
sess_4462,646,2025-06-17 11:19:52.228610,2025-06-18 01:23:59.247953,2,0,0,2,2,50647.019343,0.0,True,False
sess_4464,395,2025-06-12 20:18:03.181409,2025-06-12 20:18:03.181409,1,0,1,0,1,0.0,0.0,False,False
sess_4465,248,2026-01-21 06:38:05.212022,2026-01-21 06:38:05.212022,1,0,1,0,1,0.0,0.0,False,False
sess_4466,60,2025-07-15 19:39:05.186925,2025-12-21 02:01:50.214026,2,2,0,0,2,13674165.027101,0.0,False,False
sess_4467,1014,2025-07-01 21:56:28.251960,2026-03-03 22:15:41.245946,5,3,1,1,5,21169152.993986,0.3333333333333333,False,False
sess_4468,872,2025-08-07 21:20:41.240934,2026-03-26 09:38:13.251960,3,0,2,1,3,19916252.011026,0.0,False,False
sess_4469,284,2025-08-05 16:02:29.214026,2025-12-23 11:50:01.186925,2,0,1,1,2,12080851.972899,0.0,False,False
sess_447,157,2025-07-14 13:24:09.249957,2025-12-17 13:45:57.181409,4,1,2,1,4,13479707.931452,2.0,False,False
sess_4471,632,2026-04-18 12:39:42.214026,2026-04-18 12:39:42.214026,1,0,1,0,1,0.0,0.0,False,False
sess_4472,773,2025-06-24 07:31:27.240934,2025-12-22 13:19:59.222317,3,0,2,1,3,15659311.981383,0.0,False,False
sess_4473,185,2025-11-20 16:07:00.243940,2026-06-07 18:05:06.209185,2,2,0,0,2,17200685.965245,0.0,False,False
sess_4474,221,2026-05-15 15:28:32.228610,2026-05-15 15:28:32.228610,1,0,0,1,1,0.0,0.0,True,False
sess_4475,72,2026-03-09 12:18:54.247953,2026-03-09 12:18:54.247953,1,0,1,0,1,0.0,0.0,False,False
sess_4476,859,2025-09-05 13:14:54.238931,2025-09-05 13:14:54.238931,1,1,0,0,1,0.0,0.0,False,False
sess_4477,37,2025-09-14 00:43:37.207677,2025-11-09 17:22:49.216529,3,0,2,1,3,4898352.008852,0.0,False,False
sess_4478,756,2025-12-31 10:56:48.237113,2025-12-31 10:56:48.237113,1,0,0,1,1,0.0,0.0,True,False
sess_4479,127,2025-12-05 16:21:03.240934,2025-12-05 16:21:03.240934,1,1,0,0,1,0.0,0.0,False,False
sess_448,625,2025-09-04 18:34:42.186925,2026-01-26 23:18:12.181409,4,1,1,2,4,12458609.994484,1.0,False,False
sess_4480,202,2025-08-09 02:55:42.240934,2025-08-09 02:55:42.240934,1,0,1,0,1,0.0,0.0,False,False
sess_4481,661,2025-06-15 18:24:57.224321,2026-05-08 01:12:57.251960,4,2,1,1,4,28190880.027639,0.5,False,False
sess_4482,324,2025-12-22 23:07:05.245946,2026-04-10 07:41:28.247953,2,1,0,1,2,9362063.002007,0.0,True,False
sess_4483,422,2025-09-08 23:07:34.228610,2026-03-04 08:32:22.228610,3,1,1,1,3,15240288.0,1.0,False,False
sess_4484,181,2025-10-09 12:08:34.228610,2026-04-07 21:28:43.216529,5,1,1,3,5,15585608.987919,1.0,False,False
sess_4485,497,2026-01-28 13:24:58.249957,2026-04-19 16:48:05.228610,2,2,0,0,2,7010586.978653,0.0,False,False
sess_4487,677,2025-09-08 21:15:51.181409,2026-06-05 07:01:45.222317,3,1,2,0,3,23276754.040908,2.0,False,False
sess_4488,74,2025-11-22 05:00:46.218542,2026-01-07 01:36:51.209185,3,1,2,0,3,3962164.990643,2.0,False,False
sess_4489,388,2025-08-11 09:55:01.195433,2025-10-21 19:37:21.186925,2,0,1,1,2,6169339.991492,0.0,False,False
sess_449,668,2026-01-25 22:10:11.228610,2026-04-28 17:15:29.178635,2,1,1,0,2,8017517.950025,1.0,False,False
sess_4491,271,2025-07-08 10:39:37.181409,2025-07-08 10:39:37.181409,1,0,1,0,1,0.0,0.0,False,False
sess_4492,408,2025-07-31 02:03:10.211509,2026-04-29 19:54:56.242937,2,0,1,1,2,23565106.031428,0.0,False,False
sess_4493,725,2025-07-18 08:03:27.214026,2025-07-18 08:03:27.214026,1,0,1,0,1,0.0,0.0,False,False
sess_4494,1079,2025-12-12 01:16:49.222317,2026-05-19 09:25:27.214026,5,2,1,2,5,13680517.991709,0.5,False,False
sess_4495,154,2025-09-29 01:41:21.178635,2026-04-15 05:07:15.209185,6,1,3,2,6,17119554.03055,3.0,False,False
sess_4496,258,2026-01-15 02:22:19.186925,2026-03-01 00:06:25.183414,2,2,0,0,2,3879845.996489,0.0,False,False
sess_4497,451,2025-08-27 11:09:58.178635,2026-03-22 13:44:14.245946,2,0,0,2,2,17894056.067311,0.0,True,False
sess_4498,974,2025-10-06 08:36:37.185418,2026-01-31 10:31:06.240934,2,0,1,1,2,10115669.055516,0.0,False,False
sess_4499,585,2026-04-03 18:56:34.214026,2026-04-03 18:56:34.214026,1,1,0,0,1,0.0,0.0,False,False
sess_450,823,2026-04-29 21:32:20.238931,2026-04-29 21:32:20.238931,1,1,0,0,1,0.0,0.0,False,False
sess_4500,65,2025-09-29 02:28:12.228610,2026-05-21 23:36:25.237113,3,1,0,2,3,20293693.008503,0.0,True,False
sess_4501,142,2025-10-14 21:11:06.245946,2026-05-03 16:10:34.238931,2,0,1,1,2,17348367.992985,0.0,False,False
sess_4502,945,2026-01-10 05:03:03.228610,2026-01-10 05:03:03.228610,1,0,0,1,1,0.0,0.0,True,False
sess_4503,468,2025-06-27 11:34:38.199974,2025-08-02 15:47:51.181409,2,0,0,2,2,3125592.981435,0.0,True,False
sess_4504,822,2026-02-04 01:22:03.209185,2026-02-04 01:22:03.209185,1,0,0,1,1,0.0,0.0,True,False
sess_4505,462,2025-08-04 12:43:37.228610,2026-02-21 09:31:45.238931,4,1,1,2,4,17354888.010321,1.0,False,False
sess_4506,776,2025-07-16 16:46:01.228610,2026-05-27 12:00:49.228610,2,0,1,1,2,27198888.0,0.0,False,False
sess_4507,117,2025-08-28 06:20:18.238931,2025-08-28 06:20:18.238931,1,1,0,0,1,0.0,0.0,False,False
sess_4508,905,2025-07-15 15:26:18.211509,2025-07-15 15:26:18.211509,1,0,0,1,1,0.0,0.0,True,False
sess_4509,293,2025-10-07 10:01:26.216529,2026-02-18 00:40:10.181409,4,0,2,2,4,11543923.96488,0.0,False,False
sess_451,363,2025-06-26 07:37:07.238931,2026-06-04 06:50:55.218542,2,1,0,1,2,29632427.979611,0.0,True,False
sess_4510,470,2025-12-25 09:14:01.185418,2026-01-24 14:04:51.238931,2,1,1,0,2,2609450.053513,1.0,False,False
sess_4512,792,2025-08-13 19:56:25.186925,2025-08-13 19:56:25.186925,1,0,0,1,1,0.0,0.0,True,False
sess_4514,373,2026-06-11 18:29:07.243940,2026-06-11 18:29:07.243940,1,0,0,1,1,0.0,0.0,True,False
sess_4515,274,2025-08-07 14:15:27.222317,2026-01-27 06:58:41.228610,4,2,1,1,4,14920994.006293,0.5,False,False
sess_4516,74,2025-10-16 19:41:32.209185,2025-12-11 18:24:10.228610,2,1,0,1,2,4833758.019425,0.0,True,False
sess_4517,897,2026-01-30 09:43:08.228610,2026-05-07 07:21:03.218542,2,0,0,2,2,8372274.989932,0.0,True,False
sess_4519,787,2025-07-12 00:06:25.216529,2026-03-24 20:00:10.222317,3,1,2,0,3,22103625.005788,2.0,False,False
sess_452,975,2025-07-21 13:49:10.238931,2025-12-08 04:30:08.219548,2,0,0,2,2,12062457.980617,0.0,True,False
sess_4520,255,2025-07-03 01:17:17.214026,2026-04-09 12:20:19.183414,2,0,1,1,2,24231781.969388,0.0,False,False
sess_4521,921,2026-06-11 15:55:21.214026,2026-06-11 15:55:21.214026,1,1,0,0,1,0.0,0.0,False,False
sess_4522,541,2025-06-27 13:06:04.245946,2025-09-05 12:52:34.237113,2,1,0,1,2,6047189.991167,0.0,True,False
sess_4523,602,2026-02-24 00:30:53.245946,2026-06-07 12:15:38.183414,2,1,1,0,2,8941484.937468,1.0,False,False
sess_4525,267,2026-04-09 09:39:12.185418,2026-04-09 09:39:12.185418,1,0,0,1,1,0.0,0.0,True,False
sess_4526,461,2025-10-21 06:10:09.242937,2026-03-07 02:10:15.224321,3,1,0,2,3,11822405.981384,0.0,True,False
sess_4527,9,2025-09-16 14:35:12.228610,2025-09-16 14:35:12.228610,1,1,0,0,1,0.0,0.0,False,False
sess_4529,980,2025-09-09 16:23:50.243940,2025-09-09 16:23:50.243940,1,1,0,0,1,0.0,0.0,False,False
sess_453,621,2026-04-09 15:32:08.228610,2026-04-13 16:02:58.222317,2,1,0,1,2,347449.993707,0.0,True,False
sess_4530,996,2026-06-06 17:43:43.207677,2026-06-06 17:43:43.207677,1,0,0,1,1,0.0,0.0,True,False
sess_4531,265,2025-06-20 23:08:30.228610,2025-06-20 23:08:30.228610,1,0,0,1,1,0.0,0.0,True,False
sess_4532,100,2025-10-13 12:55:42.224321,2025-12-04 00:01:00.207677,2,0,2,0,2,4446317.983356,0.0,False,False
sess_4533,622,2025-09-04 00:21:53.203543,2025-10-14 09:42:44.242937,2,2,0,0,2,3489651.039394,0.0,False,False
sess_4534,464,2026-01-08 11:30:54.186925,2026-03-31 22:12:35.228610,2,2,0,0,2,7123301.041685,0.0,False,False
sess_4536,534,2025-08-01 18:10:49.228610,2025-12-08 07:49:09.228610,3,2,1,0,3,11108300.0,0.5,False,False
sess_4537,523,2025-08-20 05:49:11.199974,2025-08-20 05:49:11.199974,1,0,1,0,1,0.0,0.0,False,False
sess_4538,582,2025-06-22 02:19:46.222317,2025-06-22 02:19:46.222317,1,0,0,1,1,0.0,0.0,True,False
sess_4539,223,2026-02-03 23:29:42.222317,2026-02-03 23:29:42.222317,1,0,1,0,1,0.0,0.0,False,False
sess_454,400,2025-11-06 14:03:31.214026,2025-11-06 14:03:31.214026,1,1,0,0,1,0.0,0.0,False,False
sess_4541,42,2026-03-29 22:32:13.228610,2026-03-29 22:32:13.228610,1,1,0,0,1,0.0,0.0,False,False
sess_4542,105,2025-12-04 01:19:24.216529,2026-06-04 14:59:21.237113,2,1,0,1,2,15773997.020584,0.0,True,False
sess_4543,965,2025-08-09 22:32:44.186925,2026-04-09 14:39:42.228610,4,1,3,0,4,20966818.041685,3.0,False,False
sess_4544,434,2025-08-11 23:36:07.222317,2026-05-11 11:20:05.219548,2,0,1,1,2,23543037.997231,0.0,False,False
sess_4545,708,2025-08-18 20:07:35.247953,2025-08-18 20:07:35.247953,1,0,1,0,1,0.0,0.0,False,False
sess_4546,253,2025-11-01 22:08:14.186925,2026-05-12 12:19:54.228610,2,1,0,1,2,16553500.041685,0.0,True,False
sess_4547,792,2025-07-03 19:50:56.195433,2026-03-12 00:58:51.197951,2,2,0,0,2,21704875.002518,0.0,False,False
sess_4548,873,2026-03-01 06:32:35.183414,2026-03-01 06:32:35.183414,1,0,1,0,1,0.0,0.0,False,False
sess_4549,506,2026-03-25 03:52:36.178635,2026-04-12 13:30:47.183414,2,2,0,0,2,1589891.004779,0.0,False,False
sess_455,41,2026-02-09 14:42:52.195433,2026-05-31 16:20:01.247953,3,1,0,2,3,9596229.05252,0.0,True,False
sess_4551,541,2025-10-18 06:18:16.186925,2026-01-13 21:22:23.186925,3,2,0,1,3,7571047.0,0.0,True,False
sess_4552,459,2026-02-26 02:12:18.247953,2026-02-26 02:12:18.247953,1,0,1,0,1,0.0,0.0,False,False
sess_4553,597,2025-11-15 15:20:31.214026,2025-12-02 10:06:24.228610,2,1,1,0,2,1449953.014584,1.0,False,False
sess_4554,440,2025-07-12 21:06:36.240934,2026-03-22 10:33:08.249957,4,2,1,1,4,21821192.009023,0.5,False,False
sess_4555,358,2025-07-31 10:16:04.186925,2025-07-31 10:16:04.186925,1,0,1,0,1,0.0,0.0,False,False
sess_4556,784,2025-11-16 00:14:11.186925,2026-02-04 06:33:48.214026,3,1,1,1,3,6934777.027101,1.0,False,False
sess_4557,770,2025-10-29 12:35:11.212022,2026-06-11 13:43:56.251960,4,2,2,0,4,19444125.039938,1.0,False,False
sess_4558,701,2026-01-18 03:56:25.228610,2026-04-28 23:13:00.218542,2,0,1,1,2,8709394.989932,0.0,False,False
sess_4559,511,2025-07-30 14:46:20.235934,2025-07-30 14:46:20.235934,1,1,0,0,1,0.0,0.0,False,False
sess_456,242,2025-12-07 15:51:54.249957,2025-12-07 15:51:54.249957,1,1,0,0,1,0.0,0.0,False,False
sess_4560,895,2025-08-04 05:00:45.186925,2026-05-11 02:17:14.249957,3,2,0,1,3,24182189.063032,0.0,True,False
sess_4561,222,2025-07-21 08:29:30.186925,2026-05-11 07:58:18.245946,3,0,1,2,3,25399728.059021,0.0,False,False
sess_4562,946,2026-05-10 03:28:49.216529,2026-05-10 03:28:49.216529,1,0,0,1,1,0.0,0.0,True,False
sess_4563,113,2025-06-15 16:16:02.240934,2025-10-02 15:03:37.228610,2,1,1,0,2,9413254.987676,1.0,False,False
sess_4564,465,2025-09-07 03:38:30.181409,2025-12-30 04:42:00.203543,4,2,2,0,4,9853410.022134,1.0,False,False
sess_4565,599,2026-06-06 18:19:33.228610,2026-06-06 18:19:33.228610,1,1,0,0,1,0.0,0.0,False,False
sess_4566,802,2025-10-04 09:33:18.209185,2025-12-09 08:29:10.212022,2,0,1,1,2,5698552.002837,0.0,False,False
sess_4567,433,2026-01-07 04:32:06.227826,2026-03-29 22:46:18.186925,2,0,1,1,2,7064051.959099,0.0,False,False
sess_4568,951,2025-09-17 01:32:42.228610,2026-03-19 01:38:15.212022,3,0,3,0,3,15811532.983412,0.0,False,False
sess_4569,70,2025-11-29 07:27:40.186925,2026-03-25 07:37:32.242937,2,0,1,1,2,10022992.056012,0.0,False,False
sess_457,118,2026-03-13 16:03:55.186925,2026-05-02 01:29:04.199974,2,0,1,1,2,4267509.013049,0.0,False,False
sess_4570,74,2025-08-20 22:52:31.228610,2026-04-04 23:44:04.214026,4,1,2,1,4,19615892.985416,2.0,False,False
sess_4571,552,2025-09-26 14:31:53.186925,2026-06-03 14:32:33.181409,5,1,2,2,5,21600039.994484,2.0,False,False
sess_4572,891,2026-05-26 11:48:33.228610,2026-05-26 11:48:33.228610,1,0,1,0,1,0.0,0.0,False,False
sess_4573,998,2025-06-25 21:03:55.222317,2025-08-27 19:41:44.214026,3,1,1,1,3,5438268.991709,1.0,False,False
sess_4574,604,2025-07-09 13:04:09.197951,2025-07-22 17:39:39.226324,2,1,1,0,2,1139730.028373,1.0,False,False
sess_4575,486,2026-04-29 02:22:45.228610,2026-04-29 02:22:45.228610,1,0,1,0,1,0.0,0.0,False,False
sess_4576,98,2025-08-14 04:20:57.186925,2026-02-25 02:32:55.203543,2,1,1,0,2,16841518.016618,1.0,False,False
sess_4577,35,2025-11-23 03:00:08.183414,2025-12-16 09:36:09.228610,2,1,0,1,2,2010961.045196,0.0,True,False
sess_4580,900,2026-02-15 12:07:47.209185,2026-05-28 12:58:51.183414,2,0,1,1,2,8815863.974229,0.0,False,False
sess_4581,188,2025-07-10 23:30:44.216529,2026-04-18 18:30:41.238931,3,1,0,2,3,24346797.022402,0.0,True,False
sess_4582,1005,2025-07-22 08:03:25.178635,2025-11-24 20:42:08.181409,3,2,0,1,3,10845523.002774,0.0,True,False
sess_4583,198,2026-01-20 11:21:28.240934,2026-03-24 04:13:04.228610,2,2,0,0,2,5417495.987676,0.0,False,False
sess_4584,939,2025-09-03 21:13:15.240934,2026-03-19 02:54:22.238931,4,0,2,2,4,16954866.997997,0.0,False,False
sess_4585,909,2025-08-26 02:50:41.228610,2026-04-03 08:18:17.207677,3,1,1,1,3,19027655.979067,1.0,False,False
sess_4586,521,2025-07-01 09:43:18.228610,2026-03-02 22:08:17.186925,5,2,2,1,5,21126298.958315,1.0,False,False
sess_4587,40,2026-02-26 22:42:35.222317,2026-05-28 14:16:30.245946,2,0,1,1,2,7832035.023629,0.0,False,False
sess_4589,588,2026-01-26 22:31:19.214026,2026-01-26 22:31:19.214026,1,0,0,1,1,0.0,0.0,True,False
sess_459,78,2025-07-29 00:56:50.212022,2026-04-15 12:19:46.240934,3,1,1,1,3,22504976.028912,1.0,False,False
sess_4590,922,2025-06-11 15:23:10.216529,2025-10-24 19:41:55.183414,4,2,2,0,4,11679524.966885,1.0,False,False
sess_4591,863,2025-11-21 12:33:25.183414,2025-11-21 12:33:25.183414,1,0,1,0,1,0.0,0.0,False,False
sess_4592,830,2026-05-19 12:26:47.183414,2026-05-19 12:26:47.183414,1,0,0,1,1,0.0,0.0,True,False
sess_4593,189,2025-08-02 08:38:26.240934,2025-08-02 08:38:26.240934,1,1,0,0,1,0.0,0.0,False,False
sess_4594,828,2025-08-25 10:39:23.214026,2025-08-25 10:39:23.214026,1,0,1,0,1,0.0,0.0,False,False
sess_4595,204,2026-01-19 18:06:35.209185,2026-01-19 18:06:35.209185,1,0,1,0,1,0.0,0.0,False,False
sess_4596,512,2025-10-18 04:50:59.219548,2025-10-18 04:50:59.219548,1,0,0,1,1,0.0,0.0,True,False
sess_4597,836,2025-08-10 22:56:01.186925,2026-03-12 08:58:52.243940,4,1,3,0,4,18439371.057015,3.0,False,False
sess_4598,280,2025-07-29 06:40:46.214026,2026-02-04 13:56:17.186925,2,0,1,1,2,16442130.972899,0.0,False,False
sess_46,84,2025-07-03 04:08:59.216529,2026-05-15 07:10:32.228610,3,1,2,0,3,27313293.012081,2.0,False,False
sess_460,720,2026-01-14 07:51:36.228610,2026-01-25 20:33:45.186925,2,1,0,1,2,996128.958315,0.0,True,False
sess_4600,550,2025-10-30 11:59:47.186925,2026-05-30 01:36:18.245946,3,0,1,2,3,18279391.059021,0.0,False,False
sess_4601,598,2025-06-26 03:38:33.209185,2025-07-24 05:05:54.181409,2,0,1,1,2,2424440.972224,0.0,False,False
sess_4602,509,2026-04-14 10:32:26.186925,2026-04-14 10:32:26.186925,1,0,1,0,1,0.0,0.0,False,False
sess_4603,855,2026-02-06 22:59:16.222317,2026-02-06 22:59:16.222317,1,1,0,0,1,0.0,0.0,False,False
sess_4604,171,2025-12-31 20:28:23.240934,2025-12-31 20:28:23.240934,1,1,0,0,1,0.0,0.0,False,False
sess_4605,735,2025-08-19 10:25:26.183414,2026-06-04 02:40:47.219548,3,1,1,1,3,24941721.036134,1.0,False,False
sess_4607,614,2025-07-19 01:38:51.183414,2025-09-23 01:35:03.186925,3,2,0,1,3,5702172.003511,0.0,True,False
sess_4608,241,2025-10-09 21:17:08.186925,2025-10-09 21:17:08.186925,1,0,1,0,1,0.0,0.0,False,False
sess_4609,436,2025-09-12 11:19:44.186925,2026-02-22 13:35:20.251960,3,1,2,0,3,14091336.065035,2.0,False,False
sess_461,144,2026-01-01 23:57:11.185418,2026-01-01 23:57:11.185418,1,0,1,0,1,0.0,0.0,False,False
sess_4610,784,2026-06-10 01:30:07.218542,2026-06-10 05:19:02.186925,2,2,0,0,2,13734.968383,0.0,False,False
sess_4611,3,2026-02-03 03:23:53.226324,2026-05-29 07:03:34.186925,5,2,3,0,5,9949180.960601,1.5,False,False
sess_4612,962,2025-06-28 03:55:19.186925,2026-01-01 13:56:51.181409,3,1,0,2,3,16192891.994484,0.0,True,False
sess_4613,319,2025-06-20 06:50:25.238931,2025-06-20 06:50:25.238931,1,0,0,1,1,0.0,0.0,True,False
sess_4614,391,2025-07-14 00:05:29.238931,2025-07-14 00:05:29.238931,1,1,0,0,1,0.0,0.0,False,False
sess_4615,64,2025-09-27 02:01:59.214026,2026-04-05 21:34:40.186925,3,1,0,2,3,16486360.972899,0.0,True,False
sess_4616,451,2025-11-04 15:04:32.183414,2026-06-04 15:38:01.186925,3,1,1,1,3,18318809.003511,1.0,False,False
sess_4617,854,2025-06-29 21:21:22.186925,2026-03-12 05:16:31.226324,2,1,1,0,2,22060509.039399,1.0,False,False
sess_4618,333,2025-06-11 03:06:28.238931,2025-12-13 05:00:07.207677,2,0,1,1,2,15990818.968746,0.0,False,False
sess_4619,763,2025-06-27 15:33:46.245946,2026-04-04 02:01:11.186925,3,2,0,1,3,24229644.940979,0.0,True,False
sess_462,500,2025-08-21 16:53:01.218542,2025-10-02 03:07:21.202536,2,2,0,0,2,3579259.983994,0.0,False,False
sess_4620,222,2025-10-16 02:58:04.186925,2026-01-01 22:47:18.214026,3,2,0,1,3,6724154.027101,0.0,True,False
sess_4621,774,2025-07-13 01:05:41.240934,2026-02-04 21:10:15.185418,2,0,2,0,2,17870673.944484,0.0,False,False
sess_4623,619,2025-10-01 18:24:32.214026,2026-03-28 21:10:49.197951,3,0,1,2,3,15389176.983925,0.0,False,False
sess_4624,241,2025-10-02 22:50:23.249957,2026-02-10 05:07:15.185418,2,0,1,1,2,11254611.935461,0.0,False,False
sess_4625,220,2025-08-13 11:02:26.228610,2026-02-16 12:19:07.245946,2,2,0,0,2,16161401.017336,0.0,False,False
sess_4626,432,2026-03-20 03:14:10.186925,2026-05-11 22:23:45.228610,2,2,0,0,2,4561775.041685,0.0,False,False
sess_4627,1088,2025-07-13 03:33:12.186925,2026-04-14 00:29:30.247953,4,2,1,1,4,23748978.061028,0.5,False,False
sess_4628,258,2025-07-16 03:01:58.222317,2025-07-16 03:01:58.222317,1,0,0,1,1,0.0,0.0,True,False
sess_4629,594,2025-11-14 05:44:38.240934,2026-03-09 21:42:08.245946,3,2,0,1,3,9993450.005012,0.0,True,False
sess_463,732,2025-09-27 11:45:01.186925,2025-12-28 07:08:02.240934,2,0,0,2,2,7932181.054009,0.0,True,False
sess_4630,663,2025-08-10 08:53:47.228610,2025-09-26 08:24:57.249957,3,1,2,0,3,4059070.021347,2.0,False,False
sess_4631,217,2025-06-22 09:01:23.181409,2026-02-21 22:24:13.228610,3,0,1,2,3,21129770.047201,0.0,False,False
sess_4632,477,2025-09-29 22:18:45.247953,2026-06-02 09:31:55.228610,2,0,1,1,2,21208389.980657,0.0,False,False
sess_4634,470,2025-10-21 05:26:24.247953,2026-04-25 11:00:32.186925,2,0,1,1,2,16090447.938972,0.0,False,False
sess_4636,189,2026-04-26 18:26:03.186925,2026-05-09 02:38:36.228610,2,2,0,0,2,1066353.041685,0.0,False,False
sess_4637,882,2025-10-15 02:17:31.228610,2025-10-15 02:17:31.228610,1,1,0,0,1,0.0,0.0,False,False
sess_4638,875,2025-07-19 16:41:42.228610,2026-02-07 11:25:50.224321,5,2,3,0,5,17520247.995711,1.5,False,False
sess_4639,210,2025-11-15 23:40:05.219548,2026-02-24 22:38:12.183414,3,1,2,0,3,8722686.963866,2.0,False,False
sess_464,371,2025-10-05 10:50:06.186925,2026-01-27 05:23:03.242937,2,1,1,0,2,9829977.056012,1.0,False,False
sess_4640,674,2026-02-25 20:46:56.247953,2026-02-25 20:46:56.247953,1,0,1,0,1,0.0,0.0,False,False
sess_4641,1060,2025-07-26 16:59:10.216529,2026-06-08 04:06:42.218542,4,2,1,1,4,27342452.002013,0.5,False,False
sess_4642,206,2025-10-13 20:03:26.228610,2026-03-03 06:01:25.186925,2,1,0,1,2,12131878.958315,0.0,True,False
sess_4643,549,2026-06-01 19:13:57.253968,2026-06-01 19:13:57.253968,1,1,0,0,1,0.0,0.0,False,False
sess_4644,697,2025-06-30 16:37:01.224321,2025-11-18 20:49:20.227826,2,1,1,0,2,12197539.003505,1.0,False,False
sess_4645,359,2025-07-05 09:16:57.214026,2026-02-05 13:40:18.243940,2,1,1,0,2,18591801.029914,1.0,False,False
sess_4646,850,2025-12-10 15:34:40.228610,2025-12-10 15:34:40.228610,1,0,1,0,1,0.0,0.0,False,False
sess_4647,885,2025-11-02 04:37:00.178635,2025-11-02 04:37:00.178635,1,0,0,1,1,0.0,0.0,True,False
sess_4648,892,2025-08-05 23:05:43.212022,2025-12-02 06:30:43.186925,2,1,0,1,2,10221899.974903,0.0,True,False
sess_4649,327,2026-02-13 06:16:35.222317,2026-02-13 06:16:35.222317,1,1,0,0,1,0.0,0.0,False,False
sess_465,275,2025-10-03 19:40:03.186925,2026-03-30 03:36:59.181409,3,1,2,0,3,15321415.994484,2.0,False,False
sess_4650,320,2025-09-02 20:49:39.183414,2026-06-01 20:19:16.199974,2,0,2,0,2,23498977.01656,0.0,False,False
sess_4651,392,2025-07-31 05:20:48.228610,2026-04-07 05:09:17.243940,3,2,1,0,3,21599309.01533,0.5,False,False
sess_4652,837,2025-07-05 22:46:53.240934,2026-03-21 09:08:23.249957,3,3,0,0,3,22328490.009023,0.0,False,False
sess_4653,939,2026-01-22 13:28:48.211509,2026-01-22 13:28:48.211509,1,1,0,0,1,0.0,0.0,False,False
sess_4654,60,2025-09-18 01:11:14.178635,2026-03-22 06:06:03.186925,5,2,1,2,5,16001689.00829,0.5,False,False
sess_4655,162,2025-06-12 18:28:23.209185,2025-08-10 23:47:34.214026,2,0,2,0,2,5116751.004841,0.0,False,False
sess_4656,1002,2025-07-10 20:56:30.186925,2026-03-28 17:20:05.247953,7,5,2,0,7,22537415.061028,0.4,False,False
sess_4657,313,2026-04-08 04:36:56.226324,2026-04-08 04:36:56.226324,1,0,0,1,1,0.0,0.0,True,False
sess_4658,532,2025-08-19 09:17:55.209185,2025-08-19 09:17:55.209185,1,0,1,0,1,0.0,0.0,False,False
sess_4659,79,2026-03-30 10:46:57.203543,2026-03-30 10:46:57.203543,1,1,0,0,1,0.0,0.0,False,False
sess_466,891,2025-08-07 05:46:24.228610,2026-01-31 03:09:01.216529,6,1,1,4,6,15283356.987919,1.0,False,False
sess_4660,445,2025-12-28 02:51:56.228610,2026-06-09 06:06:36.186925,3,2,0,1,3,14094879.958315,0.0,True,False
sess_4662,937,2026-02-12 19:57:43.185418,2026-02-28 21:10:34.207677,2,1,1,0,2,1386771.022259,1.0,False,False
sess_4664,995,2025-07-10 19:13:29.228610,2026-01-03 18:35:18.181409,2,1,0,1,2,15290508.952799,0.0,True,False
sess_4665,982,2025-06-30 18:09:38.199974,2025-11-25 22:14:25.249957,4,0,4,0,4,12801887.049983,0.0,False,False
sess_4666,1054,2025-11-01 13:38:49.228610,2026-04-03 16:09:47.222317,2,1,1,0,2,13228257.993707,1.0,False,False
sess_4667,653,2025-08-16 05:22:31.228610,2026-02-14 01:37:10.243940,4,2,1,1,4,15711279.01533,0.5,False,False
sess_4668,494,2025-09-05 22:11:49.238931,2026-03-15 00:09:51.253968,4,2,0,2,4,16423082.015037,0.0,True,False
sess_4669,527,2025-11-22 09:27:26.228610,2025-11-22 09:27:26.228610,1,1,0,0,1,0.0,0.0,False,False
sess_4670,681,2025-08-15 23:10:52.216529,2025-08-15 23:10:52.216529,1,0,0,1,1,0.0,0.0,True,False
sess_4671,266,2025-10-25 20:14:33.237113,2026-04-21 07:05:00.240934,6,3,2,1,6,15331827.003821,0.6666666666666666,False,False
sess_4672,524,2026-03-04 23:15:29.228610,2026-03-04 23:15:29.228610,1,1,0,0,1,0.0,0.0,False,False
sess_4673,234,2026-04-01 16:04:15.183414,2026-05-22 07:24:59.219548,3,2,0,1,3,4375244.036134,0.0,True,False
sess_4674,627,2025-06-29 05:59:10.245946,2025-09-02 15:47:23.224321,2,1,0,1,2,5651292.978375,0.0,True,False
sess_4675,208,2025-07-02 19:20:45.228610,2025-07-02 19:20:45.228610,1,0,0,1,1,0.0,0.0,True,False
sess_4676,535,2025-09-06 14:36:06.186925,2025-09-06 14:36:06.186925,1,1,0,0,1,0.0,0.0,False,False
sess_4677,689,2025-06-15 00:44:06.222317,2025-06-15 00:44:06.222317,1,0,0,1,1,0.0,0.0,True,False
sess_4679,554,2025-07-20 00:31:47.183414,2025-12-26 17:50:44.228610,3,0,1,2,3,13799937.045196,0.0,False,False
sess_468,761,2026-04-28 08:26:39.238931,2026-04-28 08:26:39.238931,1,0,1,0,1,0.0,0.0,False,False
sess_4680,582,2025-10-01 09:55:44.251960,2026-05-27 13:05:39.238931,2,1,1,0,2,20574594.986971,1.0,False,False
sess_4681,471,2025-06-25 04:16:34.245946,2025-10-12 01:44:13.224321,3,2,1,0,3,9408458.978375,0.5,False,False
sess_4682,246,2025-08-26 10:35:22.249957,2026-03-25 11:03:07.245946,4,2,1,1,4,18232064.995989,0.5,False,False
sess_4684,159,2025-09-01 00:36:05.214026,2026-04-04 19:07:21.207677,6,3,2,1,6,18642675.993651,0.6666666666666666,False,False
sess_4685,988,2025-06-18 19:37:14.251960,2026-06-11 20:33:29.247953,2,1,0,1,2,30934574.995993,0.0,True,False
sess_4686,1069,2025-08-09 12:35:45.216529,2026-06-06 20:22:48.178635,2,1,0,1,2,26034422.962106,0.0,True,False
sess_4689,572,2025-07-07 09:28:06.222317,2025-07-07 09:28:06.222317,1,0,0,1,1,0.0,0.0,True,False
sess_469,281,2026-01-18 07:33:28.197951,2026-01-18 07:33:28.197951,1,0,1,0,1,0.0,0.0,False,False
sess_4690,840,2025-07-31 23:40:47.207677,2026-04-01 13:07:34.228610,2,0,0,2,2,21043607.020933,0.0,True,False
sess_4691,791,2025-08-18 06:19:08.181409,2026-05-12 07:52:02.240934,2,1,1,0,2,23074374.059525,1.0,False,False
sess_4693,694,2025-07-31 07:44:14.214026,2026-05-26 22:47:38.243940,2,1,1,0,2,25887804.029914,1.0,False,False
sess_4695,739,2025-11-25 19:29:53.251960,2026-05-13 21:51:43.237113,2,0,2,0,2,14610109.985153,0.0,False,False
sess_4696,125,2025-06-14 22:32:48.181409,2026-03-06 23:19:38.216529,2,1,1,0,2,22898810.03512,1.0,False,False
sess_4697,492,2025-06-12 05:13:55.228610,2026-04-11 14:45:22.183414,3,1,0,2,3,26213486.954804,0.0,True,False
sess_4698,138,2025-08-21 14:35:03.228610,2026-02-17 20:23:30.186925,4,2,0,2,4,15572906.958315,0.0,True,False
sess_4699,728,2025-11-30 02:45:30.238931,2026-01-03 00:43:51.240934,2,2,0,0,2,2930301.002003,0.0,False,False
sess_470,696,2025-10-19 11:47:18.242937,2026-03-20 17:18:22.203543,3,1,2,0,3,13152663.960606,2.0,False,False
sess_4700,431,2025-06-12 09:44:12.181409,2025-10-10 11:24:11.186925,2,0,1,1,2,10373999.005516,0.0,False,False
sess_4701,189,2026-01-22 15:50:29.249957,2026-01-22 15:50:29.249957,1,0,1,0,1,0.0,0.0,False,False
sess_4702,731,2026-01-21 03:18:06.237113,2026-01-21 03:18:06.237113,1,0,1,0,1,0.0,0.0,False,False
sess_4704,593,2026-01-22 18:00:14.228610,2026-04-09 13:49:30.214026,2,1,0,1,2,6637755.985416,0.0,True,False
sess_4705,922,2026-02-11 11:14:07.186925,2026-04-04 21:58:19.212022,2,1,0,1,2,4531452.025097,0.0,True,False
sess_4706,423,2025-07-03 18:46:10.228610,2026-05-29 01:30:38.219548,3,1,2,0,3,28449867.990938,2.0,False,False
sess_4707,1082,2025-07-16 10:41:57.226324,2025-12-24 08:10:18.242937,3,1,0,2,3,13901301.016613,0.0,True,False
sess_4708,67,2025-08-21 03:18:24.181409,2026-03-24 07:27:36.181409,3,1,1,1,3,18590952.0,1.0,False,False
sess_471,34,2025-07-18 05:51:50.253968,2025-07-18 05:51:50.253968,1,1,0,0,1,0.0,0.0,False,False
sess_4710,91,2025-11-09 14:08:54.228610,2025-11-09 14:08:54.228610,1,0,0,1,1,0.0,0.0,True,False
sess_4711,646,2025-09-25 06:18:05.222317,2026-03-15 21:22:12.237113,4,1,0,3,4,14828647.014796,0.0,True,False
sess_4712,656,2025-11-06 07:02:06.203543,2025-11-06 07:02:06.203543,1,0,1,0,1,0.0,0.0,False,False
sess_4714,1098,2025-07-15 11:31:53.181409,2025-10-28 21:05:41.185418,2,2,0,0,2,9106428.004009,0.0,False,False
sess_4715,965,2026-01-18 02:46:59.253968,2026-05-18 17:42:07.228610,2,2,0,0,2,10421707.974642,0.0,False,False
sess_4716,1057,2025-07-23 22:52:31.245946,2026-04-30 19:35:47.186925,3,2,1,0,3,24266595.940979,0.5,False,False
sess_4717,601,2025-12-29 06:17:26.216529,2025-12-29 06:17:26.216529,1,0,0,1,1,0.0,0.0,True,False
sess_4718,100,2025-11-21 01:25:58.238931,2026-02-23 16:05:31.235934,3,1,1,1,3,8174372.997003,1.0,False,False
sess_4719,1087,2026-02-11 05:12:27.207677,2026-05-05 10:04:44.249957,2,0,1,1,2,7188737.04228,0.0,False,False
sess_472,778,2025-07-09 09:41:03.199974,2026-01-20 01:28:27.197951,3,1,1,1,3,16818443.997977,1.0,False,False
sess_4720,90,2026-04-18 01:40:50.249957,2026-04-18 01:40:50.249957,1,1,0,0,1,0.0,0.0,False,False
sess_4721,409,2025-10-13 03:51:04.214026,2026-04-08 11:54:37.237113,3,0,1,2,3,15321813.023087,0.0,False,False
sess_4722,372,2025-08-05 13:49:56.245946,2026-04-12 10:16:07.219548,7,2,4,1,7,21587170.973602,2.0,False,False
sess_4723,924,2026-02-01 01:07:52.227826,2026-02-27 04:05:02.243940,2,0,1,1,2,2257030.016114,0.0,False,False
sess_4724,316,2025-09-04 16:12:24.186925,2026-03-29 21:13:55.226324,4,0,1,3,4,17816491.039399,0.0,False,False
sess_4725,434,2025-12-03 16:34:10.243940,2025-12-03 16:34:10.243940,1,0,1,0,1,0.0,0.0,False,False
sess_4726,593,2025-07-04 22:40:50.228610,2025-07-04 22:40:50.228610,1,0,1,0,1,0.0,0.0,False,False
sess_4728,1053,2026-04-05 06:27:03.207677,2026-04-23 13:10:14.181409,2,1,1,0,2,1579390.973732,1.0,False,False
sess_4729,792,2025-06-30 12:10:12.238931,2025-12-06 02:13:33.181409,2,1,0,1,2,13701800.942478,0.0,True,False
sess_4730,934,2025-11-27 07:06:47.203543,2025-11-27 07:06:47.203543,1,0,1,0,1,0.0,0.0,False,False
sess_4731,705,2026-03-26 10:54:47.186925,2026-04-18 11:59:00.209185,2,1,1,0,2,1991053.02226,1.0,False,False
sess_4732,361,2026-04-15 09:19:40.237113,2026-04-15 09:19:40.237113,1,0,1,0,1,0.0,0.0,False,False
sess_4733,985,2025-12-30 20:12:11.240934,2026-05-25 04:28:37.186925,2,0,1,1,2,12557785.945991,0.0,False,False
sess_4734,180,2025-12-16 19:41:46.240934,2025-12-29 01:44:16.237113,2,0,0,2,2,1058549.996179,0.0,True,False
sess_4735,306,2025-06-12 18:42:42.178635,2025-06-25 07:28:06.235934,2,0,1,1,2,1082724.057299,0.0,False,False
sess_4736,508,2025-09-03 11:23:49.219548,2026-06-07 03:58:42.207677,7,2,3,2,7,23906092.988129,1.5,False,False
sess_4737,7,2025-09-24 20:27:11.207677,2026-03-24 20:33:02.181409,3,1,0,2,3,15638750.973732,0.0,True,False
sess_4738,1047,2025-09-20 13:56:37.228610,2026-04-03 18:26:53.228610,3,2,1,0,3,16864216.0,0.5,False,False
sess_4739,1077,2025-11-16 05:12:39.178635,2026-05-06 14:42:48.186925,2,2,0,0,2,14808609.00829,0.0,False,False
sess_4740,352,2025-10-28 01:24:01.186925,2026-05-22 20:36:30.186925,3,0,2,1,3,17867549.0,0.0,False,False
sess_4741,55,2026-02-21 09:38:59.240934,2026-03-05 18:31:32.228610,2,1,1,0,2,1068752.987676,1.0,False,False
sess_4742,1098,2025-06-19 21:35:47.186925,2025-09-23 03:42:14.224321,4,2,1,1,4,8229987.037396,0.5,False,False
sess_4743,232,2025-12-01 15:03:26.181409,2026-02-06 19:37:53.211509,2,0,0,2,2,5805267.0301,0.0,True,False
sess_4744,180,2025-11-19 04:16:18.212022,2025-11-19 04:16:18.212022,1,1,0,0,1,0.0,0.0,False,False
sess_4745,966,2025-09-01 20:54:30.183414,2025-09-01 20:54:30.183414,1,0,0,1,1,0.0,0.0,True,False
sess_4746,1062,2025-10-21 16:42:12.219548,2026-03-02 03:24:21.240934,3,3,0,0,3,11356929.021386,0.0,False,False
sess_4747,657,2026-05-08 15:37:58.186925,2026-05-08 15:37:58.186925,1,1,0,0,1,0.0,0.0,False,False
sess_4749,199,2025-09-25 10:30:02.186925,2026-04-20 07:37:26.238931,3,1,2,0,3,17874444.052006,2.0,False,False
sess_475,474,2025-07-30 16:58:05.183414,2025-08-29 18:24:21.178635,2,0,2,0,2,2597175.995221,0.0,False,False
sess_4750,1032,2025-10-13 11:35:34.227826,2026-05-07 23:56:56.237113,4,3,1,0,4,17842882.009287,0.3333333333333333,False,False
sess_4751,407,2025-10-14 05:08:12.202536,2026-04-03 04:54:59.242937,4,2,0,2,4,14773607.040401,0.0,True,False
sess_4752,733,2025-10-10 10:28:23.186925,2025-10-10 10:28:23.186925,1,1,0,0,1,0.0,0.0,False,False
sess_4753,483,2025-06-16 17:08:59.218542,2026-02-13 04:01:52.245946,5,3,1,1,5,20861573.027404,0.3333333333333333,False,False
sess_4754,1064,2025-08-09 07:30:08.219548,2025-11-05 02:11:55.216529,2,0,0,2,2,7584106.996981,0.0,True,False
sess_4755,945,2025-10-07 14:04:42.186925,2025-10-07 14:04:42.186925,1,0,0,1,1,0.0,0.0,True,False
sess_4756,434,2025-08-04 20:15:21.237113,2026-05-14 14:45:43.228610,3,1,1,1,3,24431421.991497,1.0,False,False
sess_4757,84,2025-12-27 10:52:10.243940,2025-12-27 10:52:10.243940,1,1,0,0,1,0.0,0.0,False,False
sess_4758,1026,2026-01-21 13:16:57.228610,2026-01-21 13:16:57.228610,1,0,0,1,1,0.0,0.0,True,False
sess_4759,900,2025-11-09 13:15:04.226324,2025-11-09 13:15:04.226324,1,1,0,0,1,0.0,0.0,False,False
sess_476,716,2025-11-16 19:38:13.212022,2026-05-20 21:15:41.226324,2,0,1,1,2,15989848.014302,0.0,False,False
sess_4760,823,2025-07-04 18:12:19.185418,2025-07-04 18:12:19.185418,1,1,0,0,1,0.0,0.0,False,False
sess_4761,277,2025-11-10 08:51:06.185418,2026-05-02 15:13:45.186925,2,2,0,0,2,14970159.001507,0.0,False,False
sess_4762,707,2025-07-27 21:18:30.251960,2025-09-14 09:41:43.209185,2,1,0,1,2,4191792.957225,0.0,True,False
sess_4763,893,2025-06-15 12:32:26.228610,2026-03-26 09:19:17.249957,3,0,2,1,3,24526011.021347,0.0,False,False
sess_4764,528,2025-06-28 22:10:39.228610,2025-06-28 22:10:39.228610,1,1,0,0,1,0.0,0.0,False,False
sess_4765,701,2025-08-30 21:23:55.185418,2026-05-29 08:32:51.247953,4,2,1,1,4,23454536.062535,0.5,False,False
sess_4766,366,2025-10-25 21:02:59.214026,2026-06-05 02:37:36.178635,3,1,1,1,3,19200876.964609,1.0,False,False
sess_4767,874,2025-07-12 17:55:33.178635,2026-05-22 09:41:31.181409,3,2,1,0,3,27099958.002774,0.5,False,False
sess_4768,936,2025-07-16 09:52:32.226324,2026-01-29 07:53:14.222317,3,2,0,1,3,17013641.995993,0.0,True,False
sess_4769,537,2025-06-19 17:39:17.203543,2025-06-19 17:39:17.203543,1,0,1,0,1,0.0,0.0,False,False
sess_477,392,2025-08-31 09:21:29.199974,2026-06-05 00:11:19.235934,4,0,2,2,4,23986190.03596,0.0,False,False
sess_4771,806,2025-11-17 15:38:05.224321,2026-05-28 17:31:22.186925,3,0,0,3,3,16595596.962604,0.0,True,False
sess_4772,123,2025-07-12 20:42:58.228610,2026-03-16 05:22:28.226324,2,0,1,1,2,21285569.997714,0.0,False,False
sess_4773,381,2025-11-06 01:57:42.228610,2026-05-30 18:56:31.245946,3,1,1,1,3,17773129.017336,1.0,False,False
sess_4774,1039,2025-10-07 20:17:17.251960,2025-10-07 20:17:17.251960,1,0,0,1,1,0.0,0.0,True,False
sess_4775,832,2025-11-08 14:13:11.186925,2025-11-08 14:13:11.186925,1,1,0,0,1,0.0,0.0,False,False
sess_4776,744,2025-10-21 09:23:54.186925,2026-02-11 23:09:29.242937,2,0,2,0,2,9812735.056012,0.0,False,False
sess_4777,198,2025-09-26 21:29:39.186925,2026-05-20 01:09:56.228610,3,0,3,0,3,20317217.041685,0.0,False,False
sess_4778,708,2025-09-29 21:52:16.226324,2025-12-16 08:48:21.226324,2,0,1,1,2,6692165.0,0.0,False,False
sess_4780,586,2026-01-16 02:04:52.211509,2026-01-28 01:23:24.228610,2,1,0,1,2,1034312.017101,0.0,True,False
sess_4781,1035,2025-10-10 22:02:52.216529,2025-10-10 22:02:52.216529,1,0,0,1,1,0.0,0.0,True,False
sess_4782,95,2025-11-06 02:51:25.219548,2025-11-28 22:57:35.242937,2,0,2,0,2,1973170.023389,0.0,False,False
sess_4783,33,2025-08-25 14:34:44.197951,2026-02-15 19:08:57.212022,3,1,0,2,3,15050053.014071,0.0,True,False
sess_4784,650,2025-08-17 01:03:35.203543,2026-06-08 04:40:34.228610,4,3,0,1,4,25501019.025067,0.0,True,False
sess_4785,536,2025-07-22 12:42:33.226324,2026-03-11 12:39:24.228610,4,1,2,1,4,20044611.002286,2.0,False,False
sess_4786,1088,2025-07-17 02:15:23.235934,2026-03-27 01:54:04.249957,3,0,2,1,3,21857921.014023,0.0,False,False
sess_4787,210,2025-12-22 19:20:39.219548,2026-03-27 17:58:26.212022,3,1,1,1,3,8203066.992474,1.0,False,False
sess_4788,251,2025-07-14 06:42:02.209185,2026-02-26 10:56:16.228610,3,0,2,1,3,19628054.019425,0.0,False,False
sess_4789,321,2025-09-06 14:04:42.251960,2025-11-21 20:29:30.186925,2,0,1,1,2,6589487.934965,0.0,False,False
sess_479,1002,2026-05-02 10:09:36.228610,2026-06-02 10:27:39.214026,2,0,1,1,2,2679482.985416,0.0,False,False
sess_4790,134,2025-11-29 07:56:52.214026,2026-03-18 02:48:15.214026,2,1,1,0,2,9399083.0,1.0,False,False
sess_4791,152,2025-12-01 13:30:40.186925,2025-12-01 13:30:40.186925,1,0,0,1,1,0.0,0.0,True,False
sess_4792,881,2026-05-07 10:09:52.214026,2026-05-07 10:09:52.214026,1,1,0,0,1,0.0,0.0,False,False
sess_4796,264,2025-10-03 07:14:11.186925,2025-10-03 07:14:11.186925,1,0,0,1,1,0.0,0.0,True,False
sess_4797,695,2026-03-13 18:38:30.249957,2026-05-18 06:45:58.237113,2,2,0,0,2,5659647.987156,0.0,False,False
sess_4798,1074,2025-08-23 23:31:08.219548,2026-03-08 21:52:41.186925,2,1,0,1,2,17014892.967377,0.0,True,False
sess_4799,343,2025-07-02 01:22:13.216529,2025-07-02 01:22:13.216529,1,0,0,1,1,0.0,0.0,True,False
sess_480,400,2025-06-12 00:29:11.203543,2026-06-02 00:30:22.197951,4,1,2,1,4,30672070.994408,2.0,False,False
sess_4800,930,2025-10-06 06:16:14.245946,2026-05-13 20:33:23.214026,3,2,1,0,3,18973028.96808,0.5,False,False
sess_4801,199,2025-07-16 15:19:51.245946,2025-11-16 15:42:57.219548,2,2,0,0,2,10628585.973602,0.0,False,False
sess_4802,357,2025-09-01 17:20:27.237113,2025-12-31 11:08:36.243940,2,0,0,2,2,10432089.006827,0.0,True,False
sess_4803,845,2025-06-30 17:48:54.216529,2026-02-23 00:42:52.247953,2,2,0,0,2,20501638.031424,0.0,False,False
sess_4804,35,2026-05-05 23:25:03.203543,2026-05-05 23:25:03.203543,1,0,0,1,1,0.0,0.0,True,False
sess_4805,961,2025-09-19 09:30:04.212022,2026-05-15 04:12:13.214026,3,2,0,1,3,20544129.002004,0.0,True,False
sess_4806,1006,2025-07-07 09:06:19.228610,2026-01-06 08:45:32.183414,3,3,0,0,3,15809952.954804,0.0,False,False
sess_4807,612,2026-02-11 22:27:36.238931,2026-02-11 22:27:36.238931,1,1,0,0,1,0.0,0.0,False,False
sess_4809,796,2026-04-21 14:31:00.209185,2026-04-21 14:31:00.209185,1,0,1,0,1,0.0,0.0,False,False
sess_481,535,2026-01-13 03:47:14.238931,2026-05-23 09:51:47.228610,2,0,1,1,2,11253872.989679,0.0,False,False
sess_4810,157,2025-07-21 18:52:36.249957,2025-11-17 01:56:10.237113,2,0,2,0,2,10220613.987156,0.0,False,False
sess_4812,513,2026-04-17 14:27:51.202536,2026-04-17 14:27:51.202536,1,1,0,0,1,0.0,0.0,False,False
sess_4813,346,2025-08-30 20:42:34.235934,2025-11-23 04:10:27.183414,4,2,1,1,4,7284472.94748,0.5,False,False
sess_4814,265,2026-02-19 22:28:28.228610,2026-02-19 22:28:28.228610,1,1,0,0,1,0.0,0.0,False,False
sess_4815,459,2026-02-01 07:28:44.251960,2026-04-06 12:34:46.212022,2,0,1,1,2,5547961.960062,0.0,False,False
sess_4816,10,2025-06-18 23:47:54.228610,2026-01-23 08:12:09.228610,4,2,1,1,4,18865455.0,0.5,False,False
sess_4817,105,2025-06-22 19:59:36.238931,2026-05-31 07:05:52.226324,5,1,4,0,5,29588775.987393,4.0,False,False
sess_4818,62,2026-04-24 06:13:43.178635,2026-04-24 06:13:43.178635,1,1,0,0,1,0.0,0.0,False,False
sess_4819,24,2025-06-20 22:42:41.242937,2026-02-27 05:50:02.186925,4,2,0,2,4,21712040.943988,0.0,True,False
sess_482,688,2025-06-23 16:14:03.240934,2025-11-12 16:51:57.237113,2,2,0,0,2,12271073.996179,0.0,False,False
sess_4820,752,2026-05-08 03:14:47.226324,2026-05-08 03:14:47.226324,1,0,1,0,1,0.0,0.0,False,False
sess_4821,57,2025-09-28 00:46:40.226324,2026-05-08 13:57:45.186925,3,0,0,3,3,19228264.960601,0.0,True,False
sess_4823,369,2026-05-05 12:08:18.212022,2026-05-05 12:08:18.212022,1,0,1,0,1,0.0,0.0,False,False
sess_4826,944,2025-07-09 12:25:06.222317,2025-09-14 08:46:09.247953,2,0,1,1,2,5775663.025636,0.0,False,False
sess_4827,152,2026-06-10 23:49:55.242937,2026-06-10 23:49:55.242937,1,0,1,0,1,0.0,0.0,False,False
sess_4828,803,2025-09-12 14:16:52.238931,2026-04-23 03:16:41.238931,3,2,0,1,3,19227589.0,0.0,True,False
sess_4829,76,2025-12-19 16:45:30.218542,2025-12-19 16:45:30.218542,1,1,0,0,1,0.0,0.0,False,False
sess_483,95,2025-07-26 18:11:24.199974,2025-11-04 02:00:23.216529,3,1,1,1,3,8668139.016555,1.0,False,False
sess_4830,141,2025-11-24 09:36:23.222317,2025-11-24 09:36:23.222317,1,0,0,1,1,0.0,0.0,True,False
sess_4831,200,2025-09-10 17:24:31.222317,2026-06-06 23:45:39.228610,2,2,0,0,2,23264468.006293,0.0,False,False
sess_4832,551,2025-11-17 03:40:18.212022,2025-11-17 03:40:18.212022,1,0,1,0,1,0.0,0.0,False,False
sess_4833,1086,2025-07-29 21:59:39.228610,2026-01-27 10:28:08.228610,3,1,0,2,3,15683309.0,0.0,True,False
sess_4834,42,2025-06-13 02:25:40.226324,2025-11-12 07:56:24.240934,4,1,1,2,4,13152644.01461,1.0,False,False
sess_4835,923,2025-06-24 18:19:41.178635,2026-04-06 05:41:24.247953,4,1,2,1,4,24664903.069318,2.0,False,False
sess_4836,426,2025-11-04 23:07:01.186925,2025-11-25 15:32:49.186925,2,0,2,0,2,1787148.0,0.0,False,False
sess_4838,803,2025-06-15 08:41:57.186925,2026-06-11 06:33:54.214026,3,2,1,0,3,31182717.027101,0.5,False,False
sess_484,803,2025-07-03 03:35:09.245946,2026-04-26 20:32:10.186925,5,1,1,3,5,25721820.940979,1.0,False,False
sess_4840,209,2025-07-09 12:11:25.185418,2025-12-29 18:33:58.186925,4,2,2,0,4,14970153.001507,1.0,False,False
sess_4841,828,2025-08-04 01:05:22.183414,2025-08-04 01:05:22.183414,1,0,0,1,1,0.0,0.0,True,False
sess_4842,541,2025-06-30 18:32:55.183414,2026-06-07 18:43:07.212022,2,1,0,1,2,29549412.028608,0.0,True,False
sess_4843,820,2025-06-23 12:14:37.207677,2025-09-20 03:20:00.253968,3,1,0,2,2,7657523.046291,0.0,True,False
sess_4844,576,2025-08-18 10:10:39.249957,2025-08-18 10:10:39.249957,1,0,0,1,1,0.0,0.0,True,False
sess_4845,552,2025-07-14 09:40:17.199974,2026-01-03 13:25:00.224321,3,0,2,1,3,14960683.024347,0.0,False,False
sess_4846,446,2025-07-14 10:56:21.185418,2026-04-11 13:34:46.186925,3,0,1,2,3,23423905.001507,0.0,False,False
sess_4847,825,2025-06-14 15:41:33.226324,2026-06-03 06:04:14.181409,2,0,2,0,2,30550960.955085,0.0,False,False
sess_4848,360,2026-05-22 12:54:17.249957,2026-05-22 12:54:17.249957,1,1,0,0,1,0.0,0.0,False,False
sess_4849,928,2026-02-26 09:21:12.181409,2026-03-05 02:21:55.186925,2,1,1,0,2,579643.005516,1.0,False,False
sess_485,241,2025-07-13 09:49:30.216529,2025-10-25 08:00:18.247953,3,1,1,1,3,8979048.031424,1.0,False,False
sess_4850,833,2025-07-29 10:55:28.228610,2026-02-21 09:05:23.181409,4,1,0,3,4,17878194.952799,0.0,True,False
sess_4851,418,2025-09-06 04:23:16.203543,2025-09-06 04:23:16.203543,1,0,1,0,1,0.0,0.0,False,False
sess_4852,155,2025-09-04 22:09:54.212022,2025-12-16 23:54:39.228610,3,1,2,0,3,8905485.016588,2.0,False,False
sess_4854,229,2025-07-20 15:21:45.228610,2026-03-31 23:42:23.212022,4,1,1,2,4,21975637.983412,1.0,False,False
sess_4855,1062,2025-06-30 03:52:37.186925,2025-06-30 03:52:37.186925,1,1,0,0,1,0.0,0.0,False,False
sess_4857,1073,2025-09-22 19:19:05.214026,2025-09-22 19:19:05.214026,1,0,0,1,1,0.0,0.0,True,False
sess_4858,235,2025-11-22 10:45:02.212022,2025-11-22 10:45:02.212022,1,0,1,0,1,0.0,0.0,False,False
sess_4859,318,2026-01-14 05:20:02.186925,2026-05-24 21:46:56.242937,2,0,1,1,2,11291214.056012,0.0,False,False
sess_486,295,2025-09-03 00:11:00.227826,2026-02-13 16:34:39.251960,2,0,1,1,2,14142219.024134,0.0,False,False
sess_4860,1095,2025-09-16 05:52:05.185418,2025-09-22 14:17:23.228610,2,0,2,0,2,548718.043192,0.0,False,False
sess_4861,602,2025-11-09 01:22:07.218542,2026-05-14 20:04:44.195433,3,2,0,1,3,16137756.976891,0.0,True,False
sess_4862,961,2025-08-07 06:04:51.212022,2025-11-14 14:06:41.228610,2,1,1,0,2,8582510.016588,1.0,False,False
sess_4864,963,2025-10-12 03:54:02.228610,2025-10-12 03:54:02.228610,1,1,0,0,1,0.0,0.0,False,False
sess_4866,697,2026-05-03 03:02:48.216529,2026-05-03 03:02:48.216529,1,0,1,0,1,0.0,0.0,False,False
sess_4867,1031,2025-10-23 19:25:21.218542,2026-04-01 01:53:19.228610,3,1,1,1,3,13760878.010068,1.0,False,False
sess_4868,330,2026-01-17 09:28:20.238931,2026-01-17 09:28:20.238931,1,1,0,0,1,0.0,0.0,False,False
sess_4869,200,2025-07-04 21:22:50.218542,2025-12-11 19:12:14.228610,3,0,0,3,3,13816164.010068,0.0,True,False
sess_4870,54,2026-03-19 17:52:48.212022,2026-03-19 17:52:48.212022,1,1,0,0,1,0.0,0.0,False,False
sess_4871,150,2025-08-21 16:21:46.185418,2025-08-21 16:21:46.185418,1,1,0,0,1,0.0,0.0,False,False
sess_4872,71,2025-09-07 07:37:20.224321,2026-04-28 20:47:06.214026,3,2,0,1,3,20178585.989705,0.0,True,False
sess_4876,946,2025-08-14 01:23:06.228610,2026-01-30 22:06:42.228610,2,1,0,1,2,14676216.0,0.0,True,False
sess_4877,834,2026-04-18 00:38:06.228610,2026-04-18 00:38:06.228610,1,0,0,1,1,0.0,0.0,True,False
sess_4878,599,2025-07-23 03:45:14.212022,2026-01-07 04:45:29.226324,4,0,1,3,4,14518815.014302,0.0,False,False
sess_4879,485,2025-07-25 12:37:04.183414,2026-05-23 10:13:15.247953,7,1,2,4,7,26084171.064539,2.0,False,False
sess_488,421,2025-08-15 09:17:59.222317,2026-01-06 20:09:05.224321,2,0,2,0,2,12480666.002004,0.0,False,False
sess_4880,229,2025-08-14 01:40:53.186925,2025-10-11 08:50:54.226324,2,0,2,0,2,5037001.039399,0.0,False,False
sess_4881,352,2025-09-02 11:32:59.228610,2026-05-26 17:09:44.226324,4,0,1,3,4,23002604.997714,0.0,False,False
sess_4882,356,2025-09-15 12:44:40.209185,2025-10-21 19:05:27.237113,2,1,1,0,2,3133247.027928,1.0,False,False
sess_4884,53,2025-09-29 19:57:10.238931,2026-05-20 07:09:22.224321,4,3,1,0,4,20085131.98539,0.3333333333333333,False,False
sess_4885,678,2026-02-04 10:23:58.219548,2026-04-01 21:37:22.245946,2,0,1,1,2,4878804.026398,0.0,False,False
sess_4887,547,2025-06-18 16:13:34.209185,2026-01-10 13:58:02.247953,6,0,3,3,6,17790268.038768,0.0,False,False
sess_4888,361,2025-09-18 18:04:14.249957,2025-09-18 18:04:14.249957,1,1,0,0,1,0.0,0.0,False,False
sess_4889,465,2026-02-28 23:33:50.242937,2026-05-28 22:08:59.242937,2,0,2,0,2,7684509.0,0.0,False,False
sess_489,40,2025-07-27 11:20:38.186925,2026-05-24 07:20:20.249957,4,2,2,0,4,25991982.063032,1.0,False,False
sess_4890,363,2025-06-25 00:06:19.247953,2025-06-25 00:06:19.247953,1,0,0,1,1,0.0,0.0,True,False
sess_4891,28,2025-09-07 11:07:13.240934,2026-01-12 09:23:02.212022,4,1,0,3,4,10966548.971088,0.0,True,False
sess_4892,672,2025-12-09 22:12:42.212022,2026-05-11 10:16:24.228610,2,0,0,2,2,13176222.016588,0.0,True,False
sess_4893,980,2025-08-12 12:20:37.228610,2026-04-01 23:58:24.237113,4,1,1,2,4,20086667.008503,1.0,False,False
sess_4894,1076,2025-07-26 17:35:58.228610,2025-10-09 08:05:16.186925,3,2,1,0,3,6445757.958315,0.5,False,False
sess_4895,197,2025-08-27 17:31:00.245946,2026-03-07 17:43:51.238931,3,1,1,1,3,16589570.992985,1.0,False,False
sess_4896,356,2025-09-30 03:33:48.216529,2026-04-20 16:08:57.216529,2,0,1,1,2,17498109.0,0.0,False,False
sess_4897,859,2025-10-22 13:57:07.218542,2025-10-22 13:57:07.218542,1,0,0,1,1,0.0,0.0,True,False
sess_4898,758,2025-08-27 00:15:28.186925,2026-03-22 15:50:05.186925,4,0,2,2,4,17940877.0,0.0,False,False
sess_4899,369,2025-07-02 02:45:46.242937,2026-04-24 00:08:28.240934,8,0,4,4,8,25564961.997997,0.0,False,False
sess_49,740,2026-05-12 22:38:33.183414,2026-05-12 22:38:33.183414,1,0,0,1,1,0.0,0.0,True,False
sess_490,194,2025-06-23 15:03:27.219548,2026-06-04 00:06:48.186925,3,2,1,0,3,29840600.967377,0.5,False,False
sess_4900,225,2025-10-25 00:46:51.222317,2025-10-25 00:46:51.222317,1,1,0,0,1,0.0,0.0,False,False
sess_4901,674,2025-10-31 18:12:36.209185,2026-01-28 09:40:52.238931,2,1,0,1,2,7658896.029746,0.0,True,False
sess_4902,473,2025-06-15 15:17:23.178635,2026-06-01 09:34:36.212022,2,1,0,1,2,30305833.033387,0.0,True,False
sess_4903,815,2026-03-20 07:39:09.214026,2026-05-09 21:51:23.186925,2,1,0,1,2,4371133.972899,0.0,True,False
sess_4904,1000,2025-12-19 01:43:48.186925,2025-12-19 01:43:48.186925,1,1,0,0,1,0.0,0.0,False,False
sess_4905,853,2025-09-22 05:48:38.224321,2026-01-11 16:45:51.186925,2,1,0,1,2,9629832.962604,0.0,True,False
sess_4906,428,2025-08-01 11:20:22.247953,2025-09-15 04:45:42.183414,2,1,1,0,2,3864319.935461,1.0,False,False
sess_4907,390,2025-09-27 10:48:47.178635,2025-09-27 10:48:47.178635,1,0,1,0,1,0.0,0.0,False,False
sess_4908,678,2025-08-08 17:50:15.240934,2026-04-03 06:18:57.214026,3,0,1,2,3,20521721.973092,0.0,False,False
sess_4909,448,2026-03-09 19:10:33.226324,2026-03-09 19:10:33.226324,1,0,0,1,1,0.0,0.0,True,False
sess_491,243,2025-08-30 16:36:01.222317,2025-08-30 16:36:01.222317,1,0,1,0,1,0.0,0.0,False,False
sess_4910,597,2025-09-23 17:41:50.214026,2026-06-03 11:16:17.237113,2,1,0,1,2,21836067.023087,0.0,True,False
sess_4911,268,2025-12-08 13:20:55.186925,2026-06-07 22:43:39.242937,2,2,0,0,2,15672164.056012,0.0,False,False
sess_4912,772,2025-11-24 05:30:00.186925,2025-11-24 05:30:00.186925,1,0,1,0,1,0.0,0.0,False,False
sess_4913,1004,2025-09-04 14:29:27.228610,2026-03-31 04:45:03.247953,4,1,1,2,4,17936136.019343,1.0,False,False
sess_4914,507,2025-06-18 09:05:57.219548,2025-09-11 14:36:52.240934,2,0,0,2,2,7363855.021386,0.0,True,False
sess_4915,334,2025-06-11 21:25:25.186925,2026-04-24 15:42:45.181409,3,1,1,1,3,27368239.994484,1.0,False,False
sess_4917,977,2025-12-16 06:59:38.186925,2026-02-04 22:05:54.226324,2,0,0,2,2,4374376.039399,0.0,True,False
sess_4918,534,2026-04-15 15:57:46.181409,2026-04-15 15:57:46.181409,1,1,0,0,1,0.0,0.0,False,False
sess_4919,571,2025-08-08 10:39:34.228610,2026-05-31 12:34:02.186925,3,0,2,1,3,25581267.958315,0.0,False,False
sess_492,825,2025-08-15 08:54:33.226324,2026-03-04 05:44:46.224321,4,1,1,2,4,17355012.997997,1.0,False,False
sess_4920,356,2025-11-25 12:56:26.183414,2026-02-05 19:21:24.186925,2,1,0,1,2,6243898.003511,0.0,True,False
sess_4922,864,2025-08-20 10:47:32.186925,2026-02-17 07:50:44.218542,2,1,0,1,2,15627792.031617,0.0,True,False
sess_4923,506,2025-07-15 21:46:54.207677,2026-05-02 00:40:10.251960,3,1,2,0,3,25066396.044283,2.0,False,False
sess_4926,1057,2025-09-15 14:33:33.207677,2026-04-10 11:01:36.253968,4,2,2,0,4,17872083.046291,1.0,False,False
sess_4927,690,2025-10-17 02:32:10.222317,2025-10-17 02:32:10.222317,1,0,1,0,1,0.0,0.0,False,False
sess_4928,978,2025-12-14 03:34:14.226324,2026-03-08 16:21:18.238931,2,0,1,1,2,7303624.012607,0.0,False,False
sess_4929,705,2025-07-10 00:17:40.228610,2026-05-03 23:41:41.224321,4,0,3,1,4,25745040.995711,0.0,False,False
sess_493,822,2025-07-17 03:27:47.251960,2026-02-10 05:57:08.186925,2,2,0,0,2,17980160.934965,0.0,False,False
sess_4930,450,2025-08-23 19:45:56.228610,2026-03-23 00:10:12.186925,3,1,1,1,3,18246255.958315,1.0,False,False
sess_4931,313,2025-09-08 09:05:57.235934,2025-09-08 09:05:57.235934,1,0,0,1,1,0.0,0.0,True,False
sess_4932,371,2026-05-24 13:37:31.186925,2026-05-24 13:37:31.186925,1,0,0,1,1,0.0,0.0,True,False
sess_4933,1066,2025-08-13 19:58:19.228610,2025-11-21 22:57:27.238931,2,0,1,1,2,8650748.010321,0.0,False,False
sess_4934,211,2025-08-03 18:40:46.186925,2025-12-20 20:45:11.186925,3,2,0,1,3,12017065.0,0.0,True,False
sess_4935,99,2025-12-26 04:30:02.212022,2026-04-12 16:30:50.214026,4,2,1,1,4,9288048.002004,0.5,False,False
sess_4936,504,2025-07-04 22:28:52.222317,2026-05-30 00:40:15.228610,4,0,3,1,4,28433483.006293,0.0,False,False
sess_4937,1070,2025-07-28 10:30:50.178635,2026-03-14 09:57:49.240934,3,2,0,1,3,19783619.062299,0.0,True,False
sess_4938,900,2026-01-17 07:20:34.228610,2026-01-17 07:20:34.228610,1,0,0,1,1,0.0,0.0,True,False
sess_4939,944,2026-01-29 18:47:18.209185,2026-01-29 18:47:18.209185,1,0,0,1,1,0.0,0.0,True,False
sess_494,933,2025-06-16 14:48:12.178635,2026-05-15 16:00:41.216529,4,3,0,1,4,28775549.037894,0.0,True,False
sess_4940,221,2025-10-03 05:19:45.186925,2026-05-10 14:59:57.214026,3,1,0,2,3,18956412.027101,0.0,True,False
sess_4941,539,2025-08-04 01:19:59.212022,2025-08-14 19:47:14.224321,2,0,0,2,2,930435.012299,0.0,True,False
sess_4942,789,2025-06-28 11:48:23.209185,2026-03-22 21:58:09.186925,5,2,2,1,5,23105385.97774,1.0,False,False
sess_4943,839,2026-01-30 17:47:43.237113,2026-04-13 22:11:17.251960,4,0,2,2,4,6323014.014847,0.0,False,False
sess_4944,812,2026-02-28 16:07:47.226324,2026-03-06 15:23:17.227826,2,0,1,1,2,515730.001502,0.0,False,False
sess_4945,1096,2025-12-11 03:14:39.181409,2026-01-02 06:46:33.249957,2,0,2,0,2,1913514.068548,0.0,False,False
sess_4946,219,2026-03-16 14:27:23.249957,2026-03-16 14:27:23.249957,1,0,1,0,1,0.0,0.0,False,False
sess_4947,702,2025-07-05 04:01:22.228610,2026-05-08 21:07:28.186925,6,3,1,2,6,26586365.958315,0.3333333333333333,False,False
sess_4948,430,2025-10-28 14:35:11.228610,2026-01-27 02:11:50.222317,2,1,1,0,2,7817798.993707,1.0,False,False
sess_495,579,2025-12-07 23:31:35.181409,2026-03-27 14:44:01.212022,3,1,1,1,3,9472346.030613,1.0,False,False
sess_4950,644,2026-04-04 08:20:56.235934,2026-04-04 08:20:56.235934,1,1,0,0,1,0.0,0.0,False,False
sess_4951,714,2025-10-08 16:17:01.197951,2026-05-03 18:18:09.186925,3,0,1,2,3,17892067.988974,0.0,False,False
sess_4953,1021,2025-07-26 01:42:41.222317,2025-07-26 01:42:41.222317,1,1,0,0,1,0.0,0.0,False,False
sess_4954,467,2026-04-29 09:06:13.214026,2026-04-29 09:06:13.214026,1,1,0,0,1,0.0,0.0,False,False
sess_4955,209,2025-09-07 10:04:04.199974,2025-09-07 10:04:04.199974,1,1,0,0,1,0.0,0.0,False,False
sess_4956,599,2025-07-21 23:33:01.209185,2025-11-03 20:26:11.228610,3,2,0,1,3,9060790.019425,0.0,True,False
sess_4959,199,2025-11-29 21:01:42.242937,2025-11-29 21:01:42.242937,1,1,0,0,1,0.0,0.0,False,False
sess_496,883,2025-11-12 05:01:14.214026,2026-02-01 20:10:29.212022,2,1,0,1,2,7052954.997996,0.0,True,False
sess_4960,1037,2025-09-20 06:53:39.186925,2026-02-13 15:53:50.240934,2,2,0,0,2,12646811.054009,0.0,False,False
sess_4961,582,2025-07-14 22:18:17.183414,2025-10-29 12:36:45.240934,2,0,1,1,2,9209908.05752,0.0,False,False
sess_4963,182,2025-12-07 21:17:26.195433,2026-02-12 08:54:08.238931,3,2,1,0,3,5744202.043498,0.5,False,False
sess_4964,150,2025-07-04 15:13:16.235934,2026-04-27 06:50:41.228610,2,2,0,0,2,25630644.992676,0.0,False,False
sess_4966,371,2026-04-03 10:55:18.186925,2026-04-03 10:55:18.186925,1,0,1,0,1,0.0,0.0,False,False
sess_4967,628,2025-07-21 05:57:06.183414,2026-04-16 17:01:52.216529,4,1,1,2,4,23281486.033115,1.0,False,False
sess_4968,434,2025-09-08 14:36:05.226324,2026-05-25 23:59:47.226324,2,0,2,0,2,22411422.0,0.0,False,False
sess_497,562,2025-11-20 05:13:27.224321,2025-11-20 05:13:27.224321,1,0,0,1,1,0.0,0.0,True,False
sess_4970,136,2025-07-15 22:24:39.219548,2026-04-28 06:47:04.186925,4,1,0,3,4,24740544.967377,0.0,True,False
sess_4971,594,2025-09-18 02:11:59.242937,2026-01-17 16:36:07.237113,3,1,0,2,3,10506247.994176,0.0,True,False
sess_4972,573,2025-11-26 19:33:51.216529,2026-04-26 12:53:08.211509,3,2,0,1,3,13022356.99498,0.0,True,False
sess_4973,963,2026-04-16 02:19:24.228610,2026-04-16 02:19:24.228610,1,0,1,0,1,0.0,0.0,False,False
sess_4974,34,2025-07-24 09:44:07.251960,2026-05-18 05:44:09.209185,3,1,0,2,3,25732801.957225,0.0,True,False
sess_4975,488,2025-06-27 23:01:23.197951,2026-05-05 07:36:40.186925,2,0,1,1,2,26901316.988974,0.0,False,False
sess_4976,238,2026-02-12 20:01:10.209185,2026-02-12 20:01:10.209185,1,0,1,0,1,0.0,0.0,False,False
sess_4977,859,2026-04-27 14:30:57.186925,2026-04-27 14:30:57.186925,1,0,0,1,1,0.0,0.0,True,False
sess_4979,374,2025-06-29 14:48:42.183414,2026-02-16 07:05:01.209185,3,2,1,0,3,20016979.025771,0.5,False,False
sess_498,222,2025-08-12 15:59:49.228610,2025-12-27 05:47:04.214026,2,1,1,0,2,11800034.985416,1.0,False,False
sess_4980,825,2026-03-16 13:36:06.212022,2026-03-18 01:38:43.247953,2,1,1,0,2,129757.035931,1.0,False,False
sess_4981,408,2025-11-09 05:31:56.186925,2026-05-30 06:26:54.178635,4,1,2,1,4,17456097.99171,2.0,False,False
sess_4982,296,2025-06-16 10:34:44.245946,2026-02-28 01:09:52.214026,2,1,1,0,2,22170907.96808,1.0,False,False
sess_4983,203,2025-10-24 11:04:06.183414,2025-11-20 11:47:59.228610,2,0,2,0,2,2335433.045196,0.0,False,False
sess_4984,485,2025-07-08 02:22:52.238931,2026-05-23 16:43:18.186925,3,2,0,1,3,27613225.947994,0.0,True,False
sess_4985,1044,2026-05-21 05:37:45.186925,2026-05-21 05:37:45.186925,1,1,0,0,1,0.0,0.0,False,False
sess_4986,618,2026-02-23 08:04:15.238931,2026-02-23 08:04:15.238931,1,0,0,1,1,0.0,0.0,True,False
sess_4987,127,2025-07-29 07:23:45.228610,2026-02-13 21:02:32.240934,3,1,1,1,3,17242727.012324,1.0,False,False
sess_4989,154,2025-09-19 13:11:27.249957,2025-09-19 13:11:27.249957,1,0,0,1,1,0.0,0.0,True,False
sess_499,186,2026-03-12 04:28:07.186925,2026-03-12 04:28:07.186925,1,0,1,0,1,0.0,0.0,False,False
sess_4991,1098,2026-03-27 11:59:34.199974,2026-03-27 11:59:34.199974,1,0,1,0,1,0.0,0.0,False,False
sess_4992,544,2025-10-05 11:00:36.185418,2026-04-09 02:44:23.216529,3,0,1,2,3,16040627.031111,0.0,False,False
sess_4994,224,2025-08-06 09:08:59.186925,2025-08-06 09:08:59.186925,1,0,1,0,1,0.0,0.0,False,False
sess_4995,916,2025-06-22 07:14:42.224321,2026-05-09 19:26:55.212022,4,0,1,3,4,27778332.987701,0.0,False,False
sess_4996,128,2026-01-08 20:49:36.253968,2026-05-10 14:07:12.216529,2,1,0,1,2,10516655.962561,0.0,True,False
sess_4997,29,2025-11-20 09:34:27.243940,2025-11-28 21:01:10.178635,2,0,1,1,2,732402.934695,0.0,False,False
sess_4998,31,2025-06-15 13:44:14.178635,2026-03-19 19:46:35.228610,3,1,2,0,3,23954541.049975,2.0,False,False
sess_4999,911,2026-05-21 16:21:21.243940,2026-05-21 16:21:21.243940,1,0,0,1,1,0.0,0.0,True,False
sess_50,966,2025-07-07 17:44:15.218542,2026-05-14 04:09:13.228610,2,1,0,1,2,26821498.010068,0.0,True,False
sess_5000,536,2025-07-25 23:27:57.186925,2025-11-22 02:32:48.237113,4,0,1,3,4,10292691.050188,0.0,False,False
sess_501,588,2025-06-25 03:05:15.218542,2026-01-29 13:00:38.202536,4,2,2,0,4,18870922.983994,1.0,False,False
sess_502,160,2025-10-09 10:48:01.186925,2026-04-06 13:37:45.178635,4,1,3,0,4,15475783.99171,3.0,False,False
sess_503,823,2026-05-31 02:34:41.245946,2026-05-31 02:34:41.245946,1,0,0,1,1,0.0,0.0,True,False
sess_504,528,2025-10-22 01:39:36.186925,2026-01-12 10:37:09.178635,2,1,1,0,2,7117052.99171,1.0,False,False
sess_505,763,2025-12-17 17:28:12.216529,2026-05-06 18:49:55.214026,2,0,1,1,2,12100902.997497,0.0,False,False
sess_506,818,2025-08-12 15:15:33.247953,2026-06-11 19:59:54.181409,3,0,1,2,3,26196260.933456,0.0,False,False
sess_507,383,2025-08-16 00:43:07.216529,2025-08-27 10:03:41.207677,2,0,0,2,2,984033.991148,0.0,True,False
sess_508,334,2026-02-04 15:33:50.247953,2026-02-04 15:33:50.247953,1,0,1,0,1,0.0,0.0,False,False
sess_509,1058,2025-10-15 15:41:22.228610,2026-03-17 08:55:08.218542,2,0,1,1,2,13194825.989932,0.0,False,False
sess_51,363,2025-08-27 01:40:19.185418,2025-09-15 03:37:28.222317,2,2,0,0,2,1648629.036899,0.0,False,False
sess_510,1067,2026-04-01 09:57:31.222317,2026-04-01 09:57:31.222317,1,0,1,0,1,0.0,0.0,False,False
sess_511,893,2025-10-19 06:53:54.228610,2025-10-19 06:53:54.228610,1,1,0,0,1,0.0,0.0,False,False
sess_512,843,2025-09-21 02:55:46.178635,2025-09-21 02:55:46.178635,1,0,0,1,1,0.0,0.0,True,False
sess_514,1071,2026-01-22 08:51:36.183414,2026-01-22 08:51:36.183414,1,0,1,0,1,0.0,0.0,False,False
sess_515,58,2025-10-18 05:23:39.209185,2025-10-18 05:23:39.209185,1,0,0,1,1,0.0,0.0,True,False
sess_517,36,2025-09-09 05:51:50.238931,2026-05-20 22:40:15.209185,3,2,1,0,3,21919704.970254,0.5,False,False
sess_518,511,2025-10-15 12:45:08.212022,2026-03-16 12:56:50.251960,4,2,2,0,4,13133502.039938,1.0,False,False
sess_519,1045,2025-06-13 05:20:35.186925,2026-05-20 16:27:04.237113,4,2,2,0,4,29502389.050188,1.0,False,False
sess_52,362,2025-09-10 11:34:13.186925,2026-03-24 16:46:40.214026,4,0,3,1,4,16866747.027101,0.0,False,False
sess_520,220,2025-10-11 06:50:11.216529,2026-06-02 08:19:10.228610,3,1,0,2,3,20222939.012081,0.0,True,False
sess_521,618,2026-02-06 09:02:11.214026,2026-02-06 09:02:11.214026,1,1,0,0,1,0.0,0.0,False,False
sess_522,688,2025-07-26 08:07:11.228610,2026-02-22 22:38:51.245946,3,1,1,1,3,18282700.017336,1.0,False,False
sess_523,929,2025-12-19 22:49:58.203543,2026-05-26 23:05:44.249957,2,2,0,0,2,13652146.046414,0.0,False,False
sess_525,59,2025-08-31 11:36:43.186925,2026-05-04 02:25:53.240934,2,1,1,0,2,21221350.054009,1.0,False,False
sess_526,840,2026-02-15 22:47:56.186925,2026-02-15 22:47:56.186925,1,0,1,0,1,0.0,0.0,False,False
sess_527,1008,2025-06-22 21:09:11.216529,2026-03-31 01:32:57.214026,3,0,2,1,3,24294225.997497,0.0,False,False
sess_529,987,2025-06-21 20:17:05.249957,2026-03-04 03:34:45.224321,4,0,0,4,4,22058259.974364,0.0,True,False
sess_53,26,2025-08-01 01:14:09.207677,2026-04-26 08:29:38.216529,3,0,2,1,3,23181329.008852,0.0,False,False
sess_530,484,2025-10-02 07:49:35.197951,2026-04-25 03:10:47.238931,3,0,1,2,3,17695272.04098,0.0,False,False
sess_532,474,2025-08-12 20:08:39.228610,2026-05-02 20:51:34.228610,2,0,2,0,2,22725775.0,0.0,False,False
sess_533,121,2025-08-19 03:55:42.212022,2025-08-19 03:55:42.212022,1,0,1,0,1,0.0,0.0,False,False
sess_534,340,2025-10-30 14:54:07.197951,2026-04-17 13:06:39.202536,2,0,0,2,2,14595152.004585,0.0,True,False
sess_535,864,2025-11-22 19:30:02.228610,2025-11-22 19:30:02.228610,1,0,0,1,1,0.0,0.0,True,False
sess_536,613,2026-03-16 08:12:34.216529,2026-03-16 08:12:34.216529,1,0,1,0,1,0.0,0.0,False,False
sess_537,1055,2025-07-08 19:59:37.209185,2026-03-12 05:12:44.228610,4,3,0,1,4,21287587.019425,0.0,True,False
sess_538,686,2026-02-25 20:24:33.186925,2026-03-09 06:31:55.178635,2,0,2,0,2,986841.99171,0.0,False,False
sess_539,906,2025-09-19 02:26:50.224321,2025-09-27 04:19:19.199974,2,1,0,1,2,697948.975653,0.0,True,False
sess_54,762,2025-10-24 18:08:30.195433,2026-04-08 12:07:43.228610,2,1,1,0,2,14320753.033177,1.0,False,False
sess_540,613,2025-07-27 01:44:04.214026,2026-02-14 19:20:09.228610,2,1,1,0,2,17516165.014584,1.0,False,False
sess_541,343,2026-03-20 08:43:51.181409,2026-03-20 08:43:51.181409,1,0,1,0,1,0.0,0.0,False,False
sess_542,876,2025-10-20 02:53:59.240934,2025-11-28 11:56:30.207677,2,1,0,1,2,3402150.966743,0.0,True,False
sess_543,266,2025-06-27 16:27:26.228610,2026-05-19 16:29:09.224321,3,2,1,0,3,28166502.995711,0.5,False,False
sess_544,448,2025-07-27 06:46:32.222317,2025-12-07 07:54:55.228610,4,2,2,0,4,11495303.006293,1.0,False,False
sess_546,1012,2026-01-03 14:23:43.251960,2026-01-03 14:23:43.251960,1,1,0,0,1,0.0,0.0,False,False
sess_547,1082,2026-04-11 18:53:17.199974,2026-04-11 18:53:17.199974,1,1,0,0,1,0.0,0.0,False,False
sess_548,310,2025-08-16 04:17:34.247953,2025-08-16 04:17:34.247953,1,1,0,0,1,0.0,0.0,False,False
sess_549,697,2025-07-29 17:32:14.181409,2026-05-09 01:09:07.228610,2,0,2,0,2,24478613.047201,0.0,False,False
sess_55,473,2026-01-05 09:08:41.197951,2026-02-05 07:20:56.240934,2,1,1,0,2,2671935.042983,1.0,False,False
sess_550,573,2025-06-12 11:01:55.186925,2025-12-28 20:42:17.224321,4,0,2,2,4,17228422.037396,0.0,False,False
sess_551,340,2026-05-20 08:25:54.228610,2026-05-20 08:25:54.228610,1,0,1,0,1,0.0,0.0,False,False
sess_552,531,2025-07-17 02:42:57.203543,2026-04-09 08:30:34.186925,2,1,1,0,2,23003256.983382,1.0,False,False
sess_553,692,2025-07-18 01:02:11.228610,2025-08-31 14:29:52.219548,2,1,1,0,2,3850060.990938,1.0,False,False
sess_554,945,2025-07-02 09:59:26.227826,2025-07-02 09:59:26.227826,1,0,1,0,1,0.0,0.0,False,False
sess_555,682,2025-09-01 08:36:44.214026,2026-05-16 22:02:02.185418,3,0,1,2,3,22253117.971392,0.0,False,False
sess_556,885,2025-06-27 10:40:29.240934,2026-02-15 05:25:35.238931,5,2,2,1,5,20112305.997997,1.0,False,False
sess_557,514,2025-10-27 01:00:44.219548,2026-04-25 06:02:21.238931,3,0,1,2,3,15570097.019383,0.0,False,False
sess_558,677,2025-07-27 19:23:19.227826,2026-02-13 23:22:31.181409,3,0,1,2,3,17380751.953583,0.0,False,False
sess_559,349,2026-04-07 11:32:21.238931,2026-04-07 11:32:21.238931,1,0,1,0,1,0.0,0.0,False,False
sess_56,243,2025-11-15 13:01:50.228610,2025-11-15 13:01:50.228610,1,0,0,1,1,0.0,0.0,True,False
sess_560,927,2026-01-15 14:12:25.216529,2026-03-30 16:23:51.183414,2,1,1,0,2,6401485.966885,1.0,False,False
sess_561,292,2025-08-16 03:40:25.186925,2025-08-16 03:40:25.186925,1,1,0,0,1,0.0,0.0,False,False
sess_562,552,2025-06-23 21:55:17.226324,2025-06-23 21:55:17.226324,1,0,0,1,1,0.0,0.0,True,False
sess_563,1057,2025-10-02 12:46:33.178635,2026-01-29 15:09:22.251960,2,2,0,0,2,10290169.073325,0.0,False,False
sess_565,882,2025-12-18 09:02:49.199974,2026-03-12 12:44:19.209185,2,0,2,0,2,7270890.009211,0.0,False,False
sess_566,1003,2025-07-24 18:14:31.178635,2026-05-25 07:45:41.186925,4,1,1,2,4,26314270.00829,1.0,False,False
sess_567,7,2026-03-26 23:32:50.186925,2026-03-26 23:32:50.186925,1,1,0,0,1,0.0,0.0,False,False
sess_568,194,2026-01-09 22:11:59.186925,2026-01-09 22:11:59.186925,1,0,1,0,1,0.0,0.0,False,False
sess_569,198,2025-07-29 16:23:06.228610,2026-05-05 19:53:17.249957,2,1,0,1,2,24204611.021347,0.0,True,False
sess_57,630,2025-08-06 09:33:45.209185,2025-08-06 09:33:45.209185,1,0,0,1,1,0.0,0.0,True,False
sess_570,832,2025-10-07 12:40:54.186925,2026-02-12 17:11:52.247953,2,2,0,0,2,11075458.061028,0.0,False,False
sess_571,338,2025-10-20 08:47:20.186925,2026-06-02 04:37:24.186925,4,2,0,2,4,19425004.0,0.0,True,False
sess_573,717,2025-06-15 10:01:44.251960,2025-12-11 21:27:11.253968,2,0,1,1,2,15506727.002008,0.0,False,False
sess_574,858,2025-06-28 02:05:48.253968,2025-11-14 04:09:33.186925,2,1,1,0,2,12017024.932957,1.0,False,False
sess_577,883,2025-06-17 05:31:58.178635,2025-12-16 08:20:32.212022,3,2,1,0,3,15734914.033387,0.5,False,False
sess_578,1031,2025-08-15 14:49:54.251960,2026-02-28 15:15:41.224321,2,0,2,0,2,17022346.972361,0.0,False,False
sess_579,1053,2025-10-06 03:58:05.186925,2026-03-31 00:12:22.222317,4,2,2,0,4,15192857.035392,1.0,False,False
sess_58,703,2025-11-23 18:33:55.249957,2026-05-12 20:17:29.197951,2,0,1,1,2,14694213.947994,0.0,False,False
sess_580,498,2026-05-05 12:59:18.224321,2026-05-05 12:59:18.224321,1,1,0,0,1,0.0,0.0,False,False
sess_581,1054,2025-07-12 14:27:32.224321,2026-03-18 18:49:15.238931,2,1,1,0,2,21529303.01461,1.0,False,False
sess_582,751,2026-03-31 14:37:55.211509,2026-03-31 14:37:55.211509,1,0,1,0,1,0.0,0.0,False,False
sess_583,728,2025-10-26 15:29:37.237113,2025-10-26 15:29:37.237113,1,0,1,0,1,0.0,0.0,False,False
sess_584,1020,2025-07-06 11:56:15.178635,2026-03-23 09:46:23.224321,4,2,0,2,4,22456208.045686,0.0,True,False
sess_585,552,2025-09-08 01:47:50.245946,2025-11-07 09:55:05.245946,2,0,0,2,2,5213235.0,0.0,True,False
sess_586,237,2025-08-02 00:36:36.186925,2025-09-20 11:10:24.222317,2,1,1,0,2,4271628.035392,1.0,False,False
sess_589,476,2025-10-03 01:12:24.214026,2026-04-09 10:15:46.186925,4,3,0,1,4,16275801.972899,0.0,True,False
sess_59,328,2026-01-05 01:44:32.214026,2026-01-07 21:51:38.228610,2,0,0,2,2,245226.014584,0.0,True,False
sess_590,228,2025-07-10 04:33:04.186925,2026-04-26 09:43:04.209185,6,4,0,2,6,25074600.02226,0.0,True,False
sess_591,1015,2025-08-07 20:25:17.224321,2026-05-06 20:24:47.212022,3,0,2,1,3,23500769.987701,0.0,False,False
sess_592,732,2025-09-03 06:51:04.186925,2025-09-03 06:51:04.186925,1,0,1,0,1,0.0,0.0,False,False
sess_593,293,2025-12-08 19:30:10.214026,2026-04-26 18:27:19.237113,3,1,1,1,3,12005829.023087,1.0,False,False
sess_594,450,2025-10-31 16:25:33.186925,2025-10-31 16:25:33.186925,1,0,0,1,1,0.0,0.0,True,False
sess_595,219,2025-06-17 17:42:30.228610,2025-07-28 04:08:47.222317,2,1,1,0,2,3493576.993707,1.0,False,False
sess_596,468,2025-08-20 22:04:48.209185,2026-03-20 23:53:34.237113,3,0,1,2,3,18323326.027928,0.0,False,False
sess_597,242,2025-11-07 16:27:38.202536,2025-11-07 16:27:38.202536,1,1,0,0,1,0.0,0.0,False,False
sess_598,100,2025-07-03 08:23:24.212022,2025-10-30 04:01:43.178635,3,0,2,1,3,10265898.966613,0.0,False,False
sess_599,214,2025-09-27 20:49:48.209185,2026-04-28 22:16:29.209185,5,1,3,1,5,18408401.0,3.0,False,False
sess_6,475,2025-12-02 19:10:31.249957,2026-05-27 11:46:01.228610,3,3,0,0,3,15179729.978653,0.0,False,False
sess_60,810,2025-08-24 20:31:01.226324,2026-04-11 02:28:45.249957,3,1,0,2,3,19807064.023633,0.0,True,False
sess_600,770,2025-11-03 06:10:59.219548,2026-02-25 16:35:45.186925,2,1,1,0,2,9887085.967377,1.0,False,False
sess_601,450,2025-10-23 09:20:34.226324,2026-02-09 23:31:04.212022,2,1,0,1,2,9468629.985698,0.0,True,False
sess_602,865,2025-12-24 12:45:18.186925,2026-06-02 09:35:28.199974,2,0,1,1,2,13812610.013049,0.0,False,False
sess_604,549,2026-03-21 01:18:05.228610,2026-03-21 01:18:05.228610,1,1,0,0,1,0.0,0.0,False,False
sess_605,111,2025-08-22 22:52:13.209185,2026-05-17 11:33:54.214026,2,0,1,1,2,23114501.004841,0.0,False,False
sess_606,806,2025-07-14 11:09:51.237113,2025-11-08 13:53:07.242937,2,1,1,0,2,10118596.005824,1.0,False,False
sess_607,532,2025-11-19 20:52:27.203543,2025-11-19 20:52:27.203543,1,0,1,0,1,0.0,0.0,False,False
sess_608,741,2025-12-06 11:59:03.209185,2025-12-06 11:59:03.209185,1,0,0,1,1,0.0,0.0,True,False
sess_609,24,2025-06-23 06:49:54.199974,2025-09-28 17:35:58.247953,2,1,0,1,2,8419564.047979,0.0,True,False
sess_61,346,2025-09-09 21:11:19.235934,2025-11-04 07:58:34.228610,2,1,1,0,2,4790834.992676,1.0,False,False
sess_610,688,2025-12-12 05:23:50.186925,2026-04-26 16:10:03.186925,2,1,1,0,2,11702773.0,1.0,False,False
sess_611,689,2025-06-12 09:50:36.183414,2026-04-12 23:10:06.186925,2,0,0,2,2,26313570.003511,0.0,True,False
sess_612,231,2025-07-09 17:41:01.214026,2026-05-02 03:13:12.219548,3,0,1,2,3,25608731.005522,0.0,False,False
sess_613,120,2025-10-07 14:32:29.228610,2025-10-07 14:32:29.228610,1,0,0,1,1,0.0,0.0,True,False
sess_614,570,2026-03-29 04:49:33.214026,2026-03-29 04:49:33.214026,1,0,0,1,1,0.0,0.0,True,False
sess_615,177,2025-08-25 04:26:29.243940,2026-04-28 07:13:00.247953,2,2,0,0,2,21264391.004013,0.0,False,False
sess_616,986,2025-07-21 19:43:00.237113,2026-01-17 09:45:36.235934,3,0,2,1,3,15516155.998821,0.0,False,False
sess_617,562,2026-02-02 11:46:35.243940,2026-02-02 11:46:35.243940,1,1,0,0,1,0.0,0.0,False,False
sess_618,365,2025-11-01 09:03:25.186925,2026-01-24 14:57:24.228610,3,0,2,1,3,7278839.041685,0.0,False,False
sess_619,737,2026-05-20 03:56:55.228610,2026-05-20 03:56:55.228610,1,1,0,0,1,0.0,0.0,False,False
sess_62,164,2026-03-26 21:26:24.222317,2026-03-26 21:26:24.222317,1,0,0,1,1,0.0,0.0,True,False
sess_620,919,2025-07-20 00:42:11.240934,2026-04-21 19:00:11.219548,3,1,0,2,3,23825879.978614,0.0,True,False
sess_621,597,2025-09-06 02:39:35.242937,2026-05-26 09:23:56.226324,4,1,1,2,4,22661060.983387,1.0,False,False
sess_622,745,2026-02-05 02:13:45.216529,2026-05-29 16:39:17.226324,2,1,1,0,2,9815132.009795,1.0,False,False
sess_623,309,2026-04-15 22:32:54.249957,2026-04-15 22:32:54.249957,1,1,0,0,1,0.0,0.0,False,False
sess_624,748,2025-07-03 01:36:03.197951,2026-02-15 07:51:59.181409,3,0,1,2,3,19635355.983458,0.0,False,False
sess_625,371,2025-08-11 02:39:29.183414,2025-11-27 19:07:10.228610,2,0,2,0,2,9390461.045196,0.0,False,False
sess_626,396,2026-03-24 15:34:53.226324,2026-03-24 15:34:53.226324,1,0,1,0,1,0.0,0.0,False,False
sess_627,27,2025-07-24 18:10:19.245946,2025-09-02 04:53:35.243940,3,0,1,2,3,3408195.997994,0.0,False,False
sess_628,484,2025-11-16 06:08:49.185418,2025-11-16 06:08:49.185418,1,1,0,0,1,0.0,0.0,False,False
sess_629,114,2025-09-16 16:11:19.218542,2025-09-16 16:11:19.218542,1,0,1,0,1,0.0,0.0,False,False
sess_63,241,2025-11-01 15:22:11.186925,2025-11-01 15:22:11.186925,1,0,1,0,1,0.0,0.0,False,False
sess_630,248,2025-11-09 18:49:20.249957,2026-04-04 11:58:40.195433,4,2,1,1,4,12589759.945476,0.5,False,False
sess_631,554,2025-12-21 22:21:11.228610,2025-12-21 22:21:11.228610,1,0,0,1,1,0.0,0.0,True,False
sess_632,900,2026-03-30 05:38:15.219548,2026-06-02 13:17:14.238931,2,2,0,0,2,5557139.019383,0.0,False,False
sess_633,938,2025-07-03 17:48:00.186925,2025-10-07 18:55:38.212022,3,1,2,0,3,8298458.025097,2.0,False,False
sess_634,987,2025-09-19 21:31:41.186925,2026-05-10 16:23:54.185418,4,2,1,1,4,20112732.998493,0.5,False,False
sess_635,510,2026-01-03 12:36:45.209185,2026-01-03 12:36:45.209185,1,1,0,0,1,0.0,0.0,False,False
sess_636,759,2025-07-27 20:19:24.214026,2026-03-19 11:55:24.251960,4,0,2,2,4,20273760.037934,0.0,False,False
sess_637,129,2025-06-12 15:28:28.218542,2026-05-17 10:01:09.224321,3,0,1,2,3,29269961.005779,0.0,False,False
sess_638,742,2025-07-11 04:28:36.253968,2026-02-16 15:00:04.253968,5,1,2,2,5,19045888.0,2.0,False,False
sess_64,815,2025-07-18 13:02:17.228610,2025-07-18 13:02:17.228610,1,0,0,1,1,0.0,0.0,True,False
sess_640,979,2025-07-08 20:07:10.186925,2025-07-08 20:07:10.186925,1,0,0,1,1,0.0,0.0,True,False
sess_642,221,2025-11-01 03:10:52.240934,2026-04-27 16:56:47.178635,2,0,2,0,2,15342354.937701,0.0,False,False
sess_643,909,2025-06-20 07:25:45.199974,2026-02-19 20:25:20.218542,2,1,0,1,2,21128375.018568,0.0,True,False
sess_644,724,2025-08-16 09:23:24.228610,2026-03-13 04:40:50.253968,3,0,2,1,3,18040646.025358,0.0,False,False
sess_645,100,2025-11-11 07:43:48.209185,2026-01-08 08:04:31.247953,2,1,0,1,2,5012443.038768,0.0,True,False
sess_646,166,2025-06-13 03:01:38.235934,2026-05-29 13:30:20.242937,4,2,0,2,4,30277722.007003,0.0,True,False
sess_648,994,2025-07-08 06:22:32.186925,2025-09-16 07:42:16.219548,2,0,0,2,2,6052784.032623,0.0,True,False
sess_649,962,2026-01-13 16:36:18.247953,2026-01-13 16:36:18.247953,1,0,0,1,1,0.0,0.0,True,False
sess_65,203,2025-07-14 10:12:04.228610,2026-03-21 23:25:36.219548,3,1,0,2,3,21647611.990938,0.0,True,False
sess_650,744,2025-07-02 16:45:48.228610,2025-11-30 02:13:05.228610,3,0,3,0,3,12994037.0,0.0,False,False
sess_651,653,2025-08-15 12:01:01.224321,2025-12-27 10:33:16.228610,3,0,2,1,3,11572335.004289,0.0,False,False
sess_652,181,2025-09-19 06:21:36.186925,2026-05-21 23:24:59.228610,4,3,1,0,4,21143003.041685,0.3333333333333333,False,False
sess_653,1049,2025-10-18 03:17:48.207677,2026-04-28 06:07:43.214026,3,1,2,0,3,16598995.006349,2.0,False,False
sess_654,912,2025-08-13 20:13:12.214026,2026-06-10 03:48:38.186925,2,0,2,0,2,25947325.972899,0.0,False,False
sess_655,745,2025-06-30 10:43:39.227826,2025-08-21 01:35:25.211509,2,0,0,2,2,4459905.983683,0.0,True,False
sess_656,236,2025-10-19 11:37:00.228610,2025-10-19 11:37:00.228610,1,1,0,0,1,0.0,0.0,False,False
sess_657,850,2025-10-29 02:41:53.228610,2026-04-17 14:34:09.251960,3,2,1,0,3,14730736.02335,0.5,False,False
sess_658,941,2025-06-28 18:59:26.240934,2026-02-18 21:44:37.238931,2,0,1,1,2,20313910.997997,0.0,False,False
sess_659,151,2025-07-30 20:37:54.226324,2026-02-26 22:42:50.186925,3,2,1,0,3,18237895.960601,0.5,False,False
sess_66,709,2026-01-30 08:33:02.219548,2026-04-09 17:43:29.197951,3,2,0,1,3,5994626.978403,0.0,True,False
sess_660,248,2025-08-08 14:09:07.186925,2026-06-06 05:25:18.228610,5,0,3,2,5,26061371.041685,0.0,False,False
sess_661,372,2025-08-28 09:16:59.238931,2026-06-06 03:39:26.228610,2,1,0,1,2,24344546.989679,0.0,True,False
sess_662,975,2025-07-24 18:40:05.186925,2026-01-04 09:33:58.183414,2,1,1,0,2,14136832.996489,1.0,False,False
sess_664,52,2025-07-31 16:51:24.183414,2025-07-31 16:51:24.183414,1,0,0,1,1,0.0,0.0,True,False
sess_665,693,2026-03-06 23:24:23.245946,2026-03-06 23:24:23.245946,1,0,1,0,1,0.0,0.0,False,False
sess_667,398,2025-09-02 08:39:10.185418,2025-09-02 08:39:10.185418,1,1,0,0,1,0.0,0.0,False,False
sess_668,368,2025-08-13 10:13:45.186925,2025-10-20 23:33:10.186925,2,1,1,0,2,5923165.0,1.0,False,False
sess_669,409,2026-06-02 04:15:13.186925,2026-06-03 23:23:09.218542,2,0,1,1,2,155276.031617,0.0,False,False
sess_67,624,2025-07-24 14:50:41.212022,2025-07-24 14:50:41.212022,1,1,0,0,1,0.0,0.0,False,False
sess_670,978,2025-09-17 00:16:57.228610,2026-04-28 21:25:29.251960,3,0,2,1,3,19343312.02335,0.0,False,False
sess_672,272,2025-06-25 22:22:12.218542,2026-05-12 16:26:04.228610,3,1,2,0,3,27713032.010068,2.0,False,False
sess_673,418,2025-11-24 22:14:34.247953,2025-11-24 22:14:34.247953,1,0,1,0,1,0.0,0.0,False,False
sess_674,276,2025-06-21 20:51:45.240934,2026-04-09 16:57:20.247953,4,1,2,1,4,25214735.007019,2.0,False,False
sess_675,495,2025-11-17 02:58:25.238931,2026-03-25 21:53:39.186925,2,1,0,1,2,11127313.947994,0.0,True,False
sess_676,735,2025-12-25 17:40:12.228610,2026-03-27 02:05:16.186925,2,1,1,0,2,7892703.958315,1.0,False,False
sess_678,1073,2025-08-13 15:26:52.203543,2026-02-27 00:11:16.222317,4,2,0,2,4,17052264.018774,0.0,True,False
sess_679,134,2025-06-29 20:27:39.245946,2025-06-29 20:27:39.245946,1,0,0,1,1,0.0,0.0,True,False
sess_68,735,2025-12-25 01:45:06.228610,2026-05-24 11:09:02.219548,2,0,0,2,2,12993835.990938,0.0,True,False
sess_680,870,2025-08-02 01:16:23.214026,2026-04-01 23:50:21.199974,3,2,1,0,3,20990037.985948,0.5,False,False
sess_681,167,2025-08-22 00:40:12.197951,2025-08-22 00:40:12.197951,1,0,1,0,1,0.0,0.0,False,False
sess_682,610,2025-12-18 01:18:15.211509,2026-06-06 09:54:41.186925,2,2,0,0,2,14718985.975416,0.0,False,False
sess_683,981,2025-11-18 17:40:08.203543,2025-12-29 11:03:11.181409,2,2,0,0,2,3518582.977866,0.0,False,False
sess_684,508,2025-06-13 20:27:32.212022,2026-03-03 11:27:05.242937,2,1,0,1,2,22690773.030915,0.0,True,False
sess_685,188,2025-12-10 16:28:30.219548,2026-03-19 08:11:46.226324,3,0,1,2,3,8523796.006776,0.0,False,False
sess_688,210,2025-07-15 19:01:02.186925,2025-09-05 11:36:56.238931,2,0,1,1,2,4466154.052006,0.0,False,False
sess_689,412,2025-12-01 00:33:22.249957,2026-05-18 02:20:23.243940,3,2,1,0,3,14521620.993983,0.5,False,False
sess_69,732,2025-07-24 17:30:54.228610,2025-07-24 17:30:54.228610,1,0,1,0,1,0.0,0.0,False,False
sess_690,793,2025-12-05 19:42:24.235934,2026-04-04 14:21:52.209185,2,1,1,0,2,10348767.973251,1.0,False,False
sess_691,537,2025-11-27 08:06:29.218542,2026-05-21 13:19:13.238931,3,1,0,2,3,15138764.020389,0.0,True,False
sess_693,171,2025-07-26 13:05:18.186925,2026-04-13 16:01:51.212022,3,1,2,0,3,22560993.025097,2.0,False,False
sess_694,467,2025-06-23 20:31:59.219548,2026-03-14 17:40:35.224321,4,1,1,2,4,22799316.004773,1.0,False,False
sess_695,881,2026-01-25 23:13:23.186925,2026-01-25 23:13:23.186925,1,0,1,0,1,0.0,0.0,False,False
sess_696,2,2026-01-27 20:00:33.216529,2026-04-02 18:32:31.186925,3,1,1,1,3,5610717.970396,1.0,False,False
sess_697,335,2025-07-02 01:13:08.186925,2026-05-22 03:46:39.228610,2,1,0,1,2,28002811.041685,0.0,True,False
sess_698,304,2025-06-15 02:18:18.249957,2025-11-17 19:44:20.218542,2,0,1,1,2,13454761.968585,0.0,False,False
sess_699,354,2025-06-18 16:52:48.183414,2025-06-18 16:52:48.183414,1,0,0,1,1,0.0,0.0,True,False
sess_7,280,2026-01-11 12:34:38.249957,2026-02-06 10:41:21.251960,2,0,1,1,2,2239603.002003,0.0,False,False
sess_700,361,2025-08-15 14:08:00.186925,2026-04-06 11:23:41.228610,3,2,0,1,3,20207741.041685,0.0,True,False
sess_701,883,2026-03-03 01:04:24.224321,2026-03-25 10:25:47.247953,2,1,0,1,2,1934483.023632,0.0,True,False
sess_702,1034,2025-09-19 04:09:21.228610,2025-09-19 04:09:21.228610,1,1,0,0,1,0.0,0.0,False,False
sess_703,481,2025-07-31 09:27:09.240934,2026-02-26 22:59:29.186925,3,1,2,0,3,18192739.945991,2.0,False,False
sess_704,426,2025-09-27 02:17:06.218542,2025-09-27 02:17:06.218542,1,0,1,0,1,0.0,0.0,False,False
sess_705,990,2025-07-13 18:56:44.186925,2025-07-13 18:56:44.186925,1,0,0,1,1,0.0,0.0,True,False
sess_706,447,2025-09-03 23:46:41.203543,2025-10-01 16:38:39.214026,2,1,0,1,2,2393518.010483,0.0,True,False
sess_707,855,2025-08-19 03:33:25.235934,2025-09-26 19:39:33.222317,2,0,1,1,2,3341167.986383,0.0,False,False
sess_709,844,2025-08-17 12:34:27.216529,2026-04-11 22:41:23.226324,3,0,2,1,3,20513216.009795,0.0,False,False
sess_710,194,2025-10-20 17:55:30.186925,2026-01-02 06:58:14.186925,3,1,0,2,3,6354164.0,0.0,True,False
sess_712,572,2025-09-09 17:18:33.222317,2026-05-05 06:00:28.224321,5,1,1,3,5,20522515.002004,1.0,False,False
sess_713,414,2025-07-05 16:18:55.240934,2026-05-10 14:03:42.216529,2,0,0,2,2,26689486.975595,0.0,True,False
sess_714,163,2026-02-27 09:17:41.245946,2026-02-27 09:17:41.245946,1,1,0,0,1,0.0,0.0,False,False
sess_715,1076,2025-12-15 13:47:14.253968,2026-03-20 21:25:45.211204,2,0,0,2,2,8235510.957236,0.0,True,False
sess_716,1059,2026-02-16 00:17:48.228610,2026-03-26 15:21:50.203543,2,0,1,1,2,3337441.974933,0.0,False,False
sess_717,855,2025-07-21 06:05:22.216529,2025-07-21 06:05:22.216529,1,0,1,0,1,0.0,0.0,False,False
sess_718,723,2025-08-08 01:08:33.240934,2026-04-24 20:14:21.249957,3,1,2,0,3,22446348.009023,2.0,False,False
sess_719,847,2025-07-19 03:41:13.237113,2026-04-24 15:06:26.197951,3,0,1,2,2,24146712.960838,0.0,False,False
sess_72,733,2025-07-21 09:49:22.186925,2026-03-31 01:30:16.237113,2,0,0,2,2,21829254.050188,0.0,True,False
sess_720,553,2025-09-15 18:27:51.185418,2025-09-15 18:27:51.185418,1,0,0,1,1,0.0,0.0,True,False
sess_721,846,2025-12-15 05:23:19.183414,2025-12-15 05:23:19.183414,1,0,1,0,1,0.0,0.0,False,False
sess_722,604,2026-01-22 15:59:17.209185,2026-01-22 15:59:17.209185,1,0,1,0,1,0.0,0.0,False,False
sess_723,414,2025-10-04 01:08:14.186925,2025-10-04 01:08:14.186925,1,1,0,0,1,0.0,0.0,False,False
sess_725,134,2025-07-27 14:59:00.186925,2025-10-28 23:17:57.237113,2,0,1,1,2,8065137.050188,0.0,False,False
sess_726,513,2025-06-18 07:07:37.243940,2026-03-09 09:38:39.228610,2,1,0,1,2,22818661.98467,0.0,True,False
sess_727,1060,2025-11-10 16:56:43.237113,2026-04-18 17:09:24.228610,2,0,1,1,2,13738360.991497,0.0,False,False
sess_728,55,2025-07-12 22:19:35.214026,2026-06-03 08:35:09.237113,6,1,3,2,6,28116934.023087,3.0,False,False
sess_729,583,2025-11-17 14:55:02.242937,2025-11-17 14:55:02.242937,1,0,1,0,1,0.0,0.0,False,False
sess_73,634,2025-08-07 01:21:18.214026,2025-08-07 01:21:18.214026,1,0,0,1,1,0.0,0.0,True,False
sess_730,132,2025-08-01 20:31:41.181409,2025-12-05 01:53:32.186925,2,1,0,1,2,10819311.005516,0.0,True,False
sess_732,372,2025-06-24 09:38:58.209185,2025-08-12 23:53:11.197951,3,1,1,1,3,4284852.988766,1.0,False,False
sess_733,107,2025-12-03 03:37:41.181409,2025-12-03 03:37:41.181409,1,1,0,0,1,0.0,0.0,False,False
sess_734,83,2025-11-28 20:22:43.247953,2026-03-13 04:30:26.228610,3,0,1,2,3,9014862.980657,0.0,False,False
sess_735,206,2026-01-07 01:34:17.186925,2026-04-22 23:31:21.226324,4,1,3,0,4,9151024.039399,3.0,False,False
sess_736,335,2025-11-28 13:25:34.249957,2026-03-30 00:55:20.222317,3,1,1,1,3,10495785.97236,1.0,False,False
sess_738,320,2025-08-10 07:05:14.243940,2026-05-16 11:44:01.235934,2,0,0,2,2,24122326.991994,0.0,True,False
sess_739,516,2026-01-19 15:55:16.178635,2026-02-19 17:55:51.212022,3,1,2,0,3,2685635.033387,2.0,False,False
sess_740,629,2025-08-20 03:21:37.209185,2025-12-10 19:33:03.228610,2,0,2,0,2,9735086.019425,0.0,False,False
sess_741,782,2025-10-02 08:34:38.207677,2026-05-24 02:54:54.197951,3,2,0,1,3,20197215.990274,0.0,True,False
sess_742,203,2025-09-27 07:28:53.245946,2025-09-27 07:28:53.245946,1,0,0,1,1,0.0,0.0,True,False
sess_743,381,2026-04-15 13:46:24.181409,2026-04-15 13:46:24.181409,1,0,0,1,1,0.0,0.0,True,False
sess_744,290,2026-02-16 15:16:27.209185,2026-02-16 15:16:27.209185,1,0,0,1,1,0.0,0.0,True,False
sess_745,892,2025-07-29 16:43:42.238931,2026-04-20 22:00:17.240934,2,0,0,2,2,22914995.002003,0.0,True,False
sess_747,54,2026-05-24 02:33:31.186925,2026-05-24 02:33:31.186925,1,1,0,0,1,0.0,0.0,False,False
sess_748,415,2025-06-20 09:19:55.186925,2026-01-05 04:53:43.178635,6,2,1,3,6,17177627.99171,0.5,False,False
sess_75,602,2025-10-09 22:15:14.245946,2026-04-04 06:07:45.224321,3,1,1,1,3,15234750.978375,1.0,False,False
sess_750,712,2025-06-16 10:18:39.186925,2026-06-08 23:06:02.228610,5,0,5,0,5,30890843.041685,0.0,False,False
sess_751,906,2025-07-01 05:09:33.228610,2026-04-05 13:28:59.228610,4,1,2,1,4,24049166.0,2.0,False,False
sess_752,875,2025-10-27 12:05:38.249957,2026-04-21 18:16:25.242937,5,3,1,1,5,15228646.99298,0.3333333333333333,False,False
sess_753,275,2025-12-24 12:09:12.186925,2025-12-24 12:09:12.186925,1,0,1,0,1,0.0,0.0,False,False
sess_754,369,2026-01-06 14:41:06.218542,2026-03-28 00:29:28.186925,2,0,0,2,2,6947301.968383,0.0,True,False
sess_755,1081,2025-08-02 14:39:40.228610,2025-08-02 14:39:40.228610,1,1,0,0,1,0.0,0.0,False,False
sess_756,651,2025-10-29 15:16:35.245946,2026-06-07 02:49:04.197951,5,2,2,1,5,19049548.952005,1.0,False,False
sess_757,653,2026-01-26 03:28:30.228610,2026-01-26 03:28:30.228610,1,0,0,1,1,0.0,0.0,True,False
sess_758,86,2026-02-09 04:18:02.214026,2026-02-09 04:18:02.214026,1,0,1,0,1,0.0,0.0,False,False
sess_759,1068,2026-05-13 12:45:00.251960,2026-05-13 12:45:00.251960,1,0,1,0,1,0.0,0.0,False,False
sess_76,215,2025-10-25 20:22:15.186925,2026-05-23 03:40:07.219548,5,2,2,1,5,18083872.032623,1.0,False,False
sess_760,515,2026-02-13 10:20:39.197951,2026-02-13 10:20:39.197951,1,0,1,0,1,0.0,0.0,False,False
sess_761,680,2025-07-21 15:03:56.186925,2026-06-08 10:32:27.237113,3,0,2,1,3,27804511.050188,0.0,False,False
sess_762,122,2025-08-26 21:12:34.237113,2025-08-26 21:12:34.237113,1,0,0,1,1,0.0,0.0,True,False
sess_764,946,2026-06-07 00:19:10.199974,2026-06-07 00:19:10.199974,1,0,1,0,1,0.0,0.0,False,False
sess_765,135,2025-06-24 19:50:01.214026,2025-12-21 12:43:56.228610,4,0,2,2,4,15526435.014584,0.0,False,False
sess_766,1048,2025-08-02 11:44:00.228610,2026-01-28 19:36:36.228610,3,2,0,1,3,15493956.0,0.0,True,False
sess_767,265,2025-09-19 23:43:23.242937,2026-05-21 04:43:09.186925,3,1,1,1,3,21013185.943988,1.0,False,False
sess_768,330,2025-10-08 23:33:00.240934,2026-01-10 21:59:22.228610,2,1,1,0,2,8115981.987676,1.0,False,False
sess_769,1071,2026-02-05 19:53:28.245946,2026-03-08 22:38:28.228610,2,1,1,0,2,2688299.982664,1.0,False,False
sess_77,349,2025-10-28 01:29:50.228610,2026-04-27 07:01:05.243940,2,0,2,0,2,15658275.01533,0.0,False,False
sess_770,821,2025-06-26 23:47:00.183414,2026-04-29 02:23:24.186925,4,2,0,2,4,26447784.003511,0.0,True,False
sess_771,621,2026-01-30 00:14:34.247953,2026-04-21 02:37:33.214026,2,0,1,1,2,7006978.966073,0.0,False,False
sess_772,850,2025-08-01 18:08:13.195433,2025-09-17 17:12:04.228610,2,0,0,2,2,4057431.033177,0.0,True,False
sess_773,608,2026-03-20 07:24:59.214026,2026-03-20 07:24:59.214026,1,0,1,0,1,0.0,0.0,False,False
sess_774,732,2025-11-09 12:19:06.224321,2025-12-13 20:23:32.199974,2,2,0,0,2,2966665.975653,0.0,False,False
sess_775,153,2026-02-05 19:23:42.249957,2026-04-03 06:55:03.186925,2,0,2,0,2,4879880.936968,0.0,False,False
sess_776,849,2025-07-15 13:00:17.224321,2026-05-11 12:05:23.186925,2,0,2,0,2,25916705.962604,0.0,False,False
sess_777,974,2025-06-26 12:20:48.245946,2026-02-21 10:07:45.212022,2,1,1,0,2,20728016.966076,1.0,False,False
sess_778,726,2025-06-20 02:23:13.181409,2026-03-14 11:09:24.186925,6,1,1,4,6,23100371.005516,1.0,False,False
sess_779,646,2026-05-02 17:26:00.253968,2026-06-09 13:44:17.181409,2,1,0,1,2,3269896.927441,0.0,True,False
sess_78,857,2025-06-12 11:04:58.183414,2026-02-26 22:53:06.228610,4,1,0,3,4,22420088.045196,0.0,True,False
sess_780,1005,2026-02-28 09:45:08.212022,2026-02-28 09:45:08.212022,1,1,0,0,1,0.0,0.0,False,False
sess_781,638,2026-01-16 15:35:41.214026,2026-01-16 15:35:41.214026,1,1,0,0,1,0.0,0.0,False,False
sess_782,163,2025-11-11 17:56:41.183414,2026-04-15 18:04:50.186925,4,1,0,3,4,13392489.003511,0.0,True,False
sess_783,998,2025-10-03 16:34:27.183414,2026-06-01 20:28:31.249957,5,1,3,1,5,20836444.066543,3.0,False,False
sess_784,895,2025-08-12 04:09:47.199974,2025-12-19 13:37:47.214026,2,1,0,1,2,11179680.014052,0.0,True,False
sess_785,43,2026-04-20 00:47:11.197951,2026-04-20 00:47:11.197951,1,1,0,0,1,0.0,0.0,False,False
sess_786,472,2025-11-16 05:32:24.186925,2026-04-12 19:22:20.224321,2,1,1,0,2,12750596.037396,1.0,False,False
sess_787,569,2026-01-08 09:26:43.186925,2026-05-24 15:10:04.243940,2,1,1,0,2,11771001.057015,1.0,False,False
sess_788,365,2025-07-22 10:55:13.186925,2026-05-09 19:01:45.203543,3,0,2,1,3,25171592.016618,0.0,False,False
sess_789,883,2025-10-01 05:16:48.243940,2025-10-01 05:16:48.243940,1,0,0,1,1,0.0,0.0,True,False
sess_79,356,2025-12-05 12:45:22.222317,2026-05-08 12:25:32.199974,3,1,0,2,3,13304409.977657,0.0,True,False
sess_790,786,2026-02-12 01:13:35.243940,2026-02-12 01:13:35.243940,1,1,0,0,1,0.0,0.0,False,False
sess_791,1006,2025-08-16 02:00:51.186925,2025-08-16 02:00:51.186925,1,0,0,1,1,0.0,0.0,True,False
sess_792,514,2025-07-19 23:39:51.242937,2026-04-10 00:22:32.178635,3,0,0,3,3,22812160.935698,0.0,True,False
sess_793,15,2025-07-01 20:50:04.247953,2025-11-11 05:00:34.237113,2,2,0,0,2,11434229.98916,0.0,False,False
sess_794,680,2025-11-04 00:06:50.202536,2026-06-06 22:26:48.247953,2,0,1,1,2,18569998.045417,0.0,False,False
sess_795,850,2026-01-21 03:55:25.237113,2026-01-21 03:55:25.237113,1,0,1,0,1,0.0,0.0,False,False
sess_796,186,2025-12-09 08:36:57.181409,2026-04-24 00:26:04.245946,2,0,0,2,2,11720947.064537,0.0,True,False
sess_797,53,2025-06-27 11:53:59.218542,2025-10-24 12:39:53.249957,3,2,1,0,3,10284354.031415,0.5,False,False
sess_798,478,2026-04-18 11:53:31.226324,2026-04-18 11:53:31.226324,1,0,0,1,1,0.0,0.0,True,False
sess_799,603,2025-06-28 05:41:55.237113,2025-06-28 05:41:55.237113,1,0,1,0,1,0.0,0.0,False,False
sess_8,1061,2025-08-14 01:37:59.186925,2026-02-28 17:34:11.219548,2,0,2,0,2,17164572.032623,0.0,False,False
sess_80,475,2025-07-03 09:54:12.238931,2026-03-04 01:45:49.178635,4,0,2,2,4,21052296.939704,0.0,False,False
sess_800,500,2026-02-03 04:42:09.228610,2026-02-03 04:42:09.228610,1,0,0,1,1,0.0,0.0,True,False
sess_801,315,2025-11-16 14:51:55.228610,2026-01-06 17:07:31.235934,2,0,1,1,2,4414536.007324,0.0,False,False
sess_802,612,2025-07-01 18:12:11.207677,2025-12-14 22:29:00.199974,3,0,2,1,3,14357808.992297,0.0,False,False
sess_804,881,2025-08-23 12:09:06.186925,2026-05-25 17:04:43.226324,3,0,0,3,3,23777737.039399,0.0,True,False
sess_806,1051,2025-08-21 13:43:16.186925,2026-06-02 00:12:21.181409,4,1,3,0,4,24575344.994484,3.0,False,False
sess_808,121,2025-06-18 14:37:40.228610,2026-05-07 01:40:33.251960,4,1,2,1,4,27860573.02335,2.0,False,False
sess_809,432,2025-09-30 20:09:42.186925,2026-02-26 13:09:24.185418,2,0,2,0,2,12848381.998493,0.0,False,False
sess_81,826,2025-11-19 19:14:49.237113,2026-06-05 09:21:53.211509,3,0,2,1,3,17071623.974396,0.0,False,False
sess_810,39,2025-06-23 13:26:51.247953,2026-04-13 13:14:16.245946,3,1,1,1,3,25400844.997993,1.0,False,False
sess_811,984,2025-06-20 04:53:53.238931,2025-12-26 13:43:16.203543,3,1,0,2,3,16361362.964612,0.0,True,False
sess_812,942,2025-08-11 17:59:24.183414,2026-05-27 22:34:36.228610,2,1,0,1,2,24986112.045196,0.0,True,False
sess_813,907,2025-10-27 04:39:35.228610,2026-03-25 12:23:20.224321,4,1,3,0,4,12901424.995711,3.0,False,False
sess_815,717,2025-11-05 18:43:42.186925,2025-11-05 18:43:42.186925,1,0,0,1,1,0.0,0.0,True,False
sess_816,1034,2025-11-18 08:28:58.186925,2025-11-18 08:28:58.186925,1,0,1,0,1,0.0,0.0,False,False
sess_817,42,2025-08-07 08:08:08.228610,2025-12-22 08:41:21.186925,2,0,0,2,2,11838792.958315,0.0,True,False
sess_818,232,2025-08-21 16:45:19.181409,2026-05-16 17:12:11.243940,5,3,0,2,5,23156812.062531,0.0,True,False
sess_819,822,2025-06-27 08:05:11.178635,2026-02-11 12:15:20.186925,4,1,1,2,4,19800609.00829,1.0,False,False
sess_82,391,2025-09-16 12:27:58.185418,2026-05-28 23:26:38.249957,3,1,2,0,3,21985120.064539,2.0,False,False
sess_820,398,2026-02-08 04:56:26.228610,2026-02-08 04:56:26.228610,1,1,0,0,1,0.0,0.0,False,False
sess_821,461,2025-07-12 11:01:59.219548,2026-04-06 11:44:29.216529,4,3,0,1,4,23157749.996981,0.0,True,False
sess_822,590,2025-06-21 18:04:41.195433,2025-10-13 18:09:03.199974,5,2,2,1,5,9849862.004541,1.0,False,False
sess_823,691,2026-05-09 11:38:33.178635,2026-05-09 11:38:33.178635,1,1,0,0,1,0.0,0.0,False,False
sess_824,547,2025-08-21 13:34:40.214026,2026-05-17 22:11:30.178635,8,3,4,1,8,23272609.964609,1.3333333333333333,False,False
sess_825,316,2025-07-26 08:40:05.216529,2026-05-29 04:22:45.178635,4,0,3,1,4,26509359.962106,0.0,False,False
sess_826,41,2025-10-07 04:16:08.186925,2026-01-16 14:11:37.212022,3,2,1,0,3,8762129.025097,0.5,False,False
sess_827,323,2026-02-27 02:58:05.214026,2026-02-27 02:58:05.214026,1,1,0,0,1,0.0,0.0,False,False
sess_828,1059,2026-01-29 05:53:16.228610,2026-02-01 13:49:48.186925,2,0,0,2,2,287791.958315,0.0,True,False
sess_829,258,2025-07-25 19:17:00.228610,2025-12-25 06:57:00.245946,4,1,1,2,4,13174800.017336,1.0,False,False
sess_83,963,2025-08-14 13:57:33.245946,2025-11-20 10:21:23.178635,3,0,2,1,3,8454229.932689,0.0,False,False
sess_830,1061,2025-09-09 07:27:22.235934,2026-04-08 18:29:01.185418,3,2,1,0,3,18270098.949484,0.5,False,False
sess_831,707,2025-08-11 14:11:21.216529,2025-08-11 14:11:21.216529,1,0,1,0,1,0.0,0.0,False,False
sess_832,481,2025-07-02 14:33:49.183414,2026-04-14 03:30:36.186925,2,0,1,1,2,24670607.003511,0.0,False,False
sess_833,822,2026-03-18 02:47:53.218542,2026-06-11 17:12:50.238931,2,1,1,0,2,7395897.020389,1.0,False,False
sess_834,444,2025-07-06 02:46:02.222317,2026-04-12 00:00:33.228610,2,0,2,0,2,24182071.006293,0.0,False,False
sess_835,734,2025-10-06 03:21:07.186925,2026-01-06 17:06:15.249957,3,1,1,1,3,7998308.063032,1.0,False,False
sess_837,763,2025-10-15 16:33:49.216529,2026-03-13 07:48:23.216529,2,1,1,0,2,12842074.0,1.0,False,False
sess_839,326,2025-08-22 22:22:29.186925,2025-08-22 22:22:29.186925,1,0,0,1,1,0.0,0.0,True,False
sess_84,955,2025-07-05 12:06:18.186925,2025-10-29 23:19:26.240934,2,0,2,0,2,10062788.054009,0.0,False,False
sess_842,109,2025-07-03 12:39:24.203543,2026-05-15 02:47:28.186925,4,1,1,2,4,27266883.983382,1.0,False,False
sess_843,825,2025-11-03 15:22:18.228610,2025-12-25 19:16:03.238931,2,0,2,0,2,4506825.010321,0.0,False,False
sess_844,839,2025-06-20 05:14:58.202536,2026-05-27 17:32:11.218542,3,2,0,1,3,29506633.016006,0.0,True,False
sess_845,233,2025-10-02 00:17:22.203543,2026-06-11 17:34:31.219548,3,1,2,0,3,21835029.016005,2.0,False,False
sess_846,975,2025-10-19 02:43:08.224321,2025-10-19 02:43:08.224321,1,0,0,1,1,0.0,0.0,True,False
sess_847,456,2025-07-07 08:22:49.214026,2025-07-07 08:22:49.214026,1,1,0,0,1,0.0,0.0,False,False
sess_848,262,2025-12-12 04:45:49.214026,2026-03-13 07:22:05.203543,2,0,1,1,2,7871775.989517,0.0,False,False
sess_849,721,2025-10-11 07:44:00.218542,2026-05-13 04:25:18.243940,3,2,1,0,3,18477678.025398,0.5,False,False
sess_850,494,2025-07-14 23:28:55.247953,2026-05-27 02:59:17.242937,4,1,2,1,4,27315021.994984,2.0,False,False
sess_851,262,2025-08-20 00:22:04.186925,2025-08-20 00:22:04.186925,1,0,0,1,1,0.0,0.0,True,False
sess_852,889,2025-06-13 07:12:33.216529,2026-01-01 05:41:33.185418,4,1,2,1,4,17447339.968889,2.0,False,False
sess_854,701,2025-08-09 22:17:59.183414,2025-12-29 15:11:44.186925,2,1,1,0,2,12243225.003511,1.0,False,False
sess_855,1041,2026-04-07 18:17:12.186925,2026-04-07 18:17:12.186925,1,1,0,0,1,0.0,0.0,False,False
sess_856,513,2025-11-22 19:36:18.181409,2025-11-22 19:36:18.181409,1,0,1,0,1,0.0,0.0,False,False
sess_857,713,2026-01-22 01:40:35.224321,2026-05-17 05:51:22.226324,2,1,1,0,2,9951047.002003,1.0,False,False
sess_858,28,2025-10-06 08:09:37.245946,2025-10-06 08:09:37.245946,1,0,0,1,1,0.0,0.0,True,False
sess_859,1045,2025-07-20 13:49:46.183414,2026-01-18 13:10:25.240934,3,0,1,2,3,15722439.05752,0.0,False,False
sess_86,186,2025-06-27 21:44:23.203543,2026-05-25 01:32:55.186925,5,1,3,1,5,28612111.983382,3.0,False,False
sess_860,451,2025-11-24 13:30:03.245946,2026-06-06 10:17:29.222317,2,2,0,0,2,16750045.976371,0.0,False,False
sess_861,588,2025-08-13 03:12:22.228610,2025-12-18 19:44:56.222317,2,1,0,1,2,11032353.993707,0.0,True,False
sess_862,338,2025-08-03 23:49:36.228610,2026-03-17 06:36:09.228610,3,1,2,0,3,19464393.0,2.0,False,False
sess_863,871,2025-09-30 23:06:36.214026,2025-12-08 07:55:26.228610,2,1,1,0,2,5906930.014584,1.0,False,False
sess_864,576,2025-08-06 11:47:13.214026,2026-05-26 08:22:36.199974,2,2,0,0,2,25302922.985948,0.0,False,False
sess_866,117,2025-08-11 23:02:08.199974,2026-04-29 01:51:26.237113,3,1,0,2,3,22474158.037139,0.0,True,False
sess_867,758,2025-09-08 13:31:14.212022,2025-09-08 13:31:14.212022,1,0,0,1,1,0.0,0.0,True,False
sess_868,675,2025-09-08 02:00:31.247953,2026-06-06 01:53:00.178635,4,1,1,2,4,23413948.930682,1.0,False,False
sess_869,644,2025-12-14 12:25:53.209185,2026-03-25 13:32:39.222317,3,1,1,1,3,8730406.013132,1.0,False,False
sess_87,13,2026-06-01 16:02:15.247953,2026-06-01 16:02:15.247953,1,1,0,0,1,0.0,0.0,False,False
sess_870,622,2025-10-07 13:28:30.228610,2026-05-29 12:46:36.203543,5,1,1,3,5,20215085.974933,1.0,False,False
sess_871,1092,2026-02-15 05:39:15.253968,2026-02-15 05:39:15.253968,1,0,0,1,1,0.0,0.0,True,False
sess_873,364,2025-08-09 16:26:50.226324,2025-08-09 16:26:50.226324,1,0,0,1,1,0.0,0.0,True,False
sess_874,392,2025-08-25 03:52:13.222317,2026-04-12 01:43:20.202536,4,0,2,2,4,19864266.980219,0.0,False,False
sess_876,604,2025-07-09 06:58:30.243940,2025-07-09 06:58:30.243940,1,0,0,1,1,0.0,0.0,True,False
sess_878,10,2025-07-16 15:32:47.228610,2026-02-24 14:51:59.240934,3,1,1,1,3,19264752.012324,1.0,False,False
sess_879,127,2026-03-29 21:46:40.249957,2026-05-03 15:57:25.186925,2,0,0,2,2,3003044.936968,0.0,True,False
sess_88,665,2025-07-17 22:47:06.228610,2026-04-17 03:30:45.251960,3,2,1,0,3,23604219.02335,0.5,False,False
sess_880,160,2026-05-27 16:54:27.186925,2026-05-27 16:54:27.186925,1,0,1,0,1,0.0,0.0,False,False
sess_882,118,2025-09-04 14:25:50.249957,2026-01-19 22:08:46.219548,4,2,1,1,4,11864575.969591,0.5,False,False
sess_883,612,2025-11-22 02:59:02.249957,2026-01-18 03:02:43.249957,2,1,1,0,2,4925021.0,1.0,False,False
sess_884,41,2026-05-17 12:28:09.228610,2026-05-17 12:28:09.228610,1,0,0,1,1,0.0,0.0,True,False
sess_885,146,2026-04-23 03:47:19.186925,2026-04-23 03:47:19.186925,1,0,1,0,1,0.0,0.0,False,False
sess_886,771,2025-07-22 09:33:48.242937,2025-07-25 09:26:58.222317,2,0,2,0,2,258789.97938,0.0,False,False
sess_887,966,2025-07-19 17:40:59.237113,2025-07-19 17:40:59.237113,1,0,1,0,1,0.0,0.0,False,False
sess_888,846,2026-06-02 21:30:46.242937,2026-06-02 21:30:46.242937,1,0,0,1,1,0.0,0.0,True,False
sess_89,861,2025-08-28 02:20:58.214026,2026-01-17 13:39:17.247953,4,1,1,2,4,12309499.033927,1.0,False,False
sess_890,850,2025-06-11 13:45:55.228610,2025-06-11 13:45:55.228610,1,0,1,0,1,0.0,0.0,False,False
sess_891,677,2025-10-01 02:28:01.207677,2026-04-16 03:40:45.240934,2,0,0,2,2,17025164.033257,0.0,True,False
sess_892,967,2026-03-28 20:51:56.222317,2026-03-28 20:51:56.222317,1,0,0,1,1,0.0,0.0,True,False
sess_893,951,2025-12-20 01:29:07.224321,2025-12-20 01:29:07.224321,1,0,1,0,1,0.0,0.0,False,False
sess_894,665,2025-09-27 08:46:38.247953,2025-09-27 08:46:38.247953,1,0,1,0,1,0.0,0.0,False,False
sess_895,580,2025-07-23 21:27:27.186925,2026-04-21 22:53:16.222317,3,1,2,0,3,23505949.035392,2.0,False,False
sess_896,24,2025-09-27 13:46:22.224321,2025-11-20 14:32:23.203543,2,2,0,0,2,4668360.979222,0.0,False,False
sess_897,563,2025-07-07 06:56:48.186925,2026-05-28 13:57:56.238931,2,1,1,0,2,28105268.052006,1.0,False,False
sess_898,595,2025-10-20 15:03:27.214026,2025-10-20 15:03:27.214026,1,0,1,0,1,0.0,0.0,False,False
sess_899,992,2025-11-14 19:27:40.253968,2026-04-03 14:20:49.218542,4,2,2,0,4,12077588.964574,1.0,False,False
sess_9,392,2025-10-18 14:29:02.245946,2026-02-16 12:17:43.253968,2,0,2,0,2,10446521.008022,0.0,False,False
sess_90,390,2025-07-08 14:14:38.183414,2026-01-25 20:49:59.218542,3,3,0,0,3,17390121.035128,0.0,False,False
sess_900,428,2025-07-04 10:55:12.240934,2025-07-04 10:55:12.240934,1,1,0,0,1,0.0,0.0,False,False
sess_901,738,2025-11-18 17:21:01.181409,2026-03-17 20:29:09.186925,2,0,0,2,2,10292888.005516,0.0,True,False
sess_902,221,2025-12-03 15:33:52.209185,2026-04-17 19:43:50.228610,3,2,0,1,3,11678998.019425,0.0,True,False
sess_903,656,2025-08-10 21:11:47.186925,2025-11-16 05:19:08.183414,4,0,3,1,4,8410040.996489,0.0,False,False
sess_905,864,2025-06-14 16:56:54.249957,2026-01-13 17:04:51.228610,3,2,0,1,3,18403676.978653,0.0,True,False
sess_906,190,2025-12-23 15:02:49.228610,2026-04-30 05:53:31.222317,2,2,0,0,2,11026241.993707,0.0,False,False
sess_907,712,2025-10-02 18:30:31.211509,2025-11-14 21:14:00.183414,2,0,1,1,2,3725008.971905,0.0,False,False
sess_908,865,2026-04-03 17:24:47.235934,2026-04-03 17:24:47.235934,1,0,1,0,1,0.0,0.0,False,False
sess_909,392,2025-07-19 04:48:55.219548,2025-08-29 15:33:47.228610,2,1,0,1,2,3581092.009062,0.0,True,False
sess_91,163,2025-08-19 05:57:11.238931,2026-03-11 13:28:20.186925,4,1,1,2,4,17652668.947994,1.0,False,False
sess_910,989,2025-07-31 21:24:27.212022,2025-07-31 21:24:27.212022,1,0,1,0,1,0.0,0.0,False,False
sess_912,259,2025-08-06 14:06:37.243940,2026-02-19 03:27:47.237113,4,2,2,0,4,16982469.993173,1.0,False,False
sess_913,716,2025-08-10 20:05:59.186925,2026-04-29 08:56:01.216529,3,0,2,1,3,22596602.029604,0.0,False,False
sess_914,1094,2025-06-24 02:26:26.214026,2026-03-31 09:05:57.238931,2,2,0,0,2,24215971.024905,0.0,False,False
sess_915,6,2025-07-06 15:27:48.238931,2026-04-26 07:38:46.183414,6,4,0,2,6,25373457.944483,0.0,True,False
sess_916,829,2025-09-13 18:15:29.186925,2026-06-05 14:54:32.186925,3,2,1,0,3,22883943.0,0.5,False,False
sess_917,330,2025-07-27 11:12:43.214026,2026-05-28 04:25:53.178635,2,0,1,1,2,26327589.964609,0.0,False,False
sess_918,338,2025-06-25 14:46:31.195433,2026-03-16 14:09:20.197951,4,2,0,2,4,22807369.002518,0.0,True,False
sess_92,922,2026-01-03 03:55:13.212022,2026-05-15 18:55:24.186925,2,0,2,0,2,11458810.974903,0.0,False,False
sess_922,1071,2026-04-10 16:34:11.237113,2026-05-18 04:14:38.186925,2,0,2,0,2,3238826.949812,0.0,False,False
sess_925,306,2025-07-15 14:11:24.243940,2025-09-08 19:13:42.186925,3,0,2,1,3,4770137.942985,0.0,False,False
sess_926,176,2025-06-14 17:43:59.249957,2026-05-10 18:39:09.183414,3,2,1,0,3,28515309.933457,0.5,False,False
sess_927,598,2026-02-14 13:27:16.216529,2026-05-10 03:27:36.218542,2,0,1,1,2,7308020.002013,0.0,False,False
sess_928,787,2025-12-14 22:19:17.238931,2025-12-14 22:19:17.238931,1,1,0,0,1,0.0,0.0,False,False
sess_929,503,2025-07-16 02:06:54.178635,2026-01-14 18:53:34.224321,4,1,1,2,4,15785200.045686,1.0,False,False
sess_930,1053,2025-08-14 18:59:25.249957,2026-06-09 18:40:53.186925,3,1,2,0,3,25832487.936968,2.0,False,False
sess_932,669,2026-01-18 08:39:00.228610,2026-01-18 08:39:00.228610,1,0,1,0,1,0.0,0.0,False,False
sess_933,664,2025-06-16 11:59:24.249957,2026-03-08 05:38:15.183414,4,2,2,0,4,22873130.933457,1.0,False,False
sess_934,418,2026-04-15 16:12:36.209185,2026-04-15 16:12:36.209185,1,0,0,1,1,0.0,0.0,True,False
sess_935,319,2025-11-05 21:31:42.228610,2025-11-05 21:31:42.228610,1,0,0,1,1,0.0,0.0,True,False
sess_936,742,2025-08-07 10:33:14.251960,2025-08-07 10:33:14.251960,1,0,0,1,1,0.0,0.0,True,False
sess_937,935,2025-08-22 16:52:06.186925,2026-03-27 19:13:14.228610,4,0,1,3,4,18757268.041685,0.0,False,False
sess_938,583,2025-07-24 14:44:39.228610,2026-05-10 04:34:19.249957,4,0,1,3,4,25019380.021347,0.0,False,False
sess_939,1098,2025-11-22 03:12:00.216529,2025-12-27 08:35:51.228610,2,0,0,2,2,3043431.012081,0.0,True,False
sess_940,147,2025-06-27 07:21:44.228610,2026-04-09 12:07:29.228610,5,1,3,1,5,24727545.0,3.0,False,False
sess_942,1031,2026-01-30 20:34:51.209185,2026-05-20 19:23:16.235934,3,0,2,1,3,9499705.026749,0.0,False,False
sess_943,404,2025-10-01 11:19:47.243940,2025-10-01 11:19:47.243940,1,0,1,0,1,0.0,0.0,False,False
sess_944,833,2025-06-21 12:54:14.242937,2026-05-15 11:04:42.212022,2,0,2,0,2,28332627.969085,0.0,False,False
sess_945,338,2025-07-20 12:33:23.212022,2026-05-12 04:56:31.247953,4,0,2,2,4,25546988.035931,0.0,False,False
sess_946,880,2025-08-21 14:18:37.224321,2025-12-16 05:43:40.181409,2,1,1,0,2,10077902.957088,1.0,False,False
sess_947,249,2026-03-08 10:07:31.186925,2026-03-08 10:07:31.186925,1,0,0,1,1,0.0,0.0,True,False
sess_948,92,2026-03-31 15:25:03.186925,2026-03-31 15:25:03.186925,1,0,1,0,1,0.0,0.0,False,False
sess_949,722,2025-11-29 10:37:54.224321,2026-02-07 20:42:16.219548,2,1,0,1,2,6084261.995227,0.0,True,False
sess_95,348,2025-07-28 20:58:16.237113,2025-12-30 20:49:00.209185,3,1,1,1,3,13391443.972072,1.0,False,False
sess_950,92,2025-10-01 04:08:34.224321,2025-10-01 04:08:34.224321,1,0,1,0,1,0.0,0.0,False,False
sess_951,469,2025-08-11 11:41:26.186925,2026-02-07 21:11:26.186925,2,0,2,0,2,15586200.0,0.0,False,False
sess_952,52,2026-06-05 15:54:07.228610,2026-06-05 15:54:07.228610,1,1,0,0,1,0.0,0.0,False,False
sess_953,981,2026-01-10 23:31:26.240934,2026-01-10 23:31:26.240934,1,0,1,0,1,0.0,0.0,False,False
sess_954,337,2025-06-11 18:28:07.186925,2026-03-18 15:13:22.216529,3,0,2,1,3,24180315.029604,0.0,False,False
sess_956,229,2025-07-14 00:03:49.183414,2026-03-29 02:46:12.178635,2,0,1,1,2,22300942.995221,0.0,False,False
sess_957,90,2025-06-20 22:09:56.186925,2025-06-20 22:09:56.186925,1,0,0,1,1,0.0,0.0,True,False
sess_958,542,2025-10-23 02:23:54.209185,2026-02-16 04:18:16.219548,3,0,3,0,3,10029262.010363,0.0,False,False
sess_959,408,2025-06-28 19:50:49.219548,2026-05-29 03:34:50.186925,3,0,0,3,3,28885440.967377,0.0,True,False
sess_96,586,2025-12-04 05:40:31.240934,2025-12-04 05:40:31.240934,1,1,0,0,1,0.0,0.0,False,False
sess_960,297,2025-09-02 03:28:02.212022,2025-09-02 03:28:02.212022,1,1,0,0,1,0.0,0.0,False,False
sess_961,495,2025-07-25 14:52:09.237113,2026-01-11 15:05:51.240934,3,1,1,1,3,14688822.003821,1.0,False,False
sess_962,526,2025-06-21 13:00:06.228610,2026-06-03 18:26:01.212022,4,2,1,1,4,30000354.983412,0.5,False,False
sess_963,702,2026-03-07 21:02:03.214026,2026-03-07 21:02:03.214026,1,0,1,0,1,0.0,0.0,False,False
sess_964,404,2026-04-02 00:08:36.247953,2026-04-06 23:07:52.222317,2,0,2,0,2,428355.974364,0.0,False,False
sess_965,535,2025-08-05 05:40:15.186925,2026-04-13 19:08:18.202536,3,0,2,1,3,21734883.015611,0.0,False,False
sess_966,474,2025-09-24 15:45:23.237113,2026-02-07 10:25:34.216529,3,2,0,1,3,11731210.979416,0.0,True,False
sess_967,196,2025-08-31 10:40:23.183414,2026-06-05 11:32:02.228610,3,2,0,1,3,24022299.045196,0.0,True,False
sess_968,581,2025-10-26 11:01:54.181409,2025-10-26 11:01:54.181409,1,0,1,0,1,0.0,0.0,False,False
sess_969,845,2025-09-11 10:15:10.186925,2026-04-20 09:48:38.228610,2,1,0,1,2,19092808.041685,0.0,True,False
sess_97,227,2026-02-03 10:35:58.181409,2026-05-25 23:18:39.249957,3,2,1,0,3,9636161.068548,0.5,False,False
sess_970,301,2025-09-03 18:23:21.247953,2025-12-14 18:23:41.222317,2,1,1,0,2,8812819.974364,1.0,False,False
sess_971,248,2025-12-07 11:11:21.212022,2026-01-26 19:55:59.178635,2,0,0,2,2,4351477.966613,0.0,True,False
sess_972,800,2025-10-27 04:37:02.181409,2026-04-08 18:23:27.181409,3,2,0,1,3,14132785.0,0.0,True,False
sess_976,307,2026-05-14 10:07:24.249957,2026-05-14 10:07:24.249957,1,1,0,0,1,0.0,0.0,False,False
sess_977,1055,2026-03-29 17:21:54.228610,2026-03-29 17:21:54.228610,1,0,0,1,1,0.0,0.0,True,False
sess_978,63,2025-07-28 16:58:31.186925,2026-04-19 04:24:57.240934,2,0,1,1,2,22850786.054009,0.0,False,False
sess_979,5,2025-09-21 12:55:55.209185,2026-03-21 02:58:43.186925,2,0,2,0,2,15602567.97774,0.0,False,False
sess_98,1032,2025-07-01 01:08:31.178635,2026-06-01 20:07:36.253968,2,1,1,0,2,29012345.075333,1.0,False,False
sess_980,674,2025-10-14 04:24:40.228610,2025-11-29 23:10:50.251960,3,2,0,1,3,4041970.02335,0.0,True,False
sess_981,610,2025-12-11 20:01:24.228610,2025-12-11 20:01:24.228610,1,0,1,0,1,0.0,0.0,False,False
sess_983,881,2025-11-08 05:59:17.228610,2026-06-07 13:56:44.222317,4,0,4,0,4,18259046.993707,0.0,False,False
sess_984,572,2025-07-03 11:58:41.212022,2025-12-11 23:35:42.247953,2,0,2,0,2,13952221.035931,0.0,False,False
sess_986,982,2025-07-18 05:01:17.228610,2026-01-16 00:32:56.228610,2,0,2,0,2,15708699.0,0.0,False,False
sess_987,721,2025-08-12 18:57:07.209185,2026-06-07 08:51:38.186925,2,1,0,1,2,25797270.97774,0.0,True,False
sess_988,468,2025-11-16 02:16:11.224321,2025-11-25 17:40:06.219548,2,1,0,1,2,833034.995227,0.0,True,False
sess_989,108,2025-12-28 14:29:53.186925,2026-05-03 15:52:11.247953,2,1,1,0,2,10891338.061028,1.0,False,False
sess_99,669,2025-08-01 09:24:38.240934,2026-03-31 05:01:19.226324,4,1,2,1,4,20893000.98539,2.0,False,False
sess_990,481,2025-08-15 22:31:33.181409,2025-08-15 22:31:33.181409,1,1,0,0,1,0.0,0.0,False,False
sess_991,1054,2025-08-04 01:21:22.214026,2025-11-18 01:09:08.228610,2,2,0,0,2,9157666.014584,0.0,False,False
sess_992,687,2025-11-09 01:03:03.228610,2026-03-29 19:25:56.181409,4,0,4,0,4,12162172.952799,0.0,False,False
sess_993,154,2025-08-03 08:38:58.222317,2025-10-19 22:11:26.178635,4,0,2,2,4,6701547.956318,0.0,False,False
sess_994,438,2025-11-09 19:10:08.199974,2025-11-09 19:10:08.199974,1,1,0,0,1,0.0,0.0,False,False
sess_995,1017,2025-09-20 12:19:28.238931,2026-03-12 12:21:15.183414,2,0,1,1,2,14947306.944483,0.0,False,False
sess_996,330,2025-08-28 15:13:54.224321,2025-08-28 15:13:54.224321,1,0,1,0,1,0.0,0.0,False,False
sess_997,566,2025-07-01 13:28:57.186925,2025-07-01 13:28:57.186925,1,1,0,0,1,0.0,0.0,False,False
sess_998,353,2025-06-25 02:24:06.245946,2026-06-01 08:34:05.226324,4,1,3,0,4,29484598.980378,3.0,False,False
sess_999,692,2025-07-30 20:44:58.178635,2026-01-29 11:11:50.186925,2,1,1,0,2,15776812.00829,1.0,False,False
