log_id,user_id,product_id,session_id,action,timestamp,is_valid_action
1104,401,474,sess_1,purchase,2025-11-02 12:06:07.183414,True
7164,804,779,sess_1,add_to_cart,2025-11-08 17:27:57.218542,True
2763,1005,416,sess_10,add_to_cart,2025-08-16 16:36:22.186925,True
1358,843,909,sess_10,add_to_cart,2025-11-09 01:33:11.183414,True
4117,760,987,sess_10,purchase,2025-12-26 06:42:45.199974,True
12740,613,69,sess_10,purchase,2026-04-12 09:44:38.242937,True
8527,810,284,sess_100,view,2026-03-01 09:18:39.224321,True
1185,629,1034,sess_1000,add_to_cart,2025-09-25 08:41:31.183414,True
8315,777,593,sess_1000,view,2026-03-08 21:56:36.224321,True
10066,31,636,sess_1002,add_to_cart,2025-09-03 21:33:33.228610,True
12474,214,243,sess_1002,view,2025-11-02 16:35:07.240934,True
13512,242,29,sess_1002,add_to_cart,2025-11-04 17:45:43.245946,True
11535,649,239,sess_1004,purchase,2025-11-10 06:04:51.237113,True
9325,789,768,sess_1004,add_to_cart,2025-12-04 04:02:42.228610,True
343,164,409,sess_1005,view,2025-07-04 20:22:35.178635,True
10144,433,269,sess_1005,add_to_cart,2025-11-14 03:26:02.228610,True
6281,1039,876,sess_1005,add_to_cart,2025-12-28 20:51:03.214026,True
453,1009,5,sess_1005,view,2026-02-13 05:01:43.181409,True
13503,224,700,sess_1007,purchase,2025-07-29 00:47:16.245946,True
7748,308,676,sess_1008,add_to_cart,2026-02-16 01:52:00.222317,True
5557,887,448,sess_1009,purchase,2025-09-14 18:16:47.212022,True
9542,314,786,sess_1009,purchase,2025-09-30 06:57:01.228610,True
12336,227,414,sess_1009,purchase,2026-03-06 01:42:10.240934,True
12403,1011,455,sess_1009,view,2026-04-03 10:54:08.240934,True
10694,392,196,sess_101,view,2025-07-14 01:02:31.228610,True
10946,68,58,sess_101,add_to_cart,2026-03-23 16:54:01.228610,True
505,755,342,sess_1010,add_to_cart,2025-12-12 15:07:37.181409,True
13698,640,130,sess_1011,view,2026-02-20 23:33:43.247953,True
12691,391,638,sess_1012,purchase,2025-07-05 15:33:00.242937,True
3174,221,694,sess_1012,view,2025-09-02 22:54:05.186925,True
14199,1092,445,sess_1012,purchase,2026-04-16 19:05:30.249957,True
6966,587,929,sess_1012,add_to_cart,2026-05-30 07:46:33.216529,True
13983,9,1014,sess_1014,view,2025-09-09 04:12:18.247953,True
10562,119,222,sess_1014,purchase,2025-09-20 02:22:13.228610,True
6894,992,109,sess_1014,purchase,2025-11-07 20:42:12.216529,True
1971,183,916,sess_1015,view,2025-07-04 10:23:42.186925,True
4248,70,119,sess_1016,add_to_cart,2026-02-14 10:28:10.199974,True
8749,1014,847,sess_1017,add_to_cart,2025-09-02 14:19:12.226324,True
11317,895,438,sess_1017,view,2025-10-23 09:38:10.237113,True
9573,126,680,sess_1017,add_to_cart,2025-11-28 06:36:38.228610,True
5629,991,868,sess_1018,view,2025-11-09 14:47:25.212022,True
11336,569,608,sess_1018,purchase,2026-02-25 00:41:27.237113,True
12848,357,275,sess_1019,add_to_cart,2025-07-03 06:34:16.242937,True
9670,179,336,sess_1019,purchase,2025-09-22 08:10:01.228610,True
10747,799,131,sess_1019,purchase,2025-10-06 20:36:41.228610,True
4645,99,1018,sess_102,view,2025-09-16 07:42:23.207677,True
7179,178,629,sess_102,view,2025-10-16 04:39:39.218542,True
3867,661,567,sess_102,view,2025-12-11 00:03:02.197951,True
7259,632,974,sess_102,view,2026-01-29 10:26:13.219548,True
10626,730,249,sess_102,purchase,2026-05-09 11:22:25.228610,True
6904,996,160,sess_102,add_to_cart,2026-05-30 03:13:38.216529,True
7236,1098,195,sess_1020,purchase,2025-12-24 08:14:51.219548,True
4250,607,535,sess_1021,add_to_cart,2025-11-24 01:16:44.199974,True
7670,604,315,sess_1021,add_to_cart,2026-01-10 07:56:56.222317,True
4324,161,993,sess_1022,purchase,2025-06-21 01:18:09.202536,True
4091,412,643,sess_1022,view,2025-11-18 17:24:47.199974,True
11459,111,862,sess_1022,add_to_cart,2026-03-15 07:14:17.237113,True
1888,450,11,sess_1023,purchase,2025-11-05 15:04:48.186925,True
7447,479,605,sess_1023,add_to_cart,2025-11-19 15:07:54.219548,True
6253,855,1046,sess_1023,view,2026-01-04 18:52:26.214026,True
248,417,206,sess_1025,add_to_cart,2025-11-14 13:55:19.178635,True
754,151,989,sess_1025,add_to_cart,2026-04-29 17:18:34.181409,True
9973,1050,179,sess_1026,purchase,2025-12-13 22:22:54.228610,True
14702,179,389,sess_1026,purchase,2026-04-20 18:34:56.251960,True
7828,106,282,sess_1026,purchase,2026-04-28 18:06:21.222317,True
3923,300,53,sess_1028,purchase,2026-03-25 05:22:23.197951,True
548,265,825,sess_1029,view,2025-06-23 14:11:01.181409,True
3125,339,1039,sess_1029,view,2025-12-11 01:03:23.186925,True
11802,636,580,sess_1029,view,2025-12-29 14:56:45.238931,True
14345,1022,261,sess_103,purchase,2026-01-29 19:52:46.249957,True
2075,298,354,sess_1030,view,2025-10-31 21:40:11.186925,True
5286,732,1074,sess_1031,purchase,2025-07-15 05:24:41.211509,True
2229,357,104,sess_1031,view,2025-07-16 08:28:51.186925,True
3029,602,887,sess_1031,add_to_cart,2026-01-07 06:53:42.186925,True
5443,526,621,sess_1031,purchase,2026-03-15 13:39:56.212022,True
5229,602,170,sess_1032,view,2025-09-18 18:13:15.209185,True
13849,887,167,sess_1033,purchase,2025-07-30 11:48:29.247953,True
14587,106,274,sess_1033,purchase,2025-12-22 16:50:29.251960,True
3352,320,967,sess_1034,add_to_cart,2025-09-27 04:28:42.186925,True
767,402,360,sess_1034,view,2025-12-30 15:07:02.181409,True
432,816,133,sess_1034,purchase,2026-04-20 21:04:34.178635,True
8024,700,66,sess_1035,add_to_cart,2025-09-26 08:13:44.222317,True
4515,444,531,sess_1035,purchase,2026-01-03 14:04:02.203543,True
14874,3,306,sess_1035,view,2026-02-07 13:02:06.253968,True
12665,224,281,sess_1036,add_to_cart,2025-08-14 18:41:39.242937,True
6779,864,772,sess_1037,purchase,2026-06-02 14:30:25.216529,True
4179,824,70,sess_1038,view,2026-01-19 22:49:03.199974,True
5458,101,651,sess_1038,view,2026-05-29 04:12:09.212022,True
6302,202,854,sess_1039,view,2025-06-28 08:09:33.214026,True
5989,697,968,sess_1039,view,2025-09-08 09:06:22.214026,True
9826,363,1038,sess_1039,purchase,2025-09-27 04:53:04.228610,True
3393,135,684,sess_1039,view,2026-05-03 16:49:02.186925,True
9855,915,804,sess_104,purchase,2025-09-01 13:47:31.228610,True
6970,254,519,sess_104,purchase,2025-11-07 09:10:13.216529,True
9287,709,500,sess_1040,view,2025-10-09 07:28:10.228610,True
4115,98,771,sess_1040,add_to_cart,2026-02-26 10:11:45.199974,True
3522,55,1053,sess_1041,view,2025-10-17 20:19:27.186925,True
14107,790,325,sess_1041,add_to_cart,2026-01-09 21:28:50.249957,True
7951,1006,564,sess_1041,add_to_cart,2026-04-07 02:17:34.222317,True
7358,326,398,sess_1041,view,2026-04-26 23:36:21.219548,True
11913,792,852,sess_1042,view,2025-10-27 08:00:08.238931,True
12692,347,538,sess_1042,purchase,2026-03-14 04:46:01.242937,True
11784,824,435,sess_1042,purchase,2026-05-15 22:45:28.238931,True
7312,52,172,sess_1043,purchase,2025-08-04 04:25:55.219548,True
9133,985,847,sess_1043,purchase,2025-09-28 10:06:49.228610,True
8191,1002,656,sess_1043,add_to_cart,2025-12-29 11:28:47.224321,True
794,292,510,sess_1043,purchase,2026-01-09 11:28:31.181409,True
10762,246,808,sess_1043,purchase,2026-02-13 03:21:44.228610,True
12494,558,117,sess_1043,view,2026-04-30 07:38:23.240934,True
13364,462,76,sess_1045,purchase,2026-03-28 15:38:49.245946,True
6914,558,476,sess_1045,view,2026-04-23 23:30:22.216529,True
11386,1097,673,sess_1046,purchase,2025-11-13 15:01:10.237113,True
10781,36,218,sess_1046,purchase,2026-04-03 21:00:33.228610,True
6486,682,642,sess_1046,add_to_cart,2026-04-20 03:36:19.216529,True
11529,150,869,sess_1046,purchase,2026-05-09 10:07:58.237113,True
14651,413,510,sess_1047,view,2025-07-10 20:42:36.251960,True
6534,296,1002,sess_1047,purchase,2025-08-06 02:28:29.216529,True
11258,481,779,sess_1047,purchase,2025-09-10 04:27:59.237113,True
6928,19,734,sess_1047,view,2025-11-01 14:48:48.216529,True
14155,1093,508,sess_1047,purchase,2026-03-19 21:58:22.249957,True
13642,201,66,sess_1048,add_to_cart,2026-02-19 01:20:42.247953,True
7055,95,504,sess_1049,purchase,2025-08-21 17:11:27.218542,True
2948,1098,491,sess_1049,add_to_cart,2025-09-20 23:37:38.186925,True
12585,400,536,sess_1049,purchase,2025-11-04 23:03:44.240934,True
6841,1051,307,sess_1049,add_to_cart,2025-11-17 12:01:08.216529,True
2119,178,599,sess_105,add_to_cart,2026-04-10 00:41:52.186925,True
6036,167,713,sess_105,purchase,2026-04-10 11:12:06.214026,True
1338,544,313,sess_1050,add_to_cart,2025-08-11 11:28:16.183414,True
11766,40,872,sess_1050,view,2025-09-17 13:17:49.238931,True
14046,626,784,sess_1050,add_to_cart,2025-11-30 14:38:56.247953,True
2552,833,178,sess_1050,view,2026-01-26 08:45:48.186925,True
14655,845,95,sess_1051,purchase,2025-08-24 08:17:33.251960,True
13100,811,353,sess_1051,add_to_cart,2026-02-05 14:18:33.243940,True
11006,917,939,sess_1051,view,2026-03-16 05:50:41.235934,True
13475,496,252,sess_1053,purchase,2025-10-29 18:33:12.245946,True
13324,1071,257,sess_1053,add_to_cart,2026-02-11 11:43:26.245946,True
12454,525,504,sess_1053,view,2026-05-31 03:13:16.240934,True
7767,261,199,sess_1054,view,2025-06-13 21:42:46.222317,True
14248,494,1079,sess_1054,view,2025-07-16 01:44:33.249957,True
3521,202,467,sess_1054,view,2025-09-02 16:33:05.186925,True
3696,944,1002,sess_1054,purchase,2025-10-20 20:17:08.186925,True
6327,498,382,sess_1054,purchase,2025-12-29 11:28:35.214026,True
6669,989,41,sess_1054,view,2026-02-09 22:56:51.216529,True
13438,61,555,sess_1055,purchase,2025-11-26 14:30:32.245946,True
339,995,532,sess_1055,purchase,2025-12-28 17:50:01.178635,True
10889,1037,1004,sess_1055,view,2026-01-19 17:21:57.228610,True
9280,333,50,sess_1055,add_to_cart,2026-03-04 10:35:14.228610,True
10658,463,60,sess_1056,view,2025-10-16 15:58:20.228610,True
11503,512,710,sess_1056,view,2025-12-06 21:56:09.237113,True
4459,334,821,sess_1056,view,2026-05-13 07:33:32.203543,True
11122,989,800,sess_1057,purchase,2025-06-21 21:30:42.235934,True
11025,148,458,sess_1057,add_to_cart,2025-07-19 07:17:08.235934,True
13780,40,952,sess_1057,add_to_cart,2025-11-01 18:07:36.247953,True
12217,682,491,sess_1057,view,2025-11-23 05:01:25.240934,True
394,230,761,sess_1057,purchase,2026-03-20 09:56:25.178635,True
474,996,379,sess_1057,view,2026-05-06 06:33:28.181409,True
11404,1017,991,sess_1058,view,2025-10-09 22:33:33.237113,True
533,769,84,sess_1058,purchase,2026-03-29 19:21:21.181409,True
14992,730,32,sess_1059,view,2025-11-21 18:17:50.254569,True
13492,627,1009,sess_1059,purchase,2026-04-30 06:30:24.245946,True
12012,676,428,sess_1059,purchase,2026-05-31 17:59:32.238931,True
13535,13,853,sess_106,view,2026-02-04 20:14:33.245946,True
3801,293,668,sess_1060,purchase,2025-06-18 19:08:54.195433,True
13764,4,747,sess_1060,view,2026-06-03 08:31:22.247953,True
6058,352,1051,sess_1061,add_to_cart,2025-09-07 02:05:09.214026,True
12460,392,578,sess_1061,add_to_cart,2025-11-12 10:43:28.240934,True
1614,921,512,sess_1061,add_to_cart,2025-12-27 16:01:45.185418,True
10454,39,1007,sess_1062,purchase,2025-09-07 17:51:22.228610,True
5680,637,1085,sess_1062,add_to_cart,2025-10-20 13:43:13.212022,True
8372,858,800,sess_1062,purchase,2025-11-16 12:18:14.224321,True
12930,56,382,sess_1063,view,2025-08-07 08:43:38.243940,True
3896,426,500,sess_1063,purchase,2026-01-16 14:35:06.197951,True
2170,343,643,sess_1063,purchase,2026-01-31 21:05:35.186925,True
1807,452,30,sess_1063,add_to_cart,2026-02-28 10:37:57.186925,True
2371,240,775,sess_1063,view,2026-06-08 06:40:27.186925,True
7612,956,774,sess_1064,view,2025-11-13 03:36:37.222317,True
6099,203,341,sess_1065,view,2026-04-19 18:49:58.214026,True
7671,1010,115,sess_1066,add_to_cart,2025-11-16 20:03:41.222317,True
11129,852,247,sess_1066,view,2026-01-17 00:48:45.235934,True
5581,383,713,sess_1068,add_to_cart,2025-10-17 14:00:39.212022,True
3148,837,110,sess_1068,purchase,2025-12-23 10:00:00.186925,True
7774,1059,1058,sess_1068,view,2026-01-10 15:34:26.222317,True
327,696,667,sess_1069,purchase,2026-03-17 12:43:51.178635,True
443,112,360,sess_1070,view,2026-03-02 11:36:15.181409,True
7102,458,664,sess_1070,purchase,2026-04-20 20:02:52.218542,True
12084,877,546,sess_1071,view,2026-01-15 21:52:10.238931,True
3493,361,28,sess_1072,add_to_cart,2025-12-08 21:13:05.186925,True
9888,364,1059,sess_1072,purchase,2026-05-11 22:20:50.228610,True
5280,562,515,sess_1073,purchase,2026-01-08 19:42:48.211509,True
6626,520,247,sess_1074,purchase,2026-01-21 17:37:26.216529,True
11157,632,167,sess_1075,purchase,2025-10-19 04:40:32.235934,True
13095,447,710,sess_1075,view,2025-10-31 17:35:02.243940,True
328,611,757,sess_1075,purchase,2026-03-22 09:13:39.178635,True
9996,180,950,sess_1076,view,2025-07-15 00:17:45.228610,True
4275,555,571,sess_1076,purchase,2026-01-21 20:38:17.201981,True
9097,469,819,sess_1077,add_to_cart,2026-04-03 00:56:48.227826,True
10788,297,872,sess_1078,add_to_cart,2025-10-04 21:25:04.228610,True
3745,512,564,sess_1078,add_to_cart,2025-12-27 18:46:43.195433,True
14172,308,570,sess_1079,view,2025-12-31 12:46:20.249957,True
4729,334,599,sess_1080,add_to_cart,2025-11-23 11:23:13.207677,True
2919,837,708,sess_1080,view,2026-01-16 05:58:17.186925,True
10102,533,404,sess_1080,purchase,2026-03-01 08:40:48.228610,True
1769,384,383,sess_1080,add_to_cart,2026-05-25 01:44:02.186925,True
4283,401,70,sess_1081,add_to_cart,2026-01-10 05:09:20.202536,True
3142,779,992,sess_1082,view,2025-09-20 08:48:55.186925,True
10900,84,646,sess_1082,view,2025-09-21 15:28:26.228610,True
4758,435,760,sess_1083,purchase,2026-01-27 06:38:26.209185,True
6798,633,460,sess_1084,purchase,2026-03-10 02:08:47.216529,True
557,941,143,sess_1084,add_to_cart,2026-05-14 02:23:59.181409,True
9055,806,68,sess_1085,view,2026-01-09 08:54:03.227826,True
8619,11,482,sess_1086,add_to_cart,2025-10-04 14:55:12.226324,True
12799,925,221,sess_1086,view,2026-04-25 14:47:35.242937,True
2772,1027,212,sess_1087,view,2025-11-26 05:03:28.186925,True
13371,268,656,sess_1087,add_to_cart,2026-05-21 16:35:51.245946,True
12082,123,401,sess_1088,purchase,2025-06-26 17:19:37.238931,True
567,656,751,sess_1088,add_to_cart,2025-11-01 13:22:29.181409,True
8836,639,548,sess_1088,purchase,2026-03-30 12:27:43.226324,True
11687,738,211,sess_1089,add_to_cart,2025-09-10 19:16:16.238931,True
14070,470,491,sess_109,purchase,2025-12-10 06:24:23.249957,True
9462,1081,464,sess_109,purchase,2026-03-07 02:14:30.228610,True
14468,324,266,sess_109,purchase,2026-03-29 16:27:39.249957,True
12370,426,1030,sess_1090,purchase,2025-08-27 14:24:25.240934,True
11952,981,817,sess_1090,purchase,2025-12-24 23:25:46.238931,True
6757,1080,1063,sess_1092,add_to_cart,2025-07-17 20:36:19.216529,True
2811,376,786,sess_1092,purchase,2026-03-13 13:40:54.186925,True
9468,524,51,sess_1092,add_to_cart,2026-03-31 12:10:52.228610,True
13878,452,668,sess_1092,add_to_cart,2026-05-06 19:55:25.247953,True
4355,681,971,sess_1094,add_to_cart,2025-08-19 07:42:07.203543,True
1836,923,541,sess_1094,purchase,2026-03-06 23:10:27.186925,True
12266,632,844,sess_1094,view,2026-04-17 21:40:26.240934,True
14108,86,827,sess_1094,view,2026-05-08 06:46:17.249957,True
10518,25,838,sess_1095,purchase,2026-04-23 18:57:57.228610,True
9790,728,810,sess_1096,purchase,2025-09-10 20:04:22.228610,True
9441,458,512,sess_1096,view,2026-04-18 08:00:24.228610,True
3001,64,546,sess_1097,purchase,2026-01-22 23:56:21.186925,True
5099,850,322,sess_1097,purchase,2026-05-08 16:25:49.209185,True
4842,651,449,sess_1099,add_to_cart,2025-11-21 15:54:56.209185,True
1066,587,679,sess_1099,add_to_cart,2026-04-25 04:02:51.183414,True
8550,504,1008,sess_11,view,2026-01-26 17:02:30.224321,True
14557,920,1023,sess_11,view,2026-02-01 03:07:58.249957,True
13888,776,47,sess_110,view,2025-06-17 14:45:28.247953,True
2136,1098,713,sess_110,add_to_cart,2026-05-14 20:16:52.186925,True
8546,1074,1040,sess_1100,view,2025-08-12 23:35:45.224321,True
346,48,602,sess_1100,add_to_cart,2025-09-16 11:22:03.178635,True
14362,322,975,sess_1100,purchase,2025-11-16 19:01:45.249957,True
13240,757,858,sess_1100,add_to_cart,2026-05-04 11:10:43.245946,True
11141,227,649,sess_1102,purchase,2025-09-09 20:41:18.235934,True
11479,227,275,sess_1102,add_to_cart,2025-12-07 01:38:58.237113,True
5158,293,53,sess_1102,add_to_cart,2026-01-31 00:17:34.209185,True
6817,508,855,sess_1102,add_to_cart,2026-04-01 01:01:38.216529,True
6001,877,371,sess_1103,purchase,2025-07-24 04:15:24.214026,True
14972,392,344,sess_1103,view,2025-12-07 23:43:16.253968,True
11987,59,124,sess_1104,view,2025-11-25 10:26:55.238931,True
183,583,496,sess_1104,add_to_cart,2026-04-28 19:33:53.178635,True
5476,553,507,sess_1104,add_to_cart,2026-05-15 10:11:10.212022,True
10090,946,915,sess_1105,purchase,2025-10-22 02:30:11.228610,True
5603,668,224,sess_1105,purchase,2026-02-16 09:02:27.212022,True
8112,759,947,sess_1105,add_to_cart,2026-03-28 04:32:03.224321,True
1466,532,701,sess_1106,add_to_cart,2025-07-09 15:42:01.185418,True
10637,448,7,sess_1106,purchase,2025-12-08 08:31:17.228610,True
4289,583,667,sess_1106,purchase,2026-02-28 03:13:09.202536,True
6047,988,282,sess_1107,add_to_cart,2025-08-18 20:45:24.214026,True
4109,64,360,sess_1107,view,2026-01-14 11:47:04.199974,True
12152,622,25,sess_1108,purchase,2025-09-15 15:42:27.240934,True
9322,1096,769,sess_1108,add_to_cart,2025-10-15 12:09:09.228610,True
12675,497,983,sess_1109,view,2025-08-07 22:11:59.242937,True
12354,461,939,sess_1109,purchase,2025-09-05 02:57:22.240934,True
8929,389,669,sess_1109,purchase,2025-11-01 02:52:07.226324,True
14859,1055,922,sess_111,purchase,2025-10-23 13:38:02.253968,True
9116,175,552,sess_111,purchase,2025-12-14 13:59:54.228610,True
13800,287,6,sess_111,add_to_cart,2026-04-14 18:40:30.247953,True
7295,164,975,sess_1110,view,2026-03-19 19:35:39.219548,True
4174,1056,9,sess_1111,purchase,2025-06-14 23:56:21.199974,True
314,43,763,sess_1111,view,2025-09-22 04:54:33.178635,True
2566,99,635,sess_1111,view,2026-01-08 17:15:59.186925,True
5605,1010,309,sess_1112,purchase,2025-07-03 03:52:20.212022,True
2087,198,602,sess_1114,view,2026-01-01 04:04:42.186925,True
7050,304,241,sess_1115,add_to_cart,2026-01-30 10:50:02.218542,True
1111,464,446,sess_1115,view,2026-04-04 00:38:54.183414,True
11259,982,173,sess_1116,purchase,2025-09-12 20:03:03.237113,True
6831,599,142,sess_1116,add_to_cart,2026-04-06 01:11:05.216529,True
512,86,33,sess_1116,purchase,2026-04-24 12:45:18.181409,True
13755,392,202,sess_1118,add_to_cart,2025-12-10 17:00:28.247953,True
1778,432,748,sess_1118,view,2026-01-12 22:40:36.186925,True
11865,70,949,sess_1119,view,2025-10-29 22:08:52.238931,True
6591,368,76,sess_1119,view,2025-11-21 10:49:40.216529,True
14233,739,704,sess_1119,view,2026-04-29 05:18:37.249957,True
4610,695,506,sess_112,purchase,2026-01-18 14:42:10.207677,True
11666,643,139,sess_1120,add_to_cart,2025-11-06 10:36:21.238931,True
9752,156,408,sess_1121,add_to_cart,2025-07-23 03:05:16.228610,True
7998,587,256,sess_1121,view,2026-01-22 20:51:32.222317,True
8266,242,717,sess_1121,purchase,2026-04-24 02:13:13.224321,True
13004,555,951,sess_1122,view,2025-06-17 17:56:17.243940,True
13463,532,924,sess_1122,view,2025-08-21 00:37:44.245946,True
5077,521,875,sess_1122,view,2025-10-18 14:07:51.209185,True
186,411,529,sess_1122,add_to_cart,2026-05-08 20:41:32.178635,True
14711,208,926,sess_1123,add_to_cart,2025-11-28 17:18:29.251960,True
14905,496,998,sess_1123,view,2025-12-08 00:09:39.253968,True
11694,906,880,sess_1124,view,2026-01-24 10:19:35.238931,True
2741,1020,854,sess_1127,purchase,2025-06-25 09:08:28.186925,True
5796,683,982,sess_1127,view,2026-03-04 12:18:20.212022,True
10172,25,346,sess_1128,purchase,2026-02-09 17:05:03.228610,True
10304,231,225,sess_1129,view,2026-03-17 16:28:04.228610,True
6012,332,351,sess_113,view,2025-10-12 22:16:24.214026,True
14763,1010,783,sess_113,purchase,2026-02-13 19:44:31.251960,True
7681,167,905,sess_1132,purchase,2026-05-27 13:17:37.222317,True
13587,852,257,sess_1135,view,2025-08-25 16:03:44.247953,True
14104,242,873,sess_1135,add_to_cart,2025-10-02 23:00:26.249957,True
4598,516,520,sess_1137,purchase,2025-08-26 14:12:31.207677,True
10219,1000,921,sess_1137,view,2025-09-21 12:05:37.228610,True
12985,215,279,sess_1137,view,2025-10-10 07:49:52.243940,True
5813,789,397,sess_1138,purchase,2025-10-18 10:08:47.212022,True
11131,780,871,sess_1139,purchase,2026-04-22 17:28:12.235934,True
12016,740,392,sess_1139,view,2026-04-27 10:59:51.238931,True
2298,517,328,sess_114,purchase,2025-07-09 17:49:13.186925,True
2433,235,972,sess_1140,purchase,2025-09-19 17:49:53.186925,True
2451,114,212,sess_1140,purchase,2026-03-18 11:12:09.186925,True
12635,972,995,sess_1140,view,2026-05-26 16:44:46.240934,True
5073,510,393,sess_1141,add_to_cart,2025-11-21 07:55:18.209185,True
10279,284,657,sess_1142,add_to_cart,2026-04-24 21:54:11.228610,True
8769,568,654,sess_1143,view,2025-07-07 13:43:55.226324,True
8272,408,825,sess_1143,add_to_cart,2025-07-12 18:15:58.224321,True
11587,271,614,sess_1143,purchase,2026-05-22 05:34:25.237113,True
12060,964,566,sess_1143,add_to_cart,2026-05-29 11:15:41.238931,True
1298,663,486,sess_1144,view,2025-07-26 06:33:50.183414,True
14266,146,558,sess_1144,add_to_cart,2025-09-29 05:29:28.249957,True
378,677,428,sess_1144,view,2025-11-27 13:05:40.178635,True
10502,1059,665,sess_1144,view,2026-02-01 21:12:22.228610,True
10340,268,131,sess_1144,view,2026-04-01 06:54:39.228610,True
13676,6,210,sess_1145,add_to_cart,2025-09-06 14:48:41.247953,True
6624,720,954,sess_1145,add_to_cart,2025-11-29 10:46:21.216529,True
891,112,543,sess_1145,add_to_cart,2026-05-16 21:55:57.181409,True
14436,91,343,sess_1146,add_to_cart,2025-12-23 10:45:26.249957,True
8973,657,22,sess_1147,purchase,2025-09-12 16:55:48.226324,True
12777,428,76,sess_1147,purchase,2026-01-14 05:19:58.242937,True
7042,130,1018,sess_1147,view,2026-02-24 15:22:44.218542,True
2302,88,439,sess_1147,purchase,2026-04-14 07:29:51.186925,True
11595,607,413,sess_1148,purchase,2026-01-18 13:17:14.237113,True
11931,974,944,sess_1148,add_to_cart,2026-02-10 05:34:19.238931,True
7752,646,905,sess_1149,view,2025-12-12 10:29:45.222317,True
5565,819,349,sess_115,purchase,2026-05-01 17:26:52.212022,True
3040,736,498,sess_1150,view,2025-12-27 22:47:56.186925,True
112,76,655,sess_1150,view,2026-03-11 19:08:23.178635,True
1845,1067,755,sess_1150,view,2026-05-03 13:05:51.186925,True
3987,125,966,sess_1151,view,2025-11-14 01:05:07.197951,True
8365,186,654,sess_1151,view,2026-02-11 22:50:42.224321,True
9353,328,174,sess_1152,view,2025-10-01 19:55:53.228610,True
2593,738,367,sess_1153,view,2025-08-07 17:28:41.186925,True
4933,249,280,sess_1153,view,2025-09-18 00:15:27.209185,True
64,816,281,sess_1153,add_to_cart,2025-12-16 18:39:31.178635,True
7175,442,772,sess_1153,add_to_cart,2026-01-27 06:12:50.218542,True
295,491,15,sess_1153,view,2026-04-18 04:10:17.178635,True
1430,915,105,sess_1154,add_to_cart,2025-09-06 02:38:38.183414,True
4333,492,99,sess_1154,view,2025-11-08 12:13:33.202536,True
12441,364,846,sess_1155,view,2025-07-11 22:00:19.240934,True
7387,848,959,sess_1156,purchase,2025-06-17 17:16:52.219548,True
10352,293,16,sess_1156,purchase,2025-09-12 00:51:23.228610,True
5462,998,246,sess_1156,view,2026-02-10 00:37:59.212022,True
5871,86,174,sess_1157,add_to_cart,2025-08-04 00:20:35.214026,True
3100,723,134,sess_1157,add_to_cart,2025-08-08 02:43:06.186925,True
14079,46,1009,sess_1158,view,2025-08-12 16:04:05.249957,True
3734,639,320,sess_1158,view,2025-11-08 02:12:41.195433,True
6824,261,210,sess_1158,view,2026-05-11 12:35:32.216529,True
10312,488,796,sess_116,add_to_cart,2025-08-16 22:43:57.228610,True
14139,408,140,sess_116,purchase,2025-10-13 08:04:45.249957,True
6946,670,624,sess_1160,view,2025-07-24 07:38:00.216529,True
657,959,511,sess_1160,view,2025-07-27 05:31:58.181409,True
13997,487,382,sess_1161,purchase,2025-09-02 00:33:57.247953,True
3940,877,35,sess_1161,purchase,2025-09-19 17:36:22.197951,True
2114,335,1095,sess_1161,view,2025-12-02 02:41:30.186925,True
10495,787,1064,sess_1161,add_to_cart,2026-03-13 05:15:40.228610,True
14247,101,447,sess_1162,view,2025-08-23 06:56:38.249957,True
8554,966,589,sess_1163,purchase,2025-08-23 05:43:57.224321,True
4686,23,418,sess_1163,purchase,2025-11-23 18:15:05.207677,True
12797,173,535,sess_1163,purchase,2026-01-14 08:38:06.242937,True
11254,828,97,sess_1164,view,2025-07-15 06:41:58.237113,True
5133,499,377,sess_1164,view,2025-12-07 21:26:42.209185,True
12953,381,534,sess_1164,add_to_cart,2026-02-13 01:59:44.243940,True
13408,925,433,sess_1164,purchase,2026-02-13 14:45:56.245946,True
4293,84,572,sess_1165,add_to_cart,2025-07-02 11:32:28.202536,True
11900,1080,30,sess_1165,add_to_cart,2025-09-12 20:00:27.238931,True
12803,319,831,sess_1165,view,2026-04-19 21:28:30.242937,True
481,174,380,sess_1166,purchase,2025-07-23 10:45:23.181409,True
10874,715,458,sess_1166,add_to_cart,2025-10-09 21:24:54.228610,True
8099,869,402,sess_1168,view,2025-07-25 04:43:57.224321,True
6399,797,980,sess_1168,purchase,2025-07-31 04:10:26.214026,True
13814,296,555,sess_1168,view,2026-03-21 07:55:30.247953,True
4601,969,850,sess_117,purchase,2025-06-23 04:58:41.207677,True
8677,950,247,sess_117,add_to_cart,2025-07-31 05:52:34.226324,True
3561,928,867,sess_117,purchase,2026-02-03 20:21:27.186925,True
6407,1054,633,sess_117,view,2026-04-10 10:06:44.214026,True
10491,780,290,sess_1170,add_to_cart,2025-06-12 16:02:14.228610,True
1583,173,110,sess_1170,view,2026-04-02 11:15:40.185418,True
5326,453,646,sess_1171,purchase,2025-07-13 19:03:35.211509,True
8545,772,876,sess_1171,view,2026-04-01 10:20:05.224321,True
13933,1071,261,sess_1172,add_to_cart,2025-10-22 20:33:10.247953,True
11801,625,468,sess_1172,add_to_cart,2026-02-13 17:11:27.238931,True
6307,358,8,sess_1172,view,2026-04-06 13:10:36.214026,True
13084,601,817,sess_1173,purchase,2025-06-14 06:11:35.243940,True
6032,1010,566,sess_1173,view,2025-12-06 12:02:18.214026,True
9796,555,236,sess_1173,purchase,2025-12-10 12:40:03.228610,True
2463,902,534,sess_1174,view,2026-02-02 17:59:58.186925,True
9005,82,1006,sess_1174,view,2026-03-17 07:08:13.227826,True
2858,989,964,sess_1174,view,2026-04-07 14:30:08.186925,True
4525,833,302,sess_1175,view,2026-01-15 17:56:03.203543,True
13646,244,397,sess_1175,view,2026-03-30 17:34:40.247953,True
13685,636,988,sess_1176,add_to_cart,2026-03-15 05:39:01.247953,True
6530,882,649,sess_1176,view,2026-03-20 17:28:17.216529,True
992,716,171,sess_1177,view,2026-04-28 20:06:29.183414,True
10761,378,829,sess_1178,view,2025-06-16 13:41:35.228610,True
1429,591,1004,sess_1179,purchase,2025-08-08 10:31:20.183414,True
10716,447,971,sess_1179,view,2025-08-10 09:55:27.228610,True
7975,1056,72,sess_1179,view,2025-08-14 22:49:03.222317,True
11292,365,750,sess_1179,purchase,2025-10-03 01:00:39.237113,True
1448,177,964,sess_1179,add_to_cart,2025-12-21 22:52:13.183414,True
6611,434,339,sess_1179,view,2026-04-05 21:25:10.216529,True
6883,122,893,sess_118,purchase,2025-08-26 23:46:09.216529,True
4614,613,22,sess_118,view,2025-12-24 11:10:15.207677,True
8434,299,944,sess_118,purchase,2026-02-11 02:25:52.224321,True
10832,348,1010,sess_1180,add_to_cart,2025-09-15 22:54:23.228610,True
6665,130,861,sess_1181,add_to_cart,2025-10-09 08:30:08.216529,True
11379,64,418,sess_1182,view,2025-09-12 03:24:25.237113,True
2790,2,172,sess_1184,add_to_cart,2026-03-06 14:42:13.186925,True
11750,476,974,sess_1185,add_to_cart,2025-07-14 23:51:04.238931,True
7881,807,550,sess_1185,purchase,2025-12-26 06:55:34.222317,True
10028,118,925,sess_1185,view,2026-02-09 22:48:03.228610,True
5208,802,681,sess_1187,add_to_cart,2025-11-28 05:57:30.209185,True
12070,940,438,sess_1187,purchase,2025-12-19 18:03:48.238931,True
14396,303,907,sess_1187,view,2026-02-28 03:24:53.249957,True
13400,598,930,sess_119,purchase,2026-06-04 04:20:53.245946,True
14691,393,347,sess_1190,purchase,2025-08-15 08:47:49.251960,True
4023,816,664,sess_1190,view,2026-05-02 14:24:52.197951,True
12589,985,608,sess_1191,view,2025-08-09 03:29:33.240934,True
13050,135,206,sess_1191,purchase,2026-03-23 22:05:28.243940,True
7992,936,615,sess_1191,purchase,2026-04-21 17:31:46.222317,True
6066,480,958,sess_1193,add_to_cart,2025-12-11 01:42:45.214026,True
962,752,452,sess_1193,add_to_cart,2026-06-06 00:21:21.183414,True
13962,97,941,sess_1195,add_to_cart,2025-07-24 12:24:48.247953,True
13406,197,178,sess_1195,view,2025-09-20 04:25:09.245946,True
10972,144,646,sess_1196,purchase,2025-11-06 11:02:30.235934,True
3637,654,558,sess_1196,purchase,2025-12-03 18:29:27.186925,True
7578,265,864,sess_1197,purchase,2025-12-22 13:42:23.219548,True
12227,614,871,sess_1198,view,2025-07-19 12:26:51.240934,True
5512,420,154,sess_1198,view,2025-08-11 10:25:47.212022,True
315,54,506,sess_1198,add_to_cart,2025-11-21 06:49:39.178635,True
12806,642,658,sess_1199,purchase,2025-06-25 10:07:07.242937,True
10938,941,417,sess_12,purchase,2025-08-09 05:28:55.228610,True
8813,174,1049,sess_12,add_to_cart,2025-08-30 15:07:45.226324,True
2544,470,146,sess_12,view,2025-10-16 08:57:29.186925,True
6176,1028,493,sess_12,purchase,2026-03-17 12:27:59.214026,True
5924,427,161,sess_12,add_to_cart,2026-04-27 13:24:37.214026,True
45,436,513,sess_12,view,2026-06-06 04:09:16.178635,True
12051,324,833,sess_1200,purchase,2026-05-13 02:02:02.238931,True
9990,1093,879,sess_1201,purchase,2025-11-19 15:47:37.228610,True
9921,652,1015,sess_1201,view,2026-01-03 22:03:17.228610,True
8630,1076,848,sess_1201,purchase,2026-02-04 04:40:26.226324,True
13317,554,1087,sess_1201,purchase,2026-05-01 10:54:57.245946,True
3046,426,1095,sess_1202,add_to_cart,2025-12-05 10:43:59.186925,True
7011,348,254,sess_1203,view,2025-08-17 09:10:12.218542,True
6766,252,314,sess_1204,add_to_cart,2025-09-27 09:41:50.216529,True
8991,427,689,sess_1204,purchase,2025-10-05 21:22:12.226324,True
3081,508,846,sess_1205,view,2025-08-18 08:16:34.186925,True
5577,781,573,sess_1205,purchase,2025-10-17 00:54:36.212022,True
4787,1077,379,sess_1205,add_to_cart,2025-12-21 22:55:43.209185,True
2711,860,562,sess_1205,add_to_cart,2026-02-22 15:58:58.186925,True
4683,307,311,sess_1205,purchase,2026-03-07 15:25:00.207677,True
8464,934,633,sess_1205,purchase,2026-03-18 14:26:18.224321,True
10768,881,83,sess_1206,purchase,2025-11-07 17:00:19.228610,True
6062,26,527,sess_1206,add_to_cart,2026-03-02 09:53:20.214026,True
8520,275,653,sess_1206,add_to_cart,2026-03-09 16:19:01.224321,True
13718,361,215,sess_1206,purchase,2026-03-23 07:06:20.247953,True
5388,860,653,sess_1207,view,2025-06-25 11:35:58.212022,True
7468,167,557,sess_1207,view,2026-04-13 19:35:38.219548,True
14545,147,306,sess_1208,add_to_cart,2025-08-16 09:15:22.249957,True
1540,50,1082,sess_1208,view,2025-12-24 18:19:33.185418,True
5835,383,1020,sess_1209,add_to_cart,2025-11-05 18:25:51.212022,True
14930,665,670,sess_121,view,2025-08-28 05:37:34.253968,True
7711,600,756,sess_1210,purchase,2025-11-03 23:36:31.222317,True
10608,373,597,sess_1210,view,2026-01-08 10:41:05.228610,True
1926,405,601,sess_1211,purchase,2025-09-29 01:53:34.186925,True
1828,378,757,sess_1212,purchase,2025-06-12 23:15:17.186925,True
7937,731,609,sess_1212,purchase,2025-07-25 05:52:59.222317,True
12162,94,533,sess_1213,view,2025-12-24 09:00:06.240934,True
14246,625,487,sess_1213,view,2026-04-25 20:49:56.249957,True
1632,360,846,sess_1214,view,2025-12-17 21:19:14.185418,True
7818,104,631,sess_1215,purchase,2025-06-25 07:37:51.222317,True
774,849,119,sess_1215,view,2025-07-01 20:23:02.181409,True
1960,220,363,sess_1215,add_to_cart,2025-10-31 20:15:45.186925,True
11991,509,917,sess_1215,view,2026-01-11 00:11:09.238931,True
362,951,656,sess_1215,add_to_cart,2026-05-27 05:02:21.178635,True
1062,608,430,sess_1216,add_to_cart,2025-07-10 06:38:20.183414,True
760,861,861,sess_1216,view,2026-02-26 18:27:30.181409,True
10578,525,606,sess_1216,view,2026-04-25 02:23:19.228610,True
4487,443,645,sess_1216,add_to_cart,2026-05-05 09:33:29.203543,True
10350,908,337,sess_1217,purchase,2025-12-06 09:22:41.228610,True
11558,67,311,sess_1217,view,2026-01-18 19:25:19.237113,True
14317,222,177,sess_1217,view,2026-03-09 03:00:57.249957,True
9035,821,325,sess_1218,view,2025-07-27 08:05:09.227826,True
10567,622,23,sess_1218,add_to_cart,2025-07-28 22:06:17.228610,True
13319,700,173,sess_1218,add_to_cart,2025-10-15 03:47:42.245946,True
1646,503,220,sess_1218,view,2025-11-08 09:54:06.185418,True
495,429,578,sess_1219,add_to_cart,2026-04-11 02:24:46.181409,True
14367,130,258,sess_122,purchase,2025-11-12 17:00:03.249957,True
5376,70,247,sess_122,view,2026-03-31 01:30:27.212022,True
161,955,1022,sess_1220,add_to_cart,2025-06-15 11:30:17.178635,True
7072,315,542,sess_1221,add_to_cart,2025-06-26 00:46:20.218542,True
10635,100,121,sess_1222,add_to_cart,2025-09-20 16:51:59.228610,True
13378,119,112,sess_1222,add_to_cart,2025-10-09 11:49:50.245946,True
4378,176,984,sess_1222,view,2026-03-09 19:29:25.203543,True
9615,75,643,sess_1223,purchase,2025-10-03 16:27:25.228610,True
5119,645,456,sess_1223,purchase,2026-03-24 09:21:02.209185,True
7600,690,122,sess_1224,view,2025-07-22 09:22:14.222317,True
13426,791,133,sess_1224,add_to_cart,2025-07-30 22:11:51.245946,True
14451,902,998,sess_1224,view,2025-08-11 14:40:25.249957,True
5809,75,52,sess_1224,purchase,2026-01-05 15:51:40.212022,True
14090,1043,951,sess_1225,add_to_cart,2025-07-24 23:06:42.249957,True
1897,839,244,sess_1225,add_to_cart,2026-02-03 13:48:25.186925,True
9122,883,593,sess_1225,purchase,2026-05-29 15:46:57.228610,True
9534,639,423,sess_1226,view,2025-06-20 01:09:51.228610,True
13213,512,879,sess_1226,add_to_cart,2025-07-26 17:23:47.245946,True
14191,319,986,sess_1226,add_to_cart,2026-04-18 14:19:54.249957,True
11781,838,557,sess_1228,purchase,2025-10-15 02:50:25.238931,True
14397,242,785,sess_1228,purchase,2026-01-31 09:44:50.249957,True
13569,427,54,sess_1229,add_to_cart,2025-10-15 14:12:04.247953,True
687,400,368,sess_1229,view,2026-05-04 19:05:12.181409,True
6391,208,6,sess_1230,add_to_cart,2025-11-20 13:34:21.214026,True
12783,997,213,sess_1230,view,2026-02-10 22:48:18.242937,True
5879,453,656,sess_1230,view,2026-03-03 18:42:08.214026,True
483,129,1068,sess_1230,view,2026-03-20 01:56:55.181409,True
10675,1065,453,sess_1231,purchase,2025-07-12 16:50:08.228610,True
6545,203,196,sess_1231,view,2025-09-01 14:28:41.216529,True
7180,112,1070,sess_1231,view,2025-12-22 19:10:54.218542,True
2635,775,589,sess_1231,add_to_cart,2026-01-04 20:44:32.186925,True
14576,952,577,sess_1231,view,2026-05-08 01:53:24.251960,True
10668,125,293,sess_1231,add_to_cart,2026-05-18 12:34:47.228610,True
8141,460,330,sess_1232,view,2025-08-11 11:19:02.224321,True
12046,309,1093,sess_1232,add_to_cart,2025-10-23 17:10:20.238931,True
14304,574,79,sess_1232,view,2025-11-20 09:34:16.249957,True
12014,958,243,sess_1233,add_to_cart,2025-07-11 07:42:07.238931,True
2963,59,727,sess_1234,view,2025-09-24 07:11:23.186925,True
11186,948,470,sess_1235,view,2025-07-05 11:04:39.237113,True
3010,431,720,sess_1235,purchase,2025-10-02 21:45:24.186925,True
5344,1032,786,sess_1235,purchase,2025-11-26 17:40:58.212022,True
10272,447,951,sess_1236,purchase,2025-10-22 20:01:13.228610,True
1687,1074,47,sess_1236,view,2026-04-20 15:15:09.185418,True
3481,471,1032,sess_1236,purchase,2026-04-26 06:01:56.186925,True
9902,259,51,sess_1237,purchase,2025-07-05 01:40:00.228610,True
6184,506,339,sess_1237,view,2025-08-30 22:53:55.214026,True
895,610,535,sess_1238,add_to_cart,2025-09-01 19:37:08.181409,True
1199,394,371,sess_1238,purchase,2025-09-23 07:18:44.183414,True
12209,1007,459,sess_1239,purchase,2025-11-12 07:48:36.240934,True
3232,448,574,sess_1239,purchase,2025-12-26 16:20:16.186925,True
5070,1061,468,sess_124,add_to_cart,2025-10-03 02:48:19.209185,True
7661,1072,428,sess_124,view,2025-12-04 22:59:59.222317,True
14660,563,46,sess_124,purchase,2025-12-19 04:45:46.251960,True
12631,346,599,sess_1240,purchase,2025-06-16 00:46:47.240934,True
172,366,33,sess_1240,view,2025-10-05 11:50:57.178635,True
1814,218,907,sess_1241,view,2025-12-17 00:55:49.186925,True
2217,775,885,sess_1242,purchase,2025-10-29 10:10:33.186925,True
3467,539,630,sess_1242,add_to_cart,2025-11-09 11:26:57.186925,True
11072,964,408,sess_1242,purchase,2026-05-14 06:34:06.235934,True
2188,645,226,sess_1244,add_to_cart,2025-11-19 14:00:14.186925,True
4585,302,945,sess_1245,purchase,2025-10-15 15:07:32.203543,True
3642,397,341,sess_1245,view,2025-11-12 14:58:11.186925,True
8571,542,733,sess_1245,purchase,2026-03-12 04:25:22.224321,True
9143,714,185,sess_1246,purchase,2025-10-01 16:05:36.228610,True
2402,330,717,sess_1246,add_to_cart,2025-11-24 12:07:29.186925,True
11238,494,655,sess_1247,add_to_cart,2025-07-31 14:59:14.237113,True
859,600,895,sess_1247,view,2025-08-11 23:16:53.181409,True
14833,988,910,sess_1247,add_to_cart,2026-01-08 15:57:43.251960,True
6239,915,823,sess_1247,view,2026-06-01 07:21:22.214026,True
5220,420,534,sess_1248,view,2025-07-15 22:15:30.209185,True
9027,465,1013,sess_1248,purchase,2026-01-24 00:41:25.227826,True
10667,205,425,sess_1249,add_to_cart,2026-01-31 14:49:09.228610,True
14597,2,712,sess_125,add_to_cart,2025-09-13 20:36:54.251960,True
9099,1083,61,sess_1250,purchase,2025-07-04 14:17:05.228610,True
10586,378,24,sess_1250,add_to_cart,2025-07-09 15:12:25.228610,True
13098,311,859,sess_1250,view,2025-10-11 09:31:07.243940,True
13105,297,522,sess_1251,purchase,2026-02-09 10:09:06.243940,True
5134,874,522,sess_1252,view,2025-07-10 20:20:01.209185,True
6625,70,1026,sess_1252,view,2025-10-18 22:22:51.216529,True
7457,499,990,sess_1252,add_to_cart,2026-01-05 00:49:28.219548,True
7307,864,389,sess_1252,add_to_cart,2026-02-04 21:19:56.219548,True
2233,1093,177,sess_1252,add_to_cart,2026-05-02 01:59:07.186925,True
2612,1033,607,sess_1252,add_to_cart,2026-05-13 03:14:29.186925,True
10374,614,228,sess_1252,add_to_cart,2026-05-29 03:39:32.228610,True
4778,190,123,sess_1253,purchase,2025-07-01 22:33:34.209185,True
9747,873,938,sess_1255,purchase,2025-09-08 22:34:54.228610,True
14822,272,271,sess_1255,purchase,2025-11-23 12:48:33.251960,True
12949,189,987,sess_1255,purchase,2025-12-21 22:47:59.243940,True
3768,463,206,sess_1257,add_to_cart,2025-09-18 11:04:24.195433,True
10985,650,626,sess_1257,add_to_cart,2026-01-25 18:25:13.235934,True
8069,18,939,sess_1257,purchase,2026-03-30 20:35:26.222317,True
3477,889,362,sess_1257,view,2026-04-07 14:24:58.186925,True
2123,778,596,sess_1258,view,2025-09-04 23:58:42.186925,True
8388,28,522,sess_1258,view,2025-10-18 00:20:00.224321,True
14973,1100,375,sess_1258,purchase,2026-01-19 19:01:22.253968,True
13373,109,440,sess_1258,add_to_cart,2026-02-19 07:28:15.245946,True
311,1056,974,sess_1259,purchase,2025-10-27 18:09:17.178635,True
7771,719,858,sess_126,purchase,2026-02-23 07:55:14.222317,True
6770,920,84,sess_1260,view,2025-06-13 12:15:29.216529,True
5380,148,776,sess_1261,view,2026-01-19 02:11:05.212022,True
13799,836,263,sess_1261,purchase,2026-02-19 21:23:28.247953,True
5881,107,962,sess_1262,purchase,2025-07-19 05:29:20.214026,True
13329,974,993,sess_1262,add_to_cart,2025-11-14 09:48:35.245946,True
3175,258,266,sess_1262,add_to_cart,2025-11-15 21:27:37.186925,True
2559,94,907,sess_1263,purchase,2025-10-29 13:52:11.186925,True
5400,498,641,sess_1263,purchase,2025-12-23 17:54:04.212022,True
4789,116,954,sess_1263,add_to_cart,2026-05-31 16:11:06.209185,True
7806,727,463,sess_1264,purchase,2025-10-24 01:03:02.222317,True
11159,474,228,sess_1265,purchase,2026-02-23 18:28:02.235934,True
4533,265,317,sess_1265,add_to_cart,2026-04-25 15:35:31.203543,True
732,258,809,sess_1265,view,2026-05-25 11:48:50.181409,True
3930,285,170,sess_1266,purchase,2025-12-06 12:27:04.197951,True
11737,933,639,sess_1266,add_to_cart,2026-02-06 04:19:34.238931,True
5049,662,262,sess_1266,purchase,2026-02-09 20:20:00.209185,True
12626,789,12,sess_1267,purchase,2025-09-09 22:22:08.240934,True
11560,695,1097,sess_1267,purchase,2026-01-14 11:54:03.237113,True
6235,554,268,sess_1267,purchase,2026-01-19 10:33:32.214026,True
13042,459,560,sess_1267,purchase,2026-05-02 09:54:14.243940,True
7306,174,864,sess_1268,view,2025-12-28 04:24:09.219548,True
200,973,918,sess_1268,purchase,2026-01-05 04:06:06.178635,True
201,384,892,sess_1268,add_to_cart,2026-01-06 20:17:17.178635,True
2676,715,201,sess_1268,view,2026-03-24 05:47:27.186925,True
11138,767,391,sess_1269,add_to_cart,2025-07-24 08:52:01.235934,True
7318,592,246,sess_1269,view,2026-01-15 16:51:04.219548,True
11533,525,37,sess_1269,purchase,2026-02-03 00:54:33.237113,True
10326,740,95,sess_1269,purchase,2026-04-05 12:59:02.228610,True
809,693,909,sess_1269,add_to_cart,2026-05-28 08:06:52.181409,True
1302,134,122,sess_127,add_to_cart,2025-08-21 11:34:33.183414,True
6167,31,970,sess_1270,view,2025-09-23 07:14:12.214026,True
3888,763,579,sess_1270,add_to_cart,2025-12-29 07:42:30.197951,True
11775,146,1005,sess_1270,add_to_cart,2026-01-15 18:43:22.238931,True
970,198,238,sess_1270,view,2026-02-23 06:09:42.183414,True
7635,772,382,sess_1271,purchase,2026-04-11 14:20:08.222317,True
10258,560,840,sess_1271,purchase,2026-06-07 04:17:56.228610,True
10499,805,1097,sess_1272,add_to_cart,2025-08-10 02:46:46.228610,True
4916,514,234,sess_1272,view,2025-10-27 20:30:40.209185,True
3631,440,502,sess_1272,view,2026-01-03 04:14:01.186925,True
9119,560,461,sess_1273,add_to_cart,2025-10-02 19:08:07.228610,True
3155,889,707,sess_1273,add_to_cart,2025-11-21 22:28:19.186925,True
4504,759,107,sess_1273,purchase,2026-02-15 16:02:23.203543,True
1943,111,682,sess_1273,view,2026-02-17 21:29:46.186925,True
4813,229,266,sess_1273,add_to_cart,2026-03-25 10:33:22.209185,True
5415,394,1097,sess_1273,view,2026-04-14 23:09:45.212022,True
8075,445,180,sess_1273,view,2026-05-09 11:53:58.222317,True
10530,693,543,sess_1274,add_to_cart,2025-10-22 21:19:39.228610,True
8061,863,426,sess_1274,purchase,2025-12-02 15:33:20.222317,True
3453,803,776,sess_1275,purchase,2026-02-27 15:39:38.186925,True
10136,525,8,sess_1276,view,2025-09-23 11:25:29.228610,True
14979,994,1036,sess_1276,view,2025-12-02 09:26:48.253968,True
12823,652,1083,sess_1276,view,2025-12-28 05:09:49.242937,True
13680,528,128,sess_1276,add_to_cart,2026-02-27 13:21:23.247953,True
5944,648,335,sess_1277,view,2025-10-12 09:06:46.214026,True
6341,747,71,sess_1277,view,2025-10-27 22:39:22.214026,True
2735,155,752,sess_1277,purchase,2026-05-01 14:34:04.186925,True
1457,118,1053,sess_1278,add_to_cart,2025-07-11 03:54:12.185418,True
13660,989,679,sess_1278,purchase,2025-08-22 19:13:12.247953,True
12942,366,319,sess_1278,purchase,2026-02-17 06:56:05.243940,True
1975,183,825,sess_1279,purchase,2025-11-27 10:46:29.186925,True
8459,344,376,sess_128,view,2025-07-24 03:56:51.224321,True
13481,1011,622,sess_128,add_to_cart,2025-10-01 14:42:55.245946,True
4254,1044,411,sess_128,add_to_cart,2025-11-29 21:54:38.199974,True
4424,429,355,sess_1280,purchase,2025-07-01 05:35:14.203543,True
207,101,50,sess_1280,purchase,2025-07-07 10:37:27.178635,True
2730,498,526,sess_1280,view,2025-07-26 18:41:21.186925,True
6929,811,219,sess_1280,add_to_cart,2026-01-20 18:39:25.216529,True
10196,666,207,sess_1280,purchase,2026-06-10 19:19:26.228610,True
13318,348,189,sess_1281,purchase,2025-06-28 00:24:47.245946,True
1255,450,103,sess_1281,purchase,2025-08-05 13:15:07.183414,True
12794,476,861,sess_1281,add_to_cart,2026-02-20 13:07:33.242937,True
8324,163,819,sess_1282,purchase,2025-09-21 03:59:51.224321,True
919,253,77,sess_1283,add_to_cart,2025-06-14 11:01:59.181409,True
529,289,362,sess_1283,purchase,2025-09-08 08:31:23.181409,True
7985,813,858,sess_1283,purchase,2026-01-09 16:57:28.222317,True
1120,829,876,sess_1283,view,2026-01-19 02:00:04.183414,True
10053,274,210,sess_1283,add_to_cart,2026-02-25 13:22:32.228610,True
3691,510,225,sess_1284,view,2025-07-24 18:47:14.186925,True
8674,925,924,sess_1284,add_to_cart,2026-03-12 01:22:16.226324,True
6699,890,871,sess_1285,view,2025-11-07 11:33:23.216529,True
10468,266,579,sess_1285,view,2025-12-19 03:52:00.228610,True
781,237,1094,sess_1285,view,2026-04-13 03:37:59.181409,True
10497,146,390,sess_1285,purchase,2026-05-18 21:34:43.228610,True
2853,614,31,sess_1286,view,2025-12-06 23:08:41.186925,True
8877,420,644,sess_1286,add_to_cart,2026-02-05 09:44:03.226324,True
11132,434,573,sess_1287,add_to_cart,2025-07-12 08:33:05.235934,True
2609,838,355,sess_1287,view,2025-11-27 03:16:51.186925,True
375,893,32,sess_1287,view,2026-02-24 15:52:53.178635,True
12954,974,853,sess_1288,add_to_cart,2025-07-25 07:51:16.243940,True
6535,584,768,sess_1288,purchase,2025-08-04 18:17:43.216529,True
3086,622,772,sess_1289,add_to_cart,2025-09-24 04:18:19.186925,True
13134,21,284,sess_1289,view,2025-10-30 23:55:06.245946,True
10011,372,329,sess_1289,view,2025-12-13 21:51:38.228610,True
10389,411,669,sess_1289,purchase,2026-02-13 23:01:04.228610,True
7976,78,1073,sess_1289,add_to_cart,2026-04-23 03:52:42.222317,True
8463,796,893,sess_129,purchase,2025-11-11 18:57:49.224321,True
6076,510,826,sess_1291,purchase,2025-07-03 07:03:42.214026,True
6574,178,287,sess_1291,add_to_cart,2026-04-07 01:01:21.216529,True
11113,903,2,sess_1291,view,2026-04-09 22:12:11.235934,True
1637,285,625,sess_1291,add_to_cart,2026-06-09 20:00:26.185418,True
2924,131,380,sess_1292,view,2025-08-04 16:37:26.186925,True
7741,746,1078,sess_1292,add_to_cart,2025-12-30 16:11:41.222317,True
11513,267,902,sess_1292,add_to_cart,2026-02-06 18:10:06.237113,True
379,831,817,sess_1292,add_to_cart,2026-05-03 21:06:42.178635,True
2857,417,793,sess_1293,view,2025-12-27 01:54:43.186925,True
2665,848,384,sess_1293,add_to_cart,2026-01-04 16:53:21.186925,True
6203,427,144,sess_1294,purchase,2025-08-07 18:16:53.214026,True
5205,957,203,sess_1294,add_to_cart,2026-01-18 04:00:08.209185,True
7135,94,850,sess_1295,add_to_cart,2025-09-17 00:38:59.218542,True
13748,93,298,sess_1295,view,2026-01-25 05:51:09.247953,True
11468,275,148,sess_1295,view,2026-04-14 13:34:24.237113,True
100,908,1025,sess_1296,purchase,2026-02-14 04:59:11.178635,True
13357,361,71,sess_1297,view,2026-01-23 23:55:18.245946,True
13464,676,359,sess_1297,view,2026-02-28 17:57:28.245946,True
6420,228,58,sess_1298,view,2025-11-17 03:29:47.214026,True
9836,751,616,sess_1298,add_to_cart,2026-02-09 06:57:46.228610,True
12617,1080,377,sess_13,view,2026-01-30 16:09:39.240934,True
428,96,752,sess_13,purchase,2026-05-03 03:28:53.178635,True
6371,386,560,sess_130,purchase,2025-08-28 20:04:05.214026,True
944,347,865,sess_1300,view,2025-11-08 06:18:48.181409,True
8009,993,1001,sess_1300,purchase,2026-02-21 20:30:08.222317,True
13628,662,72,sess_1301,add_to_cart,2025-11-18 20:37:38.247953,True
9093,965,235,sess_1301,add_to_cart,2026-04-11 12:39:03.227826,True
11578,9,714,sess_1302,purchase,2025-09-28 02:19:13.237113,True
7932,41,261,sess_1302,purchase,2026-01-04 22:18:04.222317,True
518,715,448,sess_1302,purchase,2026-03-29 13:03:12.181409,True
2245,982,340,sess_1303,add_to_cart,2026-01-05 10:24:07.186925,True
2516,246,592,sess_1304,view,2025-11-28 06:21:47.186925,True
13885,800,266,sess_1304,view,2026-01-26 06:31:27.247953,True
434,718,385,sess_1304,purchase,2026-02-03 10:29:48.178635,True
10744,195,1031,sess_1304,view,2026-06-03 05:14:44.228610,True
3610,207,19,sess_1305,purchase,2026-04-04 23:10:07.186925,True
11776,259,625,sess_1307,add_to_cart,2026-03-08 00:59:23.238931,True
3782,571,654,sess_1307,add_to_cart,2026-05-02 10:59:14.195433,True
2187,989,691,sess_1308,view,2026-02-15 13:45:21.186925,True
3059,445,603,sess_131,add_to_cart,2025-07-20 11:12:15.186925,True
13339,5,818,sess_131,view,2025-08-28 09:49:40.245946,True
1739,459,345,sess_131,view,2025-11-30 17:23:17.186925,True
7651,249,885,sess_131,purchase,2026-01-04 04:30:49.222317,True
9082,100,913,sess_1310,view,2025-07-13 14:24:50.227826,True
2192,837,690,sess_1310,view,2025-11-22 19:32:07.186925,True
12286,626,1060,sess_1310,purchase,2025-11-22 19:44:33.240934,True
7240,238,974,sess_1310,add_to_cart,2026-03-30 15:53:37.219548,True
462,1016,289,sess_1311,add_to_cart,2025-09-09 23:35:03.181409,True
13678,553,574,sess_1311,add_to_cart,2026-03-24 12:09:06.247953,True
6171,389,4,sess_1312,add_to_cart,2026-04-08 00:05:35.214026,True
8490,211,191,sess_1313,view,2026-01-20 22:26:15.224321,True
10607,65,463,sess_1315,purchase,2025-09-16 00:45:45.228610,True
4908,66,503,sess_1315,purchase,2025-09-18 08:24:12.209185,True
13941,52,58,sess_1315,purchase,2026-04-10 11:36:53.247953,True
13186,207,634,sess_1315,add_to_cart,2026-05-11 17:38:24.245946,True
5682,715,47,sess_1316,add_to_cart,2025-08-08 13:44:02.212022,True
5485,299,731,sess_1316,view,2025-08-20 10:03:02.212022,True
12325,112,539,sess_1316,view,2026-05-25 12:28:33.240934,True
4654,18,1081,sess_1317,add_to_cart,2025-06-14 00:24:45.207677,True
2,861,859,sess_1318,view,2025-06-11 01:27:45.178635,True
12973,1076,281,sess_1318,purchase,2025-06-30 15:32:00.243940,True
14038,809,32,sess_1318,add_to_cart,2025-08-29 12:19:44.247953,True
8293,79,229,sess_1318,purchase,2025-11-16 18:07:46.224321,True
7990,769,612,sess_1318,purchase,2026-05-25 03:57:31.222317,True
5967,773,12,sess_1319,view,2026-03-09 06:42:47.214026,True
13532,8,8,sess_132,view,2026-01-30 12:52:15.245946,True
12381,460,172,sess_132,add_to_cart,2026-02-05 06:34:31.240934,True
1555,179,179,sess_132,add_to_cart,2026-04-02 18:23:26.185418,True
1424,965,586,sess_1320,add_to_cart,2025-07-25 03:37:43.183414,True
14429,22,864,sess_1320,view,2025-08-01 16:14:18.249957,True
4932,1023,750,sess_1321,purchase,2025-12-10 22:23:55.209185,True
85,339,354,sess_1322,view,2025-06-17 03:09:25.178635,True
1740,329,28,sess_1322,add_to_cart,2025-07-19 10:54:57.186925,True
13414,382,889,sess_1322,purchase,2025-09-06 06:46:50.245946,True
14857,396,323,sess_1322,purchase,2025-12-13 11:51:44.253968,True
8399,780,538,sess_1322,purchase,2026-02-08 01:02:06.224321,True
11993,506,252,sess_1323,view,2025-10-20 17:46:05.238931,True
3401,237,18,sess_1324,add_to_cart,2025-09-26 08:19:01.186925,True
14452,219,831,sess_1325,add_to_cart,2025-10-30 10:03:55.249957,True
2501,692,290,sess_1325,add_to_cart,2026-02-11 14:29:39.186925,True
12795,674,439,sess_1325,view,2026-06-01 12:06:20.242937,True
2789,313,202,sess_1326,view,2025-10-26 05:51:28.186925,True
5184,490,936,sess_1326,view,2025-10-26 11:18:18.209185,True
8962,95,1040,sess_1326,view,2026-01-02 17:14:03.226324,True
1904,828,929,sess_1326,view,2026-02-03 18:50:34.186925,True
2121,29,789,sess_1326,view,2026-02-23 16:00:18.186925,True
6092,237,174,sess_1327,view,2026-01-23 12:50:00.214026,True
7091,465,265,sess_1327,view,2026-02-05 07:12:17.218542,True
10604,220,589,sess_1327,add_to_cart,2026-03-31 22:17:06.228610,True
10183,479,986,sess_1328,purchase,2025-09-06 01:47:44.228610,True
247,963,759,sess_1328,view,2025-11-02 03:18:22.178635,True
10017,962,345,sess_1328,view,2026-02-06 12:09:35.228610,True
5623,1094,95,sess_1329,purchase,2025-06-21 16:01:45.212022,True
1117,1047,612,sess_1329,purchase,2026-01-17 06:03:59.183414,True
7284,744,539,sess_133,purchase,2025-06-17 02:25:29.219548,True
14244,343,988,sess_133,view,2025-09-30 03:47:13.249957,True
13491,883,353,sess_133,add_to_cart,2025-11-14 22:18:28.245946,True
12314,296,837,sess_133,view,2025-12-28 11:01:04.240934,True
11909,443,238,sess_133,purchase,2026-02-27 02:06:53.238931,True
9813,1053,721,sess_133,add_to_cart,2026-03-14 05:31:30.228610,True
1538,169,274,sess_133,purchase,2026-04-25 18:01:41.185418,True
13611,407,324,sess_1330,purchase,2026-04-16 06:45:07.247953,True
12134,1058,473,sess_1330,purchase,2026-05-01 11:12:03.240934,True
9465,137,52,sess_1331,view,2025-11-20 06:01:56.228610,True
8420,786,938,sess_1331,add_to_cart,2026-02-09 04:06:50.224321,True
10707,438,107,sess_1332,add_to_cart,2025-08-30 12:16:49.228610,True
12307,638,210,sess_1333,purchase,2025-06-24 00:03:07.240934,True
14768,469,992,sess_1333,add_to_cart,2025-10-21 10:46:06.251960,True
10417,772,209,sess_1333,add_to_cart,2026-01-23 19:33:45.228610,True
13279,63,779,sess_1334,view,2026-01-20 12:40:55.245946,True
6394,966,823,sess_1334,add_to_cart,2026-05-15 00:53:51.214026,True
13226,378,599,sess_1335,add_to_cart,2025-06-12 08:10:43.245946,True
37,154,658,sess_1335,purchase,2025-12-30 10:09:14.178635,True
14586,616,816,sess_1336,purchase,2025-10-29 08:24:44.251960,True
9072,124,915,sess_1337,add_to_cart,2025-06-23 23:21:02.227826,True
11342,564,3,sess_1337,purchase,2025-07-21 22:55:12.237113,True
11638,977,119,sess_1337,add_to_cart,2025-11-14 04:32:38.238931,True
3397,1029,652,sess_1338,view,2025-06-28 11:44:33.186925,True
11524,205,596,sess_1338,view,2025-07-19 04:07:31.237113,True
7576,994,559,sess_1338,view,2025-09-15 21:47:52.219548,True
5638,204,338,sess_1339,purchase,2025-08-14 06:11:37.212022,True
12968,1080,458,sess_134,purchase,2025-08-12 07:28:44.243940,True
4066,1034,175,sess_1340,view,2025-11-25 15:31:38.199974,True
7994,567,1054,sess_1340,purchase,2026-06-02 14:40:21.222317,True
3304,449,377,sess_1341,view,2025-07-03 00:53:17.186925,True
11110,79,1079,sess_1342,purchase,2025-12-24 03:35:47.235934,True
977,7,318,sess_1343,purchase,2026-05-06 08:47:05.183414,True
9519,693,400,sess_1343,purchase,2026-05-26 15:58:19.228610,True
702,855,862,sess_1344,purchase,2025-09-06 00:46:55.181409,True
4154,847,561,sess_1345,view,2025-11-22 11:43:08.199974,True
5757,556,696,sess_1345,purchase,2026-01-14 07:28:40.212022,True
7323,12,599,sess_1345,purchase,2026-02-28 06:42:24.219548,True
10882,256,1018,sess_1345,purchase,2026-05-18 21:06:39.228610,True
11244,991,665,sess_1346,add_to_cart,2025-06-26 02:36:53.237113,True
12548,389,853,sess_1346,purchase,2026-04-23 05:44:05.240934,True
2549,436,362,sess_1347,view,2025-06-30 03:08:35.186925,True
2912,359,291,sess_1347,purchase,2025-10-19 10:40:55.186925,True
13889,283,452,sess_1348,purchase,2025-10-13 06:53:39.247953,True
1534,680,375,sess_1349,view,2025-11-14 23:53:03.185418,True
7769,129,143,sess_1349,purchase,2026-03-20 21:05:36.222317,True
4648,547,517,sess_135,view,2025-09-03 11:53:06.207677,True
929,70,784,sess_135,add_to_cart,2025-10-15 23:19:03.181409,True
9485,797,200,sess_135,add_to_cart,2026-04-25 16:47:39.228610,True
9529,988,154,sess_1350,purchase,2025-08-29 11:45:52.228610,True
1920,191,448,sess_1350,view,2025-12-21 04:28:42.186925,True
1044,379,102,sess_1350,add_to_cart,2026-02-06 16:08:31.183414,True
10226,68,685,sess_1352,add_to_cart,2025-07-08 03:01:02.228610,True
2417,258,277,sess_1352,view,2025-09-03 09:49:00.186925,True
13247,423,772,sess_1352,view,2025-10-11 16:51:30.245946,True
5307,1024,1096,sess_1352,purchase,2025-11-03 00:23:01.211509,True
13882,809,586,sess_1352,view,2026-04-08 08:35:41.247953,True
5516,295,809,sess_1357,view,2025-08-02 03:14:21.212022,True
716,782,874,sess_1357,view,2025-10-29 12:26:27.181409,True
11522,3,291,sess_1357,add_to_cart,2026-01-06 22:32:58.237113,True
3989,1013,613,sess_1357,add_to_cart,2026-03-14 20:22:27.197951,True
7839,627,654,sess_1357,purchase,2026-05-27 00:13:54.222317,True
6907,836,127,sess_1357,purchase,2026-06-05 11:24:13.216529,True
1304,573,418,sess_1358,view,2025-06-24 01:11:04.183414,True
5482,240,247,sess_1358,purchase,2025-09-28 08:37:12.212022,True
478,969,746,sess_1358,purchase,2025-10-18 19:43:52.181409,True
2200,241,673,sess_1358,add_to_cart,2026-05-16 14:37:39.186925,True
13342,782,195,sess_136,add_to_cart,2025-06-28 02:14:32.245946,True
4957,617,171,sess_136,add_to_cart,2025-07-10 01:11:10.209185,True
11944,101,800,sess_136,add_to_cart,2025-09-26 14:51:09.238931,True
3813,250,1017,sess_136,view,2026-01-29 02:48:08.195433,True
3272,638,609,sess_136,purchase,2026-04-10 21:50:49.186925,True
13293,598,415,sess_1360,add_to_cart,2025-10-11 17:41:04.245946,True
3716,85,864,sess_1360,purchase,2025-12-24 09:41:04.186925,True
14939,297,502,sess_1361,purchase,2025-07-14 10:22:01.253968,True
1660,850,574,sess_1361,add_to_cart,2025-08-02 01:02:10.185418,True
12925,67,441,sess_1361,purchase,2025-08-04 19:46:04.243940,True
655,1032,330,sess_1362,add_to_cart,2026-04-20 07:31:14.181409,True
6260,45,409,sess_1362,purchase,2026-06-10 03:41:26.214026,True
13596,218,805,sess_1363,add_to_cart,2025-06-21 04:57:27.247953,True
2547,952,117,sess_1363,view,2025-08-24 01:56:56.186925,True
12488,372,799,sess_1363,add_to_cart,2025-09-14 03:07:05.240934,True
5079,776,575,sess_1363,add_to_cart,2025-10-11 07:43:36.209185,True
9151,955,8,sess_1364,view,2025-09-28 01:18:04.228610,True
10287,116,972,sess_1364,view,2025-10-22 11:34:30.228610,True
8379,895,1073,sess_1365,view,2025-11-12 15:38:48.224321,True
6258,142,530,sess_1365,view,2025-11-18 18:42:38.214026,True
14252,120,403,sess_1366,view,2025-06-12 08:34:08.249957,True
6945,966,243,sess_1366,add_to_cart,2025-07-23 16:54:39.216529,True
2040,375,68,sess_1366,view,2025-12-21 21:12:36.186925,True
7385,337,691,sess_1367,purchase,2025-08-06 00:46:37.219548,True
14190,865,1090,sess_1367,purchase,2025-12-05 16:34:54.249957,True
14167,272,251,sess_1367,purchase,2026-05-22 00:20:16.249957,True
6310,838,152,sess_1368,purchase,2026-03-19 18:20:49.214026,True
8894,611,312,sess_1369,purchase,2025-09-05 10:28:24.226324,True
6623,148,708,sess_1369,purchase,2026-05-11 12:51:29.216529,True
7510,174,764,sess_137,purchase,2025-09-07 02:45:08.219548,True
5227,644,122,sess_137,view,2026-02-01 19:44:19.209185,True
1235,877,328,sess_137,view,2026-02-15 02:04:10.183414,True
12993,236,217,sess_137,view,2026-05-25 07:35:06.243940,True
10629,55,1043,sess_1371,purchase,2025-11-25 18:18:11.228610,True
9416,959,525,sess_1372,add_to_cart,2025-09-05 02:26:06.228610,True
14480,997,577,sess_1372,view,2026-05-06 01:42:33.249957,True
9775,206,1072,sess_1373,view,2026-01-03 10:12:32.228610,True
5381,1028,900,sess_1373,add_to_cart,2026-01-27 19:17:51.212022,True
14877,863,615,sess_1373,view,2026-04-21 06:04:00.253968,True
1047,1,13,sess_1374,add_to_cart,2025-10-25 03:12:06.183414,True
5274,735,656,sess_1374,view,2026-04-03 10:09:42.211509,True
12164,872,176,sess_1375,add_to_cart,2025-08-27 23:24:57.240934,True
9451,440,269,sess_1375,purchase,2025-11-04 13:38:10.228610,True
7722,80,828,sess_1375,view,2026-01-08 18:19:36.222317,True
12100,879,60,sess_1376,view,2025-11-26 05:00:09.238931,True
14305,875,351,sess_1377,purchase,2026-06-11 18:17:31.249957,True
6405,930,124,sess_1378,view,2025-06-20 01:05:43.214026,True
7628,577,178,sess_1378,add_to_cart,2026-01-12 01:41:54.222317,True
8978,1054,588,sess_138,purchase,2025-09-14 23:38:28.226324,True
14389,1001,69,sess_1380,view,2025-10-13 02:30:17.249957,True
5026,692,698,sess_1380,add_to_cart,2026-03-21 17:38:30.209185,True
2505,480,1049,sess_1381,purchase,2025-11-02 14:23:19.186925,True
13361,283,491,sess_1381,purchase,2025-11-18 22:16:36.245946,True
8543,741,856,sess_1381,purchase,2025-11-19 08:13:36.224321,True
1866,135,101,sess_1381,view,2026-01-16 21:29:10.186925,True
7648,122,1088,sess_1382,purchase,2025-08-25 06:42:40.222317,True
78,54,658,sess_1382,add_to_cart,2025-11-15 03:46:40.178635,True
9623,997,450,sess_1382,add_to_cart,2026-01-14 02:36:22.228610,True
2855,243,841,sess_1382,add_to_cart,2026-02-13 00:17:36.186925,True
1683,498,354,sess_1383,add_to_cart,2026-03-21 05:10:17.185418,True
5321,33,960,sess_1383,purchase,2026-06-11 03:20:35.211509,True
3474,598,606,sess_1384,add_to_cart,2025-06-25 21:35:56.186925,True
8071,958,605,sess_1384,view,2025-07-26 21:39:35.222317,True
9208,734,214,sess_1385,purchase,2025-08-03 05:49:08.228610,True
1092,70,924,sess_1386,add_to_cart,2025-09-01 19:01:59.183414,True
1134,373,1040,sess_1387,view,2025-08-19 12:59:40.183414,True
14218,495,650,sess_1387,purchase,2026-02-04 05:50:10.249957,True
2197,320,449,sess_1387,view,2026-03-08 14:21:55.186925,True
2381,251,658,sess_1387,view,2026-05-11 12:37:09.186925,True
11309,514,792,sess_1388,add_to_cart,2025-07-16 17:49:49.237113,True
13957,513,840,sess_1388,purchase,2026-04-12 01:56:24.247953,True
13407,417,305,sess_1388,add_to_cart,2026-04-21 19:45:27.245946,True
12369,546,932,sess_1388,purchase,2026-05-03 07:24:04.240934,True
1806,947,380,sess_139,add_to_cart,2025-06-29 15:00:37.186925,True
10561,794,781,sess_139,view,2026-04-17 22:01:40.228610,True
1882,1,331,sess_1390,add_to_cart,2025-10-11 07:04:33.186925,True
11938,779,1093,sess_1390,purchase,2025-12-14 13:51:30.238931,True
12437,198,616,sess_1392,purchase,2026-02-16 15:20:23.240934,True
8314,938,495,sess_1393,purchase,2025-10-05 02:55:41.224321,True
967,632,642,sess_1393,view,2025-12-10 02:34:40.183414,True
3877,908,940,sess_1393,purchase,2026-06-04 11:21:56.197951,True
6289,208,553,sess_1394,purchase,2026-02-19 20:13:31.214026,True
11611,742,42,sess_1395,view,2025-11-12 14:38:24.238931,True
9323,1085,230,sess_1395,purchase,2026-06-02 12:42:21.228610,True
11683,1051,398,sess_1396,add_to_cart,2026-02-18 15:45:28.238931,True
11249,1052,939,sess_1397,add_to_cart,2025-10-06 18:28:13.237113,True
11126,371,534,sess_1397,purchase,2026-02-06 15:20:07.235934,True
3570,1098,145,sess_1397,view,2026-05-28 00:54:43.186925,True
10609,1035,265,sess_1398,view,2025-09-15 06:23:19.228610,True
10452,533,837,sess_1398,view,2026-05-14 17:34:28.228610,True
1595,542,974,sess_1399,view,2025-06-18 19:49:38.185418,True
12490,940,1046,sess_1399,add_to_cart,2025-07-06 23:02:19.240934,True
14142,790,815,sess_14,view,2025-08-30 14:24:23.249957,True
2276,66,783,sess_14,view,2025-12-31 02:31:46.186925,True
418,401,665,sess_140,view,2025-08-31 23:37:53.178635,True
7413,272,405,sess_1400,purchase,2026-03-25 07:16:13.219548,True
12863,586,207,sess_1400,view,2026-05-19 09:44:51.242937,True
700,141,876,sess_1401,add_to_cart,2026-01-29 21:05:37.181409,True
12850,517,1030,sess_1401,purchase,2026-03-13 00:30:14.242937,True
12835,899,470,sess_1402,view,2025-07-24 21:00:43.242937,True
10821,920,146,sess_1402,add_to_cart,2025-08-02 11:49:14.228610,True
14260,152,420,sess_1402,purchase,2025-08-13 11:32:53.249957,True
8176,520,144,sess_1402,view,2025-08-22 18:55:16.224321,True
8830,63,912,sess_1402,purchase,2025-11-05 11:11:06.226324,True
8783,686,224,sess_1402,view,2026-02-25 15:58:49.226324,True
11968,341,372,sess_1402,view,2026-06-01 16:45:27.238931,True
9211,961,732,sess_1403,purchase,2025-09-03 06:45:04.228610,True
1166,689,695,sess_1403,purchase,2025-12-09 09:59:18.183414,True
11346,134,868,sess_1403,add_to_cart,2026-03-02 01:50:15.237113,True
3980,58,546,sess_1403,purchase,2026-04-14 03:03:51.197951,True
889,964,460,sess_1404,purchase,2025-07-27 07:44:09.181409,True
2082,896,337,sess_1404,purchase,2026-05-23 13:10:49.186925,True
149,95,1075,sess_1405,add_to_cart,2026-04-10 10:00:55.178635,True
11842,919,707,sess_1406,add_to_cart,2025-12-12 12:01:36.238931,True
13267,772,1098,sess_1406,view,2026-01-07 06:39:26.245946,True
12530,276,324,sess_1406,view,2026-04-21 15:38:54.240934,True
9774,484,957,sess_1407,view,2025-08-27 07:14:09.228610,True
12233,906,908,sess_1407,purchase,2025-11-23 14:44:06.240934,True
14567,988,719,sess_1407,view,2026-01-02 12:19:17.249957,True
6732,431,735,sess_1409,purchase,2025-09-04 15:30:46.216529,True
5043,583,442,sess_1409,view,2025-12-11 04:59:23.209185,True
9755,472,1083,sess_1410,add_to_cart,2025-08-05 22:54:55.228610,True
8517,248,385,sess_1410,add_to_cart,2026-04-21 10:15:05.224321,True
3907,56,395,sess_1412,view,2025-07-06 01:56:51.197951,True
12033,676,300,sess_1412,view,2025-07-17 19:14:42.238931,True
1364,179,542,sess_1413,add_to_cart,2026-03-20 11:09:45.183414,True
4635,229,322,sess_1415,add_to_cart,2025-09-01 20:35:03.207677,True
162,536,784,sess_1415,purchase,2025-09-02 16:36:44.178635,True
6249,884,807,sess_1416,view,2025-07-01 00:29:55.214026,True
3525,1053,12,sess_1416,purchase,2026-04-24 23:21:19.186925,True
6083,262,1042,sess_1416,add_to_cart,2026-05-12 19:16:29.214026,True
11943,150,745,sess_1417,view,2025-08-20 14:40:15.238931,True
14423,804,71,sess_1419,add_to_cart,2025-08-08 18:04:52.249957,True
2507,276,122,sess_1419,view,2026-05-13 20:13:52.186925,True
1537,83,385,sess_142,add_to_cart,2025-07-02 19:45:39.185418,True
8570,867,628,sess_142,add_to_cart,2025-10-16 14:32:10.224321,True
12705,379,174,sess_142,view,2026-02-08 15:19:46.242937,True
14130,554,717,sess_142,add_to_cart,2026-02-09 20:59:13.249957,True
8660,62,657,sess_1420,purchase,2025-11-21 10:30:38.226324,True
7472,246,12,sess_1420,view,2026-01-30 03:40:32.219548,True
5830,383,13,sess_1421,add_to_cart,2025-07-31 04:41:30.212022,True
11318,759,906,sess_1421,view,2026-03-29 09:25:52.237113,True
2392,580,365,sess_1422,view,2025-07-14 17:33:28.186925,True
2088,106,492,sess_1422,view,2025-12-31 01:35:06.186925,True
11477,614,889,sess_1423,view,2026-02-18 22:42:38.237113,True
1998,977,771,sess_1424,purchase,2025-12-05 05:01:31.186925,True
10691,193,103,sess_1424,purchase,2025-12-08 19:29:01.228610,True
14365,176,555,sess_1424,view,2026-03-26 23:56:28.249957,True
1394,658,904,sess_1425,view,2025-07-23 04:01:09.183414,True
11659,336,999,sess_1426,view,2026-03-05 02:01:47.238931,True
7473,1097,248,sess_1426,purchase,2026-03-21 02:08:40.219548,True
1928,793,901,sess_1427,view,2025-09-04 19:40:47.186925,True
7610,692,470,sess_1427,view,2025-11-24 13:32:19.222317,True
11034,624,914,sess_1427,view,2025-12-13 22:56:54.235934,True
3574,516,785,sess_1427,purchase,2026-01-14 21:26:07.186925,True
11721,484,512,sess_1427,view,2026-04-17 09:41:54.238931,True
9103,435,998,sess_1428,view,2025-08-02 18:14:01.228610,True
3685,619,583,sess_1428,purchase,2025-09-27 15:12:43.186925,True
11809,460,979,sess_1428,purchase,2025-12-25 03:19:01.238931,True
5334,840,212,sess_1429,view,2025-07-07 03:56:27.211509,True
4081,498,291,sess_1429,view,2025-10-20 21:28:03.199974,True
10829,36,286,sess_1429,view,2026-01-18 09:52:19.228610,True
4153,553,805,sess_1429,add_to_cart,2026-03-18 16:04:44.199974,True
10806,579,332,sess_1429,view,2026-05-17 05:40:18.228610,True
13467,998,743,sess_143,view,2025-07-12 12:41:53.245946,True
4578,1049,693,sess_143,purchase,2026-03-10 14:32:30.203543,True
13321,244,525,sess_143,add_to_cart,2026-03-24 18:31:36.245946,True
8707,51,284,sess_143,view,2026-06-03 07:50:50.226324,True
3045,95,231,sess_1430,add_to_cart,2026-01-19 21:10:00.186925,True
6149,820,177,sess_1431,purchase,2026-03-13 00:22:07.214026,True
14140,687,672,sess_1432,view,2025-11-26 17:51:26.249957,True
7545,743,605,sess_1433,purchase,2025-07-02 17:13:57.219548,True
10551,591,482,sess_1433,purchase,2025-11-26 10:08:48.228610,True
1443,455,1071,sess_1434,purchase,2025-07-08 17:07:24.183414,True
2560,543,727,sess_1434,add_to_cart,2025-10-16 23:51:02.186925,True
4741,800,281,sess_1434,view,2026-01-20 06:05:38.209185,True
10505,805,437,sess_1436,add_to_cart,2025-10-31 13:54:36.228610,True
12224,863,162,sess_1437,purchase,2025-08-03 11:54:37.240934,True
6375,141,437,sess_1438,add_to_cart,2025-11-22 23:04:31.214026,True
8413,684,649,sess_1438,add_to_cart,2026-04-21 03:29:11.224321,True
5699,398,901,sess_1438,view,2026-05-12 16:58:06.212022,True
14706,876,6,sess_1439,purchase,2025-09-11 17:11:44.251960,True
1735,594,966,sess_1439,view,2025-10-23 18:47:22.186925,True
4976,386,194,sess_1439,purchase,2025-11-06 08:02:39.209185,True
4833,257,1007,sess_1439,purchase,2025-11-11 17:23:47.209185,True
9418,675,757,sess_1439,purchase,2026-02-28 14:13:17.228610,True
7172,879,353,sess_1440,add_to_cart,2025-08-21 13:56:35.218542,True
4633,823,1081,sess_1440,add_to_cart,2025-09-16 05:40:35.207677,True
2819,724,56,sess_1440,add_to_cart,2025-09-20 23:38:03.186925,True
2658,449,638,sess_1440,add_to_cart,2025-12-25 10:16:27.186925,True
9561,375,198,sess_1440,purchase,2026-02-24 12:17:40.228610,True
11561,510,1033,sess_1443,add_to_cart,2025-12-09 01:47:30.237113,True
1522,578,631,sess_1443,add_to_cart,2026-06-09 06:22:50.185418,True
14977,709,282,sess_1444,view,2025-08-02 18:10:47.253968,True
5110,360,698,sess_1444,view,2026-01-15 21:45:01.209185,True
8210,91,516,sess_1445,view,2026-01-02 20:23:12.224321,True
209,770,726,sess_1445,add_to_cart,2026-02-16 10:43:13.178635,True
2623,584,166,sess_1445,purchase,2026-04-26 14:14:04.186925,True
4075,978,530,sess_1446,add_to_cart,2025-09-01 06:52:36.199974,True
1465,37,1018,sess_1446,view,2025-11-28 03:46:50.185418,True
5988,379,507,sess_1449,purchase,2025-08-21 22:45:14.214026,True
13767,665,361,sess_1449,view,2025-09-09 22:13:50.247953,True
3386,587,524,sess_145,purchase,2025-07-26 11:09:59.186925,True
10098,28,630,sess_145,purchase,2025-10-21 23:30:00.228610,True
14458,791,968,sess_145,purchase,2025-11-30 20:38:44.249957,True
2581,486,621,sess_1451,view,2025-08-18 22:01:43.186925,True
8205,482,653,sess_1451,add_to_cart,2025-09-02 13:53:33.224321,True
5094,1092,754,sess_1451,purchase,2025-11-19 21:12:06.209185,True
2629,470,37,sess_1452,purchase,2025-09-16 16:42:43.186925,True
12951,184,1099,sess_1452,purchase,2025-11-12 00:37:07.243940,True
5550,750,1091,sess_1452,add_to_cart,2026-05-13 18:35:26.212022,True
7533,578,448,sess_1453,add_to_cart,2026-01-01 16:39:57.219548,True
13094,296,526,sess_1454,add_to_cart,2025-09-16 10:07:43.243940,True
10115,783,30,sess_1454,view,2026-01-15 04:57:41.228610,True
6473,995,95,sess_1455,add_to_cart,2025-09-02 22:27:53.214026,True
4596,226,1057,sess_1455,add_to_cart,2026-02-06 16:10:41.207677,True
13185,733,278,sess_1455,add_to_cart,2026-04-26 22:48:48.245946,True
12687,909,807,sess_1456,add_to_cart,2025-11-17 04:47:59.242937,True
7714,311,916,sess_1456,add_to_cart,2026-01-22 12:04:22.222317,True
3547,229,822,sess_1457,view,2025-09-07 16:18:39.186925,True
5819,778,850,sess_1457,add_to_cart,2025-10-17 02:48:19.212022,True
14770,268,762,sess_1457,view,2026-03-29 12:17:57.251960,True
13653,928,705,sess_1458,view,2025-09-29 13:43:46.247953,True
12412,2,755,sess_1458,add_to_cart,2026-03-08 04:56:54.240934,True
7423,56,1016,sess_1459,purchase,2025-11-06 19:53:44.219548,True
14110,210,1072,sess_1459,purchase,2026-05-10 02:19:53.249957,True
3220,281,442,sess_146,add_to_cart,2025-08-21 15:56:53.186925,True
6569,604,1026,sess_146,purchase,2025-08-28 16:24:30.216529,True
14219,126,310,sess_146,purchase,2025-09-11 08:34:25.249957,True
5407,1008,1056,sess_146,add_to_cart,2026-01-01 11:15:48.212022,True
10697,782,673,sess_1460,add_to_cart,2025-09-20 06:50:24.228610,True
1082,392,562,sess_1461,add_to_cart,2025-10-14 04:40:31.183414,True
11158,439,632,sess_1462,add_to_cart,2025-11-10 13:40:53.235934,True
12091,705,1095,sess_1462,purchase,2025-12-12 21:12:26.238931,True
2914,844,792,sess_1462,view,2026-02-02 11:20:39.186925,True
13169,432,30,sess_1462,add_to_cart,2026-04-20 20:49:27.245946,True
881,643,868,sess_1463,view,2026-04-08 11:43:21.181409,True
14608,511,799,sess_1464,purchase,2025-07-15 11:31:32.251960,True
8515,1052,588,sess_1464,purchase,2026-02-08 21:14:17.224321,True
12298,1017,384,sess_1464,purchase,2026-05-24 04:41:58.240934,True
13968,85,603,sess_1465,add_to_cart,2025-12-30 02:03:15.247953,True
7044,390,227,sess_1465,view,2026-03-31 18:08:03.218542,True
3591,951,653,sess_1466,add_to_cart,2026-03-07 02:55:52.186925,True
4079,423,1016,sess_1467,purchase,2025-07-29 12:38:11.199974,True
5242,873,773,sess_1467,purchase,2025-08-21 08:28:02.211204,True
3104,839,344,sess_1468,add_to_cart,2026-03-03 19:52:00.186925,True
1306,157,548,sess_1469,add_to_cart,2025-06-18 19:04:43.183414,True
10594,426,727,sess_1469,add_to_cart,2026-01-10 10:08:51.228610,True
10552,503,843,sess_147,view,2026-01-11 08:09:47.228610,True
2875,237,185,sess_147,view,2026-01-27 05:27:23.186925,True
4552,923,43,sess_147,view,2026-06-06 15:28:38.203543,True
7508,8,705,sess_1470,purchase,2025-08-25 01:33:53.219548,True
1259,672,387,sess_1470,view,2026-01-06 20:50:58.183414,True
1642,74,298,sess_1470,add_to_cart,2026-03-25 23:21:51.185418,True
7788,540,345,sess_1471,view,2026-01-29 01:04:56.222317,True
9968,93,153,sess_1471,add_to_cart,2026-02-05 14:54:42.228610,True
13648,1055,607,sess_1473,view,2025-11-14 07:17:10.247953,True
12812,247,221,sess_1473,view,2026-05-02 15:02:31.242937,True
6491,103,418,sess_1473,view,2026-05-06 03:43:31.216529,True
4160,693,563,sess_1474,add_to_cart,2026-04-11 00:02:12.199974,True
6019,229,390,sess_1475,purchase,2026-04-21 00:07:04.214026,True
13541,533,923,sess_1475,add_to_cart,2026-05-18 20:27:55.245946,True
13715,951,16,sess_1476,view,2026-02-06 06:08:18.247953,True
9914,669,31,sess_1477,view,2025-06-12 08:20:17.228610,True
136,992,180,sess_1477,add_to_cart,2025-10-30 20:15:14.178635,True
8133,81,56,sess_1477,purchase,2026-05-30 15:47:07.224321,True
4274,1095,27,sess_1478,add_to_cart,2025-11-27 00:46:10.199974,True
7604,479,252,sess_1478,add_to_cart,2026-02-02 14:10:44.222317,True
8183,1081,73,sess_1479,purchase,2025-10-10 09:03:35.224321,True
31,184,87,sess_1479,view,2025-12-19 07:06:46.178635,True
258,626,47,sess_1479,view,2026-01-13 22:35:11.178635,True
1280,374,1027,sess_1479,purchase,2026-06-08 13:03:06.183414,True
2435,241,323,sess_148,add_to_cart,2025-10-24 00:12:35.186925,True
14441,1080,364,sess_148,add_to_cart,2026-05-15 23:44:24.249957,True
8261,934,439,sess_1480,add_to_cart,2025-09-11 15:50:38.224321,True
12360,730,555,sess_1480,purchase,2026-02-19 16:21:09.240934,True
11423,1029,2,sess_1481,purchase,2025-08-19 21:28:02.237113,True
6953,336,582,sess_1481,add_to_cart,2026-02-20 01:00:07.216529,True
12698,127,833,sess_1481,purchase,2026-04-21 20:52:13.242937,True
3516,628,762,sess_1482,purchase,2025-08-06 17:00:46.186925,True
13196,1081,1077,sess_1482,view,2026-01-06 22:55:11.245946,True
2532,772,969,sess_1483,add_to_cart,2026-03-14 09:52:38.186925,True
2899,627,1082,sess_1485,purchase,2025-07-12 03:45:02.186925,True
10883,995,1093,sess_1485,view,2025-08-10 23:34:17.228610,True
7893,45,1093,sess_1485,add_to_cart,2025-11-28 06:59:17.222317,True
11564,294,616,sess_1485,view,2025-12-03 13:34:10.237113,True
13862,14,1032,sess_1485,view,2026-03-13 00:24:42.247953,True
8865,916,896,sess_1485,add_to_cart,2026-04-30 23:53:30.226324,True
1432,828,267,sess_1485,view,2026-05-25 23:15:15.183414,True
7130,252,183,sess_1486,view,2025-07-18 09:44:20.218542,True
2399,253,941,sess_1486,view,2025-09-07 14:23:14.186925,True
9957,141,973,sess_1486,view,2025-09-17 06:19:33.228610,True
13991,387,88,sess_1486,add_to_cart,2026-05-25 18:26:21.247953,True
9495,927,1059,sess_1487,add_to_cart,2025-08-19 14:32:32.228610,True
3556,913,300,sess_1487,purchase,2026-05-17 00:04:25.186925,True
5065,189,62,sess_1488,add_to_cart,2026-04-20 02:14:39.209185,True
398,339,498,sess_1488,view,2026-06-02 16:46:34.178635,True
12808,185,47,sess_1489,purchase,2025-10-01 14:42:26.242937,True
3821,673,60,sess_1489,add_to_cart,2026-02-24 11:47:28.195433,True
1956,304,121,sess_1489,purchase,2026-06-07 09:49:28.186925,True
5399,270,730,sess_149,view,2025-08-17 04:55:32.212022,True
2069,189,200,sess_149,add_to_cart,2025-09-09 15:24:41.186925,True
9677,1022,92,sess_1490,purchase,2025-10-11 13:39:39.228610,True
6608,420,337,sess_1490,add_to_cart,2025-12-25 10:41:00.216529,True
300,60,721,sess_1490,view,2026-03-03 01:56:54.178635,True
14791,102,847,sess_1491,view,2025-08-31 19:34:04.251960,True
3633,245,675,sess_1491,view,2026-05-03 02:48:48.186925,True
13434,176,163,sess_1492,purchase,2025-09-15 08:47:38.245946,True
8468,278,1019,sess_1492,purchase,2026-02-21 14:36:17.224321,True
3016,957,981,sess_1492,add_to_cart,2026-03-30 06:08:37.186925,True
4649,506,962,sess_1493,add_to_cart,2025-07-12 04:43:34.207677,True
2670,598,945,sess_1493,add_to_cart,2025-11-06 16:48:00.186925,True
10792,352,688,sess_1493,add_to_cart,2026-01-12 05:52:48.228610,True
2799,369,1052,sess_1493,add_to_cart,2026-02-14 18:08:22.186925,True
6895,164,565,sess_1494,purchase,2026-03-21 01:01:22.216529,True
13584,938,233,sess_1495,view,2025-07-08 17:42:05.247953,True
1874,446,880,sess_1495,add_to_cart,2025-10-16 00:40:45.186925,True
13993,739,467,sess_1495,purchase,2025-12-04 01:09:09.247953,True
1849,247,7,sess_1496,add_to_cart,2025-06-30 13:55:49.186925,True
6977,528,904,sess_1496,view,2025-12-24 09:53:00.216529,True
11496,1000,85,sess_1496,purchase,2026-04-26 15:09:22.237113,True
11715,665,596,sess_1497,add_to_cart,2025-09-11 11:10:40.238931,True
7162,244,1047,sess_1498,purchase,2025-07-15 06:23:00.218542,True
5142,1100,905,sess_1498,add_to_cart,2026-01-23 07:46:13.209185,True
14198,304,456,sess_1498,purchase,2026-05-17 03:45:42.249957,True
3666,187,797,sess_1499,add_to_cart,2026-01-19 00:26:42.186925,True
14125,1037,322,sess_1499,add_to_cart,2026-04-10 07:15:28.249957,True
110,306,905,sess_1499,purchase,2026-04-25 01:34:38.178635,True
4546,1072,1061,sess_1499,purchase,2026-06-11 06:33:57.203543,True
178,578,750,sess_15,add_to_cart,2025-09-14 17:31:25.178635,True
12327,1085,317,sess_15,add_to_cart,2025-10-08 18:54:02.240934,True
7376,627,785,sess_150,add_to_cart,2025-06-28 06:32:45.219548,True
13784,615,87,sess_150,view,2026-02-22 11:45:39.247953,True
12813,313,733,sess_1500,add_to_cart,2025-08-12 03:25:05.242937,True
7776,574,1094,sess_1500,add_to_cart,2025-09-20 00:14:00.222317,True
9411,541,552,sess_1500,add_to_cart,2026-03-21 10:54:46.228610,True
1329,39,927,sess_1501,add_to_cart,2025-11-12 15:11:18.183414,True
2100,442,325,sess_1501,purchase,2026-01-28 11:04:36.186925,True
960,550,1023,sess_1502,view,2026-04-20 05:55:43.183414,True
7571,439,447,sess_1503,add_to_cart,2025-07-03 23:28:04.219548,True
2231,528,28,sess_1503,add_to_cart,2025-10-02 09:33:03.186925,True
2041,621,984,sess_1504,view,2025-11-14 15:49:44.186925,True
8757,947,73,sess_1504,purchase,2026-01-17 23:58:32.226324,True
1202,979,196,sess_1504,purchase,2026-02-09 09:34:01.183414,True
9140,263,117,sess_1505,purchase,2025-07-11 17:37:41.228610,True
11795,668,213,sess_1505,purchase,2025-10-12 11:48:08.238931,True
1895,957,767,sess_1505,view,2025-10-18 16:21:17.186925,True
14698,775,721,sess_1505,view,2026-01-15 11:14:55.251960,True
7298,212,869,sess_1505,purchase,2026-03-05 16:35:30.219548,True
4460,895,713,sess_1506,add_to_cart,2026-05-31 09:57:52.203543,True
10092,984,959,sess_1507,purchase,2025-09-05 01:41:13.228610,True
12416,1070,1097,sess_1507,add_to_cart,2026-01-10 13:26:16.240934,True
8026,925,446,sess_1507,add_to_cart,2026-02-14 08:32:32.222317,True
7364,431,218,sess_1508,view,2025-08-23 16:41:49.219548,True
4080,732,996,sess_1508,purchase,2025-11-24 09:51:04.199974,True
7070,249,756,sess_1509,view,2025-12-30 13:16:27.218542,True
8621,627,798,sess_1509,purchase,2026-02-24 14:34:28.226324,True
12717,240,522,sess_151,add_to_cart,2025-07-08 12:13:01.242937,True
10351,248,96,sess_151,purchase,2025-09-23 21:46:16.228610,True
812,623,819,sess_151,view,2025-10-02 12:12:39.181409,True
13854,807,1002,sess_151,view,2025-10-03 17:58:09.247953,True
3162,596,614,sess_151,add_to_cart,2025-11-15 01:32:29.186925,True
13144,1017,405,sess_151,add_to_cart,2025-12-26 00:20:29.245946,True
5642,415,980,sess_1510,add_to_cart,2025-10-11 14:45:20.212022,True
3950,412,238,sess_1510,add_to_cart,2025-11-04 13:52:56.197951,True
12601,722,111,sess_1510,view,2026-04-11 03:48:05.240934,True
1733,800,237,sess_1511,add_to_cart,2025-06-27 01:03:25.186925,True
7765,732,621,sess_1511,purchase,2025-08-30 13:21:25.222317,True
6342,1031,870,sess_1512,view,2025-12-10 00:23:11.214026,True
6008,271,1052,sess_1513,view,2025-09-12 18:45:38.214026,True
12618,993,1098,sess_1513,add_to_cart,2026-04-24 23:34:22.240934,True
9787,969,21,sess_1514,purchase,2025-07-20 13:10:27.228610,True
9223,318,744,sess_1514,add_to_cart,2025-10-10 16:28:56.228610,True
11950,820,242,sess_1514,purchase,2025-10-19 20:19:19.238931,True
13158,1028,627,sess_1515,add_to_cart,2025-09-27 21:51:33.245946,True
9417,108,288,sess_1515,view,2026-01-27 07:46:59.228610,True
4011,905,1089,sess_1515,purchase,2026-05-02 11:25:53.197951,True
12615,566,625,sess_1515,purchase,2026-05-04 08:15:11.240934,True
1973,763,648,sess_1516,view,2025-07-30 19:32:40.186925,True
5925,59,375,sess_1516,add_to_cart,2025-12-30 20:43:36.214026,True
12120,960,108,sess_1516,add_to_cart,2026-01-23 15:25:03.240934,True
10878,944,381,sess_1516,purchase,2026-04-04 12:53:43.228610,True
1761,384,625,sess_1516,view,2026-04-29 07:22:47.186925,True
11935,707,844,sess_1517,add_to_cart,2026-06-09 03:47:55.238931,True
91,969,908,sess_1519,purchase,2025-10-06 21:44:57.178635,True
869,1035,695,sess_1519,purchase,2026-05-04 04:25:36.181409,True
2282,239,697,sess_152,purchase,2025-10-17 08:04:48.186925,True
5230,735,236,sess_152,purchase,2026-04-11 21:27:07.209185,True
14378,1068,177,sess_1520,view,2025-10-28 15:07:24.249957,True
12497,608,413,sess_1521,purchase,2026-02-10 12:52:18.240934,True
7177,37,467,sess_1522,purchase,2026-05-23 07:03:21.218542,True
13295,839,840,sess_1523,view,2025-06-30 15:17:39.245946,True
12866,1000,34,sess_1525,add_to_cart,2025-07-18 03:18:10.242937,True
741,343,259,sess_1525,view,2025-12-25 22:15:39.181409,True
4415,1054,239,sess_1526,add_to_cart,2025-07-17 18:02:30.203543,True
11653,208,1028,sess_1528,view,2025-09-08 08:13:32.238931,True
10016,487,736,sess_1528,add_to_cart,2026-04-19 10:33:35.228610,True
11763,994,5,sess_1529,add_to_cart,2025-09-18 05:41:24.238931,True
6561,379,547,sess_1529,add_to_cart,2025-10-14 09:53:53.216529,True
10091,518,854,sess_153,view,2025-11-16 12:36:24.228610,True
2537,798,874,sess_153,add_to_cart,2026-03-07 00:59:49.186925,True
2936,646,150,sess_1530,view,2025-06-26 02:45:46.186925,True
9917,224,125,sess_1530,add_to_cart,2025-09-28 13:03:28.228610,True
14461,407,996,sess_1530,view,2026-02-01 16:10:23.249957,True
2705,837,333,sess_1530,view,2026-02-06 04:14:10.186925,True
13952,556,426,sess_1531,view,2025-06-14 06:38:33.247953,True
12912,171,520,sess_1531,add_to_cart,2025-11-25 12:07:34.243940,True
9387,180,569,sess_1531,add_to_cart,2025-12-28 03:47:57.228610,True
2131,256,493,sess_1532,add_to_cart,2025-09-17 18:40:52.186925,True
12371,198,29,sess_1532,view,2026-04-14 09:56:32.240934,True
1345,233,1010,sess_1533,purchase,2025-10-27 17:11:12.183414,True
12523,808,394,sess_1533,add_to_cart,2026-04-06 09:10:07.240934,True
14927,318,729,sess_1535,purchase,2026-06-07 09:24:57.253968,True
14027,56,871,sess_1537,add_to_cart,2025-11-24 13:55:47.247953,True
2990,955,792,sess_1537,view,2026-05-10 02:04:13.186925,True
8689,634,329,sess_154,purchase,2025-06-27 23:17:39.226324,True
13931,313,851,sess_154,view,2025-11-05 16:24:19.247953,True
3172,736,579,sess_154,view,2025-12-05 06:00:21.186925,True
3905,237,1090,sess_154,view,2025-12-20 07:58:08.197951,True
13899,834,594,sess_154,purchase,2026-02-15 18:17:12.247953,True
2394,595,1049,sess_1540,purchase,2025-06-11 17:57:23.186925,True
2261,25,920,sess_1540,purchase,2025-06-13 07:03:58.186925,True
14308,584,300,sess_1540,add_to_cart,2025-07-24 18:25:01.249957,True
12545,54,880,sess_1540,view,2025-08-02 21:39:59.240934,True
2314,695,148,sess_1540,add_to_cart,2026-04-01 10:35:49.186925,True
10214,574,602,sess_1540,add_to_cart,2026-05-29 11:41:34.228610,True
14906,809,970,sess_1542,add_to_cart,2026-01-08 01:46:47.253968,True
5601,204,238,sess_1542,view,2026-02-04 15:56:29.212022,True
12048,459,135,sess_1542,purchase,2026-06-01 00:10:39.238931,True
6192,534,1076,sess_1543,add_to_cart,2025-07-06 02:43:40.214026,True
4034,928,214,sess_1543,add_to_cart,2025-12-17 07:29:05.197951,True
5085,942,436,sess_1543,add_to_cart,2026-03-07 23:14:11.209185,True
8633,358,1019,sess_1543,add_to_cart,2026-06-01 05:24:55.226324,True
11591,111,816,sess_1544,purchase,2025-10-14 22:38:22.237113,True
9540,964,97,sess_1544,purchase,2025-12-27 22:46:04.228610,True
2039,738,901,sess_1544,add_to_cart,2026-04-22 09:06:59.186925,True
8766,656,429,sess_1545,add_to_cart,2025-07-09 00:52:50.226324,True
6950,344,648,sess_1545,purchase,2025-07-17 07:22:19.216529,True
2817,72,239,sess_1545,view,2025-08-29 23:56:22.186925,True
5631,109,405,sess_1545,purchase,2025-10-05 06:37:01.212022,True
5889,850,977,sess_1545,view,2026-02-14 12:06:03.214026,True
11053,835,240,sess_1545,purchase,2026-03-30 02:33:30.235934,True
10759,106,218,sess_1546,purchase,2025-07-26 23:59:05.228610,True
4712,735,899,sess_1546,purchase,2026-03-23 06:41:31.207677,True
10146,707,231,sess_1547,view,2025-08-01 09:49:36.228610,True
11373,647,1099,sess_1547,purchase,2026-03-15 01:43:11.237113,True
13096,898,544,sess_1547,purchase,2026-06-10 03:33:46.243940,True
1213,993,544,sess_1548,add_to_cart,2025-12-06 04:56:19.183414,True
14249,400,516,sess_1549,add_to_cart,2026-01-25 05:00:33.249957,True
7010,191,500,sess_1549,purchase,2026-03-10 05:38:10.218542,True
12069,137,778,sess_1549,purchase,2026-04-09 17:41:41.238931,True
13609,619,471,sess_155,purchase,2025-10-15 03:34:50.247953,True
3579,967,554,sess_155,purchase,2025-12-21 03:12:08.186925,True
12563,100,624,sess_155,add_to_cart,2026-01-28 02:44:53.240934,True
13988,81,4,sess_1551,view,2025-06-19 17:13:11.247953,True
1676,888,876,sess_1551,add_to_cart,2025-07-24 12:14:10.185418,True
4768,460,187,sess_1552,add_to_cart,2025-07-10 06:53:12.209185,True
864,267,979,sess_1552,purchase,2025-09-30 04:44:26.181409,True
9655,734,1040,sess_1552,purchase,2026-05-20 15:45:24.228610,True
13172,285,824,sess_1553,add_to_cart,2026-03-09 19:29:19.245946,True
8090,1026,929,sess_1553,add_to_cart,2026-03-09 23:05:12.224321,True
697,299,1052,sess_1553,add_to_cart,2026-05-24 00:55:51.181409,True
4830,12,440,sess_1554,add_to_cart,2025-07-14 09:43:12.209185,True
971,610,380,sess_1554,purchase,2026-03-09 21:29:08.183414,True
8249,843,579,sess_1555,view,2026-06-06 19:55:37.224321,True
9123,1090,529,sess_1556,view,2025-10-26 11:21:17.228610,True
1425,560,360,sess_1557,view,2025-09-17 14:57:23.183414,True
9255,106,335,sess_1557,purchase,2026-03-23 16:57:15.228610,True
6733,927,518,sess_1558,purchase,2025-08-15 19:52:27.216529,True
9795,471,52,sess_1558,purchase,2026-06-06 19:12:54.228610,True
3005,811,74,sess_1559,view,2025-07-31 19:50:54.186925,True
8652,659,255,sess_1559,purchase,2026-02-03 18:28:24.226324,True
10330,372,1032,sess_156,purchase,2025-07-18 07:12:35.228610,True
14936,22,232,sess_156,view,2026-03-07 21:07:34.253968,True
4748,74,462,sess_1560,add_to_cart,2026-02-18 07:39:05.209185,True
11877,739,24,sess_1561,view,2025-07-09 17:32:21.238931,True
10323,311,542,sess_1561,purchase,2025-07-16 09:40:08.228610,True
14672,193,612,sess_1562,purchase,2025-11-13 01:10:31.251960,True
173,578,795,sess_1562,add_to_cart,2026-03-29 02:11:15.178635,True
9004,774,881,sess_1564,add_to_cart,2026-02-22 00:24:21.227826,True
4279,942,1071,sess_1564,purchase,2026-03-17 05:28:25.202536,True
2342,201,111,sess_1564,add_to_cart,2026-04-27 12:35:34.186925,True
3542,872,502,sess_1564,purchase,2026-04-28 21:56:46.186925,True
13304,255,80,sess_1565,view,2025-07-10 07:35:09.245946,True
1552,1059,233,sess_1566,view,2026-01-03 11:44:44.185418,True
11090,581,892,sess_1566,purchase,2026-01-04 18:21:52.235934,True
4828,270,417,sess_1566,view,2026-01-09 06:18:27.209185,True
4510,478,130,sess_1567,purchase,2025-07-25 07:06:34.203543,True
2347,854,597,sess_1567,view,2025-08-05 23:04:12.186925,True
2545,32,394,sess_1569,add_to_cart,2025-09-09 16:50:27.186925,True
6646,229,912,sess_157,add_to_cart,2025-12-01 02:01:40.216529,True
1520,821,728,sess_1570,view,2025-11-16 13:31:13.185418,True
14412,1009,746,sess_1570,add_to_cart,2026-03-05 20:56:17.249957,True
6656,925,925,sess_1570,add_to_cart,2026-05-11 22:05:41.216529,True
4641,622,906,sess_1571,purchase,2025-07-09 06:07:58.207677,True
1490,629,354,sess_1571,purchase,2026-04-25 22:10:40.185418,True
13043,493,358,sess_1572,add_to_cart,2025-08-06 11:05:43.243940,True
7723,985,454,sess_1572,view,2025-12-28 10:49:26.222317,True
3731,1010,222,sess_1573,view,2026-05-13 07:56:12.195433,True
14730,973,901,sess_1573,add_to_cart,2026-06-01 19:03:52.251960,True
12076,590,192,sess_1574,purchase,2025-07-20 04:31:00.238931,True
5654,132,683,sess_1575,purchase,2025-07-08 06:56:46.212022,True
14024,65,191,sess_1575,add_to_cart,2025-07-18 04:56:37.247953,True
2992,221,745,sess_1576,add_to_cart,2026-05-18 23:08:53.186925,True
11857,320,622,sess_1577,add_to_cart,2025-08-01 16:30:40.238931,True
7076,493,910,sess_1577,purchase,2026-01-13 00:08:33.218542,True
6305,569,435,sess_1577,add_to_cart,2026-03-18 18:56:44.214026,True
14687,403,1007,sess_1578,purchase,2026-03-10 07:07:43.251960,True
6795,390,701,sess_1579,purchase,2025-07-10 00:37:14.216529,True
9040,758,339,sess_1579,purchase,2025-09-01 12:28:04.227826,True
11028,1094,688,sess_1579,add_to_cart,2026-03-26 19:18:42.235934,True
13427,493,71,sess_158,purchase,2025-08-27 01:29:59.245946,True
6105,751,271,sess_158,purchase,2025-12-13 05:12:29.214026,True
13433,168,620,sess_1580,purchase,2025-07-20 19:21:30.245946,True
3351,338,402,sess_1580,purchase,2026-02-01 13:42:29.186925,True
11925,803,483,sess_1581,view,2025-11-22 13:38:47.238931,True
4524,44,198,sess_1582,purchase,2025-10-20 22:06:36.203543,True
7337,654,455,sess_1583,add_to_cart,2025-07-30 02:53:18.219548,True
4751,589,1069,sess_1583,view,2025-10-08 15:36:46.209185,True
7316,430,628,sess_1585,add_to_cart,2025-10-22 00:05:16.219548,True
14151,8,950,sess_1586,add_to_cart,2025-07-22 18:20:49.249957,True
12321,90,207,sess_1586,view,2026-02-21 03:15:35.240934,True
799,586,521,sess_1586,view,2026-03-24 16:31:02.181409,True
2947,483,911,sess_1587,add_to_cart,2026-04-07 06:13:56.186925,True
833,782,1094,sess_1587,add_to_cart,2026-05-30 12:56:15.181409,True
12223,975,670,sess_1588,purchase,2025-11-04 20:26:30.240934,True
7923,290,50,sess_1588,view,2026-01-27 06:14:51.222317,True
2599,662,259,sess_1588,add_to_cart,2026-02-05 04:13:19.186925,True
3851,65,996,sess_1588,view,2026-05-28 12:51:15.197951,True
1204,596,49,sess_1589,view,2025-07-04 21:00:43.183414,True
8332,126,748,sess_159,view,2025-07-28 18:15:40.224321,True
14428,251,1044,sess_159,add_to_cart,2025-08-20 20:15:41.249957,True
5058,481,524,sess_159,view,2026-05-31 15:00:21.209185,True
3458,460,649,sess_1590,add_to_cart,2025-07-17 05:40:02.186925,True
9415,15,255,sess_1590,view,2025-09-14 04:28:34.228610,True
5848,569,618,sess_1590,view,2025-10-18 09:52:04.214026,True
7816,469,153,sess_1590,purchase,2026-01-12 06:56:05.222317,True
521,104,176,sess_1591,view,2026-05-25 23:01:23.181409,True
1751,95,877,sess_1593,purchase,2025-07-19 08:28:29.186925,True
5890,778,656,sess_1593,view,2025-08-27 11:40:25.214026,True
11407,63,460,sess_1593,view,2026-01-23 04:20:48.237113,True
846,700,469,sess_1594,purchase,2025-12-29 19:18:59.181409,True
6101,693,481,sess_1594,add_to_cart,2026-01-02 06:37:03.214026,True
13597,83,25,sess_1595,purchase,2025-06-20 02:18:04.247953,True
9731,947,607,sess_1595,purchase,2025-07-25 12:29:15.228610,True
11536,545,850,sess_1595,purchase,2026-03-14 23:28:36.237113,True
6469,741,101,sess_1595,add_to_cart,2026-05-31 22:47:26.214026,True
2161,965,378,sess_1596,purchase,2025-10-12 05:44:30.186925,True
12546,750,576,sess_1596,purchase,2025-12-14 03:22:21.240934,True
4977,1012,668,sess_1596,view,2026-01-21 23:24:54.209185,True
3288,62,968,sess_1597,purchase,2025-07-07 20:03:32.186925,True
4356,858,712,sess_1597,view,2025-11-08 12:24:19.203543,True
6803,1032,87,sess_1597,view,2026-03-16 04:19:49.216529,True
10185,56,1099,sess_1597,view,2026-04-22 10:16:55.228610,True
12167,608,569,sess_1597,view,2026-05-13 14:14:10.240934,True
6908,930,976,sess_1598,add_to_cart,2025-07-19 19:25:22.216529,True
7266,11,716,sess_1598,purchase,2025-08-11 12:53:27.219548,True
14689,254,160,sess_1598,add_to_cart,2026-06-02 18:12:12.251960,True
7479,17,329,sess_1599,purchase,2025-08-09 02:09:40.219548,True
981,943,350,sess_1599,add_to_cart,2025-08-15 13:18:20.183414,True
13411,926,626,sess_1599,add_to_cart,2025-09-05 18:49:09.245946,True
10307,543,415,sess_1599,view,2025-12-03 16:17:57.228610,True
3098,6,513,sess_1599,purchase,2025-12-19 03:17:14.186925,True
10653,105,107,sess_1599,add_to_cart,2026-04-05 11:43:55.228610,True
4087,649,290,sess_16,add_to_cart,2025-08-31 16:57:59.199974,True
5992,1059,638,sess_1600,add_to_cart,2025-09-28 20:44:41.214026,True
14477,107,148,sess_1600,purchase,2025-12-29 15:09:50.249957,True
4986,704,1052,sess_1600,add_to_cart,2026-04-27 08:38:22.209185,True
2238,397,945,sess_1602,add_to_cart,2025-09-19 01:25:00.186925,True
2361,867,468,sess_1602,purchase,2025-09-26 01:55:32.186925,True
9520,628,762,sess_1603,purchase,2026-01-26 02:45:14.228610,True
8142,223,964,sess_1603,purchase,2026-01-29 13:13:36.224321,True
5214,464,248,sess_1603,add_to_cart,2026-03-15 14:58:23.209185,True
244,222,201,sess_1604,purchase,2025-07-13 20:08:03.178635,True
6243,314,17,sess_1604,add_to_cart,2025-09-18 04:00:25.214026,True
4292,582,358,sess_1604,add_to_cart,2025-10-03 01:37:01.202536,True
1375,430,375,sess_1605,purchase,2025-08-14 15:38:52.183414,True
10958,108,590,sess_1606,purchase,2025-11-10 13:26:27.235934,True
4412,646,177,sess_1607,purchase,2025-06-22 02:44:51.203543,True
12220,126,736,sess_1607,add_to_cart,2025-08-30 08:23:03.240934,True
3120,752,369,sess_1607,view,2026-01-30 04:31:33.186925,True
13561,687,153,sess_1607,view,2026-03-20 09:30:01.247953,True
13674,578,587,sess_1608,purchase,2025-09-06 14:31:45.247953,True
2959,955,966,sess_1608,purchase,2026-05-03 00:33:21.186925,True
11111,474,407,sess_1609,view,2025-10-08 20:50:45.235934,True
8567,554,5,sess_161,purchase,2026-01-09 11:25:33.224321,True
12341,676,266,sess_161,add_to_cart,2026-05-04 13:40:29.240934,True
9613,636,939,sess_1610,view,2025-10-05 15:29:57.228610,True
12208,641,56,sess_1610,view,2026-03-19 20:40:08.240934,True
12081,934,40,sess_1611,add_to_cart,2025-06-23 17:40:08.238931,True
5818,39,171,sess_1611,add_to_cart,2025-08-25 23:17:07.212022,True
7190,393,994,sess_1611,purchase,2026-03-09 06:49:09.218542,True
2072,160,212,sess_1611,purchase,2026-04-11 01:37:08.186925,True
6257,327,459,sess_1611,view,2026-05-04 08:31:05.214026,True
3340,790,584,sess_1612,add_to_cart,2025-12-26 06:49:25.186925,True
8702,48,56,sess_1612,view,2026-04-01 15:19:25.226324,True
5529,798,608,sess_1612,add_to_cart,2026-05-31 00:36:11.212022,True
9392,111,996,sess_1613,view,2025-10-23 23:03:01.228610,True
2571,1092,933,sess_1613,view,2026-04-23 07:48:44.186925,True
13413,514,243,sess_1614,add_to_cart,2025-07-27 19:15:35.245946,True
6613,158,91,sess_1614,purchase,2025-08-18 12:44:21.216529,True
8134,815,280,sess_1614,add_to_cart,2025-08-31 11:37:53.224321,True
2415,654,211,sess_1614,add_to_cart,2026-02-14 12:00:24.186925,True
2386,1004,537,sess_1615,purchase,2025-10-13 10:46:04.186925,True
1937,264,827,sess_1615,purchase,2026-03-04 03:57:05.186925,True
12491,749,269,sess_1616,add_to_cart,2025-06-21 10:34:12.240934,True
10630,649,365,sess_1617,purchase,2025-10-27 23:53:26.228610,True
13353,59,954,sess_1617,add_to_cart,2026-03-18 06:16:47.245946,True
7352,28,488,sess_1618,view,2025-11-06 16:34:58.219548,True
1373,421,1022,sess_1618,add_to_cart,2026-04-11 03:04:21.183414,True
9447,285,886,sess_1619,view,2025-09-14 02:24:31.228610,True
2787,4,338,sess_1619,add_to_cart,2026-01-18 11:13:27.186925,True
1748,857,271,sess_1619,purchase,2026-06-05 06:35:20.186925,True
9152,122,569,sess_162,add_to_cart,2025-12-06 18:11:51.228610,True
12160,15,397,sess_162,add_to_cart,2025-12-31 14:57:13.240934,True
1257,461,777,sess_162,add_to_cart,2026-04-25 16:47:28.183414,True
12361,885,588,sess_162,purchase,2026-05-13 05:57:41.240934,True
2885,209,922,sess_162,view,2026-06-04 20:07:39.186925,True
1674,645,952,sess_1620,view,2025-07-26 22:06:24.185418,True
14072,600,225,sess_1620,view,2026-02-05 01:49:15.249957,True
9037,271,421,sess_1621,view,2025-12-27 22:45:36.227826,True
12873,127,1097,sess_1622,add_to_cart,2025-11-15 11:23:55.242937,True
471,215,993,sess_1624,purchase,2025-12-24 16:31:14.181409,True
11456,34,201,sess_1624,view,2025-12-25 22:07:00.237113,True
9880,808,728,sess_1625,view,2025-11-20 22:31:06.228610,True
14363,522,868,sess_1625,purchase,2026-06-10 10:03:05.249957,True
273,730,707,sess_1626,purchase,2026-05-15 05:27:00.178635,True
13713,586,177,sess_1627,purchase,2025-07-01 08:30:50.247953,True
13972,918,945,sess_1629,purchase,2025-08-28 04:58:07.247953,True
5919,910,1017,sess_1629,add_to_cart,2025-11-16 01:47:04.214026,True
4298,629,785,sess_1629,add_to_cart,2026-04-15 00:19:39.202536,True
927,258,880,sess_1629,view,2026-06-05 15:55:02.181409,True
504,777,917,sess_163,view,2025-07-07 05:50:03.181409,True
6586,317,744,sess_163,purchase,2025-08-10 13:57:21.216529,True
9693,141,1012,sess_163,add_to_cart,2025-12-16 10:50:45.228610,True
980,377,726,sess_1630,add_to_cart,2026-01-11 09:38:28.183414,True
14069,276,180,sess_1630,view,2026-06-04 18:34:48.249957,True
14820,468,1027,sess_1631,view,2025-06-12 04:15:34.251960,True
1550,998,244,sess_1631,purchase,2026-04-10 01:14:07.185418,True
4901,281,1047,sess_1632,purchase,2026-04-21 15:27:07.209185,True
2890,328,931,sess_1633,purchase,2025-06-15 13:52:25.186925,True
4808,481,608,sess_1633,purchase,2025-08-30 11:53:15.209185,True
1892,713,930,sess_1634,view,2025-06-15 00:17:43.186925,True
13542,969,1057,sess_1634,purchase,2025-07-17 04:17:15.245946,True
4465,147,229,sess_1634,view,2025-10-30 23:59:56.203543,True
8154,1019,44,sess_1635,view,2025-11-25 01:14:00.224321,True
3246,836,1092,sess_1636,add_to_cart,2025-06-21 09:46:32.186925,True
8814,856,301,sess_1636,add_to_cart,2025-07-26 13:57:17.226324,True
1968,257,463,sess_1637,add_to_cart,2025-07-26 05:05:54.186925,True
1057,1011,476,sess_1638,add_to_cart,2025-09-19 05:37:04.183414,True
9604,13,972,sess_1638,view,2025-12-06 05:14:12.228610,True
8421,181,705,sess_1638,view,2026-02-13 23:49:34.224321,True
9305,17,904,sess_1638,purchase,2026-04-14 15:07:03.228610,True
13559,921,315,sess_1639,add_to_cart,2025-10-22 07:19:20.247953,True
11476,53,950,sess_1639,add_to_cart,2026-05-14 14:47:48.237113,True
12695,400,7,sess_164,add_to_cart,2026-03-15 01:59:21.242937,True
3469,369,631,sess_1640,view,2026-06-08 07:50:49.186925,True
11059,144,159,sess_1641,add_to_cart,2025-12-13 22:12:11.235934,True
8849,590,1058,sess_1642,view,2025-06-24 09:48:40.226324,True
12391,998,466,sess_1642,add_to_cart,2025-09-14 17:25:05.240934,True
1451,363,785,sess_1643,purchase,2026-03-08 06:21:10.183414,True
12975,289,843,sess_1644,view,2025-07-21 10:47:27.243940,True
2920,146,1070,sess_1644,add_to_cart,2026-03-06 03:06:44.186925,True
1142,910,470,sess_1644,purchase,2026-03-29 23:16:02.183414,True
5103,994,74,sess_1644,view,2026-04-18 22:47:59.209185,True
10164,167,47,sess_1644,view,2026-04-28 14:00:01.228610,True
14717,50,176,sess_1646,add_to_cart,2025-09-22 08:23:07.251960,True
52,143,795,sess_1646,purchase,2025-10-03 15:24:00.178635,True
12621,163,32,sess_1647,view,2025-07-08 22:58:40.240934,True
3865,682,201,sess_1647,view,2025-07-20 19:34:50.197951,True
13200,895,940,sess_1648,view,2025-06-22 09:57:08.245946,True
13019,779,464,sess_1648,view,2026-02-28 12:57:26.243940,True
14819,993,10,sess_165,view,2025-10-04 13:25:08.251960,True
539,958,167,sess_165,view,2026-05-06 03:25:27.181409,True
7905,961,399,sess_1650,purchase,2025-09-17 20:40:16.222317,True
6255,800,980,sess_1650,view,2025-10-25 03:02:08.214026,True
8741,131,531,sess_1651,purchase,2025-07-14 13:02:49.226324,True
13782,548,442,sess_1651,view,2025-07-19 16:00:22.247953,True
12771,514,825,sess_1651,purchase,2025-12-24 21:27:31.242937,True
1412,405,795,sess_1652,add_to_cart,2025-09-09 08:44:03.183414,True
9631,824,562,sess_1652,purchase,2025-09-20 01:46:18.228610,True
13116,856,761,sess_1653,purchase,2025-07-02 14:07:39.243940,True
1631,185,770,sess_1654,add_to_cart,2025-06-19 04:16:09.185418,True
11888,588,217,sess_1654,view,2025-08-24 23:33:18.238931,True
11123,977,142,sess_1654,purchase,2025-09-21 16:22:30.235934,True
1073,858,952,sess_1654,purchase,2026-04-24 05:40:45.183414,True
1188,733,132,sess_1655,add_to_cart,2025-07-01 01:27:24.183414,True
12026,1085,389,sess_1655,add_to_cart,2025-09-17 16:23:36.238931,True
1227,313,947,sess_1655,purchase,2026-03-27 01:00:56.183414,True
3829,171,740,sess_1655,purchase,2026-05-01 18:46:09.195433,True
3998,444,612,sess_1656,view,2025-08-04 05:16:05.197951,True
11709,960,686,sess_1656,purchase,2025-10-21 06:19:40.238931,True
10864,70,225,sess_1656,purchase,2025-12-16 22:42:06.228610,True
9587,658,118,sess_1657,add_to_cart,2025-07-24 07:29:01.228610,True
11297,871,39,sess_1657,purchase,2025-08-17 18:37:37.237113,True
6120,678,713,sess_1657,view,2026-03-09 07:16:57.214026,True
4266,329,317,sess_1658,purchase,2025-11-06 14:54:27.199974,True
7122,724,965,sess_1659,purchase,2025-09-02 08:29:31.218542,True
9545,981,864,sess_1659,add_to_cart,2025-09-02 19:26:06.228610,True
14919,841,773,sess_1659,view,2025-11-13 17:19:10.253968,True
7924,654,428,sess_1659,view,2025-12-10 21:37:19.222317,True
8039,541,979,sess_1659,view,2025-12-19 17:19:10.222317,True
12924,276,377,sess_166,add_to_cart,2025-10-24 22:36:37.243940,True
9869,378,449,sess_166,add_to_cart,2025-10-31 05:56:22.228610,True
3588,516,409,sess_1660,view,2025-08-03 17:21:42.186925,True
13804,653,879,sess_1660,add_to_cart,2025-08-12 07:35:22.247953,True
14037,88,721,sess_1660,add_to_cart,2026-05-13 21:08:43.247953,True
7483,245,353,sess_1661,purchase,2025-07-25 20:20:45.219548,True
3520,961,923,sess_1661,add_to_cart,2025-08-24 21:03:47.186925,True
14096,768,390,sess_1661,purchase,2026-02-16 02:44:49.249957,True
7456,248,405,sess_1661,purchase,2026-04-09 23:12:55.219548,True
638,44,530,sess_1662,view,2025-12-01 08:03:29.181409,True
12929,662,1080,sess_1662,view,2026-01-11 18:18:48.243940,True
560,966,355,sess_1662,add_to_cart,2026-02-27 07:38:44.181409,True
4330,1006,332,sess_1663,purchase,2025-11-09 00:35:12.202536,True
14106,470,1064,sess_1664,view,2025-11-15 08:52:08.249957,True
11701,697,924,sess_1664,add_to_cart,2026-04-15 23:42:48.238931,True
8717,110,45,sess_1665,add_to_cart,2025-06-18 14:40:09.226324,True
5311,757,796,sess_1665,view,2025-10-31 16:51:42.211509,True
5673,817,702,sess_1665,purchase,2025-11-27 00:55:30.212022,True
13802,1089,291,sess_1665,view,2026-01-13 11:12:09.247953,True
10506,30,343,sess_1665,view,2026-05-22 18:00:10.228610,True
4269,76,645,sess_1669,add_to_cart,2025-10-15 09:42:11.199974,True
14917,182,762,sess_1669,purchase,2026-03-30 20:56:50.253968,True
14902,379,565,sess_1669,add_to_cart,2026-06-03 11:59:14.253968,True
1655,782,1044,sess_167,add_to_cart,2025-09-06 01:42:39.185418,True
782,313,444,sess_167,add_to_cart,2026-02-09 17:28:48.181409,True
1124,731,1050,sess_167,view,2026-03-31 07:42:58.183414,True
12703,80,700,sess_1670,purchase,2025-10-11 01:05:29.242937,True
11085,955,892,sess_1670,add_to_cart,2025-11-25 20:34:08.235934,True
9824,550,1078,sess_1670,add_to_cart,2025-12-11 04:29:59.228610,True
12583,180,1011,sess_1670,view,2026-03-06 17:35:04.240934,True
8385,79,330,sess_1671,add_to_cart,2025-11-17 17:16:48.224321,True
9196,525,1016,sess_1673,purchase,2026-06-09 06:28:21.228610,True
3887,694,807,sess_1674,view,2025-07-05 07:58:21.197951,True
9121,213,503,sess_1675,add_to_cart,2025-10-31 08:33:56.228610,True
9782,860,413,sess_1675,add_to_cart,2026-05-13 04:47:19.228610,True
4594,274,913,sess_1675,view,2026-05-25 10:55:35.207677,True
6194,808,61,sess_1677,add_to_cart,2025-08-09 00:54:42.214026,True
5546,908,772,sess_1677,purchase,2025-08-27 02:21:17.212022,True
6650,736,132,sess_1677,view,2026-04-15 15:55:33.216529,True
12885,594,985,sess_1678,view,2025-07-03 00:39:04.242937,True
10819,937,503,sess_1679,add_to_cart,2025-09-25 09:01:21.228610,True
2522,379,205,sess_1679,add_to_cart,2026-02-06 16:57:58.186925,True
7012,649,182,sess_1679,view,2026-04-07 00:27:19.218542,True
8316,1005,351,sess_168,view,2026-04-19 03:18:33.224321,True
14741,345,433,sess_1680,view,2025-06-22 20:27:23.251960,True
9176,227,842,sess_1680,purchase,2025-06-30 12:11:09.228610,True
12125,434,129,sess_1680,purchase,2025-10-05 02:40:12.240934,True
9333,972,699,sess_1680,purchase,2026-06-11 22:03:15.228610,True
6477,402,413,sess_1682,add_to_cart,2025-09-09 16:32:50.214026,True
3618,309,147,sess_1682,view,2026-03-11 00:47:32.186925,True
4971,674,94,sess_1683,purchase,2025-08-11 10:18:24.209185,True
3852,114,480,sess_1683,view,2026-02-11 03:39:24.197951,True
2758,821,45,sess_1684,view,2025-07-09 12:44:31.186925,True
4486,1051,179,sess_1684,view,2025-10-01 09:28:30.203543,True
7669,109,670,sess_1684,add_to_cart,2025-10-14 06:04:50.222317,True
5367,126,625,sess_1684,add_to_cart,2026-01-15 18:46:25.212022,True
1509,1034,735,sess_1684,add_to_cart,2026-03-21 19:33:24.185418,True
4175,595,441,sess_1685,view,2025-11-20 19:59:55.199974,True
4186,248,983,sess_1686,view,2025-07-11 05:53:56.199974,True
9528,682,988,sess_1686,purchase,2025-09-23 01:40:43.228610,True
13883,478,188,sess_1687,purchase,2025-12-13 20:42:16.247953,True
9988,258,269,sess_1688,add_to_cart,2025-09-22 02:42:02.228610,True
7630,686,1067,sess_1688,purchase,2026-04-12 01:39:49.222317,True
10302,878,409,sess_1689,purchase,2025-06-22 01:49:36.228610,True
7475,1005,97,sess_1689,add_to_cart,2025-11-19 04:19:10.219548,True
709,108,431,sess_1689,view,2025-11-20 02:53:04.181409,True
6291,866,369,sess_1689,view,2026-04-13 19:39:48.214026,True
10029,270,159,sess_169,view,2025-07-08 19:57:59.228610,True
998,211,1080,sess_169,purchase,2025-08-31 17:56:37.183414,True
6288,731,211,sess_169,view,2026-06-01 03:46:37.214026,True
14969,1030,1081,sess_1690,purchase,2025-07-28 01:07:56.253968,True
206,621,585,sess_1690,view,2025-11-23 03:58:53.178635,True
4884,616,323,sess_1690,add_to_cart,2026-05-29 18:13:52.209185,True
4883,64,569,sess_1691,view,2025-11-13 20:58:10.209185,True
14156,1098,1089,sess_1691,purchase,2026-04-09 00:36:30.249957,True
783,592,894,sess_1692,purchase,2026-02-21 23:04:00.181409,True
11298,131,43,sess_1693,add_to_cart,2025-07-17 05:37:56.237113,True
10689,192,301,sess_1694,view,2025-08-27 03:10:24.228610,True
2303,715,47,sess_1694,view,2026-02-27 11:41:39.186925,True
5355,1049,165,sess_1695,purchase,2025-10-04 06:18:17.212022,True
10735,617,326,sess_1695,view,2026-02-03 21:52:51.228610,True
1545,571,571,sess_1696,add_to_cart,2026-04-24 07:10:24.185418,True
2622,171,40,sess_1697,view,2025-07-31 15:37:22.186925,True
3836,659,130,sess_1697,view,2026-04-16 21:42:09.195433,True
2991,907,793,sess_1697,view,2026-04-21 05:30:41.186925,True
10574,1007,52,sess_1698,purchase,2025-10-06 17:31:26.228610,True
6965,920,816,sess_1698,view,2025-12-20 11:24:58.216529,True
140,96,428,sess_1698,add_to_cart,2026-05-14 19:03:48.178635,True
9682,612,6,sess_1699,purchase,2025-09-08 17:47:39.228610,True
10777,880,226,sess_1699,add_to_cart,2025-10-19 13:02:12.228610,True
11961,1018,370,sess_1699,view,2026-04-12 21:45:07.238931,True
14736,237,648,sess_17,view,2025-09-10 07:14:57.251960,True
1196,339,943,sess_17,add_to_cart,2025-10-27 12:37:55.183414,True
9742,362,203,sess_170,purchase,2026-05-10 21:09:40.228610,True
10625,341,1094,sess_1700,add_to_cart,2025-07-28 08:23:11.228610,True
11349,935,800,sess_1700,purchase,2025-08-02 03:46:55.237113,True
8528,486,848,sess_1700,view,2025-10-13 09:50:25.224321,True
4837,1033,296,sess_1700,add_to_cart,2026-05-29 17:42:55.209185,True
6837,741,53,sess_1701,purchase,2025-07-11 11:24:21.216529,True
11047,252,331,sess_1701,view,2025-08-23 14:07:45.235934,True
9327,845,623,sess_1701,view,2026-05-06 09:37:58.228610,True
8460,329,710,sess_1702,add_to_cart,2025-06-27 21:56:14.224321,True
5914,1037,347,sess_1702,add_to_cart,2025-07-20 23:54:31.214026,True
6316,772,283,sess_1702,view,2025-11-27 13:28:47.214026,True
6449,683,931,sess_1702,view,2025-12-12 15:34:05.214026,True
13345,201,499,sess_1703,purchase,2025-11-21 12:19:55.245946,True
3419,463,797,sess_1704,add_to_cart,2026-01-29 08:21:57.186925,True
2384,870,560,sess_1705,add_to_cart,2026-01-19 16:22:22.186925,True
3901,289,1002,sess_1705,view,2026-02-26 03:53:12.197951,True
1149,1097,271,sess_1706,purchase,2025-10-16 13:08:02.183414,True
13446,44,667,sess_1707,view,2025-08-19 16:53:15.245946,True
13469,156,560,sess_1708,purchase,2026-04-09 08:49:55.245946,True
8376,352,1011,sess_1709,add_to_cart,2026-03-29 23:29:06.224321,True
10309,243,741,sess_171,view,2025-09-19 05:24:29.228610,True
189,281,887,sess_1710,view,2026-02-17 01:01:41.178635,True
6151,281,802,sess_1710,view,2026-04-03 10:04:59.214026,True
502,616,831,sess_1711,add_to_cart,2026-06-11 05:03:52.181409,True
14093,514,903,sess_1712,purchase,2025-08-06 10:27:02.249957,True
3448,951,764,sess_1712,add_to_cart,2025-09-11 20:44:12.186925,True
2395,459,105,sess_1713,purchase,2025-12-19 08:36:56.186925,True
4187,542,2,sess_1714,purchase,2025-08-02 14:02:31.199974,True
5212,81,150,sess_1715,purchase,2025-09-05 18:17:43.209185,True
2911,635,786,sess_1716,view,2025-06-19 05:26:38.186925,True
1208,772,703,sess_1716,view,2025-07-19 10:34:44.183414,True
1378,1050,75,sess_1717,view,2026-01-04 21:17:59.183414,True
9546,1054,318,sess_1717,view,2026-05-07 22:00:25.228610,True
7107,524,530,sess_1718,add_to_cart,2025-07-11 03:50:52.218542,True
2084,241,957,sess_1718,purchase,2025-10-02 20:56:08.186925,True
5544,182,674,sess_1718,add_to_cart,2025-11-23 16:01:56.212022,True
9983,279,837,sess_1719,purchase,2025-08-12 11:16:11.228610,True
14406,794,323,sess_1719,view,2025-08-26 17:25:10.249957,True
6598,550,232,sess_1719,view,2025-11-08 04:43:00.216529,True
5266,124,453,sess_1719,purchase,2026-01-09 08:23:17.211509,True
6753,1019,359,sess_172,add_to_cart,2025-11-15 01:44:55.216529,True
13625,1027,1064,sess_172,purchase,2026-01-15 23:12:51.247953,True
5006,884,1053,sess_172,add_to_cart,2026-03-27 13:07:34.209185,True
698,820,423,sess_1720,add_to_cart,2025-07-27 13:38:20.181409,True
8241,917,70,sess_1721,add_to_cart,2025-10-16 10:40:36.224321,True
7309,318,195,sess_1721,add_to_cart,2025-12-17 06:46:07.219548,True
7360,284,308,sess_1722,add_to_cart,2025-08-06 14:03:13.219548,True
4092,481,508,sess_1722,view,2025-12-18 02:38:28.199974,True
7549,1019,763,sess_1722,purchase,2026-05-09 12:10:32.219548,True
5194,326,218,sess_1723,add_to_cart,2026-02-08 10:41:21.209185,True
7397,835,217,sess_1724,add_to_cart,2025-09-21 04:32:24.219548,True
10582,96,539,sess_1724,add_to_cart,2025-10-17 07:17:00.228610,True
13949,398,506,sess_1724,add_to_cart,2025-11-15 07:16:21.247953,True
12003,498,19,sess_1725,view,2025-10-01 21:27:17.238931,True
3181,1021,1065,sess_1726,add_to_cart,2025-06-28 04:01:50.186925,True
3048,229,325,sess_1726,view,2026-02-08 11:30:36.186925,True
6527,1051,302,sess_1728,purchase,2025-07-05 08:53:44.216529,True
138,409,176,sess_1728,purchase,2025-09-11 08:49:18.178635,True
5816,66,968,sess_1729,add_to_cart,2026-03-12 20:42:24.212022,True
12139,146,609,sess_173,add_to_cart,2025-11-04 11:24:19.240934,True
9421,809,771,sess_173,view,2025-12-22 03:08:32.228610,True
9806,1073,993,sess_173,view,2026-05-05 21:50:43.228610,True
5593,433,727,sess_173,view,2026-06-11 05:18:46.212022,True
9135,606,318,sess_1730,view,2025-08-01 07:53:33.228610,True
14329,586,560,sess_1730,view,2025-09-16 13:12:48.249957,True
13152,13,673,sess_1730,purchase,2025-11-14 19:52:18.245946,True
35,421,604,sess_1730,add_to_cart,2026-01-22 00:45:11.178635,True
412,932,269,sess_1730,add_to_cart,2026-05-11 06:54:22.178635,True
4120,1061,243,sess_1732,view,2025-07-26 13:25:39.199974,True
5622,200,851,sess_1733,purchase,2026-05-11 16:50:00.212022,True
9342,180,387,sess_1734,view,2025-09-17 12:38:59.228610,True
10131,215,969,sess_1734,add_to_cart,2025-12-06 17:28:55.228610,True
3083,622,449,sess_1735,view,2025-08-22 01:24:19.186925,True
13241,1073,363,sess_1735,add_to_cart,2025-08-28 02:39:46.245946,True
14214,271,886,sess_1735,purchase,2026-03-10 17:34:09.249957,True
5735,851,1014,sess_1736,purchase,2025-06-17 18:12:30.212022,True
8765,391,471,sess_1736,add_to_cart,2025-11-02 21:06:22.226324,True
12761,353,350,sess_1736,purchase,2026-03-14 07:48:38.242937,True
1146,885,694,sess_1736,add_to_cart,2026-03-19 00:54:49.183414,True
12104,777,363,sess_1737,purchase,2026-01-10 08:53:02.238931,True
3069,14,373,sess_1737,add_to_cart,2026-03-18 21:03:21.186925,True
13214,973,263,sess_1738,purchase,2025-06-14 05:57:18.245946,True
2672,162,558,sess_1738,add_to_cart,2025-06-16 18:59:18.186925,True
252,885,275,sess_1738,view,2025-06-21 10:19:05.178635,True
4451,760,412,sess_1738,view,2025-08-02 23:35:11.203543,True
11804,824,358,sess_1738,add_to_cart,2026-03-15 22:10:48.238931,True
12851,814,1068,sess_1739,view,2025-08-10 08:04:23.242937,True
1029,946,177,sess_1739,purchase,2026-05-08 05:11:44.183414,True
6415,342,957,sess_174,add_to_cart,2026-04-17 10:27:04.214026,True
3959,32,251,sess_1740,add_to_cart,2025-07-19 23:42:46.197951,True
7260,976,26,sess_1740,purchase,2025-12-28 10:42:53.219548,True
4928,85,272,sess_1742,add_to_cart,2026-04-30 01:43:25.209185,True
4436,568,786,sess_1743,add_to_cart,2026-03-08 12:14:00.203543,True
11023,807,907,sess_1745,add_to_cart,2025-10-26 10:30:25.235934,True
4557,1,571,sess_1745,purchase,2025-12-05 03:17:08.203543,True
5976,697,414,sess_1745,view,2026-05-03 18:16:11.214026,True
12218,278,273,sess_1746,add_to_cart,2025-08-05 23:24:20.240934,True
830,83,976,sess_1746,purchase,2026-06-05 06:23:32.181409,True
9124,587,806,sess_1747,view,2025-07-19 00:15:05.228610,True
13747,99,942,sess_1747,view,2025-12-29 02:53:28.247953,True
9232,297,834,sess_1747,add_to_cart,2026-02-08 16:34:09.228610,True
8059,935,364,sess_1747,view,2026-05-25 15:04:46.222317,True
9153,20,8,sess_175,view,2025-12-14 15:41:40.228610,True
2369,610,271,sess_1750,add_to_cart,2025-08-30 08:32:28.186925,True
3653,368,772,sess_1750,add_to_cart,2026-01-22 20:53:14.186925,True
9506,759,229,sess_1751,add_to_cart,2025-10-16 19:11:10.228610,True
4190,850,761,sess_1751,purchase,2026-03-22 19:35:22.199974,True
5591,92,6,sess_1751,purchase,2026-03-24 22:04:44.212022,True
5697,181,364,sess_1751,add_to_cart,2026-04-16 13:38:29.212022,True
9081,707,174,sess_1752,view,2025-09-14 15:42:35.227826,True
2996,725,859,sess_1752,add_to_cart,2025-11-19 09:52:53.186925,True
950,866,1060,sess_1752,view,2026-01-16 06:35:30.183414,True
6886,540,601,sess_1754,view,2026-02-17 14:43:18.216529,True
6022,218,827,sess_1754,add_to_cart,2026-05-24 00:11:14.214026,True
2357,934,492,sess_1754,view,2026-05-27 22:50:10.186925,True
985,162,331,sess_1757,purchase,2025-06-23 01:12:36.183414,True
11794,634,298,sess_1758,add_to_cart,2025-06-25 03:52:56.238931,True
10842,805,738,sess_1758,purchase,2025-07-11 07:02:04.228610,True
8070,865,815,sess_1758,view,2025-09-20 16:03:23.222317,True
9079,662,745,sess_1758,purchase,2025-10-06 23:30:29.227826,True
1056,157,506,sess_1758,purchase,2025-11-21 01:44:54.183414,True
8640,105,631,sess_1758,purchase,2026-03-17 00:22:59.226324,True
11825,245,1024,sess_1758,add_to_cart,2026-06-04 23:05:21.238931,True
363,969,62,sess_1759,purchase,2025-11-16 00:18:35.178635,True
1053,406,919,sess_1759,purchase,2026-01-23 07:48:39.183414,True
7274,893,732,sess_176,add_to_cart,2026-05-27 16:33:05.219548,True
12682,544,143,sess_1760,purchase,2025-10-08 01:28:10.242937,True
14390,1,661,sess_1760,purchase,2025-10-24 02:29:37.249957,True
641,892,304,sess_1760,view,2026-01-28 11:28:48.181409,True
10564,530,948,sess_1761,view,2026-05-18 17:21:02.228610,True
5774,371,690,sess_1762,add_to_cart,2026-01-09 02:37:05.212022,True
10195,691,365,sess_1764,view,2025-12-04 12:54:52.228610,True
10600,689,379,sess_1764,purchase,2026-06-05 08:51:32.228610,True
13466,417,303,sess_1765,add_to_cart,2025-10-24 19:12:22.245946,True
14392,960,366,sess_1765,purchase,2025-12-13 20:29:15.249957,True
7947,354,954,sess_1766,purchase,2026-01-26 19:58:43.222317,True
6135,7,61,sess_1767,view,2025-08-14 12:40:45.214026,True
11421,790,1087,sess_1768,view,2026-05-14 21:42:56.237113,True
11051,148,896,sess_1769,purchase,2025-07-21 01:38:55.235934,True
13139,1052,306,sess_1769,view,2025-08-09 07:41:27.245946,True
951,943,788,sess_1769,add_to_cart,2025-11-15 04:27:00.183414,True
12842,513,963,sess_1769,add_to_cart,2026-05-21 03:09:27.242937,True
5868,758,534,sess_177,add_to_cart,2025-09-08 16:03:37.214026,True
335,246,840,sess_177,add_to_cart,2025-10-10 10:23:20.178635,True
3412,1047,887,sess_1770,add_to_cart,2025-11-27 04:32:01.186925,True
545,893,197,sess_1770,add_to_cart,2026-03-05 12:56:38.181409,True
11177,836,109,sess_1771,view,2026-02-04 20:12:57.235934,True
4295,712,194,sess_1772,add_to_cart,2025-07-07 07:59:11.202536,True
6533,996,394,sess_1772,purchase,2025-10-16 11:42:14.216529,True
4441,438,313,sess_1772,view,2026-02-26 12:06:05.203543,True
8067,356,965,sess_1772,purchase,2026-06-11 22:27:59.222317,True
8785,212,323,sess_1773,purchase,2026-06-01 12:11:15.226324,True
1598,895,380,sess_1774,add_to_cart,2026-01-12 13:36:15.185418,True
8872,501,994,sess_1775,purchase,2026-06-03 06:34:23.226324,True
13298,720,375,sess_1778,add_to_cart,2025-08-01 15:20:30.245946,True
4780,383,1004,sess_1779,add_to_cart,2025-09-22 08:59:59.209185,True
12098,134,585,sess_178,add_to_cart,2026-06-11 02:53:39.238931,True
4505,571,940,sess_1780,purchase,2025-07-02 16:09:23.203543,True
11069,878,1036,sess_1780,add_to_cart,2025-08-13 06:02:34.235934,True
12849,575,902,sess_1780,view,2026-03-16 20:13:44.242937,True
14336,388,847,sess_1780,purchase,2026-05-14 07:55:14.249957,True
6552,963,389,sess_1781,add_to_cart,2025-07-07 14:24:11.216529,True
4909,266,59,sess_1781,purchase,2026-05-02 05:28:37.209185,True
6925,127,312,sess_1782,purchase,2025-12-20 23:01:25.216529,True
6863,960,315,sess_1782,purchase,2026-03-23 14:47:41.216529,True
6384,528,994,sess_1782,add_to_cart,2026-06-01 19:47:28.214026,True
3482,903,362,sess_1783,purchase,2025-07-03 19:51:01.186925,True
11879,663,715,sess_1783,purchase,2026-05-19 06:52:59.238931,True
2089,955,772,sess_1784,view,2026-03-10 01:30:31.186925,True
3327,1033,445,sess_1785,purchase,2025-09-10 16:41:55.186925,True
6905,174,834,sess_1785,view,2026-01-02 14:26:29.216529,True
11693,910,635,sess_1785,view,2026-01-14 11:56:55.238931,True
13428,782,949,sess_1785,purchase,2026-04-26 10:32:39.245946,True
11640,555,917,sess_1786,add_to_cart,2025-10-10 23:05:03.238931,True
8908,141,1089,sess_1786,purchase,2025-12-28 22:44:01.226324,True
5155,975,395,sess_1786,view,2026-02-16 00:09:52.209185,True
12557,263,1079,sess_1786,view,2026-03-26 11:21:50.240934,True
6351,396,210,sess_1787,add_to_cart,2026-03-24 23:08:57.214026,True
10198,1050,443,sess_1788,view,2025-08-15 10:56:34.228610,True
11184,930,1001,sess_1788,view,2025-11-15 22:26:25.237113,True
13000,914,1067,sess_1788,view,2025-12-22 04:34:42.243940,True
1566,241,474,sess_1788,view,2026-01-07 08:56:01.185418,True
1473,460,26,sess_1788,add_to_cart,2026-02-09 16:47:15.185418,True
1381,593,346,sess_179,add_to_cart,2025-12-10 22:30:37.183414,True
4824,617,425,sess_179,purchase,2026-01-26 17:49:23.209185,True
10575,249,159,sess_1790,add_to_cart,2025-09-21 19:38:43.228610,True
11627,396,1044,sess_1790,purchase,2025-09-27 11:45:37.238931,True
11631,141,819,sess_1790,purchase,2026-03-15 10:53:49.238931,True
7916,792,1040,sess_1792,add_to_cart,2026-05-15 19:31:59.222317,True
8163,849,920,sess_1793,add_to_cart,2025-09-28 22:59:49.224321,True
724,946,905,sess_1794,purchase,2025-10-15 02:19:14.181409,True
10122,836,855,sess_1794,add_to_cart,2026-01-03 10:34:37.228610,True
2641,691,143,sess_1795,add_to_cart,2026-03-25 13:30:46.186925,True
3709,1004,872,sess_1795,add_to_cart,2026-03-26 18:49:46.186925,True
14118,456,1051,sess_1796,view,2025-09-20 01:51:41.249957,True
3095,884,671,sess_1796,add_to_cart,2026-01-02 18:38:58.186925,True
5273,481,180,sess_1796,view,2026-02-16 01:58:55.211509,True
3415,878,1090,sess_1796,add_to_cart,2026-03-02 20:06:13.186925,True
12846,147,732,sess_1796,add_to_cart,2026-04-13 05:17:58.242937,True
4695,575,44,sess_1797,purchase,2025-07-31 05:20:09.207677,True
5811,677,138,sess_1797,purchase,2025-08-27 09:03:59.212022,True
7059,938,743,sess_18,view,2025-11-18 15:04:50.218542,True
8486,49,958,sess_18,purchase,2026-04-06 09:37:10.224321,True
13823,24,416,sess_18,purchase,2026-05-22 19:17:48.247953,True
3621,85,1049,sess_180,purchase,2025-08-28 22:29:05.186925,True
5419,1029,396,sess_1800,add_to_cart,2025-08-11 22:12:03.212022,True
8384,225,293,sess_1800,purchase,2025-11-11 12:58:26.224321,True
14158,1024,586,sess_1800,add_to_cart,2025-12-11 13:41:42.249957,True
5022,718,31,sess_1800,view,2026-06-06 17:42:50.209185,True
1352,911,902,sess_1801,add_to_cart,2025-12-25 00:24:35.183414,True
14790,327,269,sess_1801,view,2026-02-24 09:21:10.251960,True
11528,982,243,sess_1803,add_to_cart,2025-08-26 05:12:02.237113,True
10976,665,768,sess_1803,view,2025-10-28 21:40:19.235934,True
14897,49,829,sess_1803,purchase,2025-12-07 00:11:30.253968,True
1976,967,203,sess_1803,purchase,2026-05-27 10:56:12.186925,True
1474,481,70,sess_1804,purchase,2026-01-13 04:37:57.185418,True
99,1076,714,sess_1804,purchase,2026-06-04 15:44:39.178635,True
590,57,116,sess_1806,purchase,2025-07-25 02:03:35.181409,True
8686,138,512,sess_1806,view,2025-10-06 16:00:35.226324,True
7613,159,147,sess_1806,add_to_cart,2025-12-16 01:13:16.222317,True
4273,862,26,sess_1806,purchase,2026-06-12 00:08:43.199974,True
3344,629,192,sess_1807,purchase,2025-09-11 23:24:20.186925,True
12857,628,17,sess_1807,add_to_cart,2025-11-01 04:52:49.242937,True
6738,1055,455,sess_1807,add_to_cart,2026-05-16 10:09:25.216529,True
6622,1085,440,sess_1807,view,2026-05-28 07:23:24.216529,True
7237,270,495,sess_1807,purchase,2026-06-02 10:41:28.219548,True
12516,870,714,sess_1808,view,2025-08-20 16:37:21.240934,True
14099,562,346,sess_1808,purchase,2025-12-22 19:21:20.249957,True
1970,1083,51,sess_1809,add_to_cart,2025-07-10 21:50:13.186925,True
6635,1046,428,sess_1809,add_to_cart,2026-01-08 17:54:40.216529,True
5953,24,947,sess_1809,purchase,2026-01-09 18:16:19.214026,True
3203,349,408,sess_181,purchase,2025-11-09 08:50:59.186925,True
9205,169,711,sess_181,purchase,2026-01-12 03:02:46.228610,True
4756,484,734,sess_181,purchase,2026-04-04 03:39:17.209185,True
12981,218,13,sess_1810,add_to_cart,2025-06-23 12:44:12.243940,True
10859,1049,928,sess_1811,view,2026-02-12 12:48:26.228610,True
12963,453,48,sess_1812,add_to_cart,2026-01-11 21:30:46.243940,True
4501,904,626,sess_1812,purchase,2026-03-14 04:27:39.203543,True
4843,941,333,sess_1813,add_to_cart,2026-02-08 13:57:44.209185,True
14520,303,964,sess_1813,add_to_cart,2026-04-17 03:10:21.249957,True
10881,48,877,sess_1814,add_to_cart,2026-03-02 19:22:22.228610,True
6660,1089,915,sess_1814,purchase,2026-04-11 23:25:15.216529,True
10100,444,346,sess_1815,add_to_cart,2025-06-18 04:13:24.228610,True
8025,184,974,sess_1815,purchase,2025-08-03 14:29:16.222317,True
4132,801,401,sess_1815,view,2025-09-14 08:19:27.199974,True
663,1046,120,sess_1815,view,2026-05-16 04:35:33.181409,True
9008,228,441,sess_1816,purchase,2026-01-19 11:59:12.227826,True
8259,499,764,sess_1816,view,2026-04-01 09:19:46.224321,True
9798,228,657,sess_1817,add_to_cart,2025-08-25 01:07:25.228610,True
11989,338,229,sess_1817,add_to_cart,2025-09-11 15:56:48.238931,True
137,1088,336,sess_1818,view,2025-11-02 19:29:22.178635,True
10492,141,889,sess_1818,add_to_cart,2025-12-15 15:42:36.228610,True
408,705,153,sess_1819,add_to_cart,2025-07-31 09:11:31.178635,True
2452,558,980,sess_1819,purchase,2025-12-22 21:02:40.186925,True
886,480,211,sess_1819,purchase,2026-03-30 20:06:30.181409,True
1737,32,58,sess_1819,add_to_cart,2026-04-22 15:52:49.186925,True
4882,429,980,sess_182,purchase,2026-01-22 14:33:37.209185,True
9595,46,105,sess_182,view,2026-02-11 02:49:13.228610,True
9201,287,661,sess_182,add_to_cart,2026-06-07 09:23:21.228610,True
7520,848,41,sess_1820,purchase,2025-06-11 03:59:08.219548,True
8242,1014,977,sess_1820,add_to_cart,2025-07-17 22:15:00.224321,True
6114,1039,868,sess_1820,add_to_cart,2026-01-04 14:01:28.214026,True
8042,434,225,sess_1820,purchase,2026-04-08 23:04:55.222317,True
9503,199,127,sess_1821,add_to_cart,2025-11-13 14:02:15.228610,True
225,25,101,sess_1821,view,2025-11-16 10:14:26.178635,True
11422,310,264,sess_1821,purchase,2025-11-17 14:41:26.237113,True
6183,1021,953,sess_1822,purchase,2025-07-11 03:11:35.214026,True
14042,1084,26,sess_1822,view,2025-12-03 03:41:53.247953,True
3738,1086,232,sess_1822,view,2026-02-14 13:17:23.195433,True
8243,160,907,sess_1823,view,2025-09-24 14:49:09.224321,True
51,255,628,sess_1823,purchase,2025-12-18 14:17:30.178635,True
8079,1100,112,sess_1824,add_to_cart,2025-07-14 18:59:42.222317,True
13852,275,623,sess_1825,add_to_cart,2025-11-14 02:49:59.247953,True
13803,589,250,sess_1825,view,2026-03-28 14:06:45.247953,True
8607,1090,794,sess_1825,view,2026-03-30 02:44:54.224321,True
12508,279,909,sess_1826,purchase,2025-09-19 20:08:26.240934,True
8111,231,609,sess_1826,add_to_cart,2026-03-15 01:22:17.224321,True
3857,785,968,sess_1826,add_to_cart,2026-04-28 06:50:31.197951,True
11270,695,1013,sess_1827,purchase,2025-06-19 08:23:44.237113,True
4112,1000,776,sess_1827,purchase,2025-08-24 18:18:53.199974,True
10313,465,882,sess_1828,add_to_cart,2025-10-28 00:45:00.228610,True
4796,156,903,sess_1828,purchase,2026-03-21 02:44:00.209185,True
6719,199,871,sess_1828,view,2026-04-08 04:27:32.216529,True
14285,225,594,sess_1828,view,2026-05-04 00:06:28.249957,True
8713,371,183,sess_1829,add_to_cart,2025-10-09 14:30:23.226324,True
11252,594,853,sess_1829,add_to_cart,2026-04-13 09:12:16.237113,True
721,1012,568,sess_1829,view,2026-05-17 12:44:28.181409,True
10470,839,926,sess_1829,purchase,2026-05-26 01:20:15.228610,True
6816,937,4,sess_183,view,2025-06-30 16:09:43.216529,True
613,949,487,sess_1830,purchase,2025-09-17 09:15:29.181409,True
5304,847,484,sess_1831,view,2025-07-01 17:54:32.211509,True
12566,635,849,sess_1831,add_to_cart,2025-08-25 03:08:06.240934,True
3301,63,65,sess_1831,add_to_cart,2025-09-08 11:01:59.186925,True
12115,994,273,sess_1831,view,2025-09-24 09:29:39.240934,True
894,762,537,sess_1831,purchase,2025-10-02 12:10:56.181409,True
14464,4,719,sess_1831,view,2025-11-04 17:40:39.249957,True
7191,391,783,sess_1832,purchase,2025-06-15 18:48:58.218542,True
510,21,847,sess_1832,purchase,2025-08-13 08:01:06.181409,True
2023,498,293,sess_1832,view,2025-12-03 05:22:33.186925,True
10823,605,476,sess_1832,view,2026-03-22 01:37:22.228610,True
946,161,571,sess_1833,view,2025-11-19 01:45:21.181409,True
11011,440,456,sess_1835,view,2025-10-08 23:44:49.235934,True
1035,482,494,sess_1835,view,2026-04-08 05:35:03.183414,True
16,791,283,sess_1836,add_to_cart,2026-04-04 16:19:51.178635,True
484,803,330,sess_1837,view,2025-08-29 17:46:08.181409,True
14812,4,620,sess_1838,purchase,2026-05-29 08:28:43.251960,True
12562,500,377,sess_1839,view,2025-07-10 20:56:14.240934,True
2300,408,850,sess_1839,purchase,2025-07-23 00:29:20.186925,True
13581,372,113,sess_184,view,2025-06-22 07:45:08.247953,True
383,50,714,sess_184,view,2026-03-06 06:37:27.178635,True
4397,460,23,sess_1840,purchase,2025-08-31 22:57:20.203543,True
13787,994,143,sess_1841,purchase,2025-06-15 22:43:09.247953,True
7442,151,732,sess_1841,add_to_cart,2025-08-07 21:11:45.219548,True
3572,785,807,sess_1842,add_to_cart,2025-10-18 06:02:00.186925,True
3549,60,900,sess_1842,add_to_cart,2025-12-03 23:53:21.186925,True
14047,518,193,sess_1842,add_to_cart,2026-02-18 22:15:12.247953,True
10130,1049,577,sess_1842,purchase,2026-04-04 08:39:14.228610,True
4536,68,238,sess_1842,purchase,2026-04-30 14:54:48.203543,True
13649,482,839,sess_1843,view,2026-02-07 08:43:57.247953,True
10160,736,1094,sess_1843,purchase,2026-03-06 00:28:26.228610,True
9343,814,185,sess_1843,view,2026-03-17 02:29:58.228610,True
2510,754,589,sess_1844,add_to_cart,2026-02-01 10:11:21.186925,True
7742,229,830,sess_1844,purchase,2026-06-08 03:55:21.222317,True
12624,882,563,sess_1846,purchase,2025-11-03 03:21:13.240934,True
2687,821,390,sess_1847,purchase,2025-08-24 13:28:52.186925,True
7583,537,327,sess_1848,purchase,2025-11-13 22:58:19.222317,True
1190,813,366,sess_1848,view,2026-05-05 18:02:46.183414,True
5346,34,606,sess_1848,purchase,2026-06-01 01:23:25.212022,True
10251,996,594,sess_1849,add_to_cart,2025-09-08 05:17:48.228610,True
1477,566,329,sess_1849,purchase,2025-09-09 11:54:46.185418,True
4035,314,768,sess_1849,add_to_cart,2025-11-10 01:53:21.197951,True
1700,669,549,sess_1849,purchase,2025-12-19 08:14:12.185418,True
1695,515,409,sess_185,purchase,2026-03-10 16:34:06.185418,True
5948,473,522,sess_185,add_to_cart,2026-03-16 13:07:19.214026,True
3986,831,628,sess_1850,add_to_cart,2025-09-27 13:47:34.197951,True
8290,18,403,sess_1850,purchase,2026-01-30 23:18:55.224321,True
9750,431,10,sess_1850,view,2026-03-01 20:33:22.228610,True
1494,308,749,sess_1850,view,2026-03-14 04:20:52.185418,True
11516,665,503,sess_1851,view,2025-11-25 22:55:37.237113,True
4403,559,895,sess_1851,purchase,2025-12-16 10:56:26.203543,True
1074,929,494,sess_1853,purchase,2025-11-18 07:16:52.183414,True
1643,533,1084,sess_1853,purchase,2025-11-26 15:47:56.185418,True
10589,513,146,sess_1853,add_to_cart,2026-03-09 03:07:27.228610,True
2576,542,587,sess_1854,view,2025-12-10 05:41:21.186925,True
3347,164,469,sess_1856,purchase,2026-03-20 19:18:01.186925,True
9617,727,541,sess_1857,view,2025-09-10 10:14:23.228610,True
4998,442,454,sess_1858,view,2025-10-29 01:22:51.209185,True
4929,816,26,sess_1858,add_to_cart,2025-10-31 23:31:33.209185,True
8799,646,9,sess_1859,purchase,2025-07-06 13:40:05.226324,True
12284,700,1014,sess_1859,purchase,2025-10-24 08:12:22.240934,True
5927,262,534,sess_186,purchase,2025-11-17 02:07:03.214026,True
9908,569,792,sess_1860,purchase,2026-03-16 20:04:18.228610,True
14606,114,151,sess_1861,purchase,2026-02-03 04:59:34.251960,True
3252,202,882,sess_1861,view,2026-04-08 03:31:00.186925,True
3798,447,540,sess_1862,add_to_cart,2026-01-03 14:18:56.195433,True
4835,394,786,sess_1863,view,2025-06-29 10:18:12.209185,True
6382,853,1004,sess_1863,add_to_cart,2026-03-26 18:58:38.214026,True
6958,275,23,sess_1864,purchase,2025-09-07 13:24:45.216529,True
14882,273,182,sess_1864,purchase,2025-09-19 12:50:44.253968,True
3816,585,945,sess_1864,view,2026-05-02 08:47:27.195433,True
4220,20,380,sess_1865,view,2026-02-20 03:37:22.199974,True
12389,270,1058,sess_1866,purchase,2026-03-25 22:14:04.240934,True
4046,534,348,sess_1867,add_to_cart,2025-06-11 21:25:03.197951,True
14884,1095,67,sess_1868,view,2025-07-20 18:42:13.253968,True
12736,557,740,sess_1868,add_to_cart,2025-08-25 03:55:56.242937,True
12608,1067,1085,sess_1868,purchase,2025-10-09 17:42:11.240934,True
2528,443,507,sess_1868,add_to_cart,2026-02-06 09:36:32.186925,True
949,280,47,sess_1869,purchase,2025-06-30 13:13:02.183414,True
5908,429,1046,sess_1869,add_to_cart,2025-07-30 10:26:10.214026,True
12515,3,182,sess_1869,add_to_cart,2025-09-08 02:40:01.240934,True
12465,362,534,sess_1869,view,2025-09-16 20:26:08.240934,True
4048,459,442,sess_1869,add_to_cart,2026-02-17 22:30:11.197951,True
10572,861,256,sess_1869,view,2026-05-10 16:34:56.228610,True
4507,1005,152,sess_1869,purchase,2026-05-29 10:07:10.203543,True
5068,44,312,sess_187,add_to_cart,2025-07-05 01:56:33.209185,True
13677,324,74,sess_187,add_to_cart,2025-11-26 03:24:56.247953,True
2642,650,261,sess_187,purchase,2025-12-07 04:49:50.186925,True
3284,812,745,sess_187,view,2026-03-06 03:06:15.186925,True
11337,616,207,sess_187,add_to_cart,2026-03-31 01:31:11.237113,True
12487,619,691,sess_187,purchase,2026-04-07 16:58:40.240934,True
8875,220,807,sess_1870,view,2025-12-14 13:08:46.226324,True
14714,831,255,sess_1871,purchase,2025-07-06 22:46:31.251960,True
3491,635,991,sess_1871,add_to_cart,2025-12-29 23:18:07.186925,True
489,544,867,sess_1874,view,2025-09-05 18:05:55.181409,True
6081,396,1070,sess_1874,purchase,2025-11-18 03:49:14.214026,True
3724,9,585,sess_1874,purchase,2025-12-11 17:03:28.195433,True
3346,173,26,sess_1875,add_to_cart,2025-10-16 19:10:23.186925,True
10764,1059,223,sess_1875,purchase,2026-03-13 14:42:26.228610,True
13444,76,402,sess_1876,purchase,2025-07-23 08:14:59.245946,True
3049,938,1016,sess_1876,view,2025-09-28 10:57:07.186925,True
5759,117,946,sess_1876,view,2026-03-20 18:37:55.212022,True
13848,200,34,sess_1876,purchase,2026-06-07 07:17:34.247953,True
1591,1,1038,sess_1877,add_to_cart,2025-12-06 19:31:57.185418,True
14639,982,387,sess_1877,view,2026-04-23 15:39:24.251960,True
12712,358,962,sess_1877,view,2026-05-09 03:24:41.242937,True
9480,917,270,sess_1879,add_to_cart,2026-01-25 02:36:36.228610,True
1382,589,930,sess_188,purchase,2025-07-22 05:06:59.183414,True
14457,537,525,sess_188,view,2026-01-12 07:08:05.249957,True
8810,634,548,sess_188,add_to_cart,2026-03-10 12:39:28.226324,True
2285,260,253,sess_188,view,2026-04-05 02:56:06.186925,True
7903,1029,460,sess_1880,purchase,2025-11-29 05:47:09.222317,True
2043,183,571,sess_1880,purchase,2026-01-02 04:07:10.186925,True
1722,7,695,sess_1880,add_to_cart,2026-03-15 22:38:01.186925,True
4398,550,643,sess_1880,add_to_cart,2026-04-07 21:11:15.203543,True
3191,29,795,sess_1881,purchase,2025-07-07 19:33:40.186925,True
7959,187,1087,sess_1881,view,2026-02-13 04:24:33.222317,True
7813,392,165,sess_1881,add_to_cart,2026-05-07 19:35:36.222317,True
1949,973,483,sess_1882,view,2025-10-21 21:56:08.186925,True
445,66,1090,sess_1882,add_to_cart,2026-03-08 01:12:07.181409,True
1834,875,685,sess_1883,add_to_cart,2026-04-18 10:14:19.186925,True
8503,91,445,sess_1883,purchase,2026-05-29 11:37:02.224321,True
1529,249,828,sess_1884,purchase,2025-11-29 03:37:08.185418,True
6438,1000,464,sess_1884,add_to_cart,2026-01-01 17:57:56.214026,True
1226,212,849,sess_1884,purchase,2026-03-01 01:29:45.183414,True
9832,280,795,sess_1886,add_to_cart,2025-08-03 16:13:27.228610,True
14356,564,580,sess_1886,purchase,2026-01-25 03:46:11.249957,True
7629,721,955,sess_1888,add_to_cart,2026-01-09 20:10:17.222317,True
4199,18,397,sess_1888,purchase,2026-03-13 08:34:06.199974,True
449,307,277,sess_189,add_to_cart,2025-08-16 13:03:16.181409,True
8058,40,932,sess_189,add_to_cart,2025-12-20 11:46:36.222317,True
5743,1015,1057,sess_189,purchase,2026-02-10 22:31:45.212022,True
7656,220,687,sess_1890,purchase,2026-01-16 06:54:43.222317,True
9407,303,875,sess_1891,purchase,2025-10-06 20:20:45.228610,True
4456,675,785,sess_1892,purchase,2025-07-06 00:16:55.203543,True
8109,356,426,sess_1892,purchase,2025-07-26 10:57:50.224321,True
2050,619,625,sess_1892,add_to_cart,2025-09-15 21:55:01.186925,True
12436,344,310,sess_1892,add_to_cart,2026-02-16 05:27:32.240934,True
12277,185,691,sess_1892,purchase,2026-04-09 13:36:59.240934,True
1233,771,736,sess_1893,add_to_cart,2026-03-14 11:12:08.183414,True
5639,167,292,sess_1893,add_to_cart,2026-05-16 23:07:16.212022,True
3391,533,828,sess_1894,purchase,2025-08-28 05:26:24.186925,True
10096,918,95,sess_1894,view,2026-04-23 23:28:39.228610,True
9384,384,55,sess_1894,view,2026-05-11 09:43:00.228610,True
11142,617,259,sess_1895,view,2025-06-13 08:04:17.235934,True
3067,1098,840,sess_1895,purchase,2025-11-11 16:26:04.186925,True
9145,326,1091,sess_1896,view,2025-09-10 10:52:09.228610,True
8600,553,466,sess_1896,purchase,2025-11-08 01:15:13.224321,True
6223,334,497,sess_1896,add_to_cart,2026-02-18 07:08:09.214026,True
9516,524,121,sess_1896,add_to_cart,2026-04-17 21:17:03.228610,True
7772,165,1088,sess_1897,view,2025-10-04 21:07:59.222317,True
5226,183,732,sess_1897,purchase,2025-12-08 11:08:01.209185,True
3332,140,316,sess_1897,purchase,2026-02-22 09:51:26.186925,True
14998,902,16,sess_1898,purchase,2026-01-18 03:46:54.254569,True
11432,746,974,sess_1898,view,2026-04-12 01:50:07.237113,True
10458,878,996,sess_1899,add_to_cart,2025-09-13 23:12:15.228610,True
11274,456,929,sess_19,add_to_cart,2025-09-07 11:55:37.237113,True
7898,980,290,sess_19,purchase,2025-11-11 06:13:11.222317,True
5729,940,234,sess_190,add_to_cart,2025-11-28 07:12:48.212022,True
4636,1041,613,sess_1900,purchase,2025-07-27 10:39:16.207677,True
12891,490,25,sess_1901,add_to_cart,2025-07-24 01:50:58.242937,True
1594,1066,767,sess_1901,view,2025-08-01 02:54:04.185418,True
7207,37,1015,sess_1901,purchase,2025-11-24 02:33:14.219548,True
13505,135,952,sess_1902,add_to_cart,2025-08-08 14:26:09.245946,True
13372,1056,86,sess_1902,view,2025-11-05 07:19:16.245946,True
8673,982,778,sess_1902,add_to_cart,2026-04-04 11:36:19.226324,True
14485,745,763,sess_1902,add_to_cart,2026-04-09 08:03:29.249957,True
14462,13,167,sess_1902,purchase,2026-05-20 11:49:42.249957,True
8381,835,738,sess_1903,purchase,2025-10-31 23:19:07.224321,True
8887,714,245,sess_1903,add_to_cart,2025-11-15 05:17:39.226324,True
4284,1088,810,sess_1903,add_to_cart,2026-04-23 17:01:50.202536,True
4784,22,391,sess_1903,add_to_cart,2026-05-13 17:51:13.209185,True
12726,356,661,sess_1904,purchase,2026-04-27 09:42:59.242937,True
12433,709,96,sess_1905,purchase,2025-10-17 06:04:25.240934,True
5496,65,742,sess_1906,add_to_cart,2025-11-22 09:31:20.212022,True
14273,875,533,sess_1906,add_to_cart,2026-02-23 17:35:01.249957,True
8716,54,59,sess_1906,purchase,2026-06-06 08:02:36.226324,True
9494,159,733,sess_1907,add_to_cart,2025-11-20 09:24:36.228610,True
7234,245,1096,sess_1907,view,2026-03-12 12:49:37.219548,True
10457,280,272,sess_1907,add_to_cart,2026-03-16 05:10:30.228610,True
7160,962,220,sess_1907,purchase,2026-05-20 02:53:35.218542,True
14915,756,157,sess_1908,add_to_cart,2025-07-16 03:32:00.253968,True
1453,503,868,sess_1908,view,2025-09-17 20:48:17.183414,True
10639,514,592,sess_1908,purchase,2026-04-05 17:17:15.228610,True
7740,498,68,sess_1908,view,2026-05-15 05:28:05.222317,True
13040,1072,671,sess_1909,add_to_cart,2025-10-16 05:24:42.243940,True
11686,30,14,sess_1909,view,2026-01-04 04:29:09.238931,True
636,259,666,sess_191,purchase,2025-07-14 15:47:31.181409,True
2935,333,102,sess_191,view,2025-10-20 21:57:03.186925,True
12390,349,1007,sess_191,view,2026-01-31 08:10:38.240934,True
3302,69,821,sess_1911,view,2026-03-27 23:52:35.186925,True
28,376,112,sess_1911,purchase,2026-04-19 18:18:52.178635,True
4450,312,1092,sess_1912,view,2025-06-14 10:36:14.203543,True
14456,1072,26,sess_1912,add_to_cart,2025-07-03 21:15:54.249957,True
2809,963,582,sess_1913,add_to_cart,2025-09-08 14:33:25.186925,True
14849,59,409,sess_1913,view,2026-06-08 11:06:30.251960,True
2691,580,964,sess_1914,add_to_cart,2025-07-17 00:57:30.186925,True
5530,609,670,sess_1914,view,2026-01-20 00:46:23.212022,True
819,220,611,sess_1915,purchase,2026-03-21 17:47:25.181409,True
14624,928,153,sess_1916,purchase,2025-10-08 20:42:11.251960,True
2513,966,59,sess_1917,purchase,2026-04-04 16:35:22.186925,True
7700,194,221,sess_1918,view,2025-08-01 07:18:43.222317,True
6982,973,949,sess_1918,purchase,2025-10-07 12:21:16.216529,True
4625,394,987,sess_192,purchase,2025-07-06 07:17:13.207677,True
2523,37,959,sess_1921,purchase,2025-08-13 10:13:29.186925,True
8868,930,52,sess_1921,add_to_cart,2026-01-26 20:21:52.226324,True
1388,1040,554,sess_1921,purchase,2026-05-13 23:07:34.183414,True
8452,729,172,sess_1921,purchase,2026-06-08 00:52:17.224321,True
11949,1076,993,sess_1922,add_to_cart,2025-09-12 05:26:56.238931,True
12103,591,9,sess_1922,add_to_cart,2026-04-10 19:38:58.238931,True
7805,279,634,sess_1922,purchase,2026-05-14 02:35:16.222317,True
6707,682,49,sess_1923,add_to_cart,2025-07-18 14:08:18.216529,True
14895,463,71,sess_1923,add_to_cart,2025-10-18 01:52:49.253968,True
3592,103,539,sess_1923,add_to_cart,2025-12-30 17:30:22.186925,True
3605,965,931,sess_1924,add_to_cart,2025-10-29 04:13:58.186925,True
7356,1050,725,sess_1925,view,2026-05-23 03:02:46.219548,True
8028,713,348,sess_1926,add_to_cart,2026-02-04 11:05:43.222317,True
202,459,450,sess_1926,add_to_cart,2026-05-27 07:31:22.178635,True
3050,761,753,sess_1928,add_to_cart,2026-04-26 06:15:49.186925,True
2401,533,735,sess_1929,view,2025-09-03 13:44:10.186925,True
12127,370,8,sess_1929,purchase,2026-01-11 02:45:13.240934,True
12362,993,710,sess_193,purchase,2025-07-07 14:12:39.240934,True
10642,267,831,sess_193,view,2025-09-21 11:16:47.228610,True
6633,946,433,sess_1930,view,2026-03-05 17:02:21.216529,True
13607,1,699,sess_1932,add_to_cart,2026-05-08 17:16:27.247953,True
12291,680,434,sess_1932,add_to_cart,2026-06-09 16:43:05.240934,True
2908,301,992,sess_1933,view,2025-07-02 13:03:28.186925,True
14215,1064,872,sess_1933,add_to_cart,2025-08-07 08:08:28.249957,True
5243,844,1039,sess_1933,add_to_cart,2025-09-04 21:02:07.211204,True
8340,155,27,sess_1933,add_to_cart,2025-09-07 18:01:03.224321,True
14482,714,864,sess_1933,purchase,2025-09-11 20:57:21.249957,True
5659,1062,62,sess_1933,view,2026-04-08 13:36:52.212022,True
3410,867,843,sess_1933,purchase,2026-06-05 08:31:16.186925,True
8784,236,129,sess_1934,add_to_cart,2025-06-14 04:12:37.226324,True
13165,647,523,sess_1935,view,2025-08-09 13:09:02.245946,True
8523,108,739,sess_1935,add_to_cart,2026-01-18 08:39:23.224321,True
9505,352,107,sess_1935,purchase,2026-05-01 03:02:50.228610,True
3772,366,419,sess_1935,add_to_cart,2026-06-09 03:30:58.195433,True
12787,241,952,sess_1936,view,2025-07-20 11:23:50.242937,True
1969,52,862,sess_1936,add_to_cart,2026-03-31 22:26:10.186925,True
536,758,297,sess_1938,add_to_cart,2026-04-22 00:51:27.181409,True
198,477,578,sess_1938,purchase,2026-04-23 19:51:55.178635,True
14656,1048,686,sess_1939,purchase,2025-08-03 09:16:29.251960,True
8306,630,566,sess_1939,purchase,2025-08-19 10:44:12.224321,True
155,728,558,sess_1939,purchase,2026-06-11 06:26:25.178635,True
8558,533,793,sess_194,purchase,2026-03-01 06:58:43.224321,True
2859,311,669,sess_194,purchase,2026-06-07 23:28:59.186925,True
2708,1002,424,sess_1940,add_to_cart,2026-01-28 11:51:50.186925,True
1051,90,260,sess_1942,add_to_cart,2025-06-28 08:29:56.183414,True
7677,365,821,sess_1942,view,2025-12-05 07:53:35.222317,True
12041,185,689,sess_1942,view,2026-04-08 07:20:25.238931,True
7582,973,898,sess_1942,add_to_cart,2026-06-07 21:30:50.222317,True
1012,989,1090,sess_1943,purchase,2025-12-24 20:36:18.183414,True
14621,1033,727,sess_1944,purchase,2025-09-13 12:31:40.251960,True
8175,977,507,sess_1945,view,2026-01-15 17:36:46.224321,True
3850,880,619,sess_1946,view,2025-12-17 21:53:43.197951,True
10143,750,227,sess_1946,purchase,2026-06-10 09:35:10.228610,True
14686,1014,709,sess_1947,add_to_cart,2025-11-24 13:58:58.251960,True
3660,812,525,sess_1947,purchase,2025-12-24 01:46:26.186925,True
5507,386,1048,sess_1947,view,2026-03-25 17:01:38.212022,True
13528,125,64,sess_1948,view,2025-06-24 04:57:27.245946,True
1242,325,920,sess_1948,purchase,2025-10-14 02:21:15.183414,True
10566,578,66,sess_1949,add_to_cart,2025-09-08 17:37:15.228610,True
5270,473,673,sess_1949,view,2026-05-30 04:32:39.211509,True
7040,587,851,sess_195,purchase,2025-07-25 20:45:16.218542,True
1768,409,80,sess_195,add_to_cart,2025-09-13 14:19:22.186925,True
10314,473,902,sess_195,purchase,2026-01-20 13:58:44.228610,True
6106,115,317,sess_195,add_to_cart,2026-05-26 16:11:46.214026,True
246,201,568,sess_1950,view,2025-07-23 03:26:01.178635,True
1377,112,637,sess_1950,purchase,2025-09-07 12:26:00.183414,True
4954,774,704,sess_1950,purchase,2025-10-31 05:09:58.209185,True
10512,140,163,sess_1950,purchase,2026-02-21 18:18:59.228610,True
4042,755,593,sess_1951,view,2026-06-02 02:59:39.197951,True
4213,461,614,sess_1953,view,2025-12-05 06:29:24.199974,True
6963,541,635,sess_1954,view,2025-08-28 12:11:41.216529,True
3739,168,582,sess_1954,view,2025-09-25 00:33:56.195433,True
216,646,574,sess_1954,view,2025-11-03 00:27:04.178635,True
14058,254,432,sess_1954,view,2025-12-27 02:43:11.249957,True
6878,662,578,sess_1954,view,2026-04-26 02:32:36.216529,True
4234,646,834,sess_1955,purchase,2025-07-07 22:26:06.199974,True
2946,4,57,sess_1955,purchase,2025-09-15 15:18:15.186925,True
3713,155,316,sess_1956,view,2025-07-30 07:35:18.186925,True
4025,835,1066,sess_1956,add_to_cart,2025-09-03 11:25:05.197951,True
13989,536,853,sess_1956,view,2025-10-02 05:29:00.247953,True
2709,771,1058,sess_1956,view,2025-11-02 03:43:59.186925,True
12020,485,531,sess_1956,view,2026-04-07 23:46:06.238931,True
9420,155,4,sess_1956,view,2026-05-18 01:49:12.228610,True
11125,218,724,sess_1957,purchase,2025-10-03 07:40:01.235934,True
647,405,407,sess_1957,purchase,2025-11-02 05:54:58.181409,True
14078,332,9,sess_1958,view,2026-02-22 04:56:14.249957,True
4631,159,713,sess_1959,add_to_cart,2025-12-24 02:02:59.207677,True
3323,357,975,sess_1959,add_to_cart,2025-12-25 00:05:39.186925,True
9220,1024,822,sess_196,add_to_cart,2025-07-01 04:03:13.228610,True
14602,997,105,sess_196,add_to_cart,2025-08-16 04:17:30.251960,True
11651,478,951,sess_196,add_to_cart,2025-12-06 08:27:07.238931,True
11618,12,300,sess_196,add_to_cart,2026-03-09 11:20:56.238931,True
3755,187,834,sess_1960,add_to_cart,2025-08-22 17:20:33.195433,True
1428,1019,65,sess_1960,purchase,2026-04-21 03:06:10.183414,True
13447,549,979,sess_1960,view,2026-05-03 17:42:41.245946,True
382,10,137,sess_1961,view,2025-07-24 15:37:58.178635,True
14592,1092,925,sess_1961,view,2025-07-29 15:45:55.251960,True
14697,302,467,sess_1961,add_to_cart,2025-07-31 19:19:52.251960,True
4861,414,436,sess_1962,add_to_cart,2025-07-11 12:38:02.209185,True
5318,713,22,sess_1962,add_to_cart,2025-08-24 04:33:27.211509,True
13739,227,784,sess_1962,purchase,2025-10-24 06:44:53.247953,True
7452,950,498,sess_1963,purchase,2025-06-26 05:29:36.219548,True
11076,69,898,sess_1963,purchase,2025-10-02 14:58:18.235934,True
9691,449,373,sess_1964,view,2025-06-27 13:23:49.228610,True
12169,1067,512,sess_1964,view,2025-08-02 21:03:58.240934,True
10773,904,467,sess_1964,add_to_cart,2025-08-07 10:39:50.228610,True
3586,1030,1060,sess_1966,add_to_cart,2025-11-17 06:31:29.186925,True
2933,327,796,sess_1966,add_to_cart,2026-03-28 03:11:14.186925,True
2353,4,834,sess_1967,view,2025-06-14 14:40:20.186925,True
11017,242,830,sess_1967,view,2026-05-22 14:21:18.235934,True
5815,604,15,sess_1968,view,2025-08-26 02:33:58.212022,True
7890,559,248,sess_1969,add_to_cart,2025-09-18 07:58:55.222317,True
7899,781,995,sess_1969,add_to_cart,2025-10-30 05:50:59.222317,True
628,977,838,sess_1969,add_to_cart,2026-02-24 04:51:48.181409,True
5869,358,781,sess_1969,purchase,2026-06-05 21:30:56.214026,True
5886,538,227,sess_197,purchase,2025-09-13 00:05:31.214026,True
3512,729,247,sess_197,purchase,2026-03-03 22:54:54.186925,True
11280,856,126,sess_1971,view,2025-10-06 19:35:49.237113,True
2690,159,223,sess_1971,add_to_cart,2025-12-20 02:30:17.186925,True
4696,309,99,sess_1971,add_to_cart,2026-02-20 00:28:07.207677,True
10211,27,565,sess_1971,add_to_cart,2026-05-14 07:58:51.228610,True
2527,666,507,sess_1972,view,2025-06-14 03:06:28.186925,True
4318,909,29,sess_1972,add_to_cart,2025-06-30 09:38:32.202536,True
6319,401,592,sess_1973,purchase,2025-07-07 20:05:03.214026,True
438,249,555,sess_1973,add_to_cart,2025-12-08 17:28:43.178635,True
10862,831,935,sess_1974,add_to_cart,2025-08-08 19:47:41.228610,True
5108,208,503,sess_1975,purchase,2025-07-19 00:37:18.209185,True
5940,1092,268,sess_1975,view,2026-04-08 17:13:49.214026,True
2777,617,1084,sess_1977,add_to_cart,2025-12-22 12:22:52.186925,True
7553,1072,143,sess_1977,purchase,2026-01-24 12:55:11.219548,True
7655,382,95,sess_1977,purchase,2026-03-08 19:40:56.222317,True
242,601,593,sess_1978,view,2025-06-29 11:01:43.178635,True
8977,930,283,sess_1978,view,2025-12-15 09:39:15.226324,True
13201,211,893,sess_1979,add_to_cart,2025-12-15 01:54:12.245946,True
2882,682,364,sess_1979,add_to_cart,2026-03-19 13:44:40.186925,True
1512,602,176,sess_1979,view,2026-04-11 18:54:49.185418,True
13322,301,310,sess_1979,view,2026-04-19 00:07:26.245946,True
5791,532,901,sess_198,add_to_cart,2026-03-14 18:41:34.212022,True
8763,1038,967,sess_1980,add_to_cart,2025-11-09 20:13:28.226324,True
9729,149,63,sess_1980,view,2026-05-06 00:28:07.228610,True
6976,1005,922,sess_1981,view,2025-07-27 16:34:47.216529,True
18,758,1048,sess_1982,add_to_cart,2025-07-03 23:08:43.178635,True
9115,225,118,sess_1982,view,2025-09-25 07:26:57.228610,True
1476,985,76,sess_1983,add_to_cart,2025-10-25 23:12:23.185418,True
11212,971,592,sess_1983,add_to_cart,2026-01-25 23:12:50.237113,True
3764,889,110,sess_1984,purchase,2025-07-24 17:39:53.195433,True
13916,204,290,sess_1985,add_to_cart,2025-06-28 03:55:49.247953,True
11246,690,828,sess_1986,purchase,2025-09-26 15:41:09.237113,True
1380,1068,123,sess_1986,view,2026-03-02 22:38:50.183414,True
4632,728,324,sess_1987,view,2025-12-21 05:55:09.207677,True
11385,36,831,sess_1987,purchase,2026-04-05 02:33:49.237113,True
6651,4,735,sess_1988,view,2025-10-06 00:14:14.216529,True
749,770,204,sess_1988,view,2026-04-18 01:16:47.181409,True
3928,279,517,sess_1989,view,2025-07-26 13:32:25.197951,True
8960,509,760,sess_1989,add_to_cart,2026-04-03 06:30:49.226324,True
3636,146,729,sess_199,view,2026-02-16 04:57:13.186925,True
11552,566,193,sess_199,add_to_cart,2026-04-01 09:53:30.237113,True
9642,881,990,sess_199,add_to_cart,2026-05-06 03:07:54.228610,True
596,289,528,sess_1991,view,2025-10-07 12:24:39.181409,True
12520,348,1004,sess_1991,add_to_cart,2026-03-14 22:40:23.240934,True
1022,409,185,sess_1992,add_to_cart,2025-11-17 04:30:32.183414,True
9797,233,501,sess_1992,purchase,2026-02-27 08:02:05.228610,True
4364,817,769,sess_1993,add_to_cart,2025-07-14 15:17:36.203543,True
6924,775,722,sess_1994,add_to_cart,2026-02-09 16:37:58.216529,True
11020,49,568,sess_1994,add_to_cart,2026-05-07 00:41:07.235934,True
11954,554,54,sess_1996,purchase,2025-10-29 07:02:30.238931,True
9619,431,1092,sess_1996,purchase,2026-03-13 21:44:01.228610,True
4580,943,872,sess_1997,view,2026-05-20 00:50:53.203543,True
11824,246,139,sess_1998,view,2025-09-05 23:55:12.238931,True
6116,371,726,sess_1998,purchase,2026-04-18 19:45:26.214026,True
333,302,571,sess_1999,view,2025-07-06 23:30:12.178635,True
322,740,516,sess_1999,add_to_cart,2025-07-30 14:53:37.178635,True
10585,977,12,sess_1999,purchase,2025-08-16 09:01:23.228610,True
2975,525,382,sess_1999,purchase,2025-08-31 04:41:58.186925,True
10752,989,1,sess_20,view,2025-11-16 13:28:30.228610,True
14100,1065,498,sess_200,view,2025-10-22 22:16:06.249957,True
2414,1090,145,sess_2000,view,2025-07-25 06:16:46.186925,True
4366,141,496,sess_2000,add_to_cart,2025-08-11 08:58:46.203543,True
1243,616,347,sess_2000,purchase,2025-09-29 03:15:29.183414,True
2688,907,744,sess_2000,add_to_cart,2026-01-08 13:12:52.186925,True
7326,827,262,sess_2000,view,2026-03-17 19:13:51.219548,True
6675,752,297,sess_2000,view,2026-05-03 07:46:15.216529,True
2085,636,1020,sess_2001,add_to_cart,2025-09-23 02:28:24.186925,True
4656,958,843,sess_2001,view,2026-02-05 16:02:41.207677,True
7522,514,997,sess_2001,view,2026-03-22 22:51:44.219548,True
10556,1011,750,sess_2003,view,2025-08-02 02:18:48.228610,True
13984,270,548,sess_2003,purchase,2025-12-10 22:02:15.247953,True
4540,1081,940,sess_2003,add_to_cart,2026-04-04 17:40:58.203543,True
7622,203,81,sess_2003,add_to_cart,2026-05-18 11:35:27.222317,True
8988,961,655,sess_2005,purchase,2025-07-07 23:08:01.226324,True
14669,409,196,sess_2005,purchase,2025-10-02 17:13:43.251960,True
4252,153,9,sess_2006,purchase,2025-09-09 03:22:00.199974,True
10989,921,131,sess_2006,add_to_cart,2025-10-25 22:04:28.235934,True
2839,919,537,sess_2006,purchase,2026-02-11 01:31:24.186925,True
13439,323,215,sess_2007,add_to_cart,2025-06-19 12:05:59.245946,True
5885,270,825,sess_2008,purchase,2026-05-29 23:22:23.214026,True
4235,439,90,sess_2009,add_to_cart,2025-11-27 12:02:12.199974,True
550,592,1000,sess_201,purchase,2025-09-01 12:28:57.181409,True
2250,34,952,sess_201,add_to_cart,2025-09-28 23:28:46.186925,True
10931,480,505,sess_201,add_to_cart,2026-01-16 10:27:42.228610,True
4077,685,81,sess_201,view,2026-02-05 17:24:46.199974,True
11741,1066,552,sess_2010,add_to_cart,2025-06-12 14:38:30.238931,True
10597,737,263,sess_2010,view,2026-04-27 10:38:50.228610,True
7144,570,149,sess_2011,add_to_cart,2026-05-03 09:11:19.218542,True
5145,517,866,sess_2011,view,2026-06-05 10:38:04.209185,True
5851,542,140,sess_2012,purchase,2025-12-24 17:57:26.214026,True
4905,385,949,sess_2013,add_to_cart,2025-07-30 22:55:44.209185,True
12724,431,817,sess_2013,purchase,2026-03-11 20:13:46.242937,True
5620,546,39,sess_2014,view,2025-11-20 13:37:29.212022,True
4962,888,973,sess_2014,add_to_cart,2025-12-24 18:48:25.209185,True
8073,183,549,sess_2014,purchase,2026-05-09 23:05:36.222317,True
184,414,908,sess_2015,add_to_cart,2025-08-13 19:51:35.178635,True
5994,99,903,sess_2017,add_to_cart,2025-12-27 09:51:58.214026,True
901,651,555,sess_2017,purchase,2026-04-03 12:57:33.181409,True
5865,197,4,sess_2017,purchase,2026-05-02 22:07:36.214026,True
13606,297,926,sess_2017,add_to_cart,2026-06-08 18:45:43.247953,True
7401,562,178,sess_2019,view,2025-06-18 14:25:03.219548,True
7104,750,149,sess_202,view,2025-10-17 06:29:15.218542,True
5295,156,794,sess_202,purchase,2025-11-10 09:02:38.211509,True
13781,804,355,sess_2021,purchase,2025-06-17 16:20:12.247953,True
14236,829,1094,sess_2022,view,2025-07-06 00:34:24.249957,True
8051,417,405,sess_2022,add_to_cart,2026-03-21 21:40:34.222317,True
4942,803,1079,sess_2023,add_to_cart,2025-09-01 16:06:20.209185,True
9581,553,343,sess_2023,purchase,2026-04-27 16:17:34.228610,True
29,245,461,sess_2025,purchase,2026-03-28 12:50:27.178635,True
10058,368,606,sess_2026,view,2025-07-20 00:35:30.228610,True
739,815,461,sess_2026,add_to_cart,2026-05-14 04:21:37.181409,True
361,536,250,sess_2027,add_to_cart,2025-10-02 19:10:33.178635,True
6068,617,605,sess_2027,view,2026-01-06 07:12:21.214026,True
4870,569,783,sess_2027,add_to_cart,2026-03-27 12:50:02.209185,True
3528,461,903,sess_2027,add_to_cart,2026-06-11 02:17:29.186925,True
10542,641,480,sess_2028,add_to_cart,2025-08-22 00:42:24.228610,True
13083,123,366,sess_2028,add_to_cart,2025-11-10 04:04:03.243940,True
7879,880,138,sess_2028,view,2026-01-14 19:45:49.222317,True
4852,1082,893,sess_2029,view,2025-07-01 10:10:50.209185,True
7332,391,742,sess_2029,add_to_cart,2025-09-26 19:17:32.219548,True
7693,538,476,sess_203,view,2025-07-02 08:02:48.222317,True
276,816,390,sess_2030,view,2025-11-23 15:53:43.178635,True
13794,756,902,sess_2030,add_to_cart,2026-05-12 19:10:18.247953,True
11988,1057,194,sess_2031,add_to_cart,2026-05-31 11:13:05.238931,True
10008,1028,277,sess_2032,add_to_cart,2025-10-18 11:01:48.228610,True
8541,301,693,sess_2032,view,2026-04-17 02:33:59.224321,True
3622,942,361,sess_2032,add_to_cart,2026-04-29 03:56:35.186925,True
7248,113,58,sess_2033,view,2025-09-16 18:30:43.219548,True
14824,319,1050,sess_2033,purchase,2026-03-11 07:09:09.251960,True
7016,78,312,sess_2034,add_to_cart,2025-07-05 19:05:58.218542,True
13608,26,282,sess_2035,view,2026-06-06 20:42:05.247953,True
13645,191,963,sess_2036,add_to_cart,2026-01-11 14:19:29.247953,True
10712,371,719,sess_2037,purchase,2025-10-07 13:47:30.228610,True
6564,346,178,sess_2037,view,2026-02-18 23:28:46.216529,True
4793,821,1057,sess_2038,purchase,2026-04-15 15:10:05.209185,True
14628,743,661,sess_2038,purchase,2026-05-19 21:59:24.251960,True
11827,822,799,sess_2039,add_to_cart,2026-01-21 05:20:22.238931,True
9744,170,1082,sess_204,add_to_cart,2025-11-30 11:43:36.228610,True
11630,882,366,sess_204,view,2026-01-18 01:00:00.238931,True
13774,1016,195,sess_2040,view,2025-09-29 19:32:53.247953,True
6360,546,1099,sess_2040,view,2026-01-31 20:08:44.214026,True
13046,578,655,sess_2041,add_to_cart,2026-04-13 18:12:03.243940,True
2529,894,911,sess_2042,view,2025-07-13 11:10:38.186925,True
6683,948,288,sess_2042,purchase,2025-07-22 07:25:56.216529,True
7469,423,597,sess_2042,add_to_cart,2025-08-07 06:59:33.219548,True
976,394,352,sess_2042,view,2025-09-30 18:32:38.183414,True
6620,751,840,sess_2043,purchase,2025-10-02 06:42:16.216529,True
6740,76,775,sess_2044,view,2025-06-29 21:50:34.216529,True
7440,50,435,sess_2045,view,2026-02-08 08:36:25.219548,True
3420,1014,58,sess_2045,add_to_cart,2026-05-19 04:29:56.186925,True
3497,597,808,sess_2046,purchase,2025-12-09 17:57:41.186925,True
4325,200,885,sess_2048,add_to_cart,2025-08-31 16:51:12.202536,True
3895,408,856,sess_2048,view,2025-12-07 15:06:09.197951,True
6079,842,307,sess_2049,purchase,2026-05-04 12:23:58.214026,True
14375,193,893,sess_2049,view,2026-05-18 22:10:41.249957,True
8524,459,927,sess_2050,view,2025-06-30 22:09:58.224321,True
7267,58,195,sess_2050,purchase,2025-07-23 03:42:58.219548,True
7290,558,352,sess_2050,add_to_cart,2025-08-26 03:52:40.219548,True
2379,613,1042,sess_2050,purchase,2025-12-06 12:51:46.186925,True
729,619,877,sess_2050,add_to_cart,2026-01-23 04:59:06.181409,True
69,760,927,sess_2051,view,2025-10-07 02:23:46.178635,True
13080,154,821,sess_2051,view,2026-05-04 17:33:39.243940,True
13935,251,525,sess_2052,view,2025-06-15 09:09:15.247953,True
2286,149,687,sess_2052,add_to_cart,2025-08-01 04:15:29.186925,True
1084,313,107,sess_2052,purchase,2026-02-09 22:15:45.183414,True
7249,614,795,sess_2052,add_to_cart,2026-03-04 10:48:30.219548,True
13919,836,253,sess_2053,purchase,2025-07-12 18:14:25.247953,True
11863,141,906,sess_2053,add_to_cart,2025-07-21 09:26:45.238931,True
3392,280,112,sess_2053,add_to_cart,2025-10-31 13:44:35.186925,True
1889,19,960,sess_2054,add_to_cart,2025-07-23 04:11:33.186925,True
2697,694,471,sess_2054,add_to_cart,2026-03-23 15:16:29.186925,True
11073,716,266,sess_2054,view,2026-03-26 02:34:13.235934,True
10190,47,665,sess_2056,purchase,2025-06-28 02:10:59.228610,True
4227,245,756,sess_2056,purchase,2025-08-25 04:17:11.199974,True
13054,135,115,sess_2056,purchase,2026-01-27 01:58:37.243940,True
5432,926,77,sess_2057,purchase,2025-07-27 02:29:19.212022,True
13873,196,333,sess_2057,add_to_cart,2026-01-06 12:38:13.247953,True
5741,965,345,sess_2057,purchase,2026-05-16 00:16:02.212022,True
5997,922,447,sess_2058,view,2025-06-13 15:16:05.214026,True
8102,23,766,sess_2058,add_to_cart,2025-06-23 12:50:49.224321,True
10157,390,671,sess_2058,purchase,2026-04-03 12:17:59.228610,True
13425,335,405,sess_2060,view,2026-05-19 20:21:55.245946,True
3657,315,280,sess_2062,purchase,2025-10-19 07:29:39.186925,True
5264,899,1086,sess_2065,add_to_cart,2025-12-12 20:50:31.211509,True
6840,333,733,sess_2066,purchase,2025-08-31 21:06:55.216529,True
786,1044,957,sess_2066,purchase,2025-12-30 06:24:57.181409,True
6380,608,1016,sess_2067,view,2026-02-07 04:27:16.214026,True
8846,358,644,sess_2068,purchase,2026-01-06 03:43:37.226324,True
3054,1097,847,sess_2068,add_to_cart,2026-05-25 14:00:16.186925,True
5086,958,131,sess_2069,view,2025-06-23 22:34:48.209185,True
7869,976,42,sess_207,add_to_cart,2025-08-18 01:49:35.222317,True
10256,925,495,sess_207,purchase,2025-11-22 09:37:45.228610,True
288,596,859,sess_207,view,2026-03-29 19:42:40.178635,True
3900,492,104,sess_207,view,2026-03-30 12:40:47.197951,True
4217,627,863,sess_2070,add_to_cart,2025-09-05 21:21:09.199974,True
5857,182,841,sess_2070,view,2025-09-07 01:10:04.214026,True
11431,458,788,sess_2071,purchase,2026-02-12 09:47:36.237113,True
3564,413,73,sess_2073,add_to_cart,2025-06-19 21:57:47.186925,True
7993,498,531,sess_2073,add_to_cart,2025-09-29 08:49:47.222317,True
4338,37,1054,sess_2073,purchase,2026-01-03 11:41:49.202536,True
10504,713,1030,sess_2073,add_to_cart,2026-03-02 15:32:10.228610,True
413,259,677,sess_2074,purchase,2025-08-16 10:33:35.178635,True
11411,821,542,sess_2074,add_to_cart,2025-10-20 06:00:10.237113,True
14693,339,749,sess_2074,purchase,2025-11-29 23:57:43.251960,True
10686,802,1070,sess_2074,add_to_cart,2026-06-08 19:15:55.228610,True
5805,880,802,sess_2075,view,2025-07-23 13:02:57.212022,True
2073,619,928,sess_2075,view,2025-11-05 03:12:51.186925,True
13789,819,452,sess_2075,add_to_cart,2026-02-23 23:48:42.247953,True
13521,479,1055,sess_2075,add_to_cart,2026-03-10 16:47:13.245946,True
14136,756,392,sess_2075,view,2026-06-08 01:51:17.249957,True
4991,278,574,sess_2076,purchase,2026-06-09 08:59:09.209185,True
5543,698,581,sess_2077,add_to_cart,2025-06-17 10:15:44.212022,True
14671,420,241,sess_2079,add_to_cart,2025-10-25 14:48:17.251960,True
12055,1010,1077,sess_2079,view,2026-03-11 19:47:52.238931,True
2432,305,167,sess_2079,add_to_cart,2026-04-23 00:24:16.186925,True
7953,629,372,sess_2079,purchase,2026-06-10 21:39:39.222317,True
7859,392,486,sess_208,add_to_cart,2025-06-27 04:55:58.222317,True
2437,709,237,sess_208,add_to_cart,2026-01-23 14:28:32.186925,True
14000,80,504,sess_2080,add_to_cart,2025-06-17 22:56:09.247953,True
3186,496,134,sess_2080,view,2025-06-22 19:04:19.186925,True
14550,452,278,sess_2081,add_to_cart,2025-11-15 05:04:20.249957,True
13476,108,246,sess_2082,add_to_cart,2025-10-09 07:11:49.245946,True
2202,795,113,sess_2082,view,2025-12-12 06:40:18.186925,True
12821,637,1008,sess_2082,purchase,2026-01-03 06:37:03.242937,True
4437,586,1051,sess_2083,view,2026-01-28 22:35:04.203543,True
2201,733,962,sess_2085,purchase,2025-12-12 03:16:46.186925,True
13792,542,1099,sess_2086,view,2025-09-14 08:09:13.247953,True
9259,262,172,sess_2087,view,2025-12-01 11:45:13.228610,True
6212,1019,226,sess_2088,purchase,2026-01-13 02:21:40.214026,True
3429,118,958,sess_2088,add_to_cart,2026-06-03 01:50:36.186925,True
7527,746,1066,sess_2089,purchase,2026-01-01 22:37:14.219548,True
3164,577,272,sess_2089,purchase,2026-02-18 19:41:47.186925,True
8643,227,727,sess_2089,purchase,2026-05-11 12:12:46.226324,True
2880,207,517,sess_2089,view,2026-05-14 12:54:38.186925,True
8628,817,270,sess_2089,purchase,2026-06-07 01:40:56.226324,True
1481,619,862,sess_2089,add_to_cart,2026-06-09 22:04:46.185418,True
12148,666,379,sess_2090,add_to_cart,2025-08-15 22:38:18.240934,True
13506,164,344,sess_2090,add_to_cart,2026-02-19 03:04:10.245946,True
13355,593,610,sess_2091,add_to_cart,2026-02-06 13:04:39.245946,True
10027,564,532,sess_2091,view,2026-05-20 01:48:28.228610,True
14486,22,389,sess_2091,view,2026-06-06 05:10:17.249957,True
4761,694,806,sess_2092,purchase,2025-12-13 16:14:10.209185,True
14126,956,163,sess_2092,view,2026-04-27 22:51:24.249957,True
9999,109,975,sess_2093,view,2025-09-07 03:37:48.228610,True
5611,349,16,sess_2093,add_to_cart,2026-04-27 19:04:07.212022,True
267,412,534,sess_2094,purchase,2026-01-13 22:28:52.178635,True
280,1005,422,sess_2095,view,2025-07-23 03:32:47.178635,True
8918,308,374,sess_2095,view,2026-03-21 03:39:38.226324,True
8998,180,116,sess_2096,add_to_cart,2025-12-06 08:37:23.227826,True
4131,98,832,sess_2097,add_to_cart,2025-09-21 17:47:46.199974,True
1487,1098,697,sess_2097,purchase,2026-01-14 13:03:39.185418,True
5765,264,718,sess_2097,view,2026-05-10 08:26:30.212022,True
3103,1074,333,sess_2097,view,2026-05-20 02:35:08.186925,True
4331,581,431,sess_2098,add_to_cart,2025-06-16 18:00:42.202536,True
13724,702,489,sess_2098,purchase,2025-09-28 00:56:21.247953,True
12142,173,464,sess_2098,view,2025-10-09 20:16:59.240934,True
7665,920,582,sess_2099,add_to_cart,2025-09-16 21:17:03.222317,True
14643,200,860,sess_21,purchase,2025-08-14 21:55:02.251960,True
7514,521,141,sess_21,purchase,2025-08-17 01:31:31.219548,True
6580,994,252,sess_21,view,2025-10-24 23:13:30.216529,True
9154,948,394,sess_210,add_to_cart,2025-12-25 07:12:41.228610,True
9466,273,874,sess_2100,purchase,2025-10-22 21:05:38.228610,True
3198,224,439,sess_2100,purchase,2026-04-29 17:46:37.186925,True
8222,108,98,sess_2100,add_to_cart,2026-05-08 07:50:27.224321,True
3727,326,118,sess_2100,purchase,2026-05-21 05:21:19.195433,True
7668,431,835,sess_2101,view,2026-05-29 17:18:25.222317,True
6443,455,88,sess_2102,view,2025-11-05 10:03:28.214026,True
55,663,313,sess_2102,add_to_cart,2026-02-25 21:06:50.178635,True
10944,760,496,sess_2102,view,2026-03-09 22:26:41.228610,True
9965,61,350,sess_2103,add_to_cart,2025-07-17 05:19:02.228610,True
14982,806,1065,sess_2103,add_to_cart,2025-09-18 22:53:37.254569,True
7253,976,255,sess_2103,add_to_cart,2025-10-28 12:12:48.219548,True
3814,709,595,sess_2103,view,2026-01-31 10:28:19.195433,True
14703,21,2,sess_2103,view,2026-03-23 05:45:53.251960,True
10366,542,482,sess_2104,purchase,2026-06-03 04:18:41.228610,True
10942,225,1084,sess_2105,purchase,2026-03-20 10:46:34.228610,True
6038,821,1029,sess_2105,add_to_cart,2026-04-30 01:06:05.214026,True
10128,709,782,sess_2106,purchase,2025-08-13 18:27:14.228610,True
3511,432,873,sess_2106,view,2026-04-19 20:47:05.186925,True
4335,238,314,sess_2107,add_to_cart,2025-10-26 23:14:48.202536,True
7586,44,582,sess_2107,view,2026-05-14 16:42:00.222317,True
10221,3,409,sess_2108,purchase,2025-06-24 17:43:58.228610,True
12469,900,982,sess_2109,purchase,2025-08-26 07:24:21.240934,True
141,135,813,sess_211,purchase,2025-07-24 14:51:28.178635,True
1848,717,150,sess_2111,view,2026-03-17 17:23:43.186925,True
7028,157,882,sess_2112,view,2026-04-01 09:24:01.218542,True
14875,677,986,sess_2113,add_to_cart,2025-08-22 20:15:18.253968,True
7970,107,148,sess_2113,view,2026-01-09 01:56:31.222317,True
5787,422,1098,sess_2114,purchase,2025-09-03 04:53:04.212022,True
6985,358,961,sess_2114,add_to_cart,2025-12-25 10:29:00.216529,True
12268,980,1038,sess_2115,purchase,2025-07-08 01:27:46.240934,True
14355,206,1096,sess_2115,purchase,2025-11-30 15:12:36.249957,True
4733,961,603,sess_2116,add_to_cart,2025-08-07 10:33:45.207677,True
2325,42,322,sess_2116,purchase,2025-08-20 17:23:41.186925,True
9076,128,642,sess_2119,view,2026-01-06 01:04:16.227826,True
10898,370,772,sess_2119,purchase,2026-04-07 16:53:32.228610,True
9045,305,232,sess_212,view,2026-05-12 01:26:58.227826,True
14316,235,321,sess_2120,purchase,2025-08-17 13:22:06.249957,True
6921,974,21,sess_2120,add_to_cart,2025-09-02 04:02:47.216529,True
8971,332,335,sess_2122,view,2026-02-14 12:17:16.226324,True
1292,440,115,sess_2124,view,2026-01-20 19:03:12.183414,True
344,308,518,sess_2124,add_to_cart,2026-02-13 06:04:48.178635,True
5363,170,880,sess_2124,view,2026-04-05 09:32:50.212022,True
5657,157,79,sess_2125,purchase,2026-02-05 19:32:17.212022,True
12956,1056,238,sess_2125,add_to_cart,2026-03-06 00:53:38.243940,True
964,217,425,sess_2125,add_to_cart,2026-06-01 09:28:03.183414,True
1285,1091,972,sess_2126,add_to_cart,2025-09-03 11:44:32.183414,True
5553,118,632,sess_2126,purchase,2026-06-03 22:15:52.212022,True
9688,25,5,sess_2128,add_to_cart,2025-10-01 03:15:33.228610,True
9507,57,1051,sess_2128,add_to_cart,2025-12-23 14:30:04.228610,True
6674,804,107,sess_2129,purchase,2025-08-30 07:42:39.216529,True
11684,724,233,sess_2129,view,2026-03-09 17:08:34.238931,True
5248,293,796,sess_2130,view,2026-04-11 10:47:50.211204,True
10445,1080,457,sess_2131,view,2026-01-30 15:00:50.228610,True
13265,199,889,sess_2131,purchase,2026-04-04 07:38:27.245946,True
7697,246,798,sess_2132,add_to_cart,2025-08-09 18:19:21.222317,True
3028,535,725,sess_2133,add_to_cart,2025-10-23 18:50:57.186925,True
3840,805,605,sess_2133,view,2025-11-07 11:28:17.195433,True
5141,362,696,sess_2134,add_to_cart,2025-08-18 22:59:04.209185,True
1155,892,557,sess_2134,add_to_cart,2025-11-04 03:39:38.183414,True
13235,708,898,sess_2134,add_to_cart,2026-03-01 03:37:35.245946,True
1014,86,646,sess_2135,add_to_cart,2025-06-11 04:48:25.183414,True
14846,501,489,sess_2135,purchase,2025-07-09 16:49:26.251960,True
2001,541,581,sess_2135,view,2025-11-08 11:50:01.186925,True
14442,852,462,sess_2135,purchase,2026-05-15 17:47:06.249957,True
9557,1098,274,sess_2136,add_to_cart,2025-12-30 01:19:51.228610,True
371,1034,1046,sess_2136,view,2026-04-12 11:12:53.178635,True
7199,333,973,sess_2137,view,2025-12-10 03:16:16.219548,True
10154,993,1012,sess_2137,purchase,2026-06-11 15:06:35.228610,True
14226,145,1014,sess_2138,add_to_cart,2025-11-21 20:55:19.249957,True
14010,895,109,sess_2138,purchase,2026-02-14 05:47:14.247953,True
4527,1055,153,sess_214,view,2025-07-12 03:19:23.203543,True
11175,743,1022,sess_2140,purchase,2026-05-01 04:36:38.235934,True
5154,77,1081,sess_2141,purchase,2025-12-02 14:42:34.209185,True
14443,905,857,sess_2141,view,2025-12-14 10:54:07.249957,True
2400,530,50,sess_2141,add_to_cart,2026-01-31 06:21:42.186925,True
996,1067,960,sess_2141,view,2026-03-19 02:31:21.183414,True
9080,243,1053,sess_2142,purchase,2025-09-14 03:29:33.227826,True
8770,564,586,sess_2143,view,2025-08-16 22:25:21.226324,True
14943,209,916,sess_2143,add_to_cart,2026-06-03 02:20:17.253968,True
8196,179,403,sess_2144,add_to_cart,2025-11-05 01:50:09.224321,True
10390,705,268,sess_2144,add_to_cart,2026-01-14 06:06:08.228610,True
13945,152,123,sess_2144,purchase,2026-05-01 16:00:45.247953,True
7038,735,1033,sess_2146,view,2025-06-20 13:11:37.218542,True
14149,725,408,sess_2146,add_to_cart,2025-09-19 05:29:35.249957,True
3051,275,422,sess_2148,view,2025-07-20 12:38:28.186925,True
8863,879,917,sess_2148,purchase,2025-10-04 16:03:24.226324,True
9084,620,1013,sess_2148,view,2025-11-22 00:52:18.227826,True
10753,969,332,sess_2148,add_to_cart,2025-12-22 13:13:39.228610,True
6102,621,546,sess_2148,add_to_cart,2026-03-27 14:02:27.214026,True
10965,249,184,sess_2149,view,2025-10-08 01:22:04.235934,True
10431,746,441,sess_2149,view,2026-01-02 17:02:17.228610,True
5715,981,561,sess_215,add_to_cart,2025-12-06 13:59:03.212022,True
11108,408,658,sess_215,add_to_cart,2026-02-10 00:34:20.235934,True
4705,999,548,sess_215,view,2026-04-15 10:00:12.207677,True
537,425,734,sess_215,add_to_cart,2026-05-12 07:06:58.181409,True
3205,1084,422,sess_2150,add_to_cart,2025-08-13 08:20:19.186925,True
7609,94,327,sess_2150,purchase,2025-09-28 13:06:00.222317,True
12379,189,490,sess_2151,add_to_cart,2025-09-16 21:10:40.240934,True
12006,377,193,sess_2151,view,2026-02-28 20:06:11.238931,True
11208,592,582,sess_2152,view,2025-07-04 09:34:34.237113,True
12248,914,989,sess_2152,view,2025-08-24 02:55:33.240934,True
2160,598,44,sess_2152,purchase,2025-09-16 02:09:05.186925,True
1842,1090,149,sess_2152,view,2025-10-01 12:06:22.186925,True
8436,694,848,sess_2152,add_to_cart,2026-04-11 05:06:46.224321,True
2183,199,1010,sess_2153,add_to_cart,2026-03-05 05:30:23.186925,True
174,602,451,sess_2153,purchase,2026-05-08 11:07:27.178635,True
2713,614,428,sess_2154,purchase,2025-07-03 16:39:13.186925,True
10933,527,698,sess_2154,purchase,2025-07-30 11:24:55.228610,True
12720,64,151,sess_2154,purchase,2026-01-31 01:53:53.242937,True
14986,771,738,sess_2154,purchase,2026-04-22 21:39:09.254569,True
14680,521,13,sess_2155,purchase,2025-06-26 12:16:50.251960,True
2724,447,1049,sess_2156,view,2025-08-12 06:39:41.186925,True
5687,86,351,sess_2156,purchase,2025-08-28 10:14:33.212022,True
586,744,1031,sess_2156,add_to_cart,2026-01-28 03:07:54.181409,True
7637,276,1069,sess_2156,purchase,2026-02-23 14:03:20.222317,True
2973,761,392,sess_2156,add_to_cart,2026-03-13 15:03:34.186925,True
1611,610,573,sess_2156,add_to_cart,2026-03-28 18:00:32.185418,True
4372,620,67,sess_2157,purchase,2025-07-01 10:02:09.203543,True
10317,1072,592,sess_2157,view,2025-07-08 20:26:55.228610,True
2999,222,412,sess_2157,add_to_cart,2025-07-30 01:40:19.186925,True
3868,271,254,sess_2157,purchase,2025-08-06 13:33:17.197951,True
2418,1073,125,sess_2157,purchase,2026-03-28 23:27:09.186925,True
8599,93,901,sess_2158,purchase,2025-09-28 09:23:06.224321,True
13651,195,395,sess_216,add_to_cart,2025-08-27 06:26:02.247953,True
2169,822,244,sess_216,add_to_cart,2026-03-10 01:48:36.186925,True
14350,1011,813,sess_216,purchase,2026-03-10 22:03:23.249957,True
12657,308,135,sess_2160,view,2026-02-01 14:07:41.242937,True
9578,459,711,sess_2161,add_to_cart,2025-09-12 06:41:57.228610,True
10995,975,591,sess_2161,view,2026-03-18 07:03:45.235934,True
10763,112,344,sess_2162,view,2025-12-10 02:44:51.228610,True
3601,704,8,sess_2163,add_to_cart,2025-09-23 14:32:27.186925,True
7559,406,752,sess_2163,add_to_cart,2026-02-12 12:10:57.219548,True
6254,362,1070,sess_2163,purchase,2026-05-27 05:12:56.214026,True
14815,472,475,sess_2163,add_to_cart,2026-06-07 12:15:58.251960,True
8842,602,12,sess_2164,view,2025-12-26 22:21:58.226324,True
14713,616,103,sess_2165,purchase,2025-06-24 04:08:48.251960,True
9769,96,301,sess_2165,add_to_cart,2025-08-17 02:48:06.228610,True
12750,214,299,sess_2165,view,2025-11-18 21:23:26.242937,True
1131,359,545,sess_2166,purchase,2025-12-03 02:50:49.183414,True
7684,470,1006,sess_2167,view,2025-06-25 04:14:04.222317,True
12157,833,421,sess_2167,view,2025-10-08 11:02:27.240934,True
6048,281,574,sess_2168,add_to_cart,2025-11-19 04:39:07.214026,True
7288,458,141,sess_2168,view,2026-04-11 20:10:41.219548,True
14521,655,284,sess_217,purchase,2026-03-26 19:36:28.249957,True
776,691,828,sess_2170,view,2025-07-29 09:09:42.181409,True
6986,706,589,sess_2170,purchase,2025-11-30 18:14:10.216529,True
11622,694,609,sess_2170,view,2025-12-13 03:36:40.238931,True
7979,20,617,sess_2170,purchase,2026-02-03 07:58:25.222317,True
1297,1089,530,sess_2171,view,2025-07-25 00:58:34.183414,True
2163,283,654,sess_2171,view,2026-02-08 04:50:57.186925,True
772,274,397,sess_2171,purchase,2026-03-07 11:15:26.181409,True
12547,610,968,sess_2171,view,2026-05-03 07:41:59.240934,True
1521,147,104,sess_2172,purchase,2026-01-15 17:33:41.185418,True
554,645,1011,sess_2172,purchase,2026-05-31 10:51:50.181409,True
9240,836,904,sess_2173,add_to_cart,2025-08-24 12:16:36.228610,True
8020,614,629,sess_2173,view,2026-04-24 04:38:57.222317,True
10893,1050,828,sess_2174,add_to_cart,2025-10-18 01:11:47.228610,True
3145,149,881,sess_2174,purchase,2026-04-28 16:27:33.186925,True
4561,988,133,sess_2176,view,2025-08-28 14:01:35.203543,True
14241,12,60,sess_2176,view,2026-01-03 04:50:37.249957,True
6207,229,643,sess_2177,add_to_cart,2025-10-18 01:14:52.214026,True
2802,1073,764,sess_2177,view,2026-05-02 03:09:50.186925,True
14916,963,924,sess_2177,add_to_cart,2026-06-07 08:35:49.253968,True
6495,699,572,sess_2178,purchase,2026-04-29 16:25:37.216529,True
1560,642,146,sess_2178,view,2026-05-15 13:55:20.185418,True
217,87,972,sess_2179,purchase,2025-07-25 04:57:58.178635,True
364,590,445,sess_2179,purchase,2025-07-26 04:32:53.178635,True
3797,431,602,sess_2179,view,2025-09-24 09:43:32.195433,True
12686,1026,554,sess_2179,purchase,2026-01-18 21:32:37.242937,True
10449,277,367,sess_2179,view,2026-03-11 17:12:40.228610,True
430,723,842,sess_218,add_to_cart,2025-08-11 08:32:31.178635,True
9874,306,526,sess_218,purchase,2026-03-01 17:01:06.228610,True
14224,404,1026,sess_2180,purchase,2025-11-12 02:22:08.249957,True
10346,538,385,sess_2181,purchase,2025-09-21 12:04:11.228610,True
4180,978,20,sess_2181,view,2025-10-07 12:28:51.199974,True
6087,1040,1038,sess_2181,add_to_cart,2026-01-27 18:46:37.214026,True
10113,437,546,sess_2181,add_to_cart,2026-04-05 03:47:21.228610,True
11903,199,94,sess_2181,purchase,2026-06-08 08:13:42.238931,True
14171,883,585,sess_2182,view,2025-08-02 22:46:58.249957,True
3384,307,1071,sess_2182,view,2025-08-31 00:55:13.186925,True
2225,377,985,sess_2182,purchase,2025-09-12 10:47:26.186925,True
577,328,292,sess_2182,add_to_cart,2025-09-22 06:03:29.181409,True
4774,884,445,sess_2182,view,2026-04-22 16:09:33.209185,True
1118,59,282,sess_2182,add_to_cart,2026-04-26 05:55:18.183414,True
10754,160,531,sess_2183,view,2025-06-11 13:15:32.228610,True
11406,11,53,sess_2183,view,2026-02-27 20:11:17.237113,True
4402,272,55,sess_2183,view,2026-03-10 11:44:07.203543,True
2550,691,822,sess_2184,purchase,2025-12-06 16:56:55.186925,True
13635,453,654,sess_2185,purchase,2025-11-02 10:55:26.247953,True
4214,641,15,sess_2185,purchase,2025-12-08 15:47:15.199974,True
1095,866,655,sess_2186,add_to_cart,2025-07-14 17:12:15.183414,True
2526,889,1038,sess_2186,view,2025-08-20 22:59:51.186925,True
1192,669,339,sess_2186,add_to_cart,2025-10-23 15:22:33.183414,True
5185,409,737,sess_2186,view,2025-11-05 04:17:38.209185,True
7786,283,697,sess_2187,add_to_cart,2025-10-09 23:31:24.222317,True
12913,164,654,sess_2187,add_to_cart,2025-10-14 17:35:03.243940,True
13198,609,365,sess_2187,add_to_cart,2025-12-13 08:10:13.245946,True
3404,235,596,sess_2188,view,2026-04-27 19:33:12.186925,True
10998,517,967,sess_2189,view,2025-08-03 17:54:30.235934,True
7041,164,532,sess_2189,add_to_cart,2025-10-17 13:45:54.218542,True
735,198,26,sess_2189,view,2025-11-12 21:00:53.181409,True
6392,90,703,sess_219,add_to_cart,2026-02-04 23:41:28.214026,True
8791,33,242,sess_219,add_to_cart,2026-03-13 13:19:13.226324,True
4265,91,246,sess_2191,purchase,2025-06-12 07:05:18.199974,True
2484,170,403,sess_2191,view,2025-07-23 14:24:00.186925,True
6673,282,220,sess_2191,add_to_cart,2025-07-29 04:34:07.216529,True
7242,621,769,sess_2192,purchase,2026-03-07 20:02:14.219548,True
3835,773,461,sess_2192,view,2026-03-31 13:52:08.195433,True
13141,140,458,sess_2193,view,2025-11-28 00:10:09.245946,True
4907,494,1084,sess_2194,purchase,2025-07-19 01:36:37.209185,True
12980,1062,618,sess_2194,view,2025-11-08 17:03:32.243940,True
10118,716,564,sess_2195,purchase,2025-10-09 01:05:20.228610,True
10062,529,130,sess_2195,add_to_cart,2026-02-12 10:58:29.228610,True
469,586,547,sess_2195,add_to_cart,2026-05-22 22:56:05.181409,True
7446,405,870,sess_2196,view,2025-09-04 15:51:18.219548,True
12517,598,537,sess_2196,add_to_cart,2025-09-28 20:27:37.240934,True
12825,100,924,sess_2196,purchase,2026-02-17 05:53:08.242937,True
10872,927,685,sess_2197,purchase,2025-08-19 13:30:31.228610,True
2490,897,2,sess_2197,purchase,2026-04-22 14:20:00.186925,True
3475,534,250,sess_2198,view,2025-09-29 20:04:44.186925,True
3830,844,690,sess_2198,add_to_cart,2025-10-04 05:13:30.195433,True
12592,773,413,sess_2198,add_to_cart,2025-10-22 03:57:51.240934,True
9748,687,777,sess_2198,view,2026-01-11 05:22:50.228610,True
9732,1028,623,sess_2198,purchase,2026-04-14 21:56:46.228610,True
4230,489,835,sess_2199,add_to_cart,2025-07-02 06:01:11.199974,True
8262,678,554,sess_2199,add_to_cart,2025-11-28 20:30:49.224321,True
956,272,25,sess_2199,purchase,2026-02-04 05:33:59.183414,True
3985,327,548,sess_2199,view,2026-03-23 01:34:01.197951,True
2038,1032,78,sess_2199,add_to_cart,2026-04-27 09:37:33.186925,True
7926,372,936,sess_22,purchase,2025-06-23 03:06:42.222317,True
3760,489,1080,sess_22,add_to_cart,2025-07-30 13:26:39.195433,True
14725,534,612,sess_22,purchase,2025-08-16 12:07:43.251960,True
5698,626,320,sess_22,add_to_cart,2026-01-15 08:41:15.212022,True
11485,409,91,sess_22,add_to_cart,2026-05-26 00:27:39.237113,True
3235,930,425,sess_220,add_to_cart,2025-12-12 14:11:01.186925,True
1312,723,524,sess_220,purchase,2026-02-08 21:22:31.183414,True
13998,384,683,sess_220,add_to_cart,2026-03-06 15:00:18.247953,True
13963,891,774,sess_220,view,2026-04-11 01:36:49.247953,True
70,112,1000,sess_2200,add_to_cart,2025-12-18 01:01:50.178635,True
7048,107,117,sess_2200,purchase,2026-01-26 04:03:20.218542,True
6030,552,120,sess_2200,add_to_cart,2026-01-28 09:30:23.214026,True
10316,26,368,sess_2201,add_to_cart,2025-06-15 07:19:08.228610,True
13147,389,822,sess_2201,purchase,2025-09-01 10:36:19.245946,True
14708,603,41,sess_2201,add_to_cart,2025-10-14 04:45:29.251960,True
639,487,442,sess_2201,view,2026-03-20 23:01:08.181409,True
6169,715,743,sess_2201,purchase,2026-03-29 20:03:53.214026,True
3675,780,312,sess_2203,view,2025-08-09 14:24:11.186925,True
9975,867,892,sess_2203,add_to_cart,2025-10-18 21:44:40.228610,True
6324,317,1094,sess_2203,view,2025-12-10 04:12:33.214026,True
14862,11,627,sess_2204,purchase,2025-12-25 07:26:21.253968,True
805,366,146,sess_2204,add_to_cart,2026-04-19 11:50:02.181409,True
10075,535,998,sess_2205,purchase,2026-01-22 18:12:03.228610,True
1016,1081,305,sess_2205,add_to_cart,2026-01-31 20:56:51.183414,True
8445,310,321,sess_2206,purchase,2025-11-25 18:27:53.224321,True
11412,562,829,sess_2206,add_to_cart,2026-01-05 05:45:13.237113,True
13759,11,1009,sess_2206,purchase,2026-01-09 10:14:07.247953,True
8518,233,705,sess_2206,view,2026-02-18 18:29:21.224321,True
3902,490,329,sess_2206,add_to_cart,2026-03-13 18:42:24.197951,True
2409,298,719,sess_2207,add_to_cart,2026-01-16 05:48:57.186925,True
10170,1045,920,sess_2207,purchase,2026-03-07 14:31:48.228610,True
8532,89,463,sess_2208,add_to_cart,2025-10-11 07:06:51.224321,True
13775,363,339,sess_2209,purchase,2026-02-28 06:33:17.247953,True
12683,175,504,sess_2209,add_to_cart,2026-03-08 07:14:03.242937,True
4229,102,259,sess_2209,view,2026-04-11 20:18:01.199974,True
7908,761,52,sess_221,purchase,2025-07-25 04:36:23.222317,True
12185,1052,155,sess_221,add_to_cart,2025-10-29 22:16:59.240934,True
7464,467,133,sess_221,purchase,2026-02-27 20:25:58.219548,True
9057,800,366,sess_221,view,2026-05-14 05:46:39.227826,True
4149,795,1092,sess_221,view,2026-05-29 02:40:50.199974,True
13039,699,957,sess_2210,view,2025-06-28 18:07:06.243940,True
6199,534,257,sess_2210,view,2025-07-05 14:15:15.214026,True
9952,96,558,sess_2210,add_to_cart,2025-07-22 20:08:04.228610,True
1793,261,820,sess_2210,add_to_cart,2025-08-11 04:51:44.186925,True
2322,36,588,sess_2210,purchase,2025-08-20 18:21:22.186925,True
8180,209,899,sess_2210,view,2026-01-06 22:14:03.224321,True
14657,34,626,sess_2210,add_to_cart,2026-01-13 10:37:00.251960,True
8578,352,779,sess_2212,add_to_cart,2025-09-30 08:13:34.224321,True
8615,569,274,sess_2212,add_to_cart,2026-02-01 16:18:28.226324,True
704,251,513,sess_2212,view,2026-03-31 11:00:45.181409,True
6242,345,560,sess_2213,view,2026-01-26 14:18:49.214026,True
13429,850,971,sess_2214,add_to_cart,2025-11-06 00:38:00.245946,True
1691,417,9,sess_2214,add_to_cart,2026-01-09 23:06:29.185418,True
7848,24,7,sess_2214,add_to_cart,2026-03-11 01:32:22.222317,True
2499,1003,767,sess_2214,add_to_cart,2026-05-01 17:23:06.186925,True
10734,379,383,sess_2215,add_to_cart,2025-08-19 09:54:31.228610,True
3833,579,858,sess_2215,purchase,2026-02-19 03:09:31.195433,True
11454,480,145,sess_2215,view,2026-04-30 20:23:22.237113,True
13860,819,142,sess_2216,add_to_cart,2026-01-16 14:40:32.247953,True
2945,527,345,sess_2216,purchase,2026-04-29 12:23:43.186925,True
14526,601,880,sess_2217,purchase,2025-09-29 10:19:22.249957,True
2133,396,298,sess_2217,add_to_cart,2026-05-17 08:21:26.186925,True
611,815,511,sess_2218,purchase,2026-01-03 11:46:53.181409,True
2577,827,532,sess_2219,purchase,2025-10-03 16:31:43.186925,True
14974,475,1011,sess_2219,view,2025-10-28 09:30:53.253968,True
14430,1053,144,sess_222,add_to_cart,2025-07-13 07:18:06.249957,True
2078,584,306,sess_222,purchase,2026-01-25 04:13:40.186925,True
5558,341,532,sess_222,purchase,2026-03-18 16:13:42.212022,True
5225,745,903,sess_2220,add_to_cart,2025-08-18 07:54:07.209185,True
6166,772,516,sess_2220,purchase,2026-03-07 18:23:25.214026,True
10116,863,963,sess_2221,purchase,2025-06-20 20:06:08.228610,True
5498,1097,561,sess_2221,add_to_cart,2025-08-10 04:04:16.212022,True
12644,197,523,sess_2221,add_to_cart,2025-08-20 16:21:56.242937,True
6318,428,1019,sess_2221,purchase,2025-11-16 03:00:10.214026,True
9665,239,780,sess_2221,add_to_cart,2026-01-14 12:00:20.228610,True
8432,935,1029,sess_2222,view,2026-02-20 02:52:39.224321,True
8118,113,849,sess_2223,purchase,2025-11-25 00:38:07.224321,True
6911,870,573,sess_2223,view,2026-04-20 15:07:21.216529,True
6153,647,277,sess_2224,add_to_cart,2025-12-28 18:03:14.214026,True
12511,296,261,sess_2224,purchase,2026-01-13 11:53:45.240934,True
4470,178,320,sess_2224,add_to_cart,2026-03-03 10:29:59.203543,True
11271,1098,832,sess_2224,view,2026-03-24 08:18:33.237113,True
13310,639,1048,sess_2226,add_to_cart,2026-02-12 08:16:23.245946,True
2269,534,543,sess_2228,purchase,2026-05-28 01:07:14.186925,True
8985,980,567,sess_2229,view,2025-07-03 05:51:09.226324,True
12828,1100,459,sess_2229,add_to_cart,2025-12-29 22:53:08.242937,True
575,552,171,sess_223,add_to_cart,2025-12-28 08:23:00.181409,True
6109,987,950,sess_223,purchase,2026-03-15 07:33:37.214026,True
2483,447,1022,sess_2230,add_to_cart,2026-03-15 03:55:20.186925,True
4691,22,895,sess_2230,add_to_cart,2026-04-15 10:26:45.207677,True
13136,567,613,sess_2231,view,2026-03-17 19:53:45.245946,True
10376,797,1032,sess_2231,view,2026-05-22 00:38:22.228610,True
9238,734,932,sess_2232,purchase,2025-08-29 06:57:45.228610,True
1091,461,747,sess_2233,view,2026-02-12 22:38:04.183414,True
8252,258,467,sess_2234,add_to_cart,2026-02-02 11:20:47.224321,True
12534,1094,915,sess_2235,purchase,2025-12-06 09:30:06.240934,True
10381,586,747,sess_2236,purchase,2026-02-28 14:05:23.228610,True
14270,695,636,sess_2237,add_to_cart,2025-06-11 08:20:19.249957,True
10191,24,558,sess_2237,add_to_cart,2025-08-16 06:22:04.228610,True
14964,378,425,sess_2237,add_to_cart,2026-04-13 11:24:18.253968,True
2237,510,488,sess_2237,add_to_cart,2026-05-06 00:07:13.186925,True
11257,1094,444,sess_2238,add_to_cart,2025-09-09 18:10:22.237113,True
11500,246,72,sess_2238,purchase,2025-10-01 22:58:56.237113,True
7428,109,224,sess_2238,purchase,2025-11-27 17:50:16.219548,True
7810,157,1099,sess_2239,add_to_cart,2025-11-07 20:18:24.222317,True
8449,950,102,sess_2239,view,2025-12-26 07:29:18.224321,True
2124,742,160,sess_2239,view,2026-06-03 15:41:32.186925,True
6268,67,793,sess_224,add_to_cart,2025-12-27 18:47:41.214026,True
1275,615,632,sess_224,purchase,2026-03-20 10:53:51.183414,True
12649,654,522,sess_224,add_to_cart,2026-03-26 09:41:05.242937,True
10363,166,336,sess_224,purchase,2026-05-07 07:59:11.228610,True
2442,644,554,sess_2240,purchase,2025-10-20 08:04:30.186925,True
9504,633,278,sess_2241,view,2025-12-25 14:47:22.228610,True
12559,116,570,sess_2242,add_to_cart,2026-04-16 00:21:38.240934,True
10784,914,1005,sess_2244,add_to_cart,2025-12-26 21:40:45.228610,True
4700,354,596,sess_2244,view,2026-05-30 05:37:28.207677,True
5052,749,830,sess_2244,view,2026-06-11 21:55:19.209185,True
14137,761,463,sess_2245,add_to_cart,2025-07-24 22:48:53.249957,True
12581,24,425,sess_2245,add_to_cart,2025-07-27 04:05:00.240934,True
12948,633,997,sess_2245,add_to_cart,2025-12-18 01:02:45.243940,True
5537,359,260,sess_2245,view,2026-01-03 07:57:35.212022,True
10049,289,477,sess_2245,purchase,2026-02-01 03:59:46.228610,True
13498,506,834,sess_2246,purchase,2025-06-17 17:20:14.245946,True
1008,209,649,sess_2246,purchase,2025-06-27 11:40:54.183414,True
4658,113,837,sess_2246,add_to_cart,2025-08-04 08:08:37.207677,True
3784,10,757,sess_2246,add_to_cart,2026-01-25 07:14:20.195433,True
2277,822,333,sess_2249,add_to_cart,2025-10-09 13:13:49.186925,True
5093,727,756,sess_2249,purchase,2026-02-05 01:58:44.209185,True
12302,965,5,sess_225,add_to_cart,2025-09-05 05:57:15.240934,True
5038,901,58,sess_2250,view,2025-12-09 11:48:22.209185,True
7258,1064,757,sess_2251,purchase,2025-06-27 21:13:23.219548,True
8200,134,929,sess_2252,view,2026-04-04 07:04:27.224321,True
4414,267,488,sess_2253,view,2026-05-01 11:11:39.203543,True
11218,322,752,sess_2254,purchase,2025-08-25 22:32:16.237113,True
13875,306,1079,sess_2254,purchase,2025-10-03 08:02:34.247953,True
4389,1085,1063,sess_2254,add_to_cart,2026-01-25 06:34:47.203543,True
457,1000,116,sess_2255,view,2025-07-06 15:19:42.181409,True
888,84,340,sess_2256,add_to_cart,2026-05-31 00:47:44.181409,True
9017,391,858,sess_2257,add_to_cart,2026-03-06 00:30:01.227826,True
6381,625,682,sess_2257,add_to_cart,2026-03-22 15:19:29.214026,True
14570,928,383,sess_2259,view,2025-07-09 07:49:58.249957,True
10745,1091,765,sess_2259,view,2025-10-12 21:41:45.228610,True
9354,934,1079,sess_2259,add_to_cart,2026-01-18 13:54:48.228610,True
11786,800,605,sess_2259,view,2026-01-24 04:12:23.238931,True
4152,154,951,sess_226,view,2025-09-26 16:11:38.199974,True
2186,384,1039,sess_2260,view,2026-05-18 07:54:40.186925,True
12664,1031,559,sess_2261,add_to_cart,2025-09-19 10:07:49.242937,True
403,349,838,sess_2261,add_to_cart,2025-10-14 22:38:08.178635,True
3687,590,948,sess_2261,purchase,2025-10-20 21:02:12.186925,True
6198,775,975,sess_2261,purchase,2026-04-15 00:06:52.214026,True
12037,253,778,sess_2261,purchase,2026-06-01 17:12:32.238931,True
13665,598,230,sess_2263,view,2025-10-22 21:42:13.247953,True
2774,403,169,sess_2263,view,2026-03-22 05:29:12.186925,True
9986,380,286,sess_2263,view,2026-05-05 04:29:32.228610,True
2423,847,396,sess_2265,view,2025-12-06 19:30:00.186925,True
4138,748,1031,sess_2265,view,2026-01-01 04:33:33.199974,True
11178,322,666,sess_2265,purchase,2026-05-01 15:26:45.235934,True
10565,829,1038,sess_2265,add_to_cart,2026-05-05 23:00:25.228610,True
12861,269,446,sess_2266,view,2026-02-14 14:39:40.242937,True
14563,210,752,sess_2267,view,2025-07-16 23:50:14.249957,True
2358,974,381,sess_2267,add_to_cart,2025-09-19 06:57:53.186925,True
9807,553,302,sess_2268,add_to_cart,2026-02-16 04:01:23.228610,True
11330,1081,35,sess_2269,view,2026-02-15 09:22:04.237113,True
8456,825,28,sess_227,view,2025-06-27 06:38:05.224321,True
4223,839,856,sess_227,purchase,2026-04-15 19:23:54.199974,True
2696,598,952,sess_2270,add_to_cart,2025-08-10 22:23:58.186925,True
2585,400,576,sess_2271,view,2026-03-13 05:19:29.186925,True
3810,869,850,sess_2273,view,2025-06-29 22:04:08.195433,True
8759,746,666,sess_2273,view,2026-03-22 02:57:20.226324,True
3616,98,869,sess_2273,purchase,2026-05-24 01:27:41.186925,True
13624,849,888,sess_2274,add_to_cart,2025-11-27 13:06:44.247953,True
14809,163,1013,sess_2274,view,2025-12-03 10:14:30.251960,True
10980,445,494,sess_2276,purchase,2026-01-13 19:19:03.235934,True
7136,924,864,sess_2276,purchase,2026-01-24 07:20:56.218542,True
7560,626,433,sess_2278,purchase,2025-10-17 03:27:48.219548,True
14374,708,624,sess_2278,view,2025-12-05 13:53:46.249957,True
1480,432,285,sess_2278,purchase,2026-02-04 16:15:03.185418,True
12882,988,657,sess_2278,add_to_cart,2026-04-11 14:19:36.242937,True
11098,1092,521,sess_2279,view,2025-10-25 12:56:50.235934,True
13224,708,821,sess_2279,add_to_cart,2025-11-19 09:31:43.245946,True
12489,785,366,sess_228,add_to_cart,2025-12-11 19:57:32.240934,True
9184,982,403,sess_228,view,2026-01-16 13:49:35.228610,True
6864,388,588,sess_228,view,2026-06-04 16:51:35.216529,True
5775,770,407,sess_2280,add_to_cart,2025-07-10 21:41:38.212022,True
2578,438,985,sess_2281,add_to_cart,2025-06-29 19:01:01.186925,True
8356,129,73,sess_2281,view,2025-07-15 02:34:23.224321,True
10292,127,125,sess_2281,purchase,2025-09-22 04:11:29.228610,True
4244,486,374,sess_2281,add_to_cart,2025-09-30 02:10:49.199974,True
1054,643,490,sess_2281,purchase,2025-12-23 14:36:54.183414,True
14279,963,534,sess_2281,purchase,2026-01-03 12:25:45.249957,True
6524,947,767,sess_2281,purchase,2026-04-22 22:46:18.216529,True
3703,189,851,sess_2282,view,2025-12-28 01:26:14.186925,True
3127,19,573,sess_2283,purchase,2025-10-02 19:55:19.186925,True
14166,577,854,sess_2284,view,2025-07-27 06:18:59.249957,True
11835,759,615,sess_2284,view,2025-08-23 23:39:32.238931,True
11167,948,645,sess_2284,purchase,2025-11-02 02:18:21.235934,True
10760,242,467,sess_2284,view,2026-05-02 01:11:28.228610,True
14720,514,1006,sess_2286,add_to_cart,2025-06-19 18:44:14.251960,True
5327,329,1026,sess_2286,add_to_cart,2025-08-06 18:21:43.211509,True
3461,915,408,sess_2287,purchase,2026-03-20 17:11:55.186925,True
1436,1045,117,sess_2288,add_to_cart,2026-03-07 02:59:44.183414,True
13744,356,535,sess_229,purchase,2026-04-12 14:22:19.247953,True
92,1016,22,sess_229,add_to_cart,2026-06-06 15:46:52.178635,True
103,283,55,sess_2290,purchase,2026-04-11 11:40:27.178635,True
1589,1073,453,sess_2291,purchase,2025-09-11 11:55:14.185418,True
12983,28,13,sess_2291,add_to_cart,2026-01-17 14:00:14.243940,True
3088,31,326,sess_2291,add_to_cart,2026-01-18 22:04:03.186925,True
4093,346,1091,sess_2291,view,2026-01-20 08:26:05.199974,True
10218,207,914,sess_2291,view,2026-02-15 17:24:34.228610,True
8245,883,886,sess_2291,view,2026-03-06 01:18:37.224321,True
2219,810,1058,sess_2291,purchase,2026-04-05 16:49:46.186925,True
872,670,780,sess_2291,add_to_cart,2026-05-23 04:50:54.181409,True
13030,313,761,sess_2293,purchase,2025-07-10 04:56:19.243940,True
14696,857,1065,sess_2293,purchase,2025-11-09 02:00:35.251960,True
6492,101,164,sess_2293,purchase,2026-04-29 16:42:50.216529,True
11281,597,19,sess_2294,view,2025-07-26 18:11:28.237113,True
2753,1029,273,sess_2294,add_to_cart,2026-04-08 21:45:16.186925,True
8737,583,347,sess_2294,purchase,2026-05-04 13:42:27.226324,True
1910,287,943,sess_2295,add_to_cart,2025-07-20 22:31:18.186925,True
14424,249,235,sess_2295,view,2026-02-05 13:34:22.249957,True
6219,61,982,sess_2295,purchase,2026-04-08 07:29:32.214026,True
9371,243,995,sess_2295,view,2026-05-14 17:42:31.228610,True
9331,244,219,sess_2296,purchase,2025-12-27 19:52:52.228610,True
925,673,681,sess_2296,add_to_cart,2026-01-26 23:10:59.181409,True
14216,510,1011,sess_2296,purchase,2026-03-01 02:24:09.249957,True
2327,461,523,sess_2296,purchase,2026-03-31 01:00:00.186925,True
5201,705,331,sess_2297,view,2025-08-24 19:37:15.209185,True
5389,978,526,sess_2297,add_to_cart,2025-09-03 05:37:06.212022,True
9553,682,161,sess_2297,add_to_cart,2026-04-07 21:56:54.228610,True
9976,629,294,sess_2297,add_to_cart,2026-05-04 20:08:29.228610,True
4926,376,696,sess_2298,view,2025-12-12 08:13:26.209185,True
275,340,375,sess_2298,add_to_cart,2025-12-17 10:05:29.178635,True
1684,1046,563,sess_2298,add_to_cart,2026-04-26 17:14:04.185418,True
6274,772,805,sess_2299,add_to_cart,2025-12-07 00:12:59.214026,True
9236,1011,837,sess_2299,add_to_cart,2026-04-23 05:41:04.228610,True
527,684,909,sess_2299,add_to_cart,2026-05-11 03:57:35.181409,True
286,84,356,sess_23,purchase,2026-01-09 20:26:08.178635,True
11030,362,547,sess_23,purchase,2026-02-16 10:05:53.235934,True
8065,33,939,sess_23,view,2026-04-04 02:05:48.222317,True
9537,293,142,sess_23,purchase,2026-05-30 17:39:54.228610,True
5817,778,87,sess_23,add_to_cart,2026-06-09 10:01:51.212022,True
3023,486,859,sess_230,add_to_cart,2025-12-20 19:48:50.186925,True
11019,1066,92,sess_230,purchase,2026-04-24 10:36:06.235934,True
11960,936,759,sess_2300,add_to_cart,2026-05-16 11:38:33.238931,True
10248,851,281,sess_2301,view,2025-06-14 10:24:47.228610,True
9051,135,682,sess_2301,purchase,2025-08-08 02:44:30.227826,True
6275,552,724,sess_2301,purchase,2025-11-21 04:11:46.214026,True
11603,536,303,sess_2301,add_to_cart,2026-04-10 21:22:58.238931,True
9606,19,35,sess_2301,purchase,2026-05-29 16:18:17.228610,True
7556,1068,512,sess_2302,add_to_cart,2026-03-19 10:52:10.219548,True
6799,100,25,sess_2302,add_to_cart,2026-05-20 06:10:11.216529,True
11207,23,1006,sess_2303,view,2025-08-30 14:03:56.237113,True
13168,318,668,sess_2303,view,2025-09-22 10:19:12.245946,True
792,912,309,sess_2303,purchase,2025-09-30 20:05:51.181409,True
9291,302,898,sess_2303,purchase,2025-12-14 09:52:36.228610,True
2153,681,560,sess_2305,view,2026-06-05 22:30:52.186925,True
2155,562,368,sess_2306,add_to_cart,2026-04-15 08:25:44.186925,True
14997,1092,910,sess_2307,add_to_cart,2025-07-25 22:16:25.254569,True
10004,627,590,sess_2307,add_to_cart,2026-05-15 23:35:37.228610,True
10142,1077,814,sess_2308,view,2025-07-24 06:37:44.228610,True
9388,54,907,sess_2308,purchase,2025-08-05 19:38:13.228610,True
9087,322,440,sess_2309,purchase,2025-07-30 10:54:46.227826,True
7543,890,483,sess_2309,add_to_cart,2025-12-26 12:20:24.219548,True
14548,1035,570,sess_2309,purchase,2026-01-08 03:44:26.249957,True
7303,130,196,sess_2309,view,2026-01-26 10:54:52.219548,True
4736,639,505,sess_231,purchase,2025-09-22 06:50:07.207677,True
14476,336,37,sess_231,view,2025-10-19 16:35:07.249957,True
14459,483,166,sess_2310,view,2025-09-17 01:58:36.249957,True
868,640,525,sess_2311,add_to_cart,2025-08-10 04:10:53.181409,True
3684,404,669,sess_2311,purchase,2026-04-24 16:26:37.186925,True
12187,1004,888,sess_2312,purchase,2025-06-15 14:03:23.240934,True
2570,702,992,sess_2312,add_to_cart,2025-06-20 02:58:01.186925,True
6487,703,485,sess_2312,add_to_cart,2025-07-24 04:44:17.216529,True
2430,456,1028,sess_2312,view,2026-03-01 11:16:30.186925,True
816,716,20,sess_2312,purchase,2026-03-19 15:13:37.181409,True
2453,242,712,sess_2313,add_to_cart,2025-07-30 22:55:03.186925,True
2554,186,71,sess_2313,view,2025-10-11 03:50:58.186925,True
6813,646,123,sess_2313,purchase,2025-11-22 02:26:25.216529,True
9950,93,296,sess_2315,view,2025-10-04 07:21:29.228610,True
241,1000,854,sess_2315,add_to_cart,2026-02-17 05:03:30.178635,True
10171,99,414,sess_2315,purchase,2026-04-25 22:11:34.228610,True
5662,727,484,sess_2316,add_to_cart,2026-05-12 22:24:51.212022,True
12393,528,267,sess_2317,purchase,2025-08-16 11:46:58.240934,True
401,757,497,sess_2317,add_to_cart,2026-03-27 15:04:34.178635,True
4038,641,587,sess_2318,add_to_cart,2025-06-13 13:17:48.197951,True
6573,187,748,sess_2318,purchase,2025-11-02 00:11:51.216529,True
11398,654,397,sess_2319,view,2025-10-12 01:55:36.237113,True
12888,634,369,sess_2319,purchase,2025-10-16 13:06:24.242937,True
9803,812,808,sess_2319,view,2026-04-16 15:47:20.228610,True
7536,833,673,sess_2319,add_to_cart,2026-06-11 05:36:42.219548,True
7575,26,788,sess_232,view,2025-09-10 01:36:22.219548,True
14514,1079,154,sess_232,purchase,2025-10-04 10:13:52.249957,True
433,478,723,sess_2320,add_to_cart,2025-08-03 01:26:29.178635,True
8915,349,1044,sess_2320,purchase,2026-03-06 18:14:47.226324,True
1423,992,1073,sess_2320,purchase,2026-04-28 06:40:53.183414,True
9379,646,689,sess_2322,view,2025-07-01 09:02:51.228610,True
81,804,625,sess_2324,add_to_cart,2025-08-12 18:56:01.178635,True
6367,145,877,sess_2324,purchase,2026-05-05 13:42:24.214026,True
5195,794,50,sess_2325,add_to_cart,2025-09-04 09:08:33.209185,True
14887,908,78,sess_2325,purchase,2025-10-05 01:13:05.253968,True
14712,134,1034,sess_2325,view,2026-02-12 00:22:13.251960,True
3707,602,175,sess_2326,view,2025-07-15 06:51:05.186925,True
12609,58,726,sess_2326,view,2026-05-03 04:27:17.240934,True
12766,290,652,sess_2327,add_to_cart,2025-07-14 16:53:40.242937,True
8776,867,2,sess_2327,add_to_cart,2026-01-30 00:32:09.226324,True
3422,798,117,sess_2328,purchase,2025-10-04 12:52:07.186925,True
3287,375,726,sess_2328,add_to_cart,2025-11-02 14:14:20.186925,True
2657,91,1077,sess_2328,purchase,2026-03-09 23:15:28.186925,True
2474,258,853,sess_2328,view,2026-04-01 11:35:27.186925,True
10105,125,978,sess_2329,view,2025-08-02 03:30:18.228610,True
5647,1097,809,sess_233,purchase,2025-11-30 15:38:45.212022,True
10223,124,717,sess_2331,purchase,2025-08-02 00:05:09.228610,True
5958,811,597,sess_2332,view,2025-06-24 19:48:14.214026,True
6522,83,986,sess_2332,view,2026-04-21 16:01:37.216529,True
1716,765,1027,sess_2334,view,2025-07-10 10:02:43.186925,True
7224,240,714,sess_2334,purchase,2025-12-22 12:20:37.219548,True
8950,36,1082,sess_2335,add_to_cart,2025-08-18 19:33:26.226324,True
8854,186,671,sess_2335,add_to_cart,2025-10-23 09:02:02.226324,True
6541,819,485,sess_2336,purchase,2026-03-17 07:02:35.216529,True
13705,468,596,sess_2336,view,2026-05-28 20:08:40.247953,True
14230,174,1084,sess_2337,view,2025-10-16 01:29:06.249957,True
326,903,497,sess_2337,view,2025-11-24 23:28:34.178635,True
9104,1089,759,sess_2337,view,2026-05-14 03:04:22.228610,True
13153,242,799,sess_2338,add_to_cart,2025-09-16 23:59:50.245946,True
11375,549,119,sess_2338,add_to_cart,2026-05-18 05:16:45.237113,True
7792,27,1031,sess_2339,add_to_cart,2025-07-11 11:02:06.222317,True
13487,367,284,sess_2339,add_to_cart,2026-04-21 14:45:12.245946,True
8041,334,185,sess_234,view,2025-07-14 11:28:24.222317,True
14039,334,747,sess_234,view,2026-03-01 21:11:40.247953,True
5487,131,504,sess_2340,purchase,2026-04-24 10:36:38.212022,True
8193,155,669,sess_2341,purchase,2026-02-13 07:22:26.224321,True
5338,4,270,sess_2342,purchase,2025-07-02 18:29:00.212022,True
13938,1031,139,sess_2344,add_to_cart,2026-05-13 00:34:29.247953,True
8889,698,111,sess_2345,purchase,2025-06-15 16:34:37.226324,True
13684,622,424,sess_2345,purchase,2025-10-08 07:13:08.247953,True
9425,272,671,sess_2345,view,2025-12-09 21:20:14.228610,True
3730,914,532,sess_2345,purchase,2026-05-20 13:42:14.195433,True
4956,143,976,sess_2346,purchase,2025-06-13 20:29:55.209185,True
7361,325,628,sess_2346,purchase,2025-06-30 14:57:46.219548,True
10756,1078,506,sess_2346,purchase,2025-07-09 11:57:16.228610,True
8755,1049,190,sess_2346,add_to_cart,2025-09-22 14:56:40.226324,True
3508,627,89,sess_2346,view,2025-10-09 08:04:45.186925,True
8688,975,1005,sess_2347,purchase,2025-08-03 09:55:29.226324,True
699,1057,798,sess_2347,add_to_cart,2025-12-28 20:15:56.181409,True
6131,286,192,sess_2347,add_to_cart,2026-05-25 05:48:53.214026,True
8244,512,931,sess_2347,purchase,2026-06-01 15:56:16.224321,True
3841,797,500,sess_2348,add_to_cart,2025-08-09 04:14:41.195433,True
4340,1025,73,sess_235,view,2026-05-13 13:10:55.202536,True
5933,923,458,sess_2350,add_to_cart,2025-11-16 06:03:25.214026,True
3212,870,471,sess_2350,add_to_cart,2026-05-12 21:40:06.186925,True
4562,250,950,sess_2351,view,2025-07-01 15:52:02.203543,True
7988,527,644,sess_2351,purchase,2025-07-22 09:40:52.222317,True
4164,623,43,sess_2352,view,2026-04-26 23:56:48.199974,True
7474,687,534,sess_2355,view,2025-08-01 14:32:18.219548,True
5579,62,907,sess_2355,add_to_cart,2026-02-20 21:29:32.212022,True
8105,1028,810,sess_2356,add_to_cart,2025-06-22 21:28:20.224321,True
8787,255,272,sess_2356,purchase,2026-01-29 02:51:53.226324,True
7001,957,118,sess_2356,view,2026-02-20 20:01:43.216529,True
4611,482,1077,sess_2356,add_to_cart,2026-03-22 10:34:57.207677,True
3195,1046,994,sess_2357,purchase,2025-07-02 10:09:45.186925,True
12496,585,1007,sess_2357,purchase,2025-08-05 19:43:42.240934,True
12128,474,352,sess_2357,purchase,2025-11-14 04:41:12.240934,True
14338,987,841,sess_2359,view,2026-01-31 23:13:50.249957,True
738,996,366,sess_2359,view,2026-03-21 20:55:57.181409,True
11644,281,1073,sess_236,add_to_cart,2025-07-11 04:08:59.238931,True
4775,273,534,sess_236,view,2025-11-12 00:30:02.209185,True
8917,507,756,sess_236,view,2026-05-20 04:03:32.226324,True
2063,660,819,sess_2361,purchase,2025-07-08 07:15:39.186925,True
6962,952,451,sess_2361,purchase,2025-09-06 09:31:09.216529,True
12760,363,840,sess_2361,view,2025-11-28 03:23:47.242937,True
8267,227,1062,sess_2362,purchase,2025-08-04 21:10:38.224321,True
6181,247,218,sess_2362,add_to_cart,2026-05-12 21:52:53.214026,True
235,507,185,sess_2364,purchase,2025-08-13 15:15:00.178635,True
1281,883,761,sess_2364,view,2025-10-25 14:35:06.183414,True
385,418,236,sess_2365,add_to_cart,2026-03-24 11:12:36.178635,True
714,659,121,sess_2366,purchase,2026-02-07 17:33:53.181409,True
6568,837,109,sess_2366,add_to_cart,2026-04-18 23:05:20.216529,True
14478,327,960,sess_2368,purchase,2025-11-30 19:33:30.249957,True
1839,694,1036,sess_2368,add_to_cart,2025-12-04 15:05:39.186925,True
3700,701,771,sess_2369,add_to_cart,2025-11-15 06:38:06.186925,True
13142,614,97,sess_2370,add_to_cart,2025-07-03 17:45:37.245946,True
9344,483,274,sess_2370,purchase,2026-05-02 12:03:32.228610,True
9125,1100,595,sess_2371,view,2025-09-02 04:31:44.228610,True
2140,821,955,sess_2371,view,2026-03-19 00:25:05.186925,True
8218,954,231,sess_2372,purchase,2025-09-24 08:49:47.224321,True
9161,1046,1016,sess_2372,view,2025-11-01 18:45:21.228610,True
12032,46,122,sess_2373,add_to_cart,2026-04-07 15:14:15.238931,True
12317,1069,404,sess_2374,view,2025-07-03 03:14:44.240934,True
4386,54,70,sess_2374,view,2025-08-26 12:11:35.203543,True
6265,531,108,sess_2376,view,2025-06-12 01:56:53.214026,True
12170,944,495,sess_2377,view,2025-11-25 13:59:03.240934,True
10993,297,810,sess_2378,add_to_cart,2025-11-25 10:04:17.235934,True
7942,149,527,sess_2378,view,2026-01-09 16:41:19.222317,True
13360,894,220,sess_2379,view,2026-01-21 14:17:31.245946,True
7083,210,951,sess_2379,view,2026-02-26 20:42:47.218542,True
10,541,573,sess_238,purchase,2025-07-30 23:03:43.178635,True
20,141,497,sess_238,view,2026-02-19 18:02:57.178635,True
1886,772,705,sess_2380,add_to_cart,2025-07-31 14:12:23.186925,True
1727,158,413,sess_2381,add_to_cart,2025-10-05 10:16:35.186925,True
21,1090,9,sess_2381,add_to_cart,2026-04-13 14:28:30.178635,True
113,893,1047,sess_2382,view,2025-07-18 21:51:25.178635,True
7877,965,156,sess_2382,purchase,2025-12-24 06:57:42.222317,True
1947,365,267,sess_2382,add_to_cart,2026-02-08 02:48:01.186925,True
12301,110,405,sess_2383,add_to_cart,2025-08-21 21:00:17.240934,True
13955,273,272,sess_2383,add_to_cart,2025-09-03 21:09:43.247953,True
2680,13,777,sess_2383,purchase,2026-01-22 13:11:57.186925,True
14794,102,85,sess_2384,purchase,2026-01-09 21:42:03.251960,True
10663,214,612,sess_2384,purchase,2026-06-08 04:21:51.228610,True
6937,663,263,sess_2385,add_to_cart,2026-04-11 18:30:10.216529,True
3144,442,78,sess_2386,purchase,2025-10-09 18:40:08.186925,True
5520,127,920,sess_2386,view,2026-05-16 23:51:07.212022,True
13194,82,1083,sess_2387,purchase,2025-10-26 14:31:15.245946,True
12779,807,10,sess_2387,add_to_cart,2026-01-18 03:52:48.242937,True
10822,498,283,sess_2387,purchase,2026-02-16 12:19:30.228610,True
13225,37,377,sess_2388,view,2026-02-12 21:31:42.245946,True
4488,16,759,sess_2389,add_to_cart,2025-10-30 00:17:11.203543,True
5903,761,808,sess_2389,view,2026-02-17 11:38:01.214026,True
2444,1009,691,sess_2389,purchase,2026-04-24 15:26:00.186925,True
9637,232,13,sess_2389,view,2026-05-30 10:27:06.228610,True
4549,16,1041,sess_239,purchase,2025-11-30 01:06:55.203543,True
6834,881,954,sess_2391,add_to_cart,2025-12-25 02:04:14.216529,True
12768,339,684,sess_2392,purchase,2025-08-06 01:38:02.242937,True
7662,356,732,sess_2392,view,2026-02-15 19:47:51.222317,True
13053,661,1000,sess_2392,add_to_cart,2026-03-22 06:57:33.243940,True
2284,222,849,sess_2393,view,2025-08-19 06:15:51.186925,True
8822,762,59,sess_2395,purchase,2026-03-29 21:00:47.226324,True
14728,374,572,sess_2396,view,2025-12-31 01:23:03.251960,True
13633,735,472,sess_2396,view,2026-02-17 05:44:56.247953,True
11948,965,186,sess_2396,view,2026-03-09 00:27:35.238931,True
8203,150,1075,sess_2396,add_to_cart,2026-03-12 13:06:12.224321,True
5585,75,7,sess_2397,view,2025-09-10 07:32:30.212022,True
8594,715,466,sess_2397,purchase,2026-04-19 16:07:34.224321,True
6741,789,42,sess_2398,view,2025-12-24 14:28:41.216529,True
5834,295,356,sess_2398,view,2026-01-09 07:32:56.212022,True
13209,895,253,sess_2399,add_to_cart,2025-08-19 03:28:13.245946,True
5928,135,384,sess_24,add_to_cart,2025-12-28 04:20:09.214026,True
5535,87,700,sess_240,view,2025-09-05 22:17:08.212022,True
3662,900,590,sess_240,view,2025-10-28 09:24:00.186925,True
13393,504,943,sess_240,purchase,2025-11-23 02:46:12.245946,True
11937,1022,388,sess_2400,add_to_cart,2025-12-10 09:53:07.238931,True
14177,781,1006,sess_2400,add_to_cart,2026-04-24 11:41:55.249957,True
7094,479,960,sess_2400,view,2026-06-07 07:04:36.218542,True
7460,532,919,sess_2401,purchase,2026-04-29 13:38:40.219548,True
13092,829,926,sess_2402,view,2025-07-15 10:28:44.243940,True
594,990,309,sess_2402,add_to_cart,2025-11-25 17:21:12.181409,True
10638,409,144,sess_2403,purchase,2025-07-04 06:53:57.228610,True
2508,175,368,sess_2403,view,2025-08-08 12:40:42.186925,True
14088,730,397,sess_2404,add_to_cart,2025-06-15 11:19:41.249957,True
12260,705,994,sess_2404,purchase,2026-05-08 23:57:46.240934,True
11117,923,349,sess_2405,purchase,2025-11-09 14:11:24.235934,True
11483,630,103,sess_2405,purchase,2026-04-12 07:59:20.237113,True
11834,420,270,sess_2405,purchase,2026-05-02 17:13:16.238931,True
9015,472,895,sess_2406,add_to_cart,2025-07-02 06:54:21.227826,True
6744,772,24,sess_2406,add_to_cart,2026-01-28 05:14:36.216529,True
9273,174,605,sess_2407,view,2025-10-27 13:25:55.228610,True
14080,834,464,sess_2408,purchase,2025-07-08 16:00:58.249957,True
4170,400,1070,sess_2408,view,2025-09-11 01:30:54.199974,True
1108,563,111,sess_2408,add_to_cart,2026-01-16 19:04:12.183414,True
5424,495,722,sess_2409,view,2025-06-27 12:52:41.212022,True
68,911,540,sess_2410,view,2026-02-26 04:07:51.178635,True
10212,674,876,sess_2411,purchase,2026-04-11 08:22:49.228610,True
1703,637,2,sess_2412,add_to_cart,2025-07-10 04:08:48.185418,True
11639,530,1026,sess_2413,add_to_cart,2025-12-06 06:59:06.238931,True
561,990,317,sess_2413,purchase,2026-02-18 13:56:53.181409,True
10023,104,774,sess_2414,purchase,2026-02-20 20:31:45.228610,True
8410,705,64,sess_2415,view,2025-07-28 20:47:09.224321,True
2889,221,834,sess_2415,view,2025-11-22 23:49:57.186925,True
13223,35,1065,sess_2415,add_to_cart,2026-01-22 11:30:26.245946,True
14493,327,975,sess_2415,view,2026-02-23 10:03:43.249957,True
898,904,152,sess_2415,purchase,2026-04-26 06:53:28.181409,True
8404,184,635,sess_2416,purchase,2026-04-23 09:54:34.224321,True
1461,110,102,sess_2417,view,2026-05-11 09:25:31.185418,True
12565,525,789,sess_2418,add_to_cart,2025-12-28 10:21:18.240934,True
7802,644,939,sess_2418,add_to_cart,2026-02-27 21:45:28.222317,True
290,308,380,sess_2419,view,2026-02-13 06:42:01.178635,True
1689,343,608,sess_242,add_to_cart,2026-05-08 17:30:55.185418,True
1891,525,740,sess_2420,purchase,2025-12-11 20:53:00.186925,True
4251,362,379,sess_2421,add_to_cart,2025-09-28 17:20:19.199974,True
1547,829,355,sess_2421,view,2026-05-15 04:57:25.185418,True
10401,587,621,sess_2422,add_to_cart,2025-11-11 07:55:22.228610,True
1420,525,808,sess_2422,add_to_cart,2025-12-29 12:43:37.183414,True
3402,657,512,sess_2423,purchase,2025-08-19 13:26:05.186925,True
10488,600,795,sess_2423,add_to_cart,2025-09-28 01:50:55.228610,True
10672,75,296,sess_2424,add_to_cart,2025-10-13 10:21:38.228610,True
1295,1084,611,sess_2424,purchase,2025-11-18 06:57:17.183414,True
4685,79,816,sess_2424,add_to_cart,2026-01-01 14:36:11.207677,True
185,558,150,sess_2425,view,2025-07-15 12:51:02.178635,True
6519,39,1071,sess_2425,view,2025-12-24 13:20:00.216529,True
1392,777,211,sess_2426,purchase,2025-08-24 02:04:01.183414,True
13821,759,479,sess_2426,purchase,2026-01-17 02:30:48.247953,True
6468,580,284,sess_2426,view,2026-05-10 11:25:39.214026,True
11174,542,447,sess_2429,purchase,2026-05-24 00:54:16.235934,True
5911,5,845,sess_243,purchase,2025-10-15 15:01:39.214026,True
4981,622,157,sess_243,purchase,2026-02-10 19:06:18.209185,True
6450,791,493,sess_2430,view,2025-11-12 19:01:18.214026,True
9297,608,1093,sess_2431,purchase,2025-12-22 13:33:29.228610,True
4607,579,47,sess_2431,add_to_cart,2025-12-26 11:44:03.207677,True
14272,200,176,sess_2431,view,2026-05-06 20:19:59.249957,True
7507,1009,301,sess_2432,view,2025-07-10 09:52:24.219548,True
3119,611,742,sess_2434,add_to_cart,2025-06-15 17:25:34.186925,True
8642,477,577,sess_2434,view,2025-07-17 13:23:30.226324,True
7966,50,246,sess_2435,view,2026-04-06 19:07:58.222317,True
6718,190,623,sess_2436,purchase,2025-09-19 13:06:16.216529,True
7497,213,382,sess_2436,add_to_cart,2026-06-03 19:21:06.219548,True
11696,620,47,sess_2437,purchase,2026-05-15 21:32:27.238931,True
3501,1000,978,sess_2439,add_to_cart,2025-09-04 09:44:27.186925,True
338,215,708,sess_2439,add_to_cart,2025-11-25 19:34:33.178635,True
13022,689,150,sess_2439,add_to_cart,2026-04-13 15:07:04.243940,True
11147,845,1027,sess_244,add_to_cart,2025-06-29 23:30:39.235934,True
11418,977,239,sess_244,view,2025-10-07 05:37:16.237113,True
13689,30,762,sess_244,purchase,2025-11-02 15:09:07.247953,True
12243,1030,982,sess_2442,view,2026-05-06 19:27:54.240934,True
7137,841,768,sess_2442,add_to_cart,2026-05-29 13:58:18.218542,True
1732,230,495,sess_2443,view,2025-06-19 00:46:39.186925,True
3903,360,636,sess_2443,add_to_cart,2025-10-04 14:12:13.197951,True
8281,47,1069,sess_2443,view,2026-01-12 07:29:11.224321,True
9162,239,255,sess_2444,add_to_cart,2026-01-03 10:39:29.228610,True
7247,1061,607,sess_2445,view,2025-11-28 04:33:23.219548,True
4396,112,402,sess_2446,add_to_cart,2025-08-22 04:25:53.203543,True
14386,486,583,sess_2446,add_to_cart,2026-04-01 17:29:41.249957,True
11284,533,122,sess_2448,view,2025-06-14 17:29:54.237113,True
11365,472,86,sess_2448,purchase,2025-06-25 23:33:52.237113,True
4815,55,1023,sess_2448,view,2025-08-03 08:36:23.209185,True
4987,159,224,sess_2448,view,2025-11-04 14:48:34.209185,True
14111,359,851,sess_245,view,2025-11-18 04:49:03.249957,True
11756,928,457,sess_245,purchase,2025-12-17 06:07:30.238931,True
588,160,826,sess_245,view,2026-02-27 01:02:45.181409,True
12031,353,736,sess_2450,view,2025-12-10 03:44:19.238931,True
5466,323,158,sess_2450,add_to_cart,2026-01-25 15:29:02.212022,True
8032,606,975,sess_2450,purchase,2026-04-09 19:18:20.222317,True
3484,128,464,sess_2450,add_to_cart,2026-04-27 19:49:47.186925,True
8168,642,368,sess_2451,view,2025-10-21 09:07:46.224321,True
2700,283,412,sess_2451,add_to_cart,2025-11-14 22:33:22.186925,True
5282,736,707,sess_2451,add_to_cart,2026-03-16 06:28:00.211509,True
12368,1018,773,sess_2452,purchase,2025-07-22 17:37:46.240934,True
5148,513,347,sess_2452,purchase,2026-02-02 15:58:38.209185,True
5199,698,357,sess_2452,view,2026-05-13 22:20:10.209185,True
2256,601,772,sess_2453,add_to_cart,2026-01-15 04:07:44.186925,True
2203,760,133,sess_2454,view,2025-07-01 10:58:27.186925,True
1746,210,80,sess_2454,add_to_cart,2025-07-31 21:52:33.186925,True
491,752,466,sess_2454,view,2025-09-23 01:56:59.181409,True
5165,443,973,sess_2454,add_to_cart,2026-02-19 23:19:11.209185,True
4393,1054,67,sess_2455,purchase,2025-06-18 20:57:25.203543,True
603,625,926,sess_2455,add_to_cart,2025-10-20 13:55:46.181409,True
3770,296,637,sess_2455,add_to_cart,2026-03-29 21:45:09.195433,True
6278,343,593,sess_2456,purchase,2025-06-15 19:08:33.214026,True
10647,757,1021,sess_2456,view,2026-01-10 20:58:07.228610,True
4499,774,877,sess_2456,view,2026-04-04 10:45:32.203543,True
2706,280,88,sess_2456,purchase,2026-04-18 04:37:15.186925,True
124,976,901,sess_2458,add_to_cart,2025-12-12 22:39:22.178635,True
8431,775,707,sess_2458,view,2026-01-14 12:28:22.224321,True
1638,174,765,sess_2459,add_to_cart,2025-10-17 19:04:57.185418,True
1682,67,451,sess_2459,purchase,2025-11-03 09:08:34.185418,True
6097,171,848,sess_2459,purchase,2025-12-02 16:14:07.214026,True
8270,337,479,sess_2459,add_to_cart,2025-12-07 17:44:18.224321,True
6850,536,799,sess_2459,view,2026-03-21 14:19:56.216529,True
9684,352,215,sess_2459,add_to_cart,2026-05-14 05:35:22.228610,True
13729,375,995,sess_2459,add_to_cart,2026-05-23 14:22:32.247953,True
4476,1061,919,sess_246,add_to_cart,2025-07-10 00:22:42.203543,True
7652,121,692,sess_246,add_to_cart,2025-11-11 04:40:26.222317,True
7398,908,473,sess_246,purchase,2025-11-26 15:13:49.219548,True
7796,58,486,sess_2460,purchase,2025-09-21 02:31:41.222317,True
9191,333,467,sess_2460,view,2025-12-20 09:00:24.228610,True
5975,267,484,sess_2460,view,2026-03-29 09:04:14.214026,True
10494,34,841,sess_2461,view,2026-01-17 06:56:04.228610,True
13228,265,951,sess_2462,add_to_cart,2025-08-31 01:15:58.245946,True
10599,265,602,sess_2462,purchase,2026-01-08 03:53:29.228610,True
9958,445,149,sess_2463,add_to_cart,2026-04-27 01:07:17.228610,True
13509,1054,613,sess_2465,add_to_cart,2025-12-24 21:59:33.245946,True
4002,600,694,sess_2465,purchase,2026-01-22 07:36:26.197951,True
7501,664,262,sess_2465,view,2026-02-10 04:40:24.219548,True
2655,360,318,sess_2465,view,2026-03-14 21:48:38.186925,True
2107,373,689,sess_2465,purchase,2026-03-17 11:34:51.186925,True
9391,1064,110,sess_2466,purchase,2025-08-12 03:40:51.228610,True
9414,290,955,sess_2466,purchase,2026-01-13 06:22:15.228610,True
9508,222,379,sess_2466,purchase,2026-04-07 16:59:19.228610,True
48,231,1043,sess_2467,add_to_cart,2025-07-07 20:45:29.178635,True
842,852,682,sess_2467,add_to_cart,2025-11-01 06:25:03.181409,True
991,650,664,sess_2467,add_to_cart,2026-03-05 18:23:16.183414,True
1958,806,1066,sess_2467,add_to_cart,2026-04-22 22:26:16.186925,True
13614,1010,915,sess_2467,add_to_cart,2026-05-16 12:00:35.247953,True
6829,280,1048,sess_247,purchase,2025-08-05 18:34:39.216529,True
3507,210,530,sess_247,view,2025-10-28 17:48:01.186925,True
8363,265,344,sess_2470,view,2025-11-02 19:07:02.224321,True
14422,283,573,sess_2470,add_to_cart,2026-02-10 15:32:51.249957,True
13028,642,493,sess_2470,add_to_cart,2026-05-25 13:51:22.243940,True
3308,654,130,sess_2471,view,2025-10-04 16:54:13.186925,True
7909,998,1092,sess_2471,add_to_cart,2025-10-10 06:36:59.222317,True
12887,749,526,sess_2471,purchase,2025-12-28 10:23:33.242937,True
6306,1,1094,sess_2471,add_to_cart,2026-03-23 03:43:05.214026,True
9612,293,521,sess_2472,purchase,2025-12-01 18:56:08.228610,True
14183,817,105,sess_2472,purchase,2025-12-14 00:44:14.249957,True
1800,304,309,sess_2472,purchase,2026-04-16 11:48:28.186925,True
12316,407,818,sess_2472,add_to_cart,2026-06-06 22:52:45.240934,True
13402,639,1082,sess_2473,purchase,2025-10-02 08:08:49.245946,True
11884,326,699,sess_2473,purchase,2026-05-04 00:02:01.238931,True
2701,643,715,sess_2473,purchase,2026-05-19 22:29:14.186925,True
14787,59,575,sess_2473,add_to_cart,2026-05-30 04:52:06.251960,True
9044,1067,926,sess_2474,view,2026-04-26 19:22:08.227826,True
12522,341,34,sess_2475,add_to_cart,2025-08-16 13:27:28.240934,True
9499,385,36,sess_2475,view,2026-04-05 00:00:21.228610,True
8665,870,323,sess_2475,view,2026-05-27 02:42:13.226324,True
13702,693,260,sess_2476,purchase,2025-07-05 18:35:49.247953,True
3078,273,570,sess_2476,view,2026-02-09 23:11:47.186925,True
11565,767,587,sess_2476,add_to_cart,2026-04-18 20:59:34.237113,True
4948,267,150,sess_2476,view,2026-05-21 02:46:04.209185,True
11,537,526,sess_2477,purchase,2025-10-16 18:43:12.178635,True
5513,937,138,sess_2477,view,2025-12-20 19:05:39.212022,True
8367,362,71,sess_2477,purchase,2026-03-04 01:16:16.224321,True
13600,150,650,sess_2478,purchase,2025-07-12 09:35:33.247953,True
4876,114,376,sess_2479,add_to_cart,2025-08-30 18:57:14.209185,True
5009,917,409,sess_2479,view,2026-04-10 18:26:15.209185,True
2895,99,703,sess_2479,add_to_cart,2026-05-07 08:03:41.186925,True
374,297,266,sess_248,add_to_cart,2025-09-10 05:48:22.178635,True
1876,1035,484,sess_248,purchase,2025-09-29 18:29:06.186925,True
4539,245,559,sess_248,add_to_cart,2026-04-27 03:06:43.203543,True
8816,995,489,sess_2481,add_to_cart,2025-08-28 11:39:36.226324,True
11196,46,654,sess_2481,purchase,2025-09-23 11:13:01.237113,True
10222,533,321,sess_2481,purchase,2026-01-11 02:57:12.228610,True
7778,166,629,sess_2481,view,2026-01-19 07:54:42.222317,True
11965,736,723,sess_2482,add_to_cart,2025-06-12 18:57:38.238931,True
9210,991,799,sess_2482,view,2025-07-27 06:36:18.228610,True
10818,262,1064,sess_2482,purchase,2026-04-27 18:40:31.228610,True
6998,611,282,sess_2483,view,2025-07-07 05:19:39.216529,True
2987,295,837,sess_2484,view,2025-09-23 19:00:50.186925,True
8068,735,989,sess_2485,purchase,2025-08-12 03:18:56.222317,True
9574,726,173,sess_2485,add_to_cart,2026-02-28 03:52:00.228610,True
10500,765,980,sess_2485,purchase,2026-04-20 13:10:15.228610,True
10534,964,945,sess_2486,purchase,2025-11-28 08:28:34.228610,True
3737,98,126,sess_2486,purchase,2026-02-15 17:18:41.195433,True
3567,341,609,sess_2486,add_to_cart,2026-05-15 00:20:32.186925,True
46,22,470,sess_2487,view,2026-04-07 04:11:11.178635,True
707,771,833,sess_2488,view,2025-09-19 04:42:01.181409,True
147,243,895,sess_2488,view,2025-11-06 06:43:13.203543,True
2633,678,778,sess_249,view,2025-07-15 23:21:13.186925,True
4940,979,41,sess_249,add_to_cart,2025-07-23 08:11:18.209185,True
6499,731,361,sess_249,add_to_cart,2025-08-11 03:46:55.216529,True
525,1054,544,sess_249,purchase,2025-09-01 15:42:21.181409,True
3906,649,879,sess_249,purchase,2026-05-12 00:01:59.197951,True
11614,212,748,sess_2490,add_to_cart,2025-06-15 01:39:58.238931,True
11275,323,87,sess_2490,add_to_cart,2025-09-24 12:04:38.237113,True
14083,146,449,sess_2490,add_to_cart,2026-03-30 08:58:57.249957,True
8884,790,374,sess_2491,purchase,2025-07-04 11:03:23.226324,True
1203,12,169,sess_2491,purchase,2025-09-21 12:53:07.183414,True
9959,742,856,sess_2492,add_to_cart,2025-10-23 02:00:30.228610,True
12658,577,164,sess_2492,view,2025-10-31 03:49:22.242937,True
9530,420,548,sess_2492,add_to_cart,2026-01-02 08:12:27.228610,True
14888,388,619,sess_2492,purchase,2026-01-03 06:57:46.253968,True
1832,182,44,sess_2492,add_to_cart,2026-01-22 11:49:12.186925,True
10649,339,500,sess_2492,view,2026-03-12 07:27:21.228610,True
2467,978,324,sess_2493,purchase,2025-07-05 06:02:32.186925,True
12062,186,820,sess_2493,view,2025-10-17 02:11:36.238931,True
11058,790,216,sess_2493,view,2026-01-23 01:17:30.235934,True
377,506,500,sess_2493,purchase,2026-05-05 13:05:35.178635,True
6584,646,31,sess_2494,view,2025-08-01 15:32:28.216529,True
11563,525,567,sess_2494,add_to_cart,2025-10-12 04:23:04.237113,True
3267,279,1016,sess_2494,purchase,2025-12-24 22:27:53.186925,True
12094,1069,65,sess_2494,add_to_cart,2026-02-22 14:21:39.238931,True
3818,736,538,sess_2495,view,2025-07-23 11:30:47.195433,True
5161,342,1086,sess_2497,view,2025-10-24 13:22:28.209185,True
12810,845,332,sess_2497,add_to_cart,2026-03-10 09:43:26.242937,True
13003,421,84,sess_2498,add_to_cart,2025-07-06 08:54:03.243940,True
5223,532,415,sess_2498,view,2025-12-12 17:44:50.209185,True
10614,424,455,sess_2499,add_to_cart,2025-10-25 01:19:56.228610,True
6884,641,185,sess_2499,add_to_cart,2026-02-16 00:35:36.216529,True
13347,937,266,sess_25,add_to_cart,2026-02-08 07:06:48.245946,True
6577,23,122,sess_25,purchase,2026-03-15 15:44:29.216529,True
7956,335,1058,sess_250,add_to_cart,2025-08-24 22:45:01.222317,True
10557,450,745,sess_250,view,2025-10-20 08:51:29.228610,True
3355,864,73,sess_250,purchase,2026-03-20 03:24:51.186925,True
627,1033,500,sess_2500,view,2025-09-15 12:11:35.181409,True
3630,648,431,sess_2500,purchase,2026-06-09 07:10:06.186925,True
12253,406,221,sess_2501,view,2026-01-26 20:33:56.240934,True
12211,372,658,sess_2501,purchase,2026-01-30 16:20:58.240934,True
8285,451,171,sess_2501,purchase,2026-04-25 10:35:20.224321,True
728,909,129,sess_2501,add_to_cart,2026-06-04 19:37:17.181409,True
12871,80,911,sess_2503,add_to_cart,2025-08-10 05:45:08.242937,True
6069,661,464,sess_2503,purchase,2025-08-31 09:33:33.214026,True
4400,121,621,sess_2503,view,2026-01-10 18:18:32.203543,True
13758,553,788,sess_2503,add_to_cart,2026-05-13 08:52:59.247953,True
10858,806,399,sess_2504,view,2026-04-26 07:26:10.228610,True
6825,985,144,sess_2505,view,2025-06-19 03:47:14.216529,True
14334,736,640,sess_2505,purchase,2025-06-24 04:48:42.249957,True
12886,524,925,sess_2505,purchase,2025-09-03 16:18:10.242937,True
11402,760,337,sess_2505,view,2026-01-11 13:11:45.237113,True
3870,525,531,sess_2505,add_to_cart,2026-03-11 10:51:08.197951,True
6869,37,981,sess_2505,purchase,2026-05-09 18:21:03.216529,True
5176,193,830,sess_2506,add_to_cart,2025-12-16 08:30:40.209185,True
1871,418,274,sess_2506,view,2026-03-23 21:27:06.186925,True
2498,868,210,sess_2506,view,2026-04-01 02:09:44.186925,True
14738,433,840,sess_2507,view,2026-02-04 01:48:55.251960,True
6513,849,1087,sess_2508,view,2026-05-28 21:52:08.216529,True
8888,442,403,sess_2509,add_to_cart,2025-10-23 08:22:00.226324,True
6903,828,766,sess_2509,purchase,2025-11-06 01:58:49.216529,True
8273,478,88,sess_2509,view,2026-03-15 11:23:22.224321,True
3101,910,940,sess_251,purchase,2025-07-31 12:42:02.186925,True
7109,542,710,sess_251,add_to_cart,2025-08-21 21:34:03.218542,True
8037,548,602,sess_251,purchase,2026-02-21 07:08:54.222317,True
11007,215,515,sess_251,add_to_cart,2026-03-12 21:46:27.235934,True
5895,739,620,sess_251,purchase,2026-03-23 02:48:41.214026,True
10464,110,666,sess_2510,view,2026-01-12 04:53:43.228610,True
12002,519,690,sess_2510,add_to_cart,2026-03-31 12:07:15.238931,True
1789,368,215,sess_2510,purchase,2026-04-23 15:53:42.186925,True
6518,338,358,sess_2511,purchase,2025-08-31 07:58:37.216529,True
10633,777,226,sess_2511,purchase,2026-01-21 22:23:00.228610,True
2601,639,70,sess_2511,add_to_cart,2026-02-12 10:09:29.186925,True
11217,290,908,sess_2511,purchase,2026-02-14 07:16:20.237113,True
7737,404,889,sess_2511,add_to_cart,2026-03-17 02:55:20.222317,True
5397,864,800,sess_2512,add_to_cart,2026-06-05 08:37:27.212022,True
6680,519,877,sess_2513,view,2025-11-25 12:43:35.216529,True
14536,105,1100,sess_2513,purchase,2026-02-13 01:13:53.249957,True
13763,981,243,sess_2513,purchase,2026-05-19 18:48:05.247953,True
2179,452,16,sess_2514,view,2025-07-18 23:58:13.186925,True
2663,1040,617,sess_2514,view,2025-08-06 21:46:56.186925,True
7654,286,509,sess_2515,view,2026-01-03 15:34:19.222317,True
14983,551,550,sess_2515,view,2026-02-16 16:37:34.254569,True
13896,780,158,sess_2515,add_to_cart,2026-04-30 11:26:09.247953,True
6647,406,11,sess_2516,view,2025-06-21 17:11:36.216529,True
8703,695,509,sess_2516,add_to_cart,2025-07-15 15:17:02.226324,True
8454,401,975,sess_2516,purchase,2025-08-31 13:48:31.224321,True
8023,688,701,sess_2516,purchase,2025-11-03 15:10:26.222317,True
2961,559,716,sess_2516,add_to_cart,2026-01-31 09:41:30.186925,True
7299,258,809,sess_2516,view,2026-02-23 03:01:55.219548,True
7931,166,85,sess_2517,purchase,2025-07-08 17:19:37.222317,True
11390,335,544,sess_2517,view,2026-04-19 16:08:36.237113,True
650,582,158,sess_2519,purchase,2025-10-29 10:08:01.181409,True
5758,106,999,sess_252,add_to_cart,2025-09-10 22:13:21.212022,True
9663,861,986,sess_252,add_to_cart,2025-12-15 07:36:30.228610,True
7281,680,312,sess_2520,view,2026-04-08 19:49:38.219548,True
2519,167,411,sess_2522,add_to_cart,2026-01-29 12:54:01.186925,True
14028,64,253,sess_2523,add_to_cart,2025-07-11 01:21:46.247953,True
12145,245,1053,sess_2523,purchase,2025-10-03 08:45:24.240934,True
3726,593,966,sess_2523,purchase,2025-12-14 15:06:20.195433,True
11127,911,828,sess_2523,view,2026-01-28 03:49:39.235934,True
13246,459,491,sess_2524,add_to_cart,2025-07-23 04:23:06.245946,True
1112,781,423,sess_2524,add_to_cart,2026-04-14 18:29:25.183414,True
7524,120,336,sess_2525,view,2025-11-17 16:08:39.219548,True
2156,307,837,sess_2525,add_to_cart,2026-06-02 14:02:30.186925,True
14653,514,194,sess_2526,purchase,2025-11-24 14:36:00.251960,True
3092,928,373,sess_2526,purchase,2026-05-24 15:00:28.186925,True
6771,66,880,sess_2527,purchase,2025-10-01 13:52:31.216529,True
9703,533,1051,sess_2527,purchase,2026-04-16 02:23:13.228610,True
4383,390,905,sess_2529,add_to_cart,2026-02-20 10:44:15.203543,True
12614,831,348,sess_253,purchase,2025-07-21 00:05:54.240934,True
5261,469,244,sess_253,view,2025-09-16 20:39:56.211509,True
6773,821,339,sess_253,view,2025-10-13 09:47:38.216529,True
4670,28,833,sess_253,add_to_cart,2025-12-29 17:41:45.207677,True
1763,313,354,sess_2530,view,2025-08-22 11:04:06.186925,True
10538,345,402,sess_2530,purchase,2025-12-09 09:41:40.228610,True
5320,201,519,sess_2531,purchase,2025-12-03 14:18:15.211509,True
13036,829,19,sess_2531,purchase,2026-02-19 20:30:08.243940,True
14901,954,609,sess_2532,view,2026-01-01 12:56:18.253968,True
5872,279,671,sess_2532,view,2026-01-29 04:54:26.214026,True
7710,1020,348,sess_2533,view,2025-10-29 00:11:01.222317,True
5330,198,472,sess_2533,purchase,2026-02-09 09:41:40.211509,True
1283,873,919,sess_2533,add_to_cart,2026-04-02 10:21:21.183414,True
3664,540,164,sess_2534,view,2025-12-09 20:26:50.186925,True
1458,744,210,sess_2535,purchase,2025-11-03 01:00:32.185418,True
11796,707,653,sess_2535,purchase,2026-01-15 09:32:12.238931,True
1099,32,534,sess_2536,view,2025-07-05 04:32:26.183414,True
10616,306,416,sess_2536,view,2025-11-05 09:23:09.228610,True
5656,265,289,sess_2536,purchase,2026-01-19 04:25:28.212022,True
10386,642,681,sess_2537,view,2026-01-08 03:26:41.228610,True
13855,703,394,sess_2538,purchase,2025-10-08 21:19:49.247953,True
2241,1076,730,sess_2538,view,2025-12-26 18:15:23.186925,True
5254,781,341,sess_2538,purchase,2026-03-29 20:16:55.211509,True
2370,806,669,sess_2538,add_to_cart,2026-05-24 06:50:51.186925,True
7018,323,395,sess_2539,view,2025-12-11 12:13:31.218542,True
12013,993,484,sess_254,view,2025-08-23 17:49:26.238931,True
7392,954,953,sess_254,purchase,2025-10-30 07:45:15.219548,True
5447,551,32,sess_2540,purchase,2025-12-19 21:22:39.212022,True
4766,516,964,sess_2540,add_to_cart,2026-01-02 16:01:26.209185,True
9699,632,941,sess_2541,view,2026-05-24 10:20:37.228610,True
6715,34,856,sess_2542,view,2025-08-23 21:12:04.216529,True
7882,201,265,sess_2543,purchase,2025-06-21 01:34:59.222317,True
12190,130,589,sess_2543,add_to_cart,2025-11-30 04:16:29.240934,True
7904,267,478,sess_2543,view,2026-03-18 01:24:16.222317,True
5608,226,80,sess_2543,add_to_cart,2026-05-05 10:06:15.212022,True
503,794,934,sess_2544,purchase,2025-06-13 16:57:17.181409,True
8662,148,1040,sess_2544,view,2025-06-15 22:31:05.226324,True
3977,125,574,sess_2544,purchase,2025-09-30 10:49:37.197951,True
9626,184,211,sess_2545,view,2025-08-04 11:24:53.228610,True
5332,415,366,sess_2545,purchase,2025-09-02 10:18:48.211509,True
2113,592,156,sess_2545,add_to_cart,2025-10-15 20:54:14.186925,True
8878,586,846,sess_2545,purchase,2026-02-23 04:54:44.226324,True
8050,490,559,sess_2546,purchase,2026-02-08 02:57:08.222317,True
10480,602,830,sess_2546,view,2026-04-03 17:09:51.228610,True
13887,847,1050,sess_2547,view,2025-08-12 14:36:51.247953,True
9224,464,986,sess_2547,purchase,2026-01-10 08:18:18.228610,True
3864,600,789,sess_2547,purchase,2026-02-24 06:48:56.197951,True
1508,320,330,sess_2547,view,2026-05-23 22:17:13.185418,True
4438,870,938,sess_2548,view,2026-03-31 14:13:39.203543,True
8462,623,136,sess_2549,add_to_cart,2025-11-12 23:33:32.224321,True
13323,810,682,sess_2549,purchase,2026-02-24 12:55:36.245946,True
7572,440,955,sess_2549,view,2026-04-05 20:25:02.219548,True
13216,967,1064,sess_2550,view,2025-12-20 19:50:18.245946,True
912,452,806,sess_2550,purchase,2026-03-26 03:28:29.181409,True
143,491,562,sess_2551,add_to_cart,2025-09-02 18:08:21.178635,True
10141,388,843,sess_2551,purchase,2025-09-13 12:25:07.228610,True
2178,912,50,sess_2551,view,2026-01-14 21:49:50.186925,True
3488,14,223,sess_2551,purchase,2026-05-11 04:29:45.186925,True
9299,105,645,sess_2553,purchase,2025-07-30 23:41:15.228610,True
14195,1005,338,sess_2553,purchase,2025-09-10 21:25:29.249957,True
10382,911,838,sess_2553,purchase,2025-09-24 04:46:35.228610,True
9700,371,648,sess_2553,view,2025-12-25 02:51:18.228610,True
5915,874,672,sess_2553,view,2026-01-01 06:21:28.214026,True
10648,893,691,sess_2554,purchase,2025-10-03 18:37:22.228610,True
14631,802,419,sess_2555,add_to_cart,2026-05-04 07:18:57.251960,True
622,42,1094,sess_2556,purchase,2025-07-16 03:24:45.181409,True
4015,1054,77,sess_2556,purchase,2025-10-07 06:02:45.197951,True
13915,896,383,sess_2558,add_to_cart,2025-07-26 20:23:48.247953,True
5563,93,643,sess_2558,view,2025-09-01 15:06:25.212022,True
3097,221,814,sess_2558,view,2026-03-29 14:54:16.186925,True
13712,941,576,sess_2558,add_to_cart,2026-04-22 22:25:22.247953,True
14959,877,472,sess_2558,add_to_cart,2026-06-03 04:39:02.253968,True
13346,437,613,sess_2559,add_to_cart,2026-01-13 08:06:28.245946,True
14679,139,239,sess_2559,add_to_cart,2026-04-29 19:25:32.251960,True
845,1068,846,sess_256,view,2025-07-30 12:39:25.181409,True
12111,5,764,sess_256,add_to_cart,2026-02-03 18:55:56.238931,True
3949,703,996,sess_256,add_to_cart,2026-04-20 02:29:50.197951,True
4517,936,906,sess_2560,view,2025-06-30 06:37:24.203543,True
10423,34,637,sess_2560,purchase,2025-08-21 03:16:52.228610,True
12862,1058,824,sess_2561,purchase,2025-09-25 15:58:32.242937,True
13274,209,296,sess_2561,purchase,2025-12-12 18:44:53.245946,True
1750,150,35,sess_2562,add_to_cart,2025-08-01 14:28:08.186925,True
11703,193,952,sess_2562,add_to_cart,2026-03-28 21:05:56.238931,True
1770,926,193,sess_2563,add_to_cart,2025-12-11 23:07:17.186925,True
12875,551,222,sess_2563,view,2025-12-17 12:07:05.242937,True
10187,616,1048,sess_2563,add_to_cart,2025-12-27 09:53:47.228610,True
6793,954,589,sess_2564,purchase,2025-11-24 07:23:12.216529,True
5859,748,714,sess_2564,view,2026-06-08 14:58:11.214026,True
11629,812,532,sess_2565,add_to_cart,2026-04-21 11:53:07.238931,True
9559,1086,324,sess_2567,view,2026-05-28 10:05:41.228610,True
8537,277,935,sess_2568,add_to_cart,2025-06-15 20:55:21.224321,True
7113,520,671,sess_2568,add_to_cart,2025-06-23 08:16:38.218542,True
14409,763,948,sess_2568,purchase,2026-04-06 01:40:18.249957,True
8592,488,162,sess_2569,add_to_cart,2025-10-14 07:33:46.224321,True
6299,482,707,sess_2569,view,2025-10-18 08:02:39.214026,True
13115,104,883,sess_2569,add_to_cart,2025-12-10 09:07:36.243940,True
3915,587,662,sess_2569,add_to_cart,2026-02-11 22:48:12.197951,True
13061,360,853,sess_257,purchase,2025-06-20 15:48:02.243940,True
14200,393,878,sess_257,purchase,2025-07-11 22:19:13.249957,True
3926,344,458,sess_257,add_to_cart,2025-09-12 18:35:03.197951,True
3283,451,441,sess_257,purchase,2025-12-19 12:43:53.186925,True
14715,748,213,sess_257,add_to_cart,2026-03-25 21:48:33.251960,True
11253,872,63,sess_257,purchase,2026-04-29 09:10:59.237113,True
8779,396,157,sess_2570,purchase,2025-09-18 23:25:20.226324,True
11855,784,868,sess_2570,view,2026-01-22 04:58:50.238931,True
8667,587,417,sess_2570,purchase,2026-05-09 02:10:50.226324,True
11702,75,531,sess_2571,add_to_cart,2025-11-30 16:10:56.238931,True
9234,204,312,sess_2571,add_to_cart,2025-12-13 03:52:44.228610,True
4130,325,69,sess_2571,view,2026-05-24 18:50:39.199974,True
5269,942,218,sess_2572,view,2025-12-01 09:48:10.211509,True
7927,1077,190,sess_2572,add_to_cart,2026-05-10 14:04:43.222317,True
14271,732,335,sess_2573,purchase,2026-03-31 10:54:04.249957,True
6434,617,1017,sess_2574,view,2025-07-12 02:45:27.214026,True
3167,6,807,sess_2574,view,2025-10-20 04:24:20.186925,True
2694,120,555,sess_2574,view,2025-12-07 02:17:39.186925,True
4849,674,200,sess_2575,purchase,2025-07-26 21:09:22.209185,True
14737,347,659,sess_2575,purchase,2026-01-07 04:56:08.251960,True
11358,421,283,sess_2575,add_to_cart,2026-05-07 00:13:24.237113,True
3583,162,1009,sess_2576,view,2025-07-17 16:04:24.186925,True
7408,219,775,sess_2577,add_to_cart,2025-06-19 00:51:58.219548,True
13385,123,978,sess_2577,view,2025-08-10 20:40:52.245946,True
6168,587,1022,sess_2577,purchase,2026-05-26 17:53:49.214026,True
13903,612,1014,sess_2578,add_to_cart,2025-10-27 20:59:33.247953,True
14665,624,546,sess_2579,purchase,2025-07-28 10:15:29.251960,True
1966,357,116,sess_2579,view,2026-06-06 16:39:57.186925,True
8781,461,1066,sess_258,purchase,2026-03-14 22:59:18.226324,True
11260,1088,171,sess_2580,view,2025-12-22 15:43:32.237113,True
2573,523,733,sess_2580,view,2026-05-06 17:29:10.186925,True
2503,549,644,sess_2580,purchase,2026-05-17 05:55:21.186925,True
2832,5,825,sess_2583,purchase,2026-01-03 20:05:41.186925,True
9219,411,775,sess_2583,purchase,2026-04-06 04:09:55.228610,True
7907,552,452,sess_2584,purchase,2025-07-22 01:49:09.222317,True
1340,914,325,sess_2585,purchase,2026-03-12 22:37:37.183414,True
5664,56,190,sess_2585,purchase,2026-03-13 03:42:48.212022,True
11494,117,1069,sess_2586,purchase,2025-11-25 19:40:25.237113,True
8080,900,887,sess_2586,view,2026-01-03 12:30:06.222317,True
4123,414,639,sess_2587,add_to_cart,2025-06-15 09:39:42.199974,True
6927,192,557,sess_2587,add_to_cart,2025-07-12 11:44:24.216529,True
10514,116,539,sess_2588,view,2026-02-19 12:23:42.228610,True
10857,520,370,sess_2588,purchase,2026-04-23 14:59:21.228610,True
11245,268,546,sess_2589,add_to_cart,2025-06-29 05:36:31.237113,True
645,960,71,sess_2589,purchase,2026-05-18 19:44:04.181409,True
6848,728,635,sess_259,purchase,2025-06-14 08:23:50.216529,True
8959,500,596,sess_2591,add_to_cart,2025-07-04 02:41:10.226324,True
12352,252,393,sess_2592,add_to_cart,2026-06-04 18:13:53.240934,True
11747,32,3,sess_2593,add_to_cart,2025-08-07 02:50:59.238931,True
3253,286,994,sess_2593,purchase,2025-10-26 07:40:59.186925,True
4124,795,59,sess_2594,purchase,2025-07-06 01:15:11.199974,True
9050,348,608,sess_2594,view,2026-03-14 08:39:48.227826,True
7687,967,987,sess_2595,add_to_cart,2026-02-23 04:25:29.222317,True
14413,113,789,sess_2596,add_to_cart,2025-07-28 23:42:18.249957,True
14492,437,818,sess_2597,add_to_cart,2025-10-21 14:22:15.249957,True
8389,148,611,sess_2597,add_to_cart,2026-02-16 16:04:30.224321,True
11403,169,421,sess_2597,add_to_cart,2026-04-22 15:36:23.237113,True
4812,1100,171,sess_2598,add_to_cart,2025-11-13 15:04:58.209185,True
1324,926,138,sess_2598,view,2026-05-03 22:22:13.183414,True
13176,423,267,sess_2599,add_to_cart,2025-09-16 08:29:18.245946,True
12426,81,837,sess_2599,purchase,2026-04-30 12:59:13.240934,True
7014,29,778,sess_26,purchase,2026-02-26 07:07:58.218542,True
7403,141,807,sess_260,add_to_cart,2025-07-06 00:09:20.219548,True
11370,297,956,sess_260,purchase,2025-07-17 10:05:27.237113,True
9357,289,279,sess_260,view,2025-10-09 21:58:10.228610,True
12409,288,144,sess_260,add_to_cart,2025-10-17 08:37:35.240934,True
8282,262,372,sess_260,add_to_cart,2026-03-10 01:59:23.224321,True
1714,1088,670,sess_2601,purchase,2026-01-23 07:20:45.186925,True
6356,863,569,sess_2601,add_to_cart,2026-02-12 20:17:08.214026,True
13117,394,612,sess_2602,purchase,2025-10-05 04:32:38.243940,True
2321,345,705,sess_2602,view,2025-10-16 10:30:54.186925,True
7463,383,749,sess_2602,view,2025-11-05 09:16:30.219548,True
2232,159,1073,sess_2602,view,2025-12-31 01:46:44.186925,True
8487,947,195,sess_2602,add_to_cart,2026-05-18 01:13:13.224321,True
10699,296,106,sess_2603,add_to_cart,2026-01-05 06:17:55.228610,True
488,910,946,sess_2603,add_to_cart,2026-06-11 01:17:49.181409,True
10624,818,840,sess_2604,add_to_cart,2026-05-26 09:47:31.228610,True
8104,103,88,sess_2605,view,2025-10-15 08:31:40.224321,True
2598,460,467,sess_2606,purchase,2025-08-22 14:48:25.186925,True
11810,206,396,sess_2606,view,2025-09-22 03:36:04.238931,True
8986,101,657,sess_2606,view,2025-11-30 22:19:22.226324,True
3692,135,656,sess_2606,add_to_cart,2026-01-01 22:48:21.186925,True
12024,865,1066,sess_2607,purchase,2025-10-29 02:21:17.238931,True
6632,610,460,sess_2608,view,2025-10-12 23:28:42.216529,True
1822,810,990,sess_2609,purchase,2025-10-15 13:56:52.186925,True
14962,181,719,sess_2609,add_to_cart,2025-12-10 01:17:19.253968,True
11449,132,348,sess_2609,view,2026-05-09 02:33:54.237113,True
4894,626,231,sess_261,view,2025-11-21 05:40:32.209185,True
10838,428,1047,sess_261,purchase,2026-05-28 01:09:13.228610,True
11765,872,662,sess_2610,view,2025-10-21 00:41:09.238931,True
3806,844,255,sess_2610,add_to_cart,2026-01-09 17:29:55.195433,True
9543,898,535,sess_2610,view,2026-01-30 18:46:28.228610,True
8789,189,1091,sess_2611,add_to_cart,2025-12-02 09:48:34.226324,True
4317,428,1095,sess_2611,purchase,2025-12-16 07:57:49.202536,True
2900,388,1077,sess_2613,purchase,2025-07-06 08:13:32.186925,True
11864,257,92,sess_2613,view,2025-10-08 16:12:00.238931,True
9204,559,915,sess_2613,add_to_cart,2026-01-09 00:46:29.228610,True
9095,678,133,sess_2614,add_to_cart,2025-09-26 00:23:00.227826,True
14662,305,164,sess_2614,purchase,2026-05-12 20:40:44.251960,True
12028,421,840,sess_2615,add_to_cart,2025-11-23 07:51:56.238931,True
7350,96,1,sess_2616,purchase,2025-07-31 03:53:06.219548,True
12335,746,43,sess_2616,view,2025-11-25 13:53:04.240934,True
4043,59,659,sess_2616,purchase,2025-12-19 20:08:07.197951,True
13930,976,563,sess_2617,purchase,2025-06-30 18:58:14.247953,True
14359,378,609,sess_2617,purchase,2025-09-02 19:23:58.249957,True
11361,378,947,sess_2618,view,2025-10-28 20:22:55.237113,True
11328,437,697,sess_2618,view,2026-06-04 07:37:19.237113,True
11116,161,897,sess_2618,purchase,2026-06-11 12:43:16.235934,True
14144,981,487,sess_2619,view,2026-01-01 06:31:55.249957,True
4783,396,51,sess_2619,purchase,2026-05-23 23:38:47.209185,True
1160,259,513,sess_262,add_to_cart,2025-12-07 00:13:09.183414,True
1116,974,243,sess_262,purchase,2026-02-28 17:54:53.183414,True
11656,955,1100,sess_262,add_to_cart,2026-03-15 11:45:00.238931,True
7239,1078,10,sess_262,view,2026-04-02 07:37:06.219548,True
13369,401,773,sess_2620,view,2026-04-28 03:50:18.245946,True
9532,31,1038,sess_2621,add_to_cart,2025-09-02 14:20:00.228610,True
6411,634,538,sess_2621,view,2026-02-15 04:48:29.214026,True
3879,910,817,sess_2622,purchase,2025-07-13 22:30:02.197951,True
7724,944,720,sess_2622,purchase,2025-10-11 01:20:16.222317,True
11612,93,20,sess_2622,add_to_cart,2025-11-10 09:53:07.238931,True
6429,873,1042,sess_2623,add_to_cart,2025-07-02 00:45:27.214026,True
11940,173,1000,sess_2623,view,2025-07-12 07:15:21.238931,True
11484,437,295,sess_2623,add_to_cart,2025-11-15 05:09:45.237113,True
2042,675,447,sess_2624,purchase,2025-09-07 21:12:18.186925,True
12064,1055,745,sess_2625,view,2026-01-11 06:18:36.238931,True
4617,997,496,sess_2625,purchase,2026-02-13 16:07:33.207677,True
14013,867,976,sess_2625,add_to_cart,2026-05-11 14:29:26.247953,True
4718,19,121,sess_2627,add_to_cart,2025-08-07 08:34:05.207677,True
843,683,293,sess_2627,add_to_cart,2026-04-07 11:52:26.181409,True
13942,829,538,sess_2628,purchase,2026-03-21 09:50:28.247953,True
10817,467,371,sess_2629,view,2025-12-29 07:20:43.228610,True
9412,935,173,sess_2629,view,2026-05-11 10:57:57.228610,True
7420,786,1006,sess_263,add_to_cart,2026-02-10 21:19:06.219548,True
6123,642,243,sess_2630,add_to_cart,2026-02-07 01:47:28.214026,True
11831,1050,243,sess_2631,view,2025-12-18 08:12:29.238931,True
9181,758,714,sess_2632,add_to_cart,2025-06-12 02:05:47.228610,True
10178,628,285,sess_2632,purchase,2025-07-31 09:30:18.228610,True
12063,55,569,sess_2633,view,2025-08-15 08:39:38.238931,True
14496,39,1096,sess_2633,purchase,2026-02-13 12:16:08.249957,True
6648,699,751,sess_2633,view,2026-05-03 21:37:18.216529,True
8311,818,125,sess_2634,add_to_cart,2025-10-05 09:36:10.224321,True
30,903,921,sess_2634,view,2025-10-08 15:25:56.178635,True
107,10,18,sess_2634,add_to_cart,2026-02-21 02:16:14.178635,True
6565,594,723,sess_2634,add_to_cart,2026-05-03 02:09:18.216529,True
2271,41,284,sess_2636,add_to_cart,2025-12-31 09:54:19.186925,True
12580,535,1031,sess_2637,purchase,2025-08-31 12:13:00.240934,True
10811,138,958,sess_2637,view,2025-11-26 15:40:11.228610,True
1914,1021,978,sess_2637,purchase,2026-01-04 19:16:15.186925,True
1009,434,67,sess_2638,add_to_cart,2025-10-06 16:40:09.183414,True
7145,932,392,sess_2639,add_to_cart,2026-02-08 08:19:49.218542,True
11080,980,589,sess_2639,add_to_cart,2026-03-13 09:07:27.235934,True
5630,963,966,sess_2639,purchase,2026-03-23 11:12:42.212022,True
5878,705,698,sess_2639,purchase,2026-05-05 14:33:57.214026,True
9107,838,834,sess_264,add_to_cart,2026-01-15 05:48:30.228610,True
1870,699,818,sess_264,purchase,2026-05-29 16:28:51.186925,True
14951,240,428,sess_2640,view,2026-03-10 13:28:13.253968,True
3962,875,539,sess_2640,view,2026-03-30 05:43:59.197951,True
12927,59,932,sess_2641,view,2025-11-16 14:47:12.243940,True
4800,974,699,sess_2641,view,2026-01-21 12:22:12.209185,True
13431,883,701,sess_2641,purchase,2026-04-08 00:11:52.245946,True
13540,570,78,sess_2642,add_to_cart,2025-06-26 22:47:14.245946,True
8613,265,254,sess_2642,view,2026-04-25 17:17:00.226324,True
1670,872,659,sess_2643,add_to_cart,2025-09-08 17:00:40.185418,True
2138,773,42,sess_2643,purchase,2026-06-02 22:11:58.186925,True
3847,540,89,sess_2644,add_to_cart,2025-09-29 20:01:26.197951,True
3438,358,645,sess_2644,add_to_cart,2026-01-21 04:48:43.186925,True
7043,858,1028,sess_2644,view,2026-05-29 20:30:38.218542,True
9065,180,16,sess_2646,purchase,2025-12-16 03:16:14.227826,True
7430,553,131,sess_2646,view,2026-04-17 12:24:08.219548,True
7896,584,51,sess_2647,add_to_cart,2025-08-20 18:03:41.222317,True
10007,23,453,sess_2647,purchase,2026-04-11 16:45:41.228610,True
770,99,1040,sess_2648,view,2026-02-13 15:25:23.181409,True
11642,912,922,sess_2649,view,2025-10-11 00:40:24.238931,True
1366,274,974,sess_2649,view,2025-12-18 08:24:15.183414,True
12555,1056,1072,sess_2649,add_to_cart,2026-01-24 03:19:59.240934,True
9023,647,569,sess_2649,add_to_cart,2026-02-03 05:18:28.227826,True
14075,960,540,sess_265,view,2025-10-11 04:19:59.249957,True
6931,796,718,sess_265,purchase,2025-11-15 15:27:53.216529,True
10780,164,834,sess_2650,purchase,2026-02-13 01:05:57.228610,True
3853,1093,775,sess_2651,view,2025-10-10 19:51:48.197951,True
10541,590,672,sess_2651,view,2026-01-03 13:57:36.228610,True
3299,552,981,sess_2651,purchase,2026-04-06 17:36:48.186925,True
11997,645,1074,sess_2652,view,2025-06-17 15:05:46.238931,True
8539,255,620,sess_2652,add_to_cart,2026-05-29 15:24:53.224321,True
6453,536,816,sess_2652,view,2026-05-31 03:53:33.214026,True
3872,748,518,sess_2653,add_to_cart,2025-07-04 05:46:13.197951,True
4312,894,270,sess_2654,view,2025-07-10 17:17:02.202536,True
9283,480,19,sess_2654,view,2025-07-15 10:12:55.228610,True
6671,1044,164,sess_2654,purchase,2026-03-01 01:02:52.216529,True
1772,862,1008,sess_2655,view,2025-10-03 22:11:37.186925,True
14085,1086,143,sess_2655,add_to_cart,2026-01-07 11:59:19.249957,True
10132,758,704,sess_2655,purchase,2026-05-13 11:48:06.228610,True
1569,752,473,sess_2656,add_to_cart,2025-08-23 05:02:03.185418,True
11866,1026,396,sess_2657,add_to_cart,2025-07-30 05:13:17.238931,True
14589,637,697,sess_2657,view,2025-12-17 09:11:18.251960,True
3993,411,198,sess_2657,add_to_cart,2026-06-11 18:47:56.197951,True
2572,47,336,sess_2658,purchase,2025-06-24 14:26:30.186925,True
8864,308,433,sess_266,view,2025-10-16 14:41:21.226324,True
3524,649,450,sess_266,purchase,2026-01-10 18:56:47.186925,True
2517,897,168,sess_266,add_to_cart,2026-02-20 15:21:19.186925,True
4669,210,701,sess_266,purchase,2026-04-04 04:39:10.207677,True
7885,35,103,sess_266,purchase,2026-05-05 01:11:56.222317,True
7151,469,177,sess_2660,purchase,2025-07-08 13:07:58.218542,True
4249,693,1051,sess_2660,view,2026-01-19 17:33:10.199974,True
3470,315,189,sess_2660,add_to_cart,2026-05-10 15:44:29.186925,True
8637,706,861,sess_2660,add_to_cart,2026-05-25 02:36:39.226324,True
1238,489,662,sess_2661,add_to_cart,2025-08-25 13:20:10.183414,True
5372,65,1007,sess_2661,purchase,2026-02-09 02:51:12.212022,True
5256,239,795,sess_2662,view,2025-07-07 16:47:19.211509,True
12252,851,890,sess_2663,view,2025-12-13 23:45:51.240934,True
14115,1035,768,sess_2663,view,2026-01-27 21:30:21.249957,True
13601,955,998,sess_2664,add_to_cart,2025-06-14 04:56:13.247953,True
13143,461,292,sess_2664,add_to_cart,2025-11-09 02:17:04.245946,True
13344,509,363,sess_2664,add_to_cart,2025-11-13 02:44:48.245946,True
7441,713,324,sess_2664,view,2026-04-25 19:16:17.219548,True
9174,670,35,sess_2665,add_to_cart,2025-06-24 07:17:44.228610,True
2234,283,689,sess_2665,add_to_cart,2025-09-02 02:22:01.186925,True
1497,25,72,sess_2665,purchase,2026-02-20 06:18:10.185418,True
5324,463,185,sess_2666,add_to_cart,2025-12-02 22:26:38.211509,True
10169,779,8,sess_2666,view,2025-12-18 22:48:46.228610,True
7250,556,596,sess_2668,purchase,2026-04-13 12:11:46.219548,True
4496,597,420,sess_2669,add_to_cart,2025-08-19 08:49:14.203543,True
2985,338,689,sess_267,view,2025-06-24 05:39:58.186925,True
9294,617,842,sess_267,purchase,2025-12-14 20:03:06.228610,True
12473,623,397,sess_2670,view,2025-11-02 01:47:06.240934,True
14098,107,954,sess_2671,add_to_cart,2025-11-14 15:06:10.249957,True
13027,762,741,sess_2672,purchase,2025-12-14 04:17:56.243940,True
13390,802,283,sess_2672,add_to_cart,2025-12-23 23:04:34.245946,True
13556,516,709,sess_2672,add_to_cart,2026-01-28 00:59:47.247953,True
7808,365,468,sess_2672,purchase,2026-05-03 06:25:41.222317,True
10206,1087,472,sess_2673,purchase,2025-06-15 15:34:55.228610,True
766,611,638,sess_2673,purchase,2025-08-27 14:00:33.181409,True
7634,258,61,sess_2673,add_to_cart,2026-03-20 03:31:16.222317,True
7688,1099,661,sess_2674,add_to_cart,2025-08-26 12:44:50.222317,True
9776,426,942,sess_2674,purchase,2025-10-28 13:39:50.228610,True
13895,896,330,sess_2675,add_to_cart,2025-06-21 07:32:05.247953,True
14159,373,324,sess_2675,purchase,2026-01-20 13:35:28.249957,True
13907,897,63,sess_2676,view,2025-12-05 18:46:46.247953,True
13757,829,446,sess_2676,purchase,2025-12-11 08:51:42.247953,True
13573,289,290,sess_2676,add_to_cart,2025-12-14 12:00:16.247953,True
3854,244,454,sess_2676,purchase,2026-02-17 22:08:47.197951,True
4461,1069,4,sess_2677,purchase,2025-06-24 15:52:23.203543,True
10894,627,993,sess_2677,add_to_cart,2025-12-20 18:40:01.228610,True
9340,871,349,sess_2677,view,2026-03-22 02:24:35.228610,True
4044,776,813,sess_2678,view,2025-08-18 08:57:05.197951,True
279,1065,1019,sess_2679,add_to_cart,2025-08-31 06:56:54.178635,True
10286,900,69,sess_2679,view,2025-10-25 23:03:05.228610,True
11575,1076,835,sess_2679,purchase,2026-02-01 00:29:45.237113,True
2956,596,322,sess_2679,view,2026-04-26 07:21:12.186925,True
2168,165,1082,sess_268,add_to_cart,2025-08-12 20:30:01.186925,True
12430,632,750,sess_268,purchase,2026-05-13 18:47:27.240934,True
2244,231,882,sess_2680,add_to_cart,2025-07-23 12:58:50.186925,True
8955,175,1083,sess_2683,view,2026-01-27 02:40:01.226324,True
13074,661,404,sess_2683,add_to_cart,2026-03-19 05:51:33.243940,True
1872,757,111,sess_2683,add_to_cart,2026-05-14 18:10:49.186925,True
5862,688,733,sess_2684,view,2025-07-24 10:44:37.214026,True
1254,303,341,sess_2684,view,2025-07-27 09:31:41.183414,True
8775,290,188,sess_2684,view,2025-12-16 23:34:38.226324,True
12941,242,558,sess_2684,view,2026-01-25 10:36:32.243940,True
12666,607,153,sess_2685,add_to_cart,2025-11-02 17:07:55.242937,True
1813,297,153,sess_2686,purchase,2025-08-14 19:50:12.186925,True
9894,977,1017,sess_2686,view,2025-09-06 01:33:49.228610,True
8738,395,141,sess_2686,view,2026-04-11 20:01:58.226324,True
9609,292,94,sess_2687,add_to_cart,2026-01-17 09:22:01.228610,True
11998,643,915,sess_269,add_to_cart,2025-11-12 14:02:15.238931,True
263,37,63,sess_269,add_to_cart,2025-11-27 03:07:40.178635,True
4449,863,505,sess_2692,purchase,2025-06-24 04:53:35.203543,True
6020,516,194,sess_2692,add_to_cart,2026-03-27 10:08:38.214026,True
57,308,323,sess_2693,view,2025-07-20 22:56:45.178635,True
13449,391,800,sess_2693,add_to_cart,2026-01-06 01:00:52.245946,True
14533,343,1080,sess_2693,add_to_cart,2026-05-09 09:30:35.249957,True
7418,781,225,sess_2694,view,2025-12-20 16:40:40.219548,True
1308,262,334,sess_2695,purchase,2026-01-02 17:27:45.183414,True
2091,555,274,sess_2695,add_to_cart,2026-01-17 13:35:42.186925,True
12710,693,212,sess_2696,view,2025-10-22 06:59:26.242937,True
1496,538,855,sess_2696,add_to_cart,2025-11-03 10:19:44.185418,True
4666,10,235,sess_2697,purchase,2026-04-04 02:45:48.207677,True
12486,966,965,sess_2698,purchase,2025-07-28 20:47:22.240934,True
4990,117,900,sess_2699,view,2025-09-01 20:15:30.209185,True
9036,298,754,sess_2699,add_to_cart,2025-09-21 07:11:20.227826,True
7065,64,637,sess_2699,purchase,2025-10-11 21:48:06.218542,True
3627,591,239,sess_2699,add_to_cart,2026-02-12 10:50:01.186925,True
12404,808,731,sess_2699,purchase,2026-05-28 15:15:24.240934,True
4593,428,500,sess_27,view,2025-12-01 08:17:18.207677,True
544,699,260,sess_2700,purchase,2025-08-06 23:10:41.181409,True
4699,526,146,sess_2700,add_to_cart,2025-09-28 20:45:48.207677,True
2637,632,878,sess_2701,view,2026-03-17 18:05:49.186925,True
8335,1092,215,sess_2701,add_to_cart,2026-04-21 19:10:03.224321,True
12528,44,463,sess_2701,purchase,2026-05-20 23:57:25.240934,True
12129,857,619,sess_2701,view,2026-05-22 01:29:15.240934,True
14831,972,1011,sess_2702,view,2025-10-17 16:04:12.251960,True
9075,652,1068,sess_2703,purchase,2025-10-02 03:36:40.227826,True
9963,720,294,sess_2704,purchase,2025-08-17 03:11:02.228610,True
13932,176,23,sess_2704,purchase,2025-09-01 19:10:55.247953,True
1941,897,342,sess_2704,view,2025-09-15 11:28:10.186925,True
3671,990,1099,sess_2704,purchase,2025-11-19 21:35:36.186925,True
10229,701,1083,sess_2704,view,2025-12-07 23:35:02.228610,True
12852,355,41,sess_2704,purchase,2026-01-21 14:04:30.242937,True
8745,817,1021,sess_2705,purchase,2026-03-13 20:00:56.226324,True
7894,926,928,sess_2705,view,2026-04-08 17:19:31.222317,True
12542,1012,82,sess_2707,view,2025-09-30 05:42:55.240934,True
13496,183,709,sess_2707,purchase,2025-11-07 02:48:48.245946,True
13193,1018,164,sess_2707,add_to_cart,2026-02-08 08:21:53.245946,True
4579,159,2,sess_2707,view,2026-03-01 11:51:02.203543,True
6104,840,1055,sess_2707,add_to_cart,2026-04-11 12:37:34.214026,True
5977,344,637,sess_2708,view,2026-03-14 03:03:36.214026,True
6484,1035,353,sess_2709,purchase,2025-08-28 16:55:36.216529,True
804,199,976,sess_2709,purchase,2025-09-16 08:21:45.181409,True
4151,24,128,sess_2709,purchase,2025-10-21 22:58:15.199974,True
12463,789,808,sess_271,view,2025-09-11 16:29:19.240934,True
7589,342,230,sess_2710,view,2025-08-13 03:58:08.222317,True
5510,975,1070,sess_2710,add_to_cart,2026-06-11 01:05:18.212022,True
3953,43,866,sess_2711,view,2025-07-01 00:51:03.197951,True
3026,19,931,sess_2712,view,2025-09-14 12:18:58.186925,True
2901,48,58,sess_2712,add_to_cart,2025-12-02 05:36:40.186925,True
643,817,831,sess_2713,purchase,2025-08-18 20:41:26.181409,True
153,9,357,sess_2714,view,2025-12-19 07:59:10.178635,True
4191,1,563,sess_2715,add_to_cart,2025-08-22 13:35:48.199974,True
6056,926,933,sess_2716,purchase,2025-12-22 23:22:09.214026,True
11597,902,676,sess_2717,purchase,2025-11-11 19:58:20.237113,True
13830,1032,294,sess_2717,view,2025-12-14 06:13:08.247953,True
2951,240,691,sess_2717,purchase,2026-01-12 21:09:27.186925,True
640,409,373,sess_2717,add_to_cart,2026-06-07 06:00:40.181409,True
2227,729,292,sess_2718,add_to_cart,2026-03-16 22:37:07.186925,True
4316,368,690,sess_2718,purchase,2026-05-15 00:48:25.202536,True
13839,369,1065,sess_272,purchase,2025-08-31 14:59:48.247953,True
6507,215,676,sess_2720,view,2025-11-19 08:21:57.216529,True
4107,860,242,sess_2720,view,2026-04-30 05:18:44.199974,True
6509,555,908,sess_2721,purchase,2025-06-18 11:27:44.216529,True
2587,1078,184,sess_2721,purchase,2026-02-02 09:31:45.186925,True
4779,452,131,sess_2721,view,2026-02-13 04:09:45.209185,True
1649,546,832,sess_2722,add_to_cart,2025-10-22 09:40:30.185418,True
10453,567,901,sess_2723,view,2026-02-02 08:49:17.228610,True
1640,352,1093,sess_2723,view,2026-02-08 11:41:21.185418,True
8668,627,665,sess_2724,view,2025-06-24 07:48:51.226324,True
6355,920,631,sess_2724,purchase,2025-09-27 16:15:14.214026,True
11088,77,425,sess_2725,purchase,2025-08-21 14:00:45.235934,True
11197,686,725,sess_2725,add_to_cart,2025-08-23 04:57:14.237113,True
10333,72,541,sess_2725,add_to_cart,2026-06-09 01:01:40.228610,True
9265,798,266,sess_2726,purchase,2025-09-13 10:27:45.228610,True
8194,298,836,sess_2726,add_to_cart,2026-02-03 22:18:37.224321,True
12623,1048,841,sess_2726,purchase,2026-03-30 00:57:28.240934,True
10285,912,592,sess_2727,add_to_cart,2025-10-16 14:32:42.228610,True
14773,189,990,sess_2727,add_to_cart,2026-01-12 11:40:41.251960,True
7127,427,955,sess_2728,purchase,2025-07-02 12:40:48.218542,True
9830,752,503,sess_2729,view,2025-07-30 02:09:20.228610,True
4720,605,543,sess_2729,view,2026-04-04 10:22:32.207677,True
14996,326,315,sess_2729,purchase,2026-04-25 21:51:04.254569,True
14585,26,984,sess_273,add_to_cart,2026-03-31 02:22:55.251960,True
11634,1019,282,sess_273,add_to_cart,2026-05-02 21:30:28.238931,True
14542,541,307,sess_2731,purchase,2025-07-25 17:57:16.249957,True
11625,642,449,sess_2731,purchase,2026-03-13 07:39:32.238931,True
6075,170,227,sess_2732,view,2026-02-02 22:38:56.214026,True
8820,688,875,sess_2733,purchase,2025-06-29 09:27:26.226324,True
14605,649,1038,sess_2733,view,2025-11-27 12:34:16.251960,True
12339,1041,321,sess_2734,view,2025-06-21 08:06:45.240934,True
6956,926,695,sess_2734,purchase,2025-11-23 02:57:54.216529,True
9313,978,90,sess_2734,purchase,2025-12-22 18:25:56.228610,True
6455,969,224,sess_2735,view,2025-07-06 13:05:25.214026,True
9362,173,277,sess_2735,view,2025-08-09 13:42:24.228610,True
13936,390,734,sess_2735,add_to_cart,2025-11-10 02:16:32.247953,True
11704,283,1095,sess_2735,view,2025-11-24 20:57:23.238931,True
8354,794,725,sess_2735,add_to_cart,2026-01-20 16:01:47.224321,True
12524,406,291,sess_2735,add_to_cart,2026-05-19 23:35:41.240934,True
5586,756,601,sess_2736,purchase,2025-09-27 20:28:36.212022,True
3504,905,808,sess_2736,view,2026-02-21 13:05:49.186925,True
7732,316,974,sess_2738,purchase,2026-01-06 16:07:23.222317,True
8294,1097,1056,sess_274,add_to_cart,2025-09-01 17:47:06.224321,True
13351,227,565,sess_274,add_to_cart,2026-01-21 07:43:58.245946,True
11109,242,154,sess_274,view,2026-02-26 17:02:07.235934,True
2438,53,1095,sess_2740,view,2025-10-08 16:31:04.186925,True
9660,878,448,sess_2740,add_to_cart,2026-02-08 08:46:38.228610,True
4531,744,912,sess_2741,view,2025-07-26 03:57:47.203543,True
7822,812,1093,sess_2741,add_to_cart,2025-08-06 18:05:15.222317,True
12541,496,4,sess_2743,purchase,2025-09-20 21:51:20.240934,True
8730,584,8,sess_2743,add_to_cart,2025-10-04 11:39:05.226324,True
7977,942,375,sess_2743,view,2025-11-14 15:15:37.222317,True
9041,918,557,sess_2743,purchase,2026-01-11 19:00:45.227826,True
4361,135,674,sess_2744,purchase,2025-09-09 21:25:59.203543,True
6951,327,913,sess_2744,purchase,2025-11-17 19:44:49.216529,True
8925,930,76,sess_2744,purchase,2025-12-22 08:50:08.226324,True
12195,611,883,sess_2745,purchase,2026-06-06 09:03:04.240934,True
4752,695,652,sess_2746,purchase,2025-07-05 09:44:55.209185,True
2717,820,689,sess_2746,add_to_cart,2025-08-26 05:22:17.186925,True
8636,677,871,sess_2746,view,2026-05-17 09:01:40.226324,True
281,874,746,sess_2747,add_to_cart,2026-03-15 01:15:54.178635,True
4622,1019,1081,sess_2748,add_to_cart,2025-08-27 15:18:53.207677,True
10422,506,829,sess_2748,add_to_cart,2025-09-08 11:21:00.228610,True
2712,980,1069,sess_2748,view,2025-09-09 18:13:49.186925,True
5730,262,274,sess_2748,add_to_cart,2026-03-20 04:47:07.212022,True
6150,773,365,sess_2748,purchase,2026-05-05 02:45:25.214026,True
14076,991,620,sess_275,add_to_cart,2025-07-01 02:58:25.249957,True
14537,221,541,sess_275,view,2026-03-17 19:46:15.249957,True
11185,258,388,sess_275,view,2026-06-04 10:42:20.237113,True
14776,945,1001,sess_2750,purchase,2025-06-13 16:32:13.251960,True
7766,94,262,sess_2750,purchase,2025-06-13 22:51:12.222317,True
9984,888,54,sess_2750,view,2025-06-24 13:03:58.228610,True
426,115,558,sess_2750,add_to_cart,2026-02-03 20:12:18.178635,True
13275,414,8,sess_2751,purchase,2025-06-14 21:47:11.245946,True
4840,1031,653,sess_2751,purchase,2025-12-05 15:44:26.209185,True
299,277,843,sess_2751,add_to_cart,2026-02-07 03:33:22.178635,True
11729,184,375,sess_2752,add_to_cart,2025-06-27 23:02:45.238931,True
14839,591,120,sess_2752,add_to_cart,2026-05-27 04:24:52.251960,True
13112,571,686,sess_2753,purchase,2025-06-25 02:30:42.243940,True
12685,469,1032,sess_2753,purchase,2025-09-02 09:50:22.242937,True
11399,61,189,sess_2753,purchase,2026-02-15 13:05:40.237113,True
7389,989,937,sess_2753,purchase,2026-03-17 02:47:19.219548,True
372,998,692,sess_2753,purchase,2026-05-29 01:04:10.178635,True
12130,192,652,sess_2754,purchase,2025-09-25 04:31:53.240934,True
2983,72,1055,sess_2755,purchase,2025-10-21 06:03:17.186925,True
10057,1031,639,sess_2755,view,2025-10-29 11:29:18.228610,True
6615,17,52,sess_2756,purchase,2026-03-08 00:02:46.216529,True
3486,663,848,sess_2757,add_to_cart,2025-09-21 11:41:44.186925,True
1198,1048,992,sess_2757,add_to_cart,2026-04-19 05:34:13.183414,True
5721,190,677,sess_2758,purchase,2025-10-12 17:44:09.212022,True
3430,513,920,sess_2758,view,2026-06-10 16:23:30.186925,True
9437,280,654,sess_276,view,2025-11-12 17:38:50.228610,True
12278,311,21,sess_2760,purchase,2025-10-21 08:45:15.240934,True
3518,903,550,sess_2761,view,2025-06-15 10:01:03.186925,True
7906,788,372,sess_2761,view,2025-12-21 15:12:09.222317,True
8658,1079,1040,sess_2761,view,2025-12-29 06:59:18.226324,True
14491,6,1064,sess_2762,purchase,2025-06-15 22:10:53.249957,True
4086,418,798,sess_2762,view,2026-06-02 19:53:22.199974,True
14743,405,934,sess_2764,add_to_cart,2025-10-30 23:17:08.251960,True
7837,740,581,sess_2765,add_to_cart,2025-06-25 17:40:28.222317,True
8392,870,20,sess_2765,purchase,2025-12-12 07:28:43.224321,True
14052,442,561,sess_2765,purchase,2026-04-04 06:53:25.247953,True
6213,885,540,sess_2765,add_to_cart,2026-06-07 13:55:38.214026,True
14175,582,539,sess_2766,purchase,2025-12-18 06:04:52.249957,True
2026,936,744,sess_2766,view,2026-05-02 03:02:55.186925,True
5059,828,159,sess_2767,add_to_cart,2025-11-19 02:45:05.209185,True
6960,1030,1091,sess_2768,purchase,2025-07-07 20:51:49.216529,True
1596,220,1058,sess_2768,view,2025-09-16 21:56:55.185418,True
11978,238,71,sess_277,add_to_cart,2026-03-01 11:36:42.238931,True
10359,569,597,sess_2770,purchase,2026-03-17 05:26:44.228610,True
10303,1032,366,sess_2770,purchase,2026-05-08 15:14:45.228610,True
6240,159,1090,sess_2770,add_to_cart,2026-06-03 10:57:06.214026,True
14579,774,972,sess_2771,add_to_cart,2025-07-29 15:34:52.251960,True
13081,661,150,sess_2771,add_to_cart,2025-08-04 10:25:13.243940,True
7334,401,696,sess_2772,view,2025-07-05 07:17:31.219548,True
13740,166,55,sess_2773,add_to_cart,2025-06-25 12:22:33.247953,True
3306,921,626,sess_2773,add_to_cart,2025-12-12 08:14:24.186925,True
10120,689,922,sess_2774,view,2026-03-31 19:00:18.228610,True
5472,932,566,sess_2774,view,2026-04-22 09:14:01.212022,True
5337,525,827,sess_2774,purchase,2026-05-19 03:47:08.212022,True
11148,622,927,sess_2774,add_to_cart,2026-05-22 09:24:47.235934,True
2469,12,1057,sess_2775,purchase,2026-02-04 20:33:56.186925,True
8400,495,917,sess_2775,purchase,2026-02-16 22:07:33.224321,True
14529,465,25,sess_2775,add_to_cart,2026-04-18 20:34:03.249957,True
11626,1065,47,sess_2776,add_to_cart,2025-08-31 20:20:26.238931,True
6502,949,58,sess_2777,view,2025-10-31 00:31:00.216529,True
10660,270,896,sess_2778,add_to_cart,2026-04-26 00:35:21.228610,True
12337,1064,483,sess_2779,view,2025-10-15 02:26:52.240934,True
10851,155,976,sess_2779,add_to_cart,2025-11-07 21:58:04.228610,True
14913,597,124,sess_2780,view,2025-08-18 01:52:35.253968,True
4574,876,128,sess_2780,view,2025-11-06 01:47:09.203543,True
12238,769,253,sess_2780,add_to_cart,2026-04-06 00:26:52.240934,True
8152,656,549,sess_2781,add_to_cart,2025-11-20 14:01:28.224321,True
11805,100,970,sess_2781,view,2025-11-30 20:26:44.238931,True
6672,357,911,sess_2781,view,2026-04-03 12:04:26.216529,True
2865,360,749,sess_2782,view,2026-02-20 12:11:03.186925,True
448,828,741,sess_2783,purchase,2025-10-16 11:08:17.181409,True
11872,691,627,sess_2784,purchase,2025-08-25 06:03:17.238931,True
7794,1099,602,sess_2784,view,2025-11-12 23:13:40.222317,True
4354,785,892,sess_2785,purchase,2025-10-29 11:58:28.203543,True
943,769,59,sess_2785,add_to_cart,2025-12-14 17:55:49.181409,True
4410,464,753,sess_2786,purchase,2025-06-11 04:36:45.203543,True
2174,498,899,sess_2786,view,2026-01-30 05:03:07.186925,True
4844,342,876,sess_2787,add_to_cart,2026-06-04 17:42:05.209185,True
5131,816,877,sess_2788,purchase,2025-09-22 00:53:57.209185,True
12066,925,956,sess_2789,add_to_cart,2025-08-11 14:59:42.238931,True
3315,574,243,sess_2789,add_to_cart,2026-01-07 03:15:20.186925,True
13805,844,1095,sess_2789,view,2026-05-31 03:19:19.247953,True
13257,1010,582,sess_279,view,2025-11-09 18:47:25.245946,True
12729,490,576,sess_2790,purchase,2025-08-03 05:55:16.242937,True
11511,772,184,sess_2790,add_to_cart,2026-01-21 22:12:33.237113,True
8505,632,638,sess_2790,purchase,2026-04-09 19:56:36.224321,True
12987,325,880,sess_2791,view,2025-11-16 08:55:05.243940,True
1500,110,161,sess_2793,view,2025-11-28 05:58:09.185418,True
4188,1049,827,sess_2794,purchase,2025-08-30 06:45:54.199974,True
7523,149,863,sess_2794,purchase,2026-02-28 07:38:06.219548,True
14399,772,46,sess_2795,add_to_cart,2025-07-04 17:57:18.249957,True
1694,727,1083,sess_2795,purchase,2025-12-12 01:14:33.185418,True
2249,132,232,sess_2795,view,2025-12-20 10:47:14.186925,True
9603,177,1007,sess_2795,purchase,2026-03-27 06:34:18.228610,True
12200,639,230,sess_2796,add_to_cart,2025-07-02 01:35:19.240934,True
5290,18,89,sess_2796,view,2025-07-13 13:34:54.211509,True
9195,189,137,sess_2796,view,2026-02-15 18:50:43.228610,True
121,380,197,sess_2798,add_to_cart,2025-08-07 13:04:32.178635,True
14912,534,99,sess_2798,add_to_cart,2025-11-06 16:27:08.253968,True
4655,588,397,sess_2798,purchase,2026-05-01 13:16:31.207677,True
13120,506,1067,sess_2799,purchase,2025-10-03 02:12:56.243940,True
10709,846,450,sess_2799,view,2026-04-02 11:06:40.228610,True
6617,404,1075,sess_2799,add_to_cart,2026-05-06 16:53:12.216529,True
11071,909,976,sess_28,add_to_cart,2026-03-05 07:47:50.235934,True
11746,772,630,sess_28,add_to_cart,2026-04-05 23:23:32.238931,True
3992,264,211,sess_28,purchase,2026-06-01 03:40:41.197951,True
1113,587,933,sess_28,purchase,2026-06-03 21:14:54.183414,True
14343,745,549,sess_280,purchase,2025-07-05 08:29:33.249957,True
1002,721,203,sess_280,view,2025-09-14 02:30:09.183414,True
4305,469,394,sess_280,view,2026-04-01 18:30:02.202536,True
164,913,167,sess_2801,add_to_cart,2025-07-20 07:43:28.178635,True
12627,959,44,sess_2801,view,2025-10-28 15:53:56.240934,True
8106,936,225,sess_2801,view,2025-10-29 07:46:58.224321,True
10971,250,509,sess_2801,add_to_cart,2026-03-04 13:43:26.235934,True
2403,543,322,sess_2802,purchase,2026-03-11 12:19:21.186925,True
14821,760,825,sess_2803,view,2026-02-01 13:30:21.251960,True
7941,300,25,sess_2804,purchase,2025-08-14 06:09:32.222317,True
6218,464,1007,sess_2804,view,2025-09-22 07:05:40.214026,True
1864,941,737,sess_2804,add_to_cart,2025-10-26 06:58:29.186925,True
11730,670,719,sess_2804,view,2026-04-03 00:39:10.238931,True
14855,195,738,sess_2804,purchase,2026-05-19 23:44:35.251960,True
1571,110,1050,sess_2805,view,2025-07-04 22:53:57.185418,True
1780,939,856,sess_2805,purchase,2026-01-03 22:57:33.186925,True
11722,450,1096,sess_2805,view,2026-03-12 14:06:26.238931,True
6531,756,298,sess_2805,view,2026-06-01 05:18:41.216529,True
7433,435,1005,sess_2806,view,2026-03-23 07:29:48.219548,True
369,310,1042,sess_2807,add_to_cart,2026-02-02 04:24:42.178635,True
2304,573,1018,sess_2807,purchase,2026-02-13 12:52:56.186925,True
11339,820,893,sess_2807,add_to_cart,2026-04-08 22:57:05.237113,True
14816,490,547,sess_2808,add_to_cart,2025-12-04 04:03:07.251960,True
6175,603,441,sess_2808,view,2026-01-26 08:39:41.214026,True
1554,293,307,sess_2809,add_to_cart,2025-07-02 13:03:18.185418,True
4732,116,456,sess_2809,purchase,2025-09-20 19:45:19.207677,True
3082,868,3,sess_2809,add_to_cart,2026-01-09 23:32:05.186925,True
90,948,1067,sess_2809,add_to_cart,2026-03-16 01:53:59.178635,True
7491,292,866,sess_281,purchase,2025-12-25 10:13:14.219548,True
4819,301,971,sess_2810,add_to_cart,2026-03-12 23:33:38.209185,True
2331,971,798,sess_2811,purchase,2025-10-09 06:32:59.186925,True
14401,277,1007,sess_2811,purchase,2025-11-28 20:26:52.249957,True
1434,676,438,sess_2811,add_to_cart,2025-12-19 09:53:40.183414,True
1416,803,817,sess_2811,add_to_cart,2026-01-14 16:53:58.183414,True
301,916,829,sess_2811,purchase,2026-06-05 19:38:31.178635,True
8489,127,495,sess_2812,view,2025-11-15 23:06:04.224321,True
6071,36,875,sess_2812,purchase,2026-02-28 09:33:40.214026,True
8614,803,591,sess_2812,view,2026-05-22 18:16:31.226324,True
12202,390,198,sess_2813,add_to_cart,2026-02-27 08:01:40.240934,True
7256,304,997,sess_2814,add_to_cart,2025-09-05 03:43:01.219548,True
8283,298,235,sess_2814,add_to_cart,2025-10-07 01:04:48.224321,True
9762,270,268,sess_2814,view,2026-02-18 21:29:22.228610,True
2317,1091,713,sess_2815,view,2026-05-10 11:23:49.186925,True
13591,11,252,sess_2816,purchase,2025-07-17 11:42:00.247953,True
14645,208,71,sess_2816,purchase,2026-05-07 22:15:18.251960,True
12096,47,739,sess_2817,purchase,2026-02-10 05:45:15.238931,True
10284,386,905,sess_2817,view,2026-03-29 17:32:58.228610,True
2310,738,20,sess_2818,add_to_cart,2025-10-25 10:25:09.186925,True
3805,473,409,sess_2819,add_to_cart,2025-10-12 14:49:26.195433,True
1541,302,1060,sess_2819,view,2026-04-01 14:22:30.185418,True
7873,327,1059,sess_282,view,2025-10-10 20:14:12.222317,True
13999,434,691,sess_282,view,2025-10-18 14:52:44.247953,True
13811,279,540,sess_282,view,2025-10-27 14:11:56.247953,True
14282,132,568,sess_282,view,2026-04-12 00:21:05.249957,True
10065,964,864,sess_2820,add_to_cart,2025-07-15 06:13:12.228610,True
6801,559,702,sess_2820,add_to_cart,2025-10-03 10:04:41.216529,True
13746,342,774,sess_2821,add_to_cart,2025-09-03 15:15:37.247953,True
2360,371,146,sess_2821,add_to_cart,2025-11-21 18:03:19.186925,True
6794,899,352,sess_2822,purchase,2025-07-31 03:53:04.216529,True
4714,838,980,sess_2822,view,2026-01-01 06:03:28.207677,True
4101,1088,468,sess_2822,purchase,2026-06-03 14:52:36.199974,True
239,25,1034,sess_2823,purchase,2025-11-13 06:01:27.178635,True
14465,231,896,sess_2823,view,2026-01-27 20:34:55.249957,True
11426,1008,515,sess_2823,purchase,2026-02-24 22:35:49.237113,True
14642,1013,876,sess_2824,add_to_cart,2025-08-10 01:22:22.251960,True
5854,633,334,sess_2824,view,2026-01-12 10:40:19.214026,True
1462,829,763,sess_2824,purchase,2026-02-11 22:31:43.185418,True
14364,32,1053,sess_2824,add_to_cart,2026-05-02 10:21:41.249957,True
1667,861,900,sess_2825,view,2025-07-03 09:54:37.185418,True
9831,678,988,sess_2825,add_to_cart,2025-07-12 04:30:03.228610,True
1064,546,856,sess_2825,purchase,2025-07-18 05:21:20.183414,True
3819,296,38,sess_2825,add_to_cart,2025-08-03 03:34:40.195433,True
2378,326,1070,sess_2825,purchase,2025-11-12 11:50:20.186925,True
13711,815,77,sess_2825,purchase,2025-11-27 08:56:43.247953,True
8744,175,772,sess_2827,purchase,2025-09-30 06:46:49.226324,True
11896,462,410,sess_2827,view,2025-10-10 07:37:34.238931,True
5658,408,712,sess_2827,add_to_cart,2026-03-27 08:22:59.212022,True
11446,1044,462,sess_2827,view,2026-06-09 15:03:25.237113,True
7963,651,206,sess_2828,view,2025-06-14 06:08:29.222317,True
5035,718,143,sess_2828,view,2025-09-17 11:31:46.209185,True
693,898,10,sess_2829,purchase,2025-09-04 03:27:06.181409,True
6968,160,893,sess_283,add_to_cart,2025-12-08 05:19:03.216529,True
9020,481,62,sess_283,purchase,2026-02-02 14:23:34.227826,True
60,785,235,sess_283,view,2026-05-19 19:07:40.178635,True
5130,707,153,sess_2830,purchase,2026-02-03 23:50:08.209185,True
3238,180,940,sess_2830,purchase,2026-02-16 22:19:34.186925,True
4127,800,383,sess_2830,view,2026-02-21 11:53:01.199974,True
7458,808,187,sess_2830,add_to_cart,2026-04-27 08:01:48.219548,True
8219,19,565,sess_2831,view,2026-02-10 14:18:28.224321,True
2502,2,1047,sess_2831,purchase,2026-04-21 19:28:28.186925,True
3647,243,19,sess_2833,add_to_cart,2025-10-26 08:34:17.186925,True
308,402,633,sess_2833,purchase,2025-11-15 18:09:51.178635,True
5836,1030,601,sess_2833,view,2026-01-16 12:46:34.212022,True
11551,914,721,sess_2834,add_to_cart,2025-07-03 06:43:19.237113,True
1562,568,578,sess_2837,add_to_cart,2026-01-15 11:48:13.185418,True
5892,418,672,sess_2837,purchase,2026-01-26 08:26:41.214026,True
764,1053,598,sess_2838,add_to_cart,2025-08-09 07:37:55.181409,True
13644,381,108,sess_2838,add_to_cart,2025-09-14 16:46:46.247953,True
2852,842,527,sess_2839,add_to_cart,2025-10-09 20:52:28.186925,True
6142,157,646,sess_284,view,2025-07-10 20:55:32.214026,True
12704,393,583,sess_284,view,2026-02-07 08:44:11.242937,True
12928,744,83,sess_2840,view,2026-03-13 22:54:11.243940,True
11816,866,918,sess_2841,purchase,2025-10-29 16:57:06.238931,True
2184,365,14,sess_2841,add_to_cart,2025-12-14 19:22:46.186925,True
8177,298,164,sess_2842,purchase,2025-09-11 17:54:31.224321,True
10260,467,539,sess_2843,view,2026-05-12 20:04:01.228610,True
8964,446,461,sess_2844,purchase,2025-09-23 21:06:13.226324,True
6245,700,376,sess_2844,add_to_cart,2026-05-02 03:47:17.214026,True
8992,822,763,sess_2844,purchase,2026-06-01 16:42:55.226324,True
14641,632,585,sess_2845,view,2025-09-29 18:58:39.251960,True
9936,613,722,sess_2845,add_to_cart,2026-02-24 14:01:05.228610,True
6544,542,1082,sess_2846,add_to_cart,2025-09-22 16:13:57.216529,True
13869,750,641,sess_2846,view,2025-10-09 18:36:25.247953,True
7851,780,448,sess_2848,view,2025-09-06 06:16:23.222317,True
651,85,141,sess_2848,add_to_cart,2026-01-24 05:29:25.181409,True
7827,730,463,sess_2849,view,2026-03-01 03:17:36.222317,True
2944,97,82,sess_2849,add_to_cart,2026-04-25 18:11:12.186925,True
7425,543,299,sess_285,add_to_cart,2025-11-11 07:58:22.219548,True
4453,821,339,sess_285,add_to_cart,2026-02-23 17:04:09.203543,True
8364,1074,380,sess_285,purchase,2026-05-31 02:09:41.224321,True
1336,52,745,sess_2850,add_to_cart,2025-11-17 14:44:49.183414,True
8426,238,663,sess_2851,purchase,2026-01-07 21:38:33.224321,True
9336,1019,870,sess_2851,view,2026-05-27 05:39:28.228610,True
5493,24,455,sess_2852,purchase,2025-08-04 19:32:05.212022,True
11118,1008,32,sess_2852,view,2025-10-26 13:09:11.235934,True
4994,160,1012,sess_2852,purchase,2026-02-24 02:19:13.209185,True
5636,432,955,sess_2852,view,2026-02-28 16:08:49.212022,True
13183,870,854,sess_2853,add_to_cart,2025-09-07 14:45:26.245946,True
558,190,177,sess_2854,add_to_cart,2026-01-16 02:15:23.181409,True
14607,550,754,sess_2854,purchase,2026-02-15 15:48:08.251960,True
10827,648,576,sess_2855,add_to_cart,2025-12-27 10:35:12.228610,True
5211,436,107,sess_2855,purchase,2026-02-15 15:07:56.209185,True
6338,81,1025,sess_2856,view,2025-08-03 22:13:48.214026,True
528,188,926,sess_2857,view,2025-07-17 04:51:16.181409,True
4624,727,1057,sess_2857,view,2025-11-21 19:19:25.207677,True
5303,372,1048,sess_2857,view,2026-02-15 15:15:34.211509,True
464,712,147,sess_2858,purchase,2025-07-15 17:59:49.181409,True
8780,660,994,sess_2858,add_to_cart,2026-06-05 04:22:28.226324,True
9735,186,664,sess_2859,view,2025-06-25 11:21:15.228610,True
7328,101,47,sess_286,view,2026-01-23 08:25:04.219548,True
9513,149,832,sess_2860,purchase,2026-02-27 16:59:21.228610,True
8155,809,574,sess_2861,view,2025-06-27 00:40:01.224321,True
13686,12,691,sess_2861,add_to_cart,2025-08-17 18:45:47.247953,True
3314,141,564,sess_2861,add_to_cart,2025-11-17 12:44:57.186925,True
14410,884,822,sess_2863,purchase,2025-08-26 09:11:43.249957,True
13870,922,998,sess_2863,view,2025-09-22 12:40:06.247953,True
8192,929,594,sess_2863,purchase,2025-12-20 23:03:20.224321,True
8606,41,970,sess_2863,view,2026-06-09 19:09:51.224321,True
13457,445,422,sess_2865,view,2025-10-07 07:00:52.245946,True
3541,595,658,sess_2865,add_to_cart,2025-12-31 23:35:37.186925,True
7156,162,814,sess_2865,view,2026-01-16 21:20:08.218542,True
3000,614,341,sess_2866,purchase,2025-10-13 23:54:47.186925,True
5824,1032,621,sess_2866,view,2025-12-31 02:13:57.212022,True
14956,371,1051,sess_2867,view,2026-01-28 15:32:32.253968,True
3245,570,215,sess_2868,purchase,2025-07-27 15:32:12.186925,True
598,685,963,sess_2868,add_to_cart,2025-10-25 04:30:40.181409,True
13146,427,865,sess_2868,purchase,2026-02-15 14:47:14.245946,True
13621,276,474,sess_2868,purchase,2026-02-25 08:41:40.247953,True
12470,798,205,sess_2868,purchase,2026-02-28 01:47:29.240934,True
13375,114,380,sess_2869,add_to_cart,2026-04-30 06:46:26.245946,True
8113,1031,920,sess_287,add_to_cart,2025-09-01 14:16:43.224321,True
1037,261,423,sess_287,purchase,2025-10-30 10:43:40.183414,True
14494,784,202,sess_2870,purchase,2025-08-14 03:06:29.249957,True
973,1015,788,sess_2870,purchase,2025-11-20 17:21:31.183414,True
13921,586,959,sess_2870,add_to_cart,2026-02-16 16:26:35.247953,True
12834,642,563,sess_2870,purchase,2026-03-13 00:19:48.242937,True
10450,881,342,sess_2871,view,2025-07-07 16:55:10.228610,True
2760,1029,675,sess_2871,purchase,2026-04-11 11:03:03.186925,True
6822,488,749,sess_2872,add_to_cart,2025-06-29 08:43:20.216529,True
8476,1084,333,sess_2873,view,2026-02-27 08:13:52.224321,True
6398,1050,466,sess_2873,purchase,2026-05-26 15:05:55.214026,True
7886,1022,820,sess_2874,purchase,2025-08-30 19:07:18.222317,True
4526,1070,243,sess_2874,view,2026-01-24 05:31:35.203543,True
14289,815,280,sess_2875,purchase,2025-06-19 18:22:09.249957,True
11140,489,89,sess_2875,add_to_cart,2026-05-06 21:52:25.235934,True
12647,996,916,sess_2877,view,2026-04-23 21:36:22.242937,True
694,278,594,sess_2877,view,2026-05-24 17:31:37.181409,True
14366,678,315,sess_2878,view,2025-08-24 22:19:15.249957,True
6938,932,482,sess_2878,add_to_cart,2025-12-12 12:02:27.216529,True
6271,599,529,sess_2878,view,2026-03-11 02:11:38.214026,True
773,308,345,sess_2879,purchase,2026-01-24 10:24:33.181409,True
6024,191,707,sess_2881,purchase,2026-02-19 06:42:20.214026,True
12407,123,41,sess_2882,purchase,2025-09-06 18:28:32.240934,True
11607,876,320,sess_2882,purchase,2026-06-10 16:29:12.238931,True
8415,787,507,sess_2883,purchase,2025-11-15 03:55:12.224321,True
11417,588,385,sess_2883,view,2026-04-19 13:33:19.237113,True
6836,76,675,sess_2884,view,2025-08-01 10:56:37.216529,True
11829,193,273,sess_2884,view,2026-02-06 22:26:14.238931,True
2181,1004,760,sess_2884,view,2026-05-23 01:05:18.186925,True
12239,562,845,sess_2885,view,2026-01-19 06:02:54.240934,True
10596,946,744,sess_2886,view,2025-08-18 05:00:30.228610,True
11455,961,308,sess_2886,purchase,2025-10-24 10:52:21.237113,True
13340,115,14,sess_2886,purchase,2026-04-10 07:50:52.245946,True
7476,1078,670,sess_2886,purchase,2026-05-19 12:03:51.219548,True
10592,730,637,sess_2888,add_to_cart,2026-04-25 06:52:04.228610,True
1212,24,54,sess_2888,view,2026-05-11 14:02:29.183414,True
3624,229,869,sess_2888,purchase,2026-05-16 07:59:46.186925,True
6311,630,1078,sess_2888,view,2026-06-08 17:40:33.214026,True
1830,166,1073,sess_2889,purchase,2025-07-04 20:01:02.186925,True
736,305,842,sess_2889,add_to_cart,2026-01-01 14:48:49.181409,True
7346,771,347,sess_2890,purchase,2025-12-05 22:13:10.219548,True
5701,176,380,sess_2891,add_to_cart,2025-11-06 17:04:42.212022,True
725,370,941,sess_2891,view,2026-01-24 02:03:10.181409,True
2289,738,82,sess_2891,purchase,2026-03-31 05:42:20.186925,True
12858,926,1016,sess_2892,view,2025-06-14 09:15:36.242937,True
3309,231,197,sess_2892,purchase,2026-04-17 06:53:17.186925,True
3680,899,636,sess_2893,add_to_cart,2025-07-25 02:38:36.186925,True
4881,935,419,sess_2893,purchase,2025-12-19 22:20:12.209185,True
5849,307,317,sess_2893,add_to_cart,2026-04-12 15:42:59.214026,True
14777,592,979,sess_2893,view,2026-06-02 04:52:11.251960,True
10679,761,234,sess_2894,purchase,2025-06-26 18:54:54.228610,True
5572,1073,197,sess_2894,view,2025-09-07 18:10:17.212022,True
14123,547,497,sess_2894,add_to_cart,2025-10-11 06:14:44.249957,True
5952,978,802,sess_2896,add_to_cart,2025-06-13 20:23:42.214026,True
4291,1002,1071,sess_2897,purchase,2025-10-16 06:17:17.202536,True
11430,385,616,sess_2897,purchase,2025-11-10 13:21:35.237113,True
9630,386,1071,sess_2898,purchase,2025-08-10 05:14:11.228610,True
13779,988,905,sess_2898,purchase,2025-09-28 10:20:32.247953,True
6823,849,335,sess_2899,purchase,2025-12-10 09:37:23.216529,True
1247,298,850,sess_2899,add_to_cart,2026-03-08 09:06:14.183414,True
8263,186,1018,sess_29,purchase,2025-09-20 13:48:19.224321,True
4508,125,529,sess_29,add_to_cart,2025-10-27 19:36:31.203543,True
10510,116,962,sess_29,add_to_cart,2026-06-05 08:47:14.228610,True
7150,202,796,sess_290,add_to_cart,2025-11-28 16:54:12.218542,True
12796,876,289,sess_290,purchase,2026-03-24 18:38:02.242937,True
9403,1012,875,sess_290,purchase,2026-03-31 09:27:50.228610,True
10751,1008,974,sess_2900,view,2025-07-06 10:59:59.228610,True
4058,868,551,sess_2901,add_to_cart,2026-03-04 12:27:13.199974,True
13145,577,595,sess_2901,view,2026-05-26 06:50:22.245946,True
13062,517,734,sess_2904,view,2025-06-24 02:28:51.243940,True
3721,153,165,sess_2905,add_to_cart,2025-06-13 16:27:50.195433,True
13023,887,206,sess_2905,view,2025-07-26 13:47:52.243940,True
13470,1035,596,sess_2905,purchase,2025-12-02 11:48:16.245946,True
12914,675,287,sess_2906,add_to_cart,2026-01-10 19:18:18.243940,True
13029,1006,752,sess_2906,purchase,2026-02-24 02:10:14.243940,True
14941,920,460,sess_2907,add_to_cart,2025-06-15 06:56:44.253968,True
10688,814,265,sess_2907,view,2025-09-08 13:29:38.228610,True
9373,209,621,sess_2907,view,2025-09-25 11:48:40.228610,True
3153,938,1097,sess_2907,view,2025-11-16 21:08:27.186925,True
12919,918,380,sess_2908,add_to_cart,2025-08-11 14:46:04.243940,True
9182,158,1030,sess_2909,add_to_cart,2025-08-09 17:29:29.228610,True
4203,791,436,sess_2909,add_to_cart,2026-05-13 06:36:55.199974,True
12206,303,308,sess_291,view,2025-06-27 04:02:13.240934,True
10727,882,473,sess_2910,purchase,2026-01-15 18:05:44.228610,True
6913,370,370,sess_2911,purchase,2025-11-15 20:33:45.216529,True
6629,54,161,sess_2911,purchase,2026-03-11 18:30:52.216529,True
5089,185,860,sess_2911,view,2026-05-06 18:25:47.209185,True
13571,387,396,sess_2912,view,2025-12-18 08:05:58.247953,True
14757,945,564,sess_2912,view,2026-03-25 01:46:23.251960,True
5567,1031,1066,sess_2912,purchase,2026-04-18 02:00:21.212022,True
133,1041,808,sess_2913,purchase,2025-11-20 22:04:07.178635,True
5418,541,385,sess_2913,purchase,2026-03-09 09:22:31.212022,True
14814,641,565,sess_2915,add_to_cart,2025-06-19 16:57:48.251960,True
1959,477,823,sess_2915,add_to_cart,2025-06-28 17:24:17.186925,True
5054,747,691,sess_2916,add_to_cart,2026-03-10 19:57:34.209185,True
3733,156,1047,sess_2916,add_to_cart,2026-03-11 11:35:06.195433,True
11144,436,338,sess_2917,purchase,2025-09-03 20:14:37.235934,True
2428,489,797,sess_2917,view,2025-12-06 02:07:42.186925,True
2715,775,167,sess_2917,view,2025-12-29 06:37:13.186925,True
11755,324,385,sess_2917,purchase,2026-01-16 23:10:48.238931,True
3972,310,192,sess_2917,add_to_cart,2026-04-27 23:29:21.197951,True
5956,823,57,sess_2918,view,2025-11-10 12:58:40.214026,True
405,980,84,sess_2918,view,2026-01-25 10:50:48.178635,True
12065,908,434,sess_2919,add_to_cart,2026-02-06 02:31:14.238931,True
13328,778,692,sess_292,add_to_cart,2025-08-11 14:08:48.245946,True
8000,865,1010,sess_292,view,2025-11-06 05:03:03.222317,True
12550,614,402,sess_292,add_to_cart,2025-12-07 08:43:45.240934,True
7826,808,333,sess_2920,add_to_cart,2025-10-09 12:29:51.222317,True
2879,828,466,sess_2920,purchase,2026-03-08 13:37:51.186925,True
14694,677,459,sess_2921,view,2026-02-21 05:19:42.251960,True
9188,175,788,sess_2922,view,2025-08-15 01:47:42.228610,True
4653,918,1077,sess_2922,purchase,2025-08-28 06:23:07.207677,True
2966,1081,961,sess_2922,view,2025-11-22 03:08:35.186925,True
5392,864,945,sess_2922,purchase,2026-04-21 04:49:03.212022,True
14871,638,627,sess_2923,purchase,2025-06-24 00:51:34.253968,True
10476,119,178,sess_2924,add_to_cart,2025-06-25 07:24:51.228610,True
7030,182,525,sess_2926,view,2025-08-13 20:53:02.218542,True
14145,912,475,sess_2926,add_to_cart,2025-10-17 22:36:50.249957,True
7964,168,388,sess_2926,add_to_cart,2026-04-15 05:17:00.222317,True
5778,859,506,sess_2927,add_to_cart,2025-08-08 10:14:22.212022,True
10278,906,85,sess_2927,add_to_cart,2025-08-19 18:35:51.228610,True
13946,644,212,sess_2927,purchase,2025-09-29 06:45:21.247953,True
12262,56,517,sess_2927,add_to_cart,2026-02-17 09:51:58.240934,True
310,1079,784,sess_2927,add_to_cart,2026-04-04 17:04:07.178635,True
11380,1079,299,sess_2928,add_to_cart,2025-12-14 18:43:49.237113,True
5926,817,1080,sess_2928,purchase,2026-02-19 22:56:10.214026,True
8169,1091,738,sess_2928,add_to_cart,2026-03-14 06:40:22.224321,True
4116,602,560,sess_293,view,2025-09-20 14:18:46.199974,True
12135,496,569,sess_2930,add_to_cart,2026-05-07 23:23:35.240934,True
2027,986,212,sess_2931,view,2025-07-11 09:35:02.186925,True
2720,688,360,sess_2932,view,2025-10-27 19:58:43.186925,True
7532,993,517,sess_2933,purchase,2025-07-28 20:43:12.219548,True
6374,902,244,sess_2933,view,2026-06-11 11:17:10.214026,True
8360,290,222,sess_2934,purchase,2025-10-12 23:16:42.224321,True
9007,550,70,sess_2934,purchase,2026-02-23 07:37:29.227826,True
2375,403,299,sess_2935,view,2025-10-16 13:41:41.186925,True
8939,266,595,sess_2935,view,2025-11-08 07:23:30.226324,True
6448,271,209,sess_2935,view,2026-03-09 21:32:52.214026,True
13336,214,645,sess_2935,add_to_cart,2026-05-05 23:31:58.245946,True
6390,791,438,sess_2936,view,2025-08-04 21:03:56.214026,True
13604,104,200,sess_2936,purchase,2025-09-23 14:21:35.247953,True
5057,352,744,sess_2936,view,2026-01-21 11:51:43.209185,True
4473,650,1020,sess_2936,purchase,2026-04-09 18:07:39.203543,True
13504,520,150,sess_2937,view,2025-09-21 21:03:03.245946,True
2448,52,59,sess_2937,add_to_cart,2025-11-27 05:41:52.186925,True
7761,190,29,sess_2937,view,2025-11-27 20:25:39.222317,True
2251,1025,670,sess_2938,add_to_cart,2025-09-11 02:11:00.186925,True
12121,654,182,sess_2938,purchase,2025-12-11 19:41:13.240934,True
6582,705,56,sess_2938,purchase,2026-01-15 02:17:39.216529,True
13051,239,810,sess_2938,purchase,2026-05-12 08:05:44.243940,True
8045,599,239,sess_2939,view,2026-01-15 15:34:45.222317,True
5257,76,1092,sess_2939,purchase,2026-01-17 09:15:32.211509,True
6768,45,227,sess_294,view,2025-11-28 12:06:44.216529,True
5616,604,798,sess_294,view,2026-01-08 01:22:06.212022,True
8371,149,190,sess_294,add_to_cart,2026-01-16 15:56:57.224321,True
6208,933,407,sess_2940,view,2025-08-19 20:31:53.214026,True
9916,905,473,sess_2940,view,2026-02-15 10:32:36.228610,True
13389,397,996,sess_2941,purchase,2025-09-18 17:04:12.245946,True
350,841,755,sess_2941,purchase,2026-03-11 06:37:21.178635,True
13421,959,762,sess_2942,add_to_cart,2025-08-01 00:37:51.245946,True
11471,321,489,sess_2943,add_to_cart,2025-06-21 23:52:36.237113,True
1688,901,18,sess_2945,view,2025-09-19 04:42:20.185418,True
12228,173,1076,sess_2946,view,2025-09-05 04:35:05.240934,True
6839,1016,638,sess_2946,add_to_cart,2025-10-08 04:10:16.216529,True
6758,173,267,sess_2946,add_to_cart,2025-10-08 14:04:58.216529,True
12690,522,716,sess_2947,purchase,2026-01-24 10:11:56.242937,True
1357,103,1045,sess_2947,purchase,2026-03-24 23:27:34.183414,True
1908,168,236,sess_2948,add_to_cart,2025-06-12 16:30:42.186925,True
14077,935,412,sess_2948,view,2025-12-12 05:10:21.249957,True
10149,647,33,sess_2948,purchase,2026-01-30 01:20:17.228610,True
10996,592,227,sess_2949,purchase,2026-02-03 01:33:52.235934,True
8794,263,557,sess_2949,view,2026-02-15 21:23:27.226324,True
2393,307,902,sess_295,purchase,2025-10-01 05:10:39.186925,True
4569,120,90,sess_2950,purchase,2025-06-14 15:03:38.203543,True
13307,1017,828,sess_2952,view,2025-08-13 20:11:48.245946,True
1148,693,573,sess_2953,view,2025-09-02 12:02:39.183414,True
5964,191,808,sess_2953,add_to_cart,2025-11-06 06:39:32.214026,True
2702,1089,981,sess_2953,purchase,2026-05-23 22:13:11.186925,True
9134,722,369,sess_2954,view,2026-02-15 08:29:08.228610,True
12332,948,897,sess_2954,view,2026-05-22 03:16:35.240934,True
667,635,341,sess_2956,purchase,2025-10-06 20:48:31.181409,True
11738,957,269,sess_2956,view,2026-02-08 03:00:40.238931,True
3863,137,298,sess_2956,view,2026-06-04 20:34:44.197951,True
808,72,10,sess_2957,view,2025-06-25 16:57:32.181409,True
36,103,968,sess_2957,purchase,2025-08-23 15:38:06.178635,True
11347,261,601,sess_2957,add_to_cart,2026-05-13 20:02:45.237113,True
6031,293,932,sess_2958,add_to_cart,2025-10-18 14:13:47.214026,True
7611,625,899,sess_2958,purchase,2026-01-12 15:59:24.222317,True
3869,24,987,sess_2958,add_to_cart,2026-04-14 02:21:00.197951,True
2984,169,888,sess_2959,add_to_cart,2025-09-09 00:10:56.186925,True
10833,1025,280,sess_2959,add_to_cart,2025-10-17 17:15:57.228610,True
11568,871,763,sess_2959,purchase,2026-04-10 02:54:41.237113,True
14654,923,655,sess_2959,view,2026-06-05 04:24:22.251960,True
685,119,548,sess_2960,purchase,2026-02-10 08:16:58.181409,True
7754,555,184,sess_2961,add_to_cart,2025-08-14 08:27:11.222317,True
3019,18,145,sess_2961,purchase,2025-11-18 15:59:49.186925,True
5916,275,609,sess_2961,add_to_cart,2026-01-14 00:37:58.214026,True
3740,699,380,sess_2961,purchase,2026-01-18 12:25:34.195433,True
14650,959,1063,sess_2962,purchase,2025-07-25 10:39:49.251960,True
6117,1049,20,sess_2962,view,2026-01-18 05:47:52.214026,True
13337,545,515,sess_2963,view,2025-12-01 01:46:41.245946,True
2546,778,681,sess_2963,purchase,2026-06-08 19:12:50.186925,True
3003,728,999,sess_2964,purchase,2025-07-01 13:41:46.186925,True
13488,247,724,sess_2964,purchase,2025-09-02 13:34:25.245946,True
10283,84,201,sess_2964,purchase,2025-11-15 07:17:47.228610,True
882,511,626,sess_2964,purchase,2026-01-13 13:42:13.181409,True
10263,734,863,sess_2965,purchase,2025-08-03 12:00:58.228610,True
10501,1027,1017,sess_2966,view,2025-10-12 19:30:42.228610,True
11648,281,578,sess_2966,view,2026-01-10 15:09:02.238931,True
7051,67,652,sess_2966,purchase,2026-04-23 18:35:50.218542,True
4411,802,308,sess_2966,purchase,2026-05-03 12:55:33.203543,True
14886,271,885,sess_2968,purchase,2025-07-29 07:20:16.253968,True
14984,222,417,sess_2968,view,2025-09-04 05:22:13.254569,True
14229,1065,38,sess_2968,add_to_cart,2026-04-04 05:55:21.249957,True
6419,800,677,sess_2968,view,2026-06-02 08:15:18.214026,True
10335,881,1076,sess_2969,add_to_cart,2025-08-03 05:54:38.228610,True
7614,387,844,sess_2969,purchase,2026-03-01 22:12:07.222317,True
14854,1082,246,sess_2970,view,2025-11-03 06:04:23.251960,True
11501,544,767,sess_2970,add_to_cart,2025-11-13 12:57:17.237113,True
2906,709,543,sess_2971,view,2025-10-01 10:48:16.186925,True
3509,634,233,sess_2971,view,2026-01-25 14:25:26.186925,True
2446,352,320,sess_2972,view,2025-07-03 14:08:01.186925,True
9492,748,111,sess_2972,view,2026-03-21 13:29:53.228610,True
6777,691,902,sess_2973,purchase,2025-07-08 23:42:18.216529,True
13126,647,177,sess_2973,add_to_cart,2025-10-26 02:25:12.245946,True
8100,337,177,sess_2973,purchase,2026-02-08 09:23:39.224321,True
14035,242,636,sess_2974,view,2026-01-12 21:06:47.247953,True
352,1086,659,sess_2974,view,2026-01-29 13:47:49.178635,True
3444,611,161,sess_2975,purchase,2026-05-25 06:57:52.186925,True
2764,275,196,sess_2976,add_to_cart,2025-08-05 22:26:49.186925,True
4865,640,439,sess_2976,add_to_cart,2025-10-17 21:51:39.209185,True
13894,872,599,sess_2976,add_to_cart,2026-06-01 05:07:12.247953,True
12538,976,1070,sess_2977,view,2025-11-26 14:15:51.240934,True
475,823,466,sess_2978,purchase,2025-07-17 02:24:16.181409,True
10886,779,813,sess_2978,view,2026-02-19 21:36:57.228610,True
9043,1047,249,sess_298,purchase,2025-07-07 14:00:43.227826,True
13150,684,453,sess_298,view,2025-08-13 02:28:17.245946,True
255,86,66,sess_298,view,2025-10-29 21:01:18.178635,True
1564,932,301,sess_298,purchase,2026-04-09 14:23:32.185418,True
10939,598,459,sess_2980,purchase,2026-01-07 00:55:10.228610,True
4243,690,430,sess_2980,view,2026-04-30 03:41:39.199974,True
2759,225,899,sess_2980,view,2026-06-10 18:44:33.186925,True
2240,806,826,sess_2981,add_to_cart,2025-11-30 01:38:14.186925,True
14193,306,250,sess_2983,view,2025-08-26 04:09:04.249957,True
4903,119,767,sess_2983,view,2025-11-18 09:11:42.209185,True
9335,767,542,sess_2983,purchase,2025-12-29 06:24:06.228610,True
2447,1055,810,sess_2983,view,2026-02-21 09:17:25.186925,True
10979,790,151,sess_2983,purchase,2026-02-24 05:10:37.235934,True
13706,232,777,sess_2983,add_to_cart,2026-02-27 14:56:36.247953,True
12042,761,642,sess_2985,add_to_cart,2025-07-16 14:31:16.238931,True
8857,780,350,sess_2985,add_to_cart,2025-11-14 20:06:16.226324,True
10026,256,794,sess_2986,view,2025-12-17 15:24:36.228610,True
8996,877,675,sess_2986,purchase,2026-01-01 23:07:06.226324,True
8206,253,1020,sess_2986,add_to_cart,2026-04-20 13:16:10.224321,True
5442,778,1089,sess_2986,add_to_cart,2026-06-01 11:24:06.212022,True
6086,330,1011,sess_2987,purchase,2025-09-27 04:40:30.214026,True
2157,990,113,sess_2987,view,2026-01-10 21:11:20.186925,True
14160,362,985,sess_2987,view,2026-06-01 09:10:35.249957,True
4848,2,294,sess_2988,add_to_cart,2025-08-18 08:20:32.209185,True
11392,836,929,sess_2988,view,2026-05-17 07:10:25.237113,True
13056,338,154,sess_2989,purchase,2025-09-05 17:16:53.243940,True
11609,384,344,sess_2989,purchase,2025-10-13 07:18:05.238931,True
8617,221,381,sess_2989,view,2026-01-03 16:21:46.226324,True
14006,479,913,sess_299,add_to_cart,2025-09-12 00:21:13.247953,True
13264,269,672,sess_299,view,2026-03-04 14:12:48.245946,True
14292,1016,322,sess_299,add_to_cart,2026-04-02 05:44:56.249957,True
13190,941,53,sess_299,view,2026-04-28 03:25:48.245946,True
6677,38,799,sess_299,view,2026-04-28 17:28:53.216529,True
11531,334,402,sess_2990,add_to_cart,2026-05-20 22:06:46.237113,True
1899,613,314,sess_2991,purchase,2025-10-20 09:11:58.186925,True
264,282,265,sess_2992,view,2025-07-18 13:52:48.178635,True
14354,25,635,sess_2993,purchase,2025-10-22 03:02:39.249957,True
8750,655,312,sess_2994,view,2025-07-31 23:33:26.226324,True
9248,987,984,sess_2994,purchase,2025-10-14 21:00:20.228610,True
9458,1040,453,sess_2994,add_to_cart,2026-01-24 04:51:15.228610,True
14853,691,550,sess_2994,purchase,2026-03-10 00:16:06.251960,True
8291,215,1000,sess_2995,add_to_cart,2025-06-26 00:57:39.224321,True
570,1022,727,sess_2995,purchase,2025-07-25 01:06:32.181409,True
14781,866,996,sess_2995,purchase,2025-09-01 12:00:31.251960,True
6269,242,601,sess_2995,purchase,2026-01-10 21:34:08.214026,True
4628,304,755,sess_2995,purchase,2026-04-18 03:17:12.207677,True
11515,167,897,sess_2996,view,2025-11-30 09:43:00.237113,True
6146,437,660,sess_2997,add_to_cart,2026-02-21 04:39:22.214026,True
12225,128,1072,sess_2997,purchase,2026-04-24 20:37:18.240934,True
13250,946,1047,sess_2999,add_to_cart,2026-01-14 20:36:53.245946,True
10259,48,148,sess_3,purchase,2025-06-11 16:09:33.228610,True
12271,100,1078,sess_3,add_to_cart,2026-01-05 19:39:48.240934,True
10483,498,1002,sess_30,add_to_cart,2026-02-28 21:00:08.228610,True
3152,919,426,sess_30,add_to_cart,2026-05-03 08:49:20.186925,True
605,1056,661,sess_300,view,2025-07-22 13:59:22.181409,True
2473,879,179,sess_300,view,2025-10-16 19:22:18.186925,True
1857,190,222,sess_300,view,2025-12-17 19:32:16.186925,True
14863,399,17,sess_300,view,2026-05-24 10:05:16.253968,True
10003,690,528,sess_3000,view,2025-06-14 10:44:24.228610,True
11237,355,328,sess_3001,view,2026-05-15 04:03:40.237113,True
13708,1032,272,sess_3002,purchase,2025-06-14 20:56:06.247953,True
2351,282,399,sess_3002,purchase,2025-07-07 10:30:44.186925,True
12636,567,813,sess_3002,add_to_cart,2025-08-31 00:18:01.242937,True
3514,342,447,sess_3002,purchase,2025-12-27 12:21:47.186925,True
6722,825,238,sess_3003,purchase,2025-06-26 15:41:28.216529,True
9070,390,356,sess_3003,purchase,2025-06-28 17:23:56.227826,True
14187,853,279,sess_3003,purchase,2025-11-12 22:26:07.249957,True
2055,380,1063,sess_3003,purchase,2026-03-24 16:39:00.186925,True
13468,517,315,sess_3003,add_to_cart,2026-05-07 02:43:48.245946,True
2368,258,175,sess_3004,view,2025-10-22 19:50:25.186925,True
10812,586,496,sess_3004,add_to_cart,2026-04-20 19:28:59.228610,True
1266,108,567,sess_3004,purchase,2026-05-25 08:33:18.183414,True
4006,924,568,sess_3005,purchase,2025-09-06 13:26:30.197951,True
9150,936,163,sess_3005,add_to_cart,2025-10-09 11:02:59.228610,True
712,69,731,sess_3005,add_to_cart,2025-12-09 15:33:52.181409,True
13157,964,704,sess_3005,purchase,2026-02-15 09:19:36.245946,True
6461,289,959,sess_3006,view,2025-07-22 23:55:55.214026,True
7367,637,313,sess_3006,add_to_cart,2025-12-03 16:26:46.219548,True
11269,543,583,sess_3006,purchase,2026-02-09 12:09:56.237113,True
5891,1005,73,sess_3007,add_to_cart,2025-07-26 17:21:30.214026,True
13673,893,108,sess_3007,purchase,2025-08-15 10:45:05.247953,True
12684,834,911,sess_3007,add_to_cart,2025-10-15 15:43:57.242937,True
5935,589,722,sess_3009,view,2025-11-07 11:24:06.214026,True
1040,665,595,sess_3009,add_to_cart,2026-02-22 05:30:40.183414,True
3698,834,264,sess_301,view,2026-01-03 15:49:03.186925,True
9704,9,426,sess_301,add_to_cart,2026-02-12 06:43:10.228610,True
13868,741,164,sess_3010,add_to_cart,2025-06-13 14:57:22.247953,True
4141,979,1005,sess_3010,view,2025-08-21 16:16:08.199974,True
5949,472,700,sess_3010,add_to_cart,2025-10-08 04:54:42.214026,True
3855,822,379,sess_3010,view,2026-02-11 11:13:16.197951,True
14310,704,820,sess_3010,view,2026-04-28 12:33:03.249957,True
250,20,151,sess_3011,view,2026-02-22 01:28:53.178635,True
5181,70,972,sess_3011,add_to_cart,2026-05-30 06:24:32.209185,True
12324,24,1072,sess_3012,add_to_cart,2026-05-03 21:53:00.240934,True
12140,888,158,sess_3012,view,2026-05-04 06:14:09.240934,True
9738,729,752,sess_3012,view,2026-05-14 01:50:43.228610,True
1356,122,576,sess_3016,view,2025-07-22 15:11:09.183414,True
621,726,658,sess_3016,add_to_cart,2026-01-03 05:57:38.181409,True
9286,348,622,sess_3016,purchase,2026-06-09 19:13:17.228610,True
4764,337,737,sess_3017,add_to_cart,2025-10-30 21:48:28.209185,True
13548,915,287,sess_3017,purchase,2026-03-02 07:03:43.245946,True
151,791,617,sess_3017,add_to_cart,2026-05-11 11:41:47.178635,True
11395,1056,535,sess_3018,add_to_cart,2025-09-02 19:31:11.237113,True
11478,643,384,sess_3018,view,2025-12-20 12:47:23.237113,True
10765,663,397,sess_3019,view,2025-09-09 13:14:57.228610,True
8786,996,513,sess_302,view,2025-08-04 09:29:50.226324,True
10850,65,451,sess_302,view,2025-09-13 04:42:49.228610,True
1678,763,545,sess_302,purchase,2026-03-03 06:40:10.185418,True
11323,642,592,sess_302,view,2026-03-14 03:51:43.237113,True
2112,1016,918,sess_3020,purchase,2025-11-05 08:26:05.186925,True
12299,552,541,sess_3020,purchase,2025-11-29 07:25:42.240934,True
1197,582,18,sess_3022,view,2025-06-29 18:13:19.183414,True
6108,661,280,sess_3022,add_to_cart,2026-05-31 19:59:21.214026,True
941,629,383,sess_3023,view,2025-09-25 10:08:23.181409,True
12461,724,655,sess_3023,purchase,2025-12-31 04:05:42.240934,True
3960,566,1004,sess_3023,view,2026-02-18 04:00:40.197951,True
9413,939,807,sess_3024,add_to_cart,2025-07-17 12:43:10.228610,True
14892,654,1072,sess_3025,add_to_cart,2025-07-17 04:01:36.253968,True
5004,795,31,sess_3026,purchase,2025-09-25 14:45:18.209185,True
10175,322,316,sess_3026,purchase,2025-10-06 07:54:34.228610,True
12138,92,202,sess_3026,add_to_cart,2026-03-06 18:16:36.240934,True
4129,316,149,sess_3027,add_to_cart,2025-06-14 06:03:21.199974,True
7444,980,273,sess_3027,view,2025-10-27 11:18:09.219548,True
4788,955,892,sess_3027,add_to_cart,2025-11-04 15:40:01.209185,True
9109,1055,1056,sess_3027,purchase,2026-04-11 22:59:07.228610,True
9258,768,904,sess_3028,add_to_cart,2025-10-12 03:57:13.228610,True
13376,799,1044,sess_3028,view,2026-06-11 04:11:53.245946,True
2382,409,571,sess_3030,purchase,2025-08-18 12:05:52.186925,True
3808,7,56,sess_3030,purchase,2025-09-15 13:25:51.195433,True
10951,200,692,sess_3030,view,2026-02-20 08:25:38.228610,True
8441,1098,309,sess_3031,view,2025-08-21 23:38:36.224321,True
3473,1044,254,sess_3031,purchase,2025-09-01 15:29:31.186925,True
12154,1006,266,sess_3031,purchase,2026-05-31 03:23:14.240934,True
8946,12,126,sess_3032,view,2026-05-19 01:29:02.226324,True
12116,939,303,sess_3033,add_to_cart,2025-07-20 14:32:49.240934,True
224,980,921,sess_3033,purchase,2025-07-23 10:09:45.178635,True
4133,312,344,sess_3034,view,2025-07-18 20:11:24.199974,True
12890,104,240,sess_3034,add_to_cart,2026-04-21 04:54:14.242937,True
8019,262,191,sess_3035,view,2025-08-11 19:26:03.222317,True
10969,93,597,sess_3035,add_to_cart,2026-04-03 16:21:59.235934,True
8494,272,456,sess_3036,add_to_cart,2025-07-01 19:15:33.224321,True
245,817,1035,sess_3036,add_to_cart,2025-08-21 03:54:45.178635,True
11473,1065,1092,sess_3036,add_to_cart,2025-10-17 19:46:34.237113,True
975,1022,633,sess_3036,add_to_cart,2025-10-29 17:14:55.183414,True
11202,453,836,sess_3036,view,2025-11-07 06:09:32.237113,True
8952,835,924,sess_3036,purchase,2026-03-08 11:22:05.226324,True
11882,444,1035,sess_3036,view,2026-06-07 23:27:36.238931,True
9675,796,403,sess_3038,view,2025-08-28 17:23:18.228610,True
8382,98,391,sess_304,purchase,2025-07-27 22:21:59.224321,True
10816,246,915,sess_304,view,2026-01-10 12:34:16.228610,True
10984,840,24,sess_3040,view,2025-08-27 10:17:03.235934,True
1717,838,826,sess_3040,view,2025-12-29 06:12:15.186925,True
5595,143,41,sess_3041,purchase,2025-06-21 22:57:54.212022,True
9478,296,129,sess_3041,add_to_cart,2025-07-13 19:27:13.228610,True
2262,742,35,sess_3041,add_to_cart,2025-09-06 14:27:48.186925,True
9430,546,955,sess_3041,purchase,2025-11-26 15:22:50.228610,True
12050,915,428,sess_3041,purchase,2025-12-23 07:28:05.238931,True
8198,762,437,sess_3042,view,2025-07-20 12:37:56.224321,True
1290,902,792,sess_3042,add_to_cart,2025-08-26 14:26:02.183414,True
11870,303,750,sess_3042,view,2025-09-19 22:38:06.238931,True
2650,99,369,sess_3042,view,2025-12-05 11:26:18.186925,True
12822,824,225,sess_3042,purchase,2026-02-07 02:36:38.242937,True
2821,1032,181,sess_3042,view,2026-02-14 20:53:16.186925,True
8171,226,893,sess_3042,purchase,2026-04-26 07:38:24.224321,True
12706,820,640,sess_3044,view,2026-06-06 04:23:14.242937,True
7762,353,164,sess_3045,purchase,2025-06-15 21:49:50.222317,True
13403,465,130,sess_3045,add_to_cart,2025-09-10 04:42:01.245946,True
8834,816,845,sess_3045,view,2026-02-16 10:18:09.226324,True
14202,339,774,sess_3045,view,2026-03-05 12:10:26.249957,True
4319,183,702,sess_3045,purchase,2026-04-04 05:52:01.202536,True
458,609,657,sess_3046,purchase,2025-10-22 10:06:35.181409,True
6158,1031,575,sess_3046,purchase,2025-11-01 09:32:38.214026,True
5281,95,175,sess_3049,add_to_cart,2025-12-27 15:47:27.211509,True
8694,955,287,sess_305,view,2026-05-05 03:49:49.226324,True
10804,33,471,sess_3050,view,2025-08-17 12:20:02.228610,True
606,824,240,sess_3051,view,2025-06-25 11:23:56.181409,True
9483,129,336,sess_3051,view,2025-12-12 08:10:06.228610,True
8752,334,62,sess_3052,add_to_cart,2025-07-09 20:45:14.226324,True
13316,202,704,sess_3052,purchase,2025-09-17 19:44:39.245946,True
12365,809,531,sess_3052,add_to_cart,2026-01-25 08:14:50.240934,True
13756,126,469,sess_3053,purchase,2025-07-21 19:49:27.247953,True
4551,362,385,sess_3053,add_to_cart,2025-08-07 03:23:34.203543,True
72,744,463,sess_3053,add_to_cart,2025-12-26 19:32:47.178635,True
6107,421,295,sess_3054,view,2025-07-26 12:39:26.214026,True
3629,559,1072,sess_3055,add_to_cart,2025-09-27 15:38:09.186925,True
14403,545,11,sess_3055,purchase,2025-11-08 14:32:46.249957,True
8687,296,783,sess_3055,purchase,2026-04-23 03:02:01.226324,True
13843,927,279,sess_3056,add_to_cart,2026-03-29 11:44:50.247953,True
14222,1006,628,sess_3057,view,2025-07-02 23:55:58.249957,True
11294,455,279,sess_3057,add_to_cart,2025-11-20 04:27:13.237113,True
10059,96,29,sess_3058,add_to_cart,2025-11-01 16:57:25.228610,True
4582,893,260,sess_3058,add_to_cart,2026-01-30 10:18:05.203543,True
8003,1070,119,sess_3058,view,2026-02-02 05:50:49.222317,True
14319,489,225,sess_3058,add_to_cart,2026-04-03 15:22:21.249957,True
1880,680,894,sess_3059,add_to_cart,2025-07-17 03:28:40.186925,True
9605,292,770,sess_3059,add_to_cart,2025-08-13 23:52:54.228610,True
11388,785,668,sess_3059,add_to_cart,2025-09-01 20:17:45.237113,True
6547,598,43,sess_3059,add_to_cart,2026-01-08 11:50:12.216529,True
5283,193,368,sess_3059,view,2026-02-21 14:03:54.211509,True
4765,640,179,sess_3060,view,2025-10-24 03:03:09.209185,True
7246,906,1002,sess_3061,view,2026-01-16 05:28:06.219548,True
6033,104,711,sess_3061,purchase,2026-06-06 16:09:27.214026,True
3761,429,1016,sess_3062,purchase,2025-11-21 20:56:40.195433,True
8932,849,360,sess_3063,add_to_cart,2025-08-12 06:24:01.226324,True
8054,320,124,sess_3064,add_to_cart,2026-06-03 18:55:08.222317,True
10466,188,893,sess_3065,view,2026-02-12 02:06:48.228610,True
13529,860,238,sess_3065,purchase,2026-06-11 13:43:32.245946,True
1887,1041,734,sess_3066,view,2026-04-06 05:12:12.186925,True
6435,630,972,sess_3067,view,2025-08-30 10:23:45.214026,True
14506,185,523,sess_3068,view,2025-09-14 17:15:33.249957,True
4652,864,1017,sess_3068,add_to_cart,2026-03-14 03:51:23.207677,True
6612,439,1049,sess_3068,view,2026-04-29 08:34:26.216529,True
11619,330,241,sess_3070,add_to_cart,2025-11-09 03:27:36.238931,True
7690,882,637,sess_3070,purchase,2025-11-11 04:24:29.222317,True
4760,950,622,sess_3070,purchase,2025-12-24 11:28:44.209185,True
14864,827,260,sess_3071,view,2026-05-19 07:25:38.253968,True
5403,370,515,sess_3072,view,2026-02-02 00:47:24.212022,True
5693,467,463,sess_3072,add_to_cart,2026-02-10 17:50:50.212022,True
7445,893,975,sess_3072,purchase,2026-03-01 05:36:47.219548,True
6505,387,385,sess_3073,view,2026-03-26 12:02:33.216529,True
6887,1007,830,sess_3074,view,2025-07-27 23:28:15.216529,True
6284,61,316,sess_3074,view,2026-02-01 20:45:50.214026,True
6414,714,987,sess_3075,view,2025-08-08 06:38:56.214026,True
6044,190,507,sess_3075,view,2026-06-09 23:00:41.214026,True
10496,616,110,sess_3077,add_to_cart,2025-08-18 09:21:31.228610,True
12029,272,866,sess_3077,add_to_cart,2025-09-29 19:27:17.238931,True
14558,174,199,sess_3077,purchase,2025-11-24 22:42:41.249957,True
6717,590,518,sess_3077,add_to_cart,2026-02-25 20:32:31.216529,True
12758,706,80,sess_3078,view,2025-08-06 14:18:24.242937,True
4345,939,952,sess_3078,view,2025-08-26 12:12:02.203543,True
11060,1053,1057,sess_3079,purchase,2025-07-15 04:10:23.235934,True
8855,929,415,sess_3079,add_to_cart,2025-08-13 14:41:23.226324,True
13075,761,755,sess_3079,view,2025-10-13 22:51:24.243940,True
2116,101,466,sess_3079,add_to_cart,2025-12-05 14:06:20.186925,True
2786,694,193,sess_308,purchase,2025-08-05 05:32:49.186925,True
9401,836,628,sess_308,purchase,2025-12-13 04:01:11.228610,True
6830,81,864,sess_308,add_to_cart,2026-01-22 23:19:13.216529,True
7370,160,580,sess_308,purchase,2026-02-19 10:56:44.219548,True
8211,769,956,sess_3081,view,2026-02-18 17:12:22.224321,True
9442,1018,281,sess_3081,view,2026-05-18 03:08:06.228610,True
6335,560,60,sess_3082,view,2025-10-20 19:02:44.214026,True
2292,680,187,sess_3082,purchase,2026-04-27 23:14:06.186925,True
7301,279,916,sess_3082,purchase,2026-04-30 01:04:59.219548,True
5612,479,169,sess_3083,purchase,2025-11-05 10:13:24.212022,True
1194,1055,843,sess_3084,add_to_cart,2025-08-31 05:14:18.183414,True
1100,733,796,sess_3084,purchase,2025-09-10 12:16:07.183414,True
11822,45,873,sess_3084,view,2025-11-20 18:48:42.238931,True
3620,539,442,sess_3084,add_to_cart,2026-06-04 17:30:18.186925,True
6827,1089,151,sess_3085,view,2025-11-26 02:27:43.216529,True
14122,578,245,sess_3085,view,2026-02-05 22:58:06.249957,True
7580,83,537,sess_3086,add_to_cart,2025-11-28 13:40:20.222317,True
13417,936,124,sess_3086,view,2026-05-26 08:06:28.245946,True
8447,832,20,sess_3086,add_to_cart,2026-06-07 18:15:25.224321,True
5678,31,203,sess_3087,purchase,2025-11-30 19:27:12.212022,True
2873,752,936,sess_3087,purchase,2025-12-25 02:54:51.186925,True
4513,211,163,sess_3087,add_to_cart,2026-04-22 17:19:15.203543,True
6037,231,45,sess_3088,view,2025-06-19 02:14:17.214026,True
3282,276,588,sess_3089,purchase,2025-10-21 06:38:48.186925,True
8782,407,102,sess_3089,purchase,2026-04-16 20:40:22.226324,True
417,1100,860,sess_309,view,2025-06-27 07:27:52.178635,True
780,1051,681,sess_309,view,2025-09-03 04:25:42.181409,True
7357,96,1002,sess_309,add_to_cart,2025-10-16 11:20:54.219548,True
12247,584,810,sess_3090,add_to_cart,2026-05-14 04:59:45.240934,True
1599,92,228,sess_3091,purchase,2025-08-15 13:02:30.185418,True
14265,452,350,sess_3091,purchase,2026-02-04 03:59:17.249957,True
14487,1066,1087,sess_3092,purchase,2025-06-15 14:21:42.249957,True
1507,987,625,sess_3092,purchase,2025-07-07 05:50:01.185418,True
1544,182,560,sess_3092,purchase,2025-10-20 04:21:18.185418,True
9644,436,337,sess_3092,add_to_cart,2026-03-13 04:11:10.228610,True
14250,650,661,sess_3092,purchase,2026-05-05 23:30:42.249957,True
2714,463,910,sess_3093,view,2025-06-11 23:37:35.186925,True
3632,36,507,sess_3093,purchase,2026-05-16 15:29:39.186925,True
2746,366,746,sess_3094,add_to_cart,2025-07-18 03:56:31.186925,True
14753,697,137,sess_3094,view,2025-09-18 03:27:07.251960,True
3649,1027,971,sess_3094,add_to_cart,2026-04-03 06:15:09.186925,True
14749,481,64,sess_3095,view,2025-09-17 22:42:09.251960,True
5350,420,383,sess_3095,view,2026-01-28 22:34:33.212022,True
2122,579,909,sess_3096,add_to_cart,2025-10-18 19:32:07.186925,True
7910,548,591,sess_3096,view,2026-01-04 01:04:51.222317,True
3580,751,136,sess_3097,purchase,2025-06-28 08:38:51.186925,True
7834,13,596,sess_3097,add_to_cart,2025-11-20 01:26:37.222317,True
12289,593,538,sess_3097,purchase,2025-12-30 15:18:29.240934,True
8442,906,302,sess_3098,view,2026-02-26 11:36:44.224321,True
11128,29,799,sess_3098,view,2026-06-02 06:22:48.235934,True
13879,530,582,sess_3099,add_to_cart,2026-05-14 10:02:22.247953,True
589,467,289,sess_31,purchase,2025-09-19 19:39:19.181409,True
12432,304,424,sess_31,add_to_cart,2025-10-13 13:49:07.240934,True
12525,191,331,sess_31,view,2026-02-25 11:54:47.240934,True
2568,428,79,sess_310,view,2025-07-17 03:57:52.186925,True
6802,601,233,sess_310,purchase,2025-09-23 12:27:19.216529,True
7535,214,734,sess_3100,view,2026-02-06 12:45:24.219548,True
10847,20,959,sess_3103,purchase,2026-05-23 00:16:19.228610,True
12000,333,107,sess_3104,purchase,2026-01-17 01:43:17.238931,True
10318,131,355,sess_3105,add_to_cart,2026-05-26 06:39:54.228610,True
11942,1057,164,sess_3106,add_to_cart,2025-09-20 18:09:07.238931,True
5091,569,71,sess_3106,purchase,2025-11-17 16:24:37.209185,True
2530,945,618,sess_3106,add_to_cart,2026-05-28 04:58:42.186925,True
11959,198,365,sess_3107,view,2025-11-06 05:42:47.238931,True
13598,369,538,sess_3107,view,2026-02-08 05:09:30.247953,True
1220,789,505,sess_3108,purchase,2025-11-12 21:40:18.183414,True
2162,943,219,sess_3108,add_to_cart,2026-01-11 14:16:59.186925,True
14528,678,230,sess_3109,add_to_cart,2025-06-15 11:30:27.249957,True
11933,901,426,sess_3109,purchase,2026-04-17 14:18:20.238931,True
9991,1002,582,sess_3109,view,2026-04-23 08:25:26.228610,True
10094,558,784,sess_3109,purchase,2026-05-18 00:07:39.228610,True
14623,499,114,sess_311,add_to_cart,2026-03-04 18:21:12.251960,True
7663,390,962,sess_3110,purchase,2025-08-24 19:49:34.222317,True
8012,207,504,sess_3110,add_to_cart,2026-05-23 13:39:44.222317,True
11002,113,326,sess_3112,view,2025-12-04 04:56:34.235934,True
7138,659,516,sess_3112,purchase,2026-05-13 18:31:22.218542,True
7395,138,930,sess_3113,view,2026-01-09 22:42:27.219548,True
12962,776,179,sess_3114,purchase,2025-08-17 23:07:56.243940,True
6692,429,84,sess_3114,add_to_cart,2025-10-21 00:05:34.216529,True
1605,64,228,sess_3115,add_to_cart,2025-11-26 05:38:36.185418,True
2580,375,818,sess_3115,purchase,2026-03-07 05:18:00.186925,True
1258,412,220,sess_3115,view,2026-06-09 19:50:09.183414,True
6989,890,636,sess_3116,view,2025-12-09 22:54:28.216529,True
5719,951,132,sess_3117,purchase,2025-12-05 07:21:33.212022,True
6735,989,883,sess_3118,add_to_cart,2025-06-20 04:27:16.216529,True
3893,364,730,sess_3118,add_to_cart,2026-03-13 13:42:16.197951,True
6264,24,29,sess_3119,purchase,2025-06-22 09:33:21.214026,True
12172,206,432,sess_312,add_to_cart,2025-09-21 00:19:02.240934,True
13909,501,228,sess_312,purchase,2025-11-08 05:29:35.247953,True
1003,887,94,sess_3120,add_to_cart,2025-07-02 06:40:52.183414,True
5874,688,682,sess_3120,purchase,2026-05-07 19:28:41.214026,True
656,533,389,sess_3121,add_to_cart,2025-06-24 13:36:32.181409,True
7699,272,863,sess_3121,view,2026-05-13 22:14:27.222317,True
8484,1067,526,sess_3121,view,2026-06-10 08:17:38.224321,True
10913,184,848,sess_3122,purchase,2026-01-01 21:39:19.228610,True
13623,1060,328,sess_3123,add_to_cart,2025-11-30 15:19:32.247953,True
3278,786,3,sess_3124,add_to_cart,2026-01-02 05:18:55.186925,True
1236,443,726,sess_3125,purchase,2025-07-20 02:09:06.183414,True
3331,647,127,sess_3125,purchase,2025-07-24 17:29:26.186925,True
2044,872,309,sess_3125,add_to_cart,2025-11-03 03:15:25.186925,True
7406,414,275,sess_3126,purchase,2025-10-26 23:16:40.219548,True
3215,1044,958,sess_3126,purchase,2026-04-20 17:08:02.186925,True
7064,255,460,sess_3127,view,2025-06-12 19:54:51.218542,True
4591,991,641,sess_3127,add_to_cart,2026-04-22 13:34:15.207677,True
414,401,519,sess_3128,add_to_cart,2025-09-22 02:23:03.178635,True
733,622,1086,sess_3129,add_to_cart,2025-06-13 04:49:16.181409,True
5814,985,553,sess_3129,purchase,2025-08-13 11:35:01.212022,True
1707,935,503,sess_3129,view,2026-04-29 03:21:07.185418,True
13956,407,587,sess_313,view,2025-10-14 03:32:11.247953,True
2320,771,319,sess_3130,view,2025-10-14 17:06:52.186925,True
14920,321,941,sess_3131,purchase,2025-06-18 04:30:28.253968,True
9680,324,869,sess_3131,view,2025-06-23 23:59:28.228610,True
11593,928,1093,sess_3131,purchase,2026-01-04 08:09:09.237113,True
4118,373,281,sess_3132,purchase,2025-10-26 15:28:10.199974,True
6383,870,690,sess_3132,view,2025-10-30 10:18:45.214026,True
8623,978,866,sess_3132,add_to_cart,2026-02-21 00:05:02.226324,True
1858,1018,4,sess_3133,view,2025-07-09 09:34:27.186925,True
5042,762,289,sess_3133,add_to_cart,2026-01-05 10:30:17.209185,True
1934,15,656,sess_3133,view,2026-03-09 16:01:46.186925,True
12809,747,367,sess_3134,add_to_cart,2025-12-16 16:23:25.242937,True
3261,535,552,sess_3134,view,2026-04-24 20:18:32.186925,True
10365,556,127,sess_3135,view,2026-04-09 15:08:54.228610,True
12326,1004,735,sess_3136,add_to_cart,2025-07-07 10:09:39.240934,True
2994,654,1093,sess_3136,purchase,2026-04-12 10:12:07.186925,True
14043,314,136,sess_3137,view,2025-06-18 02:53:41.247953,True
7554,1027,1054,sess_3137,add_to_cart,2025-10-30 06:24:57.219548,True
9945,323,267,sess_3138,view,2026-04-14 00:01:33.228610,True
2307,439,440,sess_3139,add_to_cart,2025-06-20 12:30:53.186925,True
5370,289,539,sess_3139,view,2026-03-21 08:17:22.212022,True
3552,46,527,sess_3139,add_to_cart,2026-05-10 14:37:53.186925,True
1406,52,337,sess_3140,purchase,2025-09-02 14:32:24.183414,True
3241,243,39,sess_3141,purchase,2025-06-20 20:47:04.186925,True
10620,562,1082,sess_3143,purchase,2025-07-27 04:34:39.228610,True
8004,315,1026,sess_3143,view,2025-10-20 10:56:57.222317,True
10558,980,86,sess_3143,add_to_cart,2026-01-13 22:44:56.228610,True
11588,364,898,sess_3143,purchase,2026-01-28 15:08:18.237113,True
6939,434,688,sess_3144,add_to_cart,2025-06-19 17:23:14.216529,True
10868,80,529,sess_3144,view,2025-07-19 03:26:31.228610,True
8808,547,953,sess_3144,view,2025-08-17 18:31:20.226324,True
14463,967,505,sess_3144,add_to_cart,2025-08-19 10:39:24.249957,True
3495,1078,808,sess_3144,purchase,2025-10-28 17:50:52.186925,True
8556,936,282,sess_3145,purchase,2026-01-09 12:27:36.224321,True
14926,976,894,sess_3146,purchase,2026-02-05 19:24:59.253968,True
11637,240,1059,sess_3146,view,2026-03-06 06:50:06.238931,True
9217,581,724,sess_3147,add_to_cart,2025-11-30 15:46:47.228610,True
1612,997,619,sess_3147,view,2025-12-23 14:29:08.185418,True
1313,924,435,sess_3148,purchase,2025-11-02 04:58:43.183414,True
163,915,535,sess_3148,view,2025-12-08 10:17:52.178635,True
8758,400,15,sess_3148,add_to_cart,2026-04-07 01:42:41.226324,True
4024,46,212,sess_3148,view,2026-04-16 03:40:03.197951,True
9580,695,697,sess_3148,purchase,2026-06-09 11:24:37.228610,True
2916,934,241,sess_3149,add_to_cart,2025-12-04 09:40:24.186925,True
13694,324,375,sess_3149,purchase,2026-05-11 19:13:45.247953,True
8982,266,608,sess_315,view,2026-03-09 09:04:53.226324,True
8580,119,190,sess_3150,purchase,2025-11-06 23:39:44.224321,True
9030,51,515,sess_3150,add_to_cart,2025-12-13 09:57:56.227826,True
47,843,53,sess_3150,add_to_cart,2026-01-22 18:45:05.178635,True
13301,791,928,sess_3150,add_to_cart,2026-03-11 21:52:14.245946,True
1706,145,659,sess_3151,purchase,2025-12-21 18:59:45.185418,True
3665,208,683,sess_3151,add_to_cart,2026-01-27 01:29:01.186925,True
6028,361,29,sess_3151,purchase,2026-03-02 20:27:21.214026,True
9882,246,685,sess_3152,view,2025-10-13 21:37:40.228610,True
10334,508,608,sess_3152,view,2025-12-03 04:33:09.228610,True
8880,16,809,sess_3152,view,2026-03-29 06:28:06.226324,True
6739,504,994,sess_3152,view,2026-04-18 00:06:37.216529,True
9128,815,359,sess_3153,view,2025-08-12 04:36:56.228610,True
2130,953,663,sess_3153,view,2025-09-15 10:45:06.186925,True
13409,998,1059,sess_3153,add_to_cart,2026-04-26 16:30:13.245946,True
11032,270,149,sess_3154,purchase,2025-08-13 08:35:56.235934,True
3106,10,689,sess_3154,add_to_cart,2026-02-23 21:18:33.186925,True
2427,624,952,sess_3154,add_to_cart,2026-04-29 02:12:12.186925,True
12311,459,249,sess_3155,view,2025-11-06 11:50:05.240934,True
3188,228,358,sess_3155,purchase,2026-01-08 22:20:56.186925,True
3354,829,599,sess_3156,view,2025-10-11 04:07:18.186925,True
14134,954,638,sess_3156,view,2026-02-28 08:29:03.249957,True
2563,634,166,sess_3157,purchase,2025-10-06 20:53:15.186925,True
497,492,633,sess_3157,purchase,2026-04-22 05:42:58.181409,True
2212,726,700,sess_3158,view,2025-11-06 03:05:40.186925,True
954,1044,836,sess_3159,view,2026-05-11 05:40:40.183414,True
5652,332,545,sess_316,add_to_cart,2025-10-12 18:23:48.212022,True
1179,32,81,sess_316,purchase,2025-12-30 14:50:42.183414,True
7275,471,232,sess_3160,add_to_cart,2025-11-27 00:48:09.219548,True
10974,328,321,sess_3160,purchase,2026-03-10 17:49:20.235934,True
8692,792,675,sess_3160,purchase,2026-03-18 21:16:13.226324,True
755,551,458,sess_3160,purchase,2026-03-25 16:17:30.181409,True
12099,674,798,sess_3162,view,2026-02-09 11:44:04.238931,True
2141,592,963,sess_3162,purchase,2026-02-28 18:10:49.186925,True
11466,301,979,sess_3164,purchase,2025-11-26 13:10:02.237113,True
8807,64,323,sess_3164,add_to_cart,2026-01-04 10:58:19.226324,True
11176,979,459,sess_3164,add_to_cart,2026-04-09 22:21:19.235934,True
14504,701,210,sess_3165,add_to_cart,2025-12-19 04:49:27.249957,True
10163,394,889,sess_3165,purchase,2026-01-16 04:15:14.228610,True
1441,1066,515,sess_3165,add_to_cart,2026-01-17 20:34:03.183414,True
14467,697,240,sess_3166,add_to_cart,2026-02-03 02:07:11.249957,True
3239,364,484,sess_3167,purchase,2025-08-26 21:30:36.186925,True
820,984,91,sess_3167,view,2025-09-19 03:15:55.181409,True
13826,1069,103,sess_3167,purchase,2025-09-26 08:34:38.247953,True
7289,664,787,sess_3167,purchase,2026-04-14 19:31:04.219548,True
14114,311,607,sess_3168,purchase,2025-08-06 07:10:17.249957,True
2928,363,552,sess_3168,view,2025-11-09 09:45:47.186925,True
9326,415,493,sess_3168,add_to_cart,2026-03-23 12:43:56.228610,True
6705,521,325,sess_3168,add_to_cart,2026-04-05 05:07:44.216529,True
5899,162,729,sess_3169,purchase,2025-12-22 00:51:23.214026,True
12599,724,806,sess_3169,purchase,2026-01-05 13:35:13.240934,True
13008,682,1056,sess_3169,view,2026-01-28 12:05:05.243940,True
11293,352,814,sess_3169,add_to_cart,2026-02-28 13:04:21.237113,True
14681,102,992,sess_317,purchase,2025-06-30 04:07:45.251960,True
3667,405,623,sess_317,purchase,2025-09-19 20:02:43.186925,True
13863,695,652,sess_317,add_to_cart,2025-12-23 08:47:01.247953,True
5187,779,1057,sess_3170,view,2025-06-13 05:52:20.209185,True
7490,205,694,sess_3170,add_to_cart,2025-07-17 01:02:55.219548,True
5691,539,875,sess_3170,purchase,2025-08-09 20:49:00.212022,True
1585,812,574,sess_3171,add_to_cart,2025-07-12 21:43:23.185418,True
8706,622,596,sess_3172,add_to_cart,2026-03-02 18:08:24.226324,True
4817,467,57,sess_3174,view,2026-02-03 19:29:01.209185,True
2247,64,384,sess_3174,add_to_cart,2026-05-05 11:34:51.186925,True
11001,333,941,sess_3175,add_to_cart,2026-03-14 10:37:14.235934,True
3294,63,97,sess_3175,add_to_cart,2026-04-12 14:05:41.186925,True
11679,502,64,sess_3176,purchase,2025-07-25 07:40:53.238931,True
993,716,632,sess_3176,add_to_cart,2026-04-23 07:39:55.183414,True
11768,343,93,sess_318,add_to_cart,2025-09-06 11:32:38.238931,True
6697,425,467,sess_318,add_to_cart,2025-12-08 09:28:00.216529,True
2015,180,740,sess_318,view,2026-05-09 06:37:00.186925,True
10020,70,533,sess_3180,purchase,2025-08-25 11:57:08.228610,True
2682,360,927,sess_3180,add_to_cart,2025-09-10 01:34:19.186925,True
1145,1081,474,sess_3180,add_to_cart,2025-12-24 21:33:37.183414,True
8762,578,1008,sess_3181,purchase,2025-12-03 13:45:32.226324,True
1050,356,177,sess_3182,purchase,2025-12-07 12:39:43.183414,True
7272,446,952,sess_3183,purchase,2025-07-12 09:46:58.219548,True
3200,800,202,sess_3185,add_to_cart,2025-07-28 19:04:34.186925,True
11898,182,445,sess_3185,purchase,2025-08-15 08:01:54.238931,True
9673,166,101,sess_3185,purchase,2025-12-21 13:27:35.228610,True
8680,341,230,sess_3185,purchase,2026-01-02 09:38:38.226324,True
11182,367,663,sess_3186,view,2026-02-21 07:52:35.237113,True
8414,847,883,sess_3187,add_to_cart,2025-09-28 21:25:24.224321,True
4256,1047,94,sess_3187,view,2025-10-02 08:11:50.199974,True
11662,572,278,sess_3187,view,2025-11-09 19:10:00.238931,True
3296,687,196,sess_3187,view,2026-04-25 05:37:55.186925,True
10595,549,1,sess_3187,add_to_cart,2026-05-21 12:24:29.228610,True
11783,952,309,sess_3188,purchase,2026-01-15 15:06:32.238931,True
270,337,506,sess_3188,view,2026-03-19 08:15:48.178635,True
3880,371,455,sess_3189,purchase,2025-08-15 22:28:08.197951,True
5649,754,702,sess_3189,purchase,2025-08-16 16:53:09.212022,True
4818,227,962,sess_3189,view,2025-12-02 20:25:17.209185,True
6238,30,209,sess_3189,view,2026-03-03 11:49:40.214026,True
4315,411,430,sess_3190,view,2025-06-24 00:57:43.202536,True
3608,4,153,sess_3190,view,2025-09-09 18:37:13.186925,True
6658,436,665,sess_3190,view,2025-12-02 13:18:02.216529,True
12348,633,35,sess_3191,add_to_cart,2025-12-05 16:38:58.240934,True
8566,1087,827,sess_3192,purchase,2025-07-21 23:47:10.224321,True
12097,1091,134,sess_3192,purchase,2025-11-14 13:20:34.238931,True
12476,447,55,sess_3192,add_to_cart,2025-12-08 17:18:48.240934,True
14620,670,681,sess_3193,purchase,2025-09-16 12:05:30.251960,True
12763,798,104,sess_3193,view,2026-01-30 19:03:00.242937,True
14357,935,36,sess_3194,purchase,2025-10-13 01:24:31.249957,True
7128,339,88,sess_3194,add_to_cart,2025-10-24 07:30:10.218542,True
4831,640,228,sess_3194,purchase,2025-11-27 01:12:34.209185,True
2775,795,908,sess_3196,add_to_cart,2025-08-14 12:32:56.186925,True
966,464,394,sess_3196,view,2025-09-20 00:57:44.183414,True
1475,1055,766,sess_3196,purchase,2026-03-12 20:28:38.185418,True
7703,746,912,sess_3196,add_to_cart,2026-04-29 08:23:40.222317,True
11878,59,1020,sess_3197,purchase,2025-07-24 04:31:28.238931,True
4409,974,299,sess_3197,add_to_cart,2025-08-14 16:30:36.203543,True
5669,152,534,sess_3197,purchase,2025-08-16 01:28:19.212022,True
3968,7,542,sess_3198,view,2025-07-14 17:30:35.197951,True
14449,735,943,sess_3198,add_to_cart,2025-09-20 20:29:23.249957,True
2603,138,599,sess_3198,add_to_cart,2026-01-18 15:11:57.186925,True
5559,389,37,sess_3198,add_to_cart,2026-02-03 19:10:33.212022,True
7417,755,207,sess_3198,purchase,2026-04-12 22:05:04.219548,True
10793,481,592,sess_3199,view,2025-10-17 15:07:35.228610,True
7799,518,595,sess_3199,purchase,2025-10-19 16:07:13.222317,True
13460,534,119,sess_3199,view,2025-12-03 07:36:53.245946,True
1692,369,796,sess_320,add_to_cart,2026-02-22 07:47:38.185418,True
6826,165,686,sess_3200,add_to_cart,2025-06-16 18:17:55.216529,True
14508,733,120,sess_3200,view,2025-12-03 10:00:59.249957,True
8871,246,27,sess_3200,purchase,2026-04-07 08:27:56.226324,True
11660,548,324,sess_3201,add_to_cart,2025-08-29 05:33:15.238931,True
12639,288,997,sess_3201,view,2026-01-16 10:50:34.242937,True
2881,195,750,sess_3202,add_to_cart,2025-07-11 20:23:51.186925,True
10197,965,412,sess_3202,add_to_cart,2025-10-12 06:12:24.228610,True
14509,782,660,sess_3203,view,2026-04-16 11:15:01.249957,True
938,471,234,sess_3204,add_to_cart,2026-04-02 16:20:41.181409,True
11566,467,339,sess_3205,view,2025-07-15 19:47:15.237113,True
1515,584,855,sess_3205,view,2025-09-20 23:17:29.185418,True
7800,822,285,sess_3205,add_to_cart,2025-11-06 08:09:51.222317,True
595,930,766,sess_3206,purchase,2025-07-04 10:13:21.181409,True
7052,459,691,sess_3206,view,2025-12-09 14:09:35.218542,True
7649,108,822,sess_3206,add_to_cart,2026-01-09 17:12:11.222317,True
5707,306,349,sess_3206,view,2026-02-17 22:50:46.212022,True
8563,668,183,sess_3206,add_to_cart,2026-03-01 01:05:54.224321,True
2425,1015,993,sess_3206,purchase,2026-05-18 02:45:05.186925,True
12283,908,191,sess_3209,purchase,2026-02-12 17:08:11.240934,True
4323,803,844,sess_3209,add_to_cart,2026-04-11 21:57:05.202536,True
6654,13,328,sess_3209,view,2026-05-27 20:16:47.216529,True
7310,588,666,sess_321,purchase,2025-09-09 02:30:44.219548,True
13162,137,639,sess_321,purchase,2025-11-11 04:19:14.245946,True
10174,969,643,sess_321,view,2026-01-22 14:39:07.228610,True
3943,583,638,sess_321,view,2026-03-04 09:57:59.197951,True
5767,151,134,sess_321,add_to_cart,2026-03-09 09:55:54.212022,True
13576,563,966,sess_3210,view,2025-07-17 16:41:34.247953,True
14497,909,877,sess_3210,purchase,2025-10-06 13:42:28.249957,True
14204,1039,945,sess_3212,purchase,2026-04-14 00:09:28.249957,True
5626,827,29,sess_3213,add_to_cart,2025-08-17 06:33:27.212022,True
236,502,665,sess_3213,view,2025-10-01 10:41:32.178635,True
6217,3,27,sess_3213,add_to_cart,2026-03-05 15:22:07.214026,True
12107,763,44,sess_3213,purchase,2026-05-17 17:11:16.238931,True
6354,80,620,sess_3214,purchase,2025-07-26 02:32:43.214026,True
10391,91,1041,sess_3214,purchase,2025-12-29 03:21:48.228610,True
522,281,796,sess_3214,view,2026-03-29 11:55:54.181409,True
8696,45,1062,sess_3215,purchase,2025-06-30 23:10:19.226324,True
4713,147,521,sess_3215,purchase,2026-05-29 23:03:01.207677,True
7410,34,67,sess_3216,purchase,2025-10-13 14:33:05.219548,True
7891,428,539,sess_3216,view,2025-11-15 09:29:18.222317,True
13975,564,441,sess_3216,add_to_cart,2026-04-19 03:31:56.247953,True
3370,116,17,sess_3217,purchase,2025-09-10 19:57:37.186925,True
10577,282,692,sess_3219,view,2025-08-05 05:52:11.228610,True
4665,100,750,sess_3219,purchase,2026-05-11 12:33:15.207677,True
12422,910,728,sess_3219,view,2026-05-13 01:19:54.240934,True
7824,718,820,sess_3219,view,2026-05-26 13:12:02.222317,True
8034,644,407,sess_322,add_to_cart,2025-10-07 05:09:07.222317,True
552,32,529,sess_322,purchase,2026-02-07 18:45:19.181409,True
14189,129,877,sess_322,view,2026-03-06 00:40:32.249957,True
6412,767,479,sess_3220,view,2026-01-05 19:54:07.214026,True
6812,61,1078,sess_3220,add_to_cart,2026-03-16 11:56:52.216529,True
13615,169,111,sess_3222,view,2026-02-11 00:51:46.247953,True
7599,192,889,sess_3223,view,2025-09-15 05:58:23.222317,True
4839,985,3,sess_3223,add_to_cart,2025-10-03 07:38:50.209185,True
1241,199,963,sess_3223,purchase,2026-01-07 14:31:22.183414,True
12751,1052,535,sess_3224,view,2025-08-29 23:55:51.242937,True
945,1071,168,sess_3225,view,2025-11-21 05:51:14.181409,True
1626,118,118,sess_3227,view,2025-08-12 20:15:42.185418,True
3735,163,341,sess_3227,purchase,2025-10-06 08:34:14.195433,True
1228,265,332,sess_3227,add_to_cart,2025-12-09 02:44:01.183414,True
543,296,699,sess_3228,purchase,2025-07-17 07:16:07.181409,True
4930,1009,815,sess_3228,add_to_cart,2025-09-13 10:12:35.209185,True
9814,684,224,sess_3228,view,2026-06-11 06:06:57.228610,True
297,988,431,sess_3229,view,2025-08-27 19:35:08.178635,True
3644,566,437,sess_3229,add_to_cart,2026-03-28 09:25:15.186925,True
731,903,381,sess_323,view,2025-07-08 00:14:35.181409,True
836,615,87,sess_323,view,2026-03-02 19:46:51.181409,True
10843,131,640,sess_323,purchase,2026-06-08 04:22:42.228610,True
2960,6,750,sess_3230,add_to_cart,2025-10-24 01:47:22.186925,True
5921,407,140,sess_3230,add_to_cart,2026-03-16 14:33:25.214026,True
8593,637,708,sess_3231,add_to_cart,2026-01-26 23:58:02.224321,True
1229,154,854,sess_3232,add_to_cart,2025-08-12 22:54:54.183414,True
4418,347,1001,sess_3232,add_to_cart,2025-11-01 19:43:59.203543,True
2988,174,1015,sess_3232,add_to_cart,2026-06-10 12:09:46.186925,True
1354,596,922,sess_3233,view,2025-09-19 00:36:52.183414,True
3694,59,191,sess_3233,purchase,2026-03-13 16:04:03.186925,True
13911,437,48,sess_3233,add_to_cart,2026-03-17 21:42:10.247953,True
6828,357,53,sess_3233,purchase,2026-03-30 02:02:49.216529,True
7784,142,633,sess_3234,add_to_cart,2025-07-04 06:35:58.222317,True
3042,655,922,sess_3234,purchase,2025-09-21 15:45:22.186925,True
5413,482,1056,sess_3236,view,2025-12-18 14:22:54.212022,True
7566,647,947,sess_3236,add_to_cart,2026-05-23 10:20:09.219548,True
11680,733,754,sess_3237,add_to_cart,2026-04-18 18:12:29.238931,True
13693,238,705,sess_3238,add_to_cart,2025-08-19 07:23:54.247953,True
2897,483,656,sess_3238,view,2026-02-19 22:32:12.186925,True
5173,957,917,sess_3239,add_to_cart,2025-06-15 11:27:29.209185,True
11641,987,333,sess_3239,add_to_cart,2025-06-27 20:06:43.238931,True
14769,46,692,sess_3239,purchase,2025-07-25 14:36:38.251960,True
12234,993,958,sess_3239,view,2025-09-05 20:31:18.240934,True
9913,385,180,sess_3239,view,2025-11-15 01:30:38.228610,True
5040,751,497,sess_3239,purchase,2025-12-22 21:44:06.209185,True
12344,787,1010,sess_3239,add_to_cart,2026-04-17 12:45:44.240934,True
19,108,762,sess_324,purchase,2026-02-20 22:16:22.178635,True
3192,810,959,sess_3240,purchase,2025-06-14 01:54:59.186925,True
4466,553,704,sess_3241,view,2025-12-21 20:30:05.203543,True
6661,519,155,sess_3242,add_to_cart,2026-04-03 14:58:17.216529,True
7098,492,1030,sess_3242,add_to_cart,2026-06-11 19:51:01.218542,True
555,993,272,sess_3243,view,2025-08-06 23:36:27.181409,True
10834,120,342,sess_3243,view,2025-11-28 23:22:13.228610,True
5604,1084,537,sess_3244,add_to_cart,2026-02-08 07:43:27.212022,True
3363,281,247,sess_3244,view,2026-05-21 05:27:06.186925,True
14880,411,222,sess_3245,add_to_cart,2025-08-18 01:11:52.253968,True
13377,469,970,sess_3245,purchase,2026-01-20 03:29:57.245946,True
12708,900,517,sess_3246,purchase,2025-08-07 12:06:21.242937,True
5386,1040,878,sess_3246,purchase,2026-02-25 20:11:22.212022,True
506,190,149,sess_3246,view,2026-04-18 18:30:45.181409,True
7626,3,1047,sess_3247,view,2025-07-01 16:06:40.222317,True
4945,785,513,sess_3248,purchase,2025-06-30 16:22:37.209185,True
3984,934,100,sess_3248,add_to_cart,2025-07-08 22:01:33.197951,True
13311,144,282,sess_3248,add_to_cart,2025-12-26 18:32:33.245946,True
8006,763,376,sess_325,purchase,2025-07-08 16:22:35.222317,True
10173,106,752,sess_325,view,2025-09-25 08:14:32.228610,True
10166,178,168,sess_3250,add_to_cart,2025-07-08 19:46:14.228610,True
5394,197,929,sess_3250,purchase,2025-11-23 09:41:57.212022,True
89,1060,806,sess_3250,purchase,2025-12-17 13:22:45.178635,True
5684,459,451,sess_3251,add_to_cart,2025-07-25 17:39:54.212022,True
12468,402,124,sess_3251,add_to_cart,2026-02-13 05:58:26.240934,True
10271,50,877,sess_3251,purchase,2026-05-07 22:00:20.228610,True
13101,211,553,sess_3253,purchase,2025-09-11 19:31:26.243940,True
3995,733,213,sess_3254,purchase,2025-07-02 20:39:24.197951,True
11266,662,491,sess_3255,purchase,2025-09-25 21:50:42.237113,True
2934,433,1045,sess_3255,purchase,2025-12-31 08:48:17.186925,True
10266,148,355,sess_3256,purchase,2025-11-15 16:29:42.228610,True
14481,979,454,sess_3256,purchase,2026-02-05 19:18:05.249957,True
559,27,250,sess_3257,add_to_cart,2025-07-05 20:59:17.181409,True
9112,377,364,sess_3257,add_to_cart,2025-11-01 14:57:55.228610,True
12916,384,784,sess_3257,view,2026-04-12 08:49:20.243940,True
13327,83,772,sess_3257,view,2026-04-24 16:48:35.245946,True
14795,428,239,sess_3258,add_to_cart,2026-02-19 12:18:07.251960,True
11917,956,139,sess_3258,purchase,2026-03-07 20:35:05.238931,True
4885,341,686,sess_3259,view,2025-09-27 19:27:24.209185,True
10591,115,566,sess_3259,purchase,2026-01-25 17:48:23.228610,True
3273,174,1022,sess_3259,view,2026-02-28 05:21:51.186925,True
6436,1099,920,sess_326,add_to_cart,2025-07-02 19:20:27.214026,True
1184,798,714,sess_326,view,2025-07-14 21:12:28.183414,True
2012,576,564,sess_326,add_to_cart,2025-11-13 08:40:57.186925,True
9366,349,351,sess_3260,purchase,2025-08-07 01:43:45.228610,True
723,589,378,sess_3260,purchase,2025-08-23 11:33:19.181409,True
10737,470,445,sess_3261,view,2025-11-05 01:56:13.228610,True
13484,161,490,sess_3261,add_to_cart,2025-12-14 01:45:28.245946,True
12423,785,632,sess_3261,view,2026-01-25 22:55:12.240934,True
9159,966,999,sess_3262,add_to_cart,2026-05-11 16:34:19.228610,True
13700,680,57,sess_3262,purchase,2026-06-06 07:25:25.247953,True
3330,1002,461,sess_3263,view,2026-01-01 08:23:09.186925,True
11321,1099,951,sess_3263,view,2026-05-16 12:00:04.237113,True
11966,29,191,sess_3264,purchase,2026-03-14 06:48:03.238931,True
3485,474,118,sess_3264,add_to_cart,2026-04-22 10:07:56.186925,True
6523,640,511,sess_3265,purchase,2025-12-09 10:31:12.216529,True
5661,1003,1015,sess_3265,view,2026-02-17 16:50:36.212022,True
3839,750,37,sess_3265,purchase,2026-06-04 16:15:15.195433,True
5441,75,130,sess_3266,add_to_cart,2025-08-19 20:46:25.212022,True
9074,913,445,sess_3266,add_to_cart,2026-01-31 07:38:26.227826,True
4959,604,412,sess_3267,add_to_cart,2026-04-26 19:21:08.209185,True
226,406,938,sess_327,add_to_cart,2026-01-02 02:32:07.178635,True
11779,412,469,sess_327,add_to_cart,2026-02-21 13:02:16.238931,True
12061,396,971,sess_3270,add_to_cart,2025-11-28 05:35:50.238931,True
14331,47,781,sess_3270,add_to_cart,2026-04-14 07:34:59.249957,True
11181,659,133,sess_3271,view,2026-03-15 20:18:51.237113,True
11846,3,633,sess_3271,view,2026-03-31 04:58:01.238931,True
963,345,1029,sess_3272,add_to_cart,2025-06-19 02:11:30.183414,True
2793,946,293,sess_3272,view,2025-12-18 15:29:59.186925,True
4688,847,845,sess_3272,add_to_cart,2026-02-10 15:54:28.207677,True
3965,1049,527,sess_3273,purchase,2025-06-11 03:14:15.197951,True
6406,661,786,sess_3273,add_to_cart,2025-10-29 13:08:07.214026,True
12009,627,190,sess_3274,add_to_cart,2025-09-09 12:18:01.238931,True
7850,830,354,sess_3274,purchase,2025-10-12 02:08:55.222317,True
116,198,663,sess_3274,add_to_cart,2025-11-18 17:20:30.178635,True
10199,129,538,sess_3274,view,2026-01-10 20:02:34.228610,True
9771,343,241,sess_3274,view,2026-01-19 22:05:50.228610,True
9488,515,987,sess_3275,purchase,2025-07-02 19:59:01.228610,True
4183,595,314,sess_3275,view,2025-07-04 03:15:14.199974,True
4711,369,605,sess_3275,purchase,2025-09-01 20:50:59.207677,True
10546,736,724,sess_3275,add_to_cart,2025-11-25 19:04:55.228610,True
11282,1055,233,sess_3275,add_to_cart,2026-01-07 14:51:02.237113,True
1101,125,661,sess_3275,view,2026-01-24 06:30:25.183414,True
6013,999,463,sess_3275,purchase,2026-03-29 08:31:35.214026,True
4542,917,710,sess_3276,purchase,2025-07-22 17:21:00.203543,True
12345,93,312,sess_3276,view,2026-01-14 23:50:19.240934,True
11443,74,617,sess_3278,purchase,2025-11-07 20:16:15.237113,True
4222,468,863,sess_3278,purchase,2025-11-20 06:43:40.199974,True
3338,697,877,sess_3278,view,2026-01-23 22:10:09.186925,True
3459,906,1084,sess_3279,purchase,2025-08-01 12:16:21.186925,True
11654,185,518,sess_3279,add_to_cart,2025-09-26 02:37:26.238931,True
425,470,1042,sess_3279,view,2025-11-30 18:26:44.178635,True
8805,965,536,sess_3279,view,2025-12-22 22:46:07.226324,True
13420,120,1024,sess_3279,view,2026-05-16 11:38:58.245946,True
2825,893,651,sess_328,add_to_cart,2025-09-04 22:36:52.186925,True
2326,498,936,sess_328,add_to_cart,2025-11-05 16:55:51.186925,True
2036,1022,715,sess_328,purchase,2025-12-17 20:43:46.186925,True
10070,587,323,sess_3280,add_to_cart,2025-07-26 16:26:09.228610,True
12759,1082,863,sess_3280,add_to_cart,2025-08-05 13:23:29.242937,True
11366,664,543,sess_3280,view,2026-01-18 02:11:13.237113,True
4097,577,283,sess_3280,add_to_cart,2026-05-31 22:56:47.199974,True
4564,1029,1062,sess_3281,view,2025-06-30 11:18:59.203543,True
11773,909,601,sess_3281,purchase,2026-05-04 19:33:59.238931,True
4050,482,859,sess_3282,purchase,2025-10-30 07:40:06.199974,True
7209,612,9,sess_3283,view,2025-12-15 00:53:50.219548,True
10579,956,300,sess_3284,purchase,2025-12-24 10:18:41.228610,True
835,402,82,sess_3285,add_to_cart,2025-08-29 17:56:05.181409,True
13533,884,1095,sess_3285,view,2025-10-13 16:56:07.245946,True
8056,81,136,sess_3285,purchase,2026-01-07 01:49:57.222317,True
3736,221,203,sess_3286,purchase,2025-09-28 00:57:58.195433,True
13977,189,1093,sess_3287,purchase,2025-10-26 16:46:28.247953,True
6759,369,358,sess_3287,add_to_cart,2025-11-11 03:58:02.216529,True
4209,141,976,sess_3287,view,2026-05-23 17:43:28.199974,True
10824,384,650,sess_3288,view,2026-01-13 23:47:34.228610,True
8437,703,786,sess_3288,purchase,2026-01-21 12:19:36.224321,True
990,733,78,sess_3289,purchase,2025-09-09 23:06:00.183414,True
2941,212,623,sess_3289,add_to_cart,2025-10-15 18:15:43.186925,True
11957,579,48,sess_329,add_to_cart,2026-02-21 10:43:31.238931,True
10112,665,53,sess_329,purchase,2026-03-17 02:14:39.228610,True
8611,1074,900,sess_329,purchase,2026-03-26 12:57:05.226324,True
11374,993,398,sess_329,purchase,2026-04-28 22:49:59.237113,True
6065,548,311,sess_3290,purchase,2025-07-02 00:42:02.214026,True
3457,295,509,sess_3290,view,2025-11-10 14:12:06.186925,True
5235,752,857,sess_3290,purchase,2025-12-17 17:14:29.209185,True
11433,230,193,sess_3290,view,2026-03-28 04:26:44.237113,True
12095,756,920,sess_3290,add_to_cart,2026-04-10 19:03:34.238931,True
12023,237,100,sess_3291,view,2026-05-10 00:36:13.238931,True
11369,787,151,sess_3292,purchase,2025-08-25 04:42:34.237113,True
8331,883,133,sess_3292,add_to_cart,2025-10-28 16:05:44.224321,True
671,339,811,sess_3292,purchase,2026-04-30 08:00:59.181409,True
3722,265,1012,sess_3292,purchase,2026-05-01 08:25:32.195433,True
2139,241,21,sess_3293,view,2025-10-18 22:27:03.186925,True
4171,930,134,sess_3294,purchase,2026-06-03 00:28:23.199974,True
2862,915,1011,sess_3295,view,2025-07-26 08:45:53.186925,True
2465,300,470,sess_3295,add_to_cart,2026-03-16 18:47:24.186925,True
948,12,449,sess_3295,purchase,2026-05-20 13:50:25.183414,True
2922,568,835,sess_3296,purchase,2025-07-21 18:51:39.186925,True
10529,870,601,sess_3296,add_to_cart,2025-12-15 04:22:38.228610,True
6231,787,32,sess_3296,add_to_cart,2026-01-23 17:25:40.214026,True
706,829,399,sess_3296,add_to_cart,2026-05-06 12:56:52.181409,True
11923,43,685,sess_3297,add_to_cart,2025-06-29 01:14:40.238931,True
1217,251,993,sess_3297,add_to_cart,2025-10-16 17:16:51.183414,True
4668,594,841,sess_3297,purchase,2026-01-21 11:12:48.207677,True
1421,744,567,sess_3299,purchase,2025-07-08 14:10:14.183414,True
1574,47,980,sess_3299,purchase,2025-10-24 19:15:50.185418,True
4820,868,658,sess_3299,add_to_cart,2025-10-26 08:34:05.209185,True
13,37,605,sess_33,view,2025-06-20 11:58:30.178635,True
12181,528,765,sess_33,purchase,2025-10-11 16:16:26.240934,True
8029,772,351,sess_330,view,2025-10-15 21:31:26.222317,True
5166,622,462,sess_3300,add_to_cart,2025-06-23 09:19:23.209185,True
13398,495,837,sess_3300,view,2025-08-26 17:15:49.245946,True
12836,198,599,sess_3300,view,2026-05-13 03:10:39.242937,True
14303,818,693,sess_3302,add_to_cart,2025-10-25 19:30:49.249957,True
177,203,977,sess_3302,view,2025-11-06 06:00:55.227826,True
5128,1031,978,sess_3302,view,2026-03-06 17:01:35.209185,True
317,626,796,sess_3302,add_to_cart,2026-03-28 09:05:32.178635,True
961,811,954,sess_3302,view,2026-05-19 12:47:56.183414,True
8542,806,338,sess_3302,add_to_cart,2026-05-30 06:08:50.224321,True
10434,113,784,sess_3303,add_to_cart,2025-10-12 05:17:00.228610,True
11261,513,115,sess_3303,add_to_cart,2026-01-17 19:05:10.237113,True
4231,279,191,sess_3304,view,2025-10-14 22:28:21.199974,True
11191,111,977,sess_3305,purchase,2026-01-20 08:11:47.237113,True
6023,196,24,sess_3305,add_to_cart,2026-04-24 13:28:05.214026,True
6161,337,186,sess_3306,purchase,2025-09-29 20:26:24.214026,True
3390,274,1074,sess_3306,view,2025-10-21 15:40:02.186925,True
1492,192,282,sess_3307,view,2025-07-10 07:11:22.185418,True
5763,114,729,sess_3307,purchase,2025-08-17 02:34:04.212022,True
14017,315,785,sess_3307,add_to_cart,2025-09-29 06:39:40.247953,True
958,1037,793,sess_3308,add_to_cart,2025-12-11 20:05:08.183414,True
6919,682,1092,sess_3308,purchase,2026-03-12 11:12:46.216529,True
14384,365,1090,sess_3309,view,2025-10-04 21:04:43.249957,True
3102,135,877,sess_3309,purchase,2025-12-04 07:12:06.186925,True
1629,100,155,sess_3309,add_to_cart,2026-06-01 14:04:04.185418,True
8507,361,318,sess_331,add_to_cart,2025-11-10 16:09:13.224321,True
1287,316,731,sess_3310,purchase,2025-10-29 23:42:13.183414,True
1752,382,117,sess_3311,purchase,2026-04-09 00:24:14.186925,True
4773,15,48,sess_3312,view,2025-11-23 12:46:00.209185,True
10030,334,616,sess_3312,view,2026-03-06 04:47:04.228610,True
9851,610,744,sess_3313,view,2025-08-01 21:15:37.228610,True
13212,875,815,sess_3314,add_to_cart,2026-03-09 00:29:02.245946,True
12257,1055,588,sess_3314,add_to_cart,2026-05-12 22:05:23.240934,True
4587,100,419,sess_3315,purchase,2025-08-30 18:33:43.203543,True
10475,405,561,sess_3315,purchase,2025-10-24 03:41:23.228610,True
6819,882,302,sess_3315,purchase,2025-12-30 06:16:55.216529,True
10061,108,323,sess_3316,view,2025-06-15 09:55:01.228610,True
13486,844,897,sess_3317,view,2025-07-06 01:42:44.245946,True
7422,954,905,sess_3317,view,2025-09-14 13:38:09.219548,True
11416,408,105,sess_3318,view,2025-10-09 06:20:28.237113,True
9329,830,490,sess_3318,view,2025-10-13 19:48:49.228610,True
12466,483,7,sess_3319,purchase,2025-10-25 00:57:03.240934,True
6585,725,769,sess_3319,add_to_cart,2025-10-31 04:28:45.216529,True
7411,952,87,sess_332,view,2025-07-24 04:27:24.219548,True
10738,623,957,sess_332,add_to_cart,2026-04-25 04:15:48.228610,True
8999,147,538,sess_3320,view,2025-07-02 01:49:19.227826,True
8641,738,572,sess_3321,add_to_cart,2025-06-15 22:23:26.226324,True
10276,846,333,sess_3321,purchase,2025-06-21 00:27:12.228610,True
12506,478,234,sess_3321,purchase,2025-08-21 09:31:46.240934,True
3163,861,533,sess_3321,view,2025-11-24 02:48:29.186925,True
7377,464,627,sess_3321,add_to_cart,2025-12-09 08:46:17.219548,True
4893,1094,651,sess_3321,add_to_cart,2025-12-09 16:14:29.209185,True
12159,142,366,sess_3323,view,2025-12-06 06:13:31.240934,True
6788,938,515,sess_3323,add_to_cart,2026-04-25 22:05:39.216529,True
8768,230,80,sess_3323,view,2026-05-28 20:44:06.226324,True
9679,158,326,sess_3324,purchase,2025-09-23 16:59:05.228610,True
8375,7,678,sess_3325,add_to_cart,2025-06-15 04:09:02.224321,True
13524,179,613,sess_3326,view,2025-07-30 10:02:14.245946,True
10665,178,563,sess_3326,view,2025-08-13 20:49:26.228610,True
2939,97,1084,sess_3326,view,2025-09-08 23:45:46.186925,True
8876,555,383,sess_3326,view,2026-05-21 19:28:41.226324,True
8682,727,66,sess_3327,view,2025-08-16 21:16:05.226324,True
5017,520,852,sess_3327,purchase,2025-09-19 07:45:36.209185,True
5147,518,299,sess_3328,add_to_cart,2025-06-29 19:12:21.209185,True
12877,988,916,sess_3328,add_to_cart,2025-07-28 15:19:02.242937,True
6011,244,804,sess_333,view,2025-06-29 10:15:41.214026,True
12275,545,28,sess_333,purchase,2026-02-26 16:14:03.240934,True
7031,145,796,sess_333,view,2026-05-04 22:07:52.218542,True
11043,893,82,sess_3330,view,2025-10-24 10:04:03.235934,True
8900,861,965,sess_3330,view,2025-10-31 05:40:15.226324,True
3265,1023,267,sess_3330,view,2026-04-28 03:16:13.186925,True
5578,42,681,sess_3331,add_to_cart,2025-07-05 22:00:45.212022,True
7470,602,1069,sess_3331,purchase,2025-09-29 09:57:43.219548,True
1469,544,454,sess_3331,purchase,2026-06-07 00:29:28.185418,True
6776,845,282,sess_3332,purchase,2025-09-17 01:28:56.216529,True
2053,1047,459,sess_3332,add_to_cart,2026-03-23 19:22:46.186925,True
14082,67,986,sess_3332,add_to_cart,2026-03-28 18:26:44.249957,True
12798,177,898,sess_3332,add_to_cart,2026-03-28 19:13:57.242937,True
4586,995,189,sess_3333,add_to_cart,2025-08-01 10:51:31.203543,True
14049,916,274,sess_3333,purchase,2026-03-02 05:54:22.247953,True
1129,909,842,sess_3333,purchase,2026-03-23 12:18:02.183414,True
11239,704,221,sess_3334,view,2025-09-28 09:56:37.237113,True
7333,349,1064,sess_3335,add_to_cart,2025-07-29 16:37:20.219548,True
7843,234,388,sess_3335,add_to_cart,2026-05-07 13:27:08.222317,True
9611,953,920,sess_3337,view,2025-06-11 20:50:07.228610,True
9974,326,428,sess_3337,purchase,2025-06-18 05:33:53.228610,True
3387,113,750,sess_3337,purchase,2025-07-11 16:07:47.186925,True
4965,271,748,sess_3337,view,2025-10-30 16:50:56.209185,True
10643,719,1012,sess_3337,purchase,2025-11-21 15:53:26.228610,True
5465,1062,807,sess_3337,add_to_cart,2025-12-13 01:57:12.212022,True
6765,569,492,sess_3337,view,2025-12-25 14:35:09.216529,True
4946,178,1098,sess_3338,add_to_cart,2025-11-20 11:22:29.209185,True
3963,607,300,sess_3338,purchase,2026-05-08 15:16:31.197951,True
8011,225,26,sess_3339,add_to_cart,2025-11-04 13:05:21.222317,True
7007,6,579,sess_3339,view,2025-12-26 13:17:16.218542,True
8913,377,70,sess_3339,add_to_cart,2025-12-27 23:10:03.226324,True
4590,750,975,sess_334,add_to_cart,2025-07-30 17:59:58.203543,True
979,317,930,sess_334,view,2026-01-04 10:26:32.183414,True
5556,40,256,sess_334,add_to_cart,2026-04-28 09:22:28.212022,True
7386,169,1038,sess_3340,add_to_cart,2026-01-08 14:38:13.219548,True
7854,745,920,sess_3340,view,2026-02-09 02:32:23.222317,True
4474,576,312,sess_3340,view,2026-03-03 16:22:41.203543,True
10321,792,685,sess_3340,purchase,2026-03-29 16:29:56.228610,True
8666,213,202,sess_3340,purchase,2026-05-15 10:06:45.226324,True
6482,1031,833,sess_3340,purchase,2026-05-19 07:58:20.214026,True
3672,360,634,sess_3341,add_to_cart,2025-07-17 00:27:00.186925,True
3466,550,139,sess_3341,add_to_cart,2026-02-11 04:25:12.186925,True
6259,252,836,sess_3344,add_to_cart,2025-07-10 13:32:58.214026,True
13557,96,1020,sess_3344,purchase,2025-10-13 08:27:54.247953,True
12017,350,1038,sess_3344,view,2025-10-19 04:32:23.238931,True
9364,926,487,sess_3344,add_to_cart,2026-04-18 01:16:08.228610,True
2405,350,809,sess_3344,purchase,2026-04-19 15:43:48.186925,True
14405,181,1024,sess_3345,add_to_cart,2025-12-12 15:10:31.249957,True
4062,1,106,sess_3345,purchase,2026-03-17 15:20:10.199974,True
7142,1014,656,sess_3346,add_to_cart,2025-08-11 21:52:07.218542,True
1244,1012,986,sess_3346,view,2025-09-21 13:35:12.183414,True
1081,447,626,sess_3346,purchase,2025-10-04 20:31:33.183414,True
8383,722,852,sess_3346,add_to_cart,2026-02-14 14:32:15.224321,True
11010,451,441,sess_3349,add_to_cart,2025-09-20 18:28:04.235934,True
7948,17,530,sess_3349,purchase,2026-03-15 15:26:25.222317,True
5294,1080,368,sess_335,add_to_cart,2025-09-17 00:26:27.211509,True
8328,912,1088,sess_335,purchase,2026-03-27 13:50:52.224321,True
9702,261,794,sess_3351,add_to_cart,2025-11-09 14:01:27.228610,True
9558,231,1047,sess_3351,purchase,2025-12-19 23:32:19.228610,True
5475,605,1027,sess_3352,add_to_cart,2025-09-01 05:48:47.212022,True
2644,768,32,sess_3352,add_to_cart,2025-10-23 08:25:57.186925,True
2373,232,513,sess_3352,add_to_cart,2026-04-10 06:12:40.186925,True
5025,458,1002,sess_3353,add_to_cart,2025-11-14 23:58:56.209185,True
3937,692,729,sess_3354,purchase,2025-07-06 19:45:30.197951,True
7935,446,328,sess_3354,purchase,2026-03-12 10:54:15.222317,True
4394,13,684,sess_3355,purchase,2025-12-29 08:53:47.203543,True
4054,1019,872,sess_3356,purchase,2025-08-26 09:10:43.199974,True
8358,885,259,sess_3356,purchase,2026-04-08 02:20:40.224321,True
4444,831,1006,sess_3357,add_to_cart,2025-11-17 15:01:44.203543,True
4913,1040,555,sess_3357,view,2026-05-09 16:08:41.209185,True
125,604,984,sess_3358,purchase,2025-08-11 04:33:51.178635,True
12417,459,902,sess_3358,add_to_cart,2026-01-05 04:06:41.240934,True
4608,387,466,sess_3358,view,2026-03-17 09:04:47.207677,True
13330,935,742,sess_3359,add_to_cart,2025-08-09 04:43:49.245946,True
11862,705,816,sess_3359,view,2025-08-14 23:22:43.238931,True
14323,949,475,sess_3359,view,2026-03-17 03:36:43.249957,True
12428,675,624,sess_3359,purchase,2026-05-27 11:27:02.240934,True
3455,594,296,sess_336,view,2025-07-01 14:21:15.186925,True
10200,226,151,sess_336,add_to_cart,2025-07-29 18:02:13.228610,True
13410,1062,438,sess_336,view,2025-11-17 23:58:23.245946,True
14840,241,836,sess_336,add_to_cart,2026-03-30 10:45:50.251960,True
3546,547,246,sess_3361,add_to_cart,2026-03-21 07:57:55.186925,True
10485,763,909,sess_3362,purchase,2026-01-13 22:58:21.228610,True
9687,446,379,sess_3363,view,2025-07-09 22:05:16.228610,True
14789,707,764,sess_3363,view,2025-10-25 06:05:19.251960,True
8240,87,814,sess_3363,add_to_cart,2026-03-18 17:04:10.224321,True
7230,118,938,sess_3364,add_to_cart,2025-09-02 00:15:40.219548,True
10393,680,331,sess_3364,purchase,2025-10-20 09:45:58.228610,True
6923,11,272,sess_3364,add_to_cart,2026-03-15 10:10:19.216529,True
5794,161,562,sess_3364,view,2026-03-16 19:52:19.212022,True
6332,596,36,sess_3366,add_to_cart,2025-12-28 05:04:38.214026,True
12573,641,743,sess_3366,add_to_cart,2026-05-10 20:12:43.240934,True
11667,205,364,sess_3367,view,2025-11-16 02:29:23.238931,True
11401,951,1015,sess_3367,purchase,2026-05-14 14:29:31.237113,True
751,281,661,sess_3368,purchase,2026-01-22 19:02:01.181409,True
6897,587,611,sess_3368,view,2026-06-03 14:53:27.216529,True
3513,954,473,sess_3369,purchase,2025-08-05 02:28:16.186925,True
4103,1090,683,sess_3369,add_to_cart,2025-09-26 01:53:54.199974,True
7726,390,126,sess_3369,purchase,2026-03-15 06:39:08.222317,True
6280,789,215,sess_337,view,2026-03-11 16:31:26.214026,True
12867,245,298,sess_3371,add_to_cart,2026-04-26 20:40:03.242937,True
1764,750,49,sess_3372,purchase,2025-11-12 19:07:44.186925,True
14516,74,213,sess_3372,view,2026-02-03 11:04:56.249957,True
5960,652,945,sess_3372,purchase,2026-05-28 08:49:19.214026,True
4723,180,1044,sess_3373,add_to_cart,2025-11-12 21:01:37.207677,True
893,1031,1093,sess_3374,purchase,2025-09-06 17:17:25.181409,True
8945,1054,330,sess_3376,add_to_cart,2025-10-07 02:00:02.226324,True
5272,456,530,sess_3376,add_to_cart,2025-11-12 06:07:54.211509,True
3614,600,888,sess_3377,add_to_cart,2026-03-01 18:33:13.186925,True
14811,691,674,sess_3378,view,2025-07-07 01:17:54.251960,True
2949,164,273,sess_3378,view,2025-09-23 23:33:10.186925,True
13490,840,127,sess_3378,view,2026-06-09 12:52:56.245946,True
6018,443,1087,sess_3379,view,2025-07-04 15:43:23.214026,True
2323,360,11,sess_3379,add_to_cart,2025-12-02 15:52:12.186925,True
7952,443,953,sess_338,purchase,2025-10-14 01:02:06.222317,True
4866,27,687,sess_338,view,2025-10-29 21:04:08.209185,True
10680,138,388,sess_338,view,2025-11-15 21:48:38.228610,True
2848,973,196,sess_338,purchase,2025-11-16 16:49:50.186925,True
9457,180,919,sess_338,view,2026-01-26 19:13:42.228610,True
1938,51,203,sess_3380,add_to_cart,2025-10-26 05:10:20.186925,True
11233,91,126,sess_3380,view,2026-02-27 14:20:14.237113,True
2167,810,786,sess_3381,view,2025-07-18 10:18:10.186925,True
6481,1,178,sess_3381,view,2025-09-01 17:03:39.214026,True
13015,184,408,sess_3382,purchase,2025-11-04 23:10:35.243940,True
6320,127,961,sess_3382,purchase,2025-12-06 10:08:54.214026,True
5725,475,1057,sess_3383,view,2025-07-08 14:45:44.212022,True
3545,28,211,sess_3383,purchase,2025-09-04 16:19:32.186925,True
14197,690,123,sess_3383,purchase,2026-04-24 14:42:42.249957,True
5843,1012,419,sess_3384,view,2025-08-09 02:03:17.214026,True
6581,583,455,sess_3384,view,2026-01-07 08:58:55.216529,True
11352,762,1001,sess_3384,purchase,2026-02-09 05:53:23.237113,True
6133,522,781,sess_3384,add_to_cart,2026-05-26 20:46:03.214026,True
63,947,686,sess_3384,purchase,2026-06-03 08:28:48.178635,True
14005,64,749,sess_3385,add_to_cart,2026-04-25 02:37:50.247953,True
6557,892,110,sess_3386,add_to_cart,2025-12-14 08:22:17.216529,True
5488,758,987,sess_3386,add_to_cart,2026-01-30 04:29:40.212022,True
12722,468,261,sess_3387,view,2026-05-16 10:10:57.242937,True
8096,849,681,sess_3389,add_to_cart,2026-02-19 09:48:28.224321,True
1817,105,385,sess_3389,purchase,2026-02-23 04:30:22.186925,True
9739,377,691,sess_339,add_to_cart,2025-07-21 09:03:14.228610,True
14513,7,681,sess_339,view,2025-10-02 07:32:34.249957,True
2363,335,488,sess_339,add_to_cart,2026-02-07 10:27:32.186925,True
1526,428,542,sess_339,purchase,2026-02-17 12:57:44.185418,True
9338,715,223,sess_3390,add_to_cart,2026-01-12 12:29:55.228610,True
2729,87,764,sess_3390,purchase,2026-03-10 15:03:18.186925,True
2149,405,480,sess_3391,view,2026-03-30 22:04:50.186925,True
7319,170,468,sess_3392,purchase,2025-08-18 06:17:13.219548,True
13175,831,827,sess_3392,view,2025-12-22 17:53:10.245946,True
2454,542,610,sess_3392,add_to_cart,2026-01-30 20:34:07.186925,True
8511,1022,686,sess_3393,view,2025-08-23 22:31:09.224321,True
9230,102,64,sess_3393,view,2025-09-21 11:53:03.228610,True
7798,440,49,sess_3393,add_to_cart,2025-12-19 10:49:01.222317,True
1548,974,895,sess_3393,add_to_cart,2026-05-07 06:22:43.185418,True
2954,865,1024,sess_3394,add_to_cart,2025-08-08 20:45:59.186925,True
7817,1041,639,sess_3394,purchase,2025-11-14 20:51:17.222317,True
13586,708,488,sess_3394,add_to_cart,2025-12-26 01:10:14.247953,True
5619,673,618,sess_3394,view,2026-04-17 02:21:12.212022,True
12872,381,370,sess_3394,purchase,2026-05-08 09:06:09.242937,True
8902,308,543,sess_3394,add_to_cart,2026-05-25 08:45:03.226324,True
2345,147,968,sess_3395,view,2025-06-17 20:46:12.186925,True
3611,767,231,sess_3395,view,2026-05-12 08:49:18.186925,True
10730,879,338,sess_3396,add_to_cart,2025-11-03 11:54:35.228610,True
14307,344,237,sess_3397,view,2025-06-27 06:38:35.249957,True
7790,213,511,sess_3397,view,2025-11-11 02:34:21.222317,True
13508,672,358,sess_3397,view,2026-04-18 00:49:33.245946,True
3812,274,1073,sess_3398,add_to_cart,2025-07-29 18:43:40.195433,True
8829,745,1006,sess_3398,add_to_cart,2026-06-08 09:04:28.226324,True
411,663,1012,sess_3399,add_to_cart,2026-01-06 13:28:51.178635,True
14153,1095,795,sess_34,purchase,2026-03-10 02:53:59.249957,True
5568,1082,46,sess_34,view,2026-04-03 08:10:28.212022,True
10899,883,871,sess_34,view,2026-04-11 00:29:27.228610,True
13857,222,259,sess_340,view,2025-07-12 11:05:28.247953,True
8057,971,295,sess_340,add_to_cart,2025-09-15 17:05:35.222317,True
318,430,220,sess_340,add_to_cart,2026-04-11 00:46:49.178635,True
11013,411,66,sess_340,add_to_cart,2026-05-10 10:57:05.235934,True
6644,805,1,sess_3400,view,2025-06-18 16:06:14.216529,True
12385,874,1054,sess_3401,add_to_cart,2025-08-09 14:54:26.240934,True
12513,789,398,sess_3401,purchase,2026-01-21 22:10:45.240934,True
2965,422,869,sess_3403,purchase,2025-06-23 18:56:13.186925,True
11596,209,118,sess_3403,add_to_cart,2026-05-12 21:18:56.237113,True
7962,390,979,sess_3405,view,2026-02-12 23:22:50.222317,True
3952,106,657,sess_3405,purchase,2026-02-17 17:54:39.197951,True
10201,332,726,sess_3406,view,2025-09-13 17:57:19.228610,True
13284,719,399,sess_3406,add_to_cart,2026-01-31 12:09:02.245946,True
12646,1024,1054,sess_3407,add_to_cart,2026-05-02 18:00:47.242937,True
1816,181,905,sess_3408,view,2026-06-07 03:34:45.186925,True
1239,205,41,sess_3409,purchase,2025-07-06 04:21:04.183414,True
5645,516,192,sess_3409,add_to_cart,2025-12-16 17:24:17.212022,True
11165,811,516,sess_3409,add_to_cart,2026-02-11 18:08:39.235934,True
12475,418,287,sess_3409,view,2026-03-26 20:09:22.240934,True
7226,768,533,sess_3410,purchase,2025-09-06 22:47:03.219548,True
9758,781,71,sess_3411,purchase,2026-04-05 08:24:09.228610,True
11507,18,639,sess_3412,view,2025-09-23 06:10:29.237113,True
9257,1100,1019,sess_3412,purchase,2025-10-10 21:03:57.228610,True
2391,122,654,sess_3412,purchase,2025-11-13 10:49:38.186925,True
3874,84,687,sess_3412,add_to_cart,2026-06-11 01:29:50.197951,True
12180,733,621,sess_3414,add_to_cart,2025-07-11 08:30:39.240934,True
4643,702,181,sess_3415,add_to_cart,2025-06-22 00:37:48.207677,True
391,725,85,sess_3415,view,2025-09-16 04:23:48.178635,True
11050,493,587,sess_3415,purchase,2026-04-04 02:21:04.235934,True
4163,399,470,sess_3416,add_to_cart,2026-04-09 08:31:30.199974,True
3366,1019,384,sess_3418,add_to_cart,2025-06-27 22:44:01.186925,True
7069,537,362,sess_3418,add_to_cart,2025-10-22 13:08:53.218542,True
42,79,564,sess_3418,add_to_cart,2026-02-08 04:57:49.178635,True
2704,130,563,sess_3419,purchase,2026-03-16 05:22:29.186925,True
5061,99,1069,sess_3420,purchase,2025-09-22 18:28:18.209185,True
9862,367,146,sess_3421,purchase,2025-08-21 11:50:37.228610,True
7534,61,646,sess_3421,view,2026-06-02 22:37:36.219548,True
5600,295,423,sess_3422,add_to_cart,2026-03-18 03:12:49.212022,True
10373,50,643,sess_3422,add_to_cart,2026-04-16 10:14:07.228610,True
5536,181,119,sess_3423,purchase,2025-09-12 15:47:06.212022,True
13546,996,640,sess_3425,add_to_cart,2025-11-01 13:32:54.245946,True
486,392,32,sess_3425,add_to_cart,2025-12-31 15:37:49.181409,True
2297,1038,704,sess_3425,add_to_cart,2026-04-29 06:09:35.186925,True
8886,273,412,sess_3426,add_to_cart,2025-11-05 19:26:36.226324,True
10237,889,198,sess_3427,purchase,2025-07-30 06:50:53.228610,True
165,541,766,sess_3427,purchase,2025-12-01 06:52:25.178635,True
9835,481,448,sess_3427,purchase,2026-06-06 19:12:31.228610,True
1127,1017,271,sess_3428,add_to_cart,2025-06-15 06:12:25.183414,True
2795,805,920,sess_3428,add_to_cart,2025-10-15 22:30:54.186925,True
10347,866,623,sess_3428,view,2026-01-05 03:54:14.228610,True
444,319,745,sess_3429,add_to_cart,2025-10-23 00:37:22.181409,True
12556,295,737,sess_3429,view,2026-03-01 03:53:23.240934,True
4111,300,349,sess_3429,add_to_cart,2026-05-14 10:47:49.199974,True
5770,528,329,sess_343,view,2025-11-02 18:25:18.212022,True
4068,395,232,sess_343,view,2026-03-26 12:21:19.199974,True
3584,222,155,sess_343,view,2026-05-26 10:27:25.186925,True
4322,548,950,sess_3431,purchase,2025-12-20 02:57:33.202536,True
8935,222,367,sess_3431,view,2026-04-15 12:41:03.226324,True
2176,924,213,sess_3432,add_to_cart,2025-07-02 08:36:09.186925,True
2976,117,204,sess_3432,add_to_cart,2025-07-27 17:09:54.186925,True
2180,750,324,sess_3432,add_to_cart,2025-09-04 16:06:33.186925,True
9307,735,144,sess_3432,view,2025-09-22 23:16:46.228610,True
11210,601,153,sess_3432,purchase,2026-02-24 15:36:09.237113,True
10757,33,89,sess_3433,view,2025-11-12 07:59:28.228610,True
2767,778,738,sess_3433,add_to_cart,2026-04-06 10:30:14.186925,True
325,244,826,sess_3434,add_to_cart,2025-09-15 08:22:06.178635,True
1294,359,823,sess_3434,view,2026-04-29 17:08:13.183414,True
4974,210,467,sess_3435,add_to_cart,2025-06-12 00:07:55.209185,True
5239,1054,72,sess_3435,add_to_cart,2025-10-20 05:16:45.209185,True
14243,1016,1063,sess_3435,view,2026-05-14 13:27:33.249957,True
2319,167,486,sess_3435,purchase,2026-06-07 05:50:49.186925,True
5322,986,369,sess_3436,purchase,2025-12-23 16:26:00.211509,True
2223,287,373,sess_3437,purchase,2026-02-03 23:46:07.186925,True
8659,116,438,sess_3437,add_to_cart,2026-02-20 09:50:58.226324,True
3376,669,1062,sess_3437,add_to_cart,2026-03-18 01:53:22.186925,True
3711,673,762,sess_3437,view,2026-04-18 08:00:17.186925,True
2491,252,848,sess_3438,purchase,2025-07-26 20:38:04.186925,True
12444,875,361,sess_344,purchase,2026-01-31 09:15:27.240934,True
12539,618,56,sess_344,view,2026-06-05 06:09:19.240934,True
1742,389,956,sess_3440,add_to_cart,2026-01-28 16:50:51.186925,True
6767,686,384,sess_3441,view,2025-12-25 12:58:42.216529,True
12297,644,180,sess_3441,add_to_cart,2026-03-07 02:41:32.240934,True
2683,1000,938,sess_3442,purchase,2025-06-25 23:29:06.186925,True
12509,523,989,sess_3442,view,2025-10-20 00:11:25.240934,True
14275,375,537,sess_3443,view,2025-07-21 03:00:08.249957,True
3350,926,355,sess_3443,purchase,2026-02-18 23:44:58.186925,True
2457,938,936,sess_3444,add_to_cart,2025-11-06 21:18:04.186925,True
1210,424,347,sess_3444,add_to_cart,2025-12-04 05:32:46.183414,True
5615,836,807,sess_3444,purchase,2026-02-18 14:57:36.212022,True
11453,247,925,sess_3444,view,2026-03-02 00:46:54.237113,True
10034,481,1087,sess_3444,purchase,2026-04-06 06:59:27.228610,True
5583,464,445,sess_3445,add_to_cart,2025-12-22 16:03:16.212022,True
2923,995,610,sess_3445,purchase,2025-12-29 21:28:31.186925,True
12715,573,676,sess_3446,add_to_cart,2026-03-17 12:56:30.242937,True
12602,1076,678,sess_3448,purchase,2025-11-23 16:08:09.240934,True
3834,930,1096,sess_3449,purchase,2025-11-11 12:10:20.195433,True
14121,793,568,sess_345,purchase,2025-07-06 13:41:14.249957,True
1854,353,626,sess_345,view,2026-02-08 00:39:23.186925,True
7396,740,139,sess_345,add_to_cart,2026-02-15 20:25:56.219548,True
7773,707,546,sess_345,view,2026-03-17 16:28:02.222317,True
6941,824,376,sess_3451,purchase,2025-11-11 15:01:41.216529,True
6902,763,461,sess_3451,purchase,2026-01-18 12:42:15.216529,True
262,512,818,sess_3452,add_to_cart,2025-07-27 19:40:56.178635,True
234,260,368,sess_3452,view,2025-10-05 21:14:59.178635,True
7292,792,185,sess_3452,view,2025-10-09 06:47:28.219548,True
9399,154,127,sess_3452,add_to_cart,2025-11-07 04:45:38.228610,True
5902,402,544,sess_3452,purchase,2026-03-17 19:46:27.214026,True
3529,373,85,sess_3453,view,2025-12-03 20:59:23.186925,True
11852,392,283,sess_3453,view,2025-12-16 19:35:26.238931,True
10421,974,143,sess_3453,purchase,2025-12-18 22:12:19.228610,True
1913,442,557,sess_3453,view,2026-01-18 08:24:50.186925,True
9550,826,8,sess_3453,purchase,2026-03-15 08:09:59.228610,True
11594,651,442,sess_3454,view,2026-01-20 11:05:13.237113,True
3659,704,40,sess_3454,view,2026-05-04 05:09:05.186925,True
392,106,686,sess_3455,add_to_cart,2025-08-06 22:28:38.178635,True
6858,260,374,sess_3455,view,2025-09-01 22:46:08.216529,True
11717,1029,333,sess_3455,view,2026-05-11 18:01:16.238931,True
2841,856,537,sess_3456,purchase,2025-06-17 20:28:28.186925,True
10515,1035,211,sess_3456,add_to_cart,2025-11-22 04:57:11.228610,True
14890,941,1028,sess_3456,purchase,2026-04-09 14:28:11.253968,True
5597,200,381,sess_3457,add_to_cart,2025-06-17 15:16:39.212022,True
10228,630,457,sess_3457,add_to_cart,2025-12-08 00:53:51.228610,True
5107,327,149,sess_3457,add_to_cart,2025-12-26 10:14:55.209185,True
12151,1000,941,sess_3457,purchase,2026-02-07 09:28:54.240934,True
11992,563,385,sess_3458,view,2025-06-18 22:46:13.238931,True
10711,377,677,sess_3458,view,2025-06-24 12:36:10.228610,True
4094,903,646,sess_3458,view,2025-12-31 16:12:15.199974,True
3476,18,615,sess_3458,add_to_cart,2026-01-04 06:58:56.186925,True
5343,755,531,sess_3458,add_to_cart,2026-04-21 18:38:36.212022,True
8450,59,364,sess_346,add_to_cart,2025-07-29 02:31:41.224321,True
7830,544,828,sess_3460,purchase,2025-08-25 07:32:08.222317,True
4110,18,1058,sess_3460,view,2026-03-16 15:43:44.199974,True
2986,938,98,sess_3461,view,2025-09-05 08:06:48.186925,True
13837,572,787,sess_3461,purchase,2025-09-25 23:54:41.247953,True
795,1081,231,sess_3461,purchase,2026-05-25 16:36:31.181409,True
274,210,1096,sess_3463,view,2025-06-26 02:27:27.178635,True
10327,1041,589,sess_3463,purchase,2025-07-19 01:36:13.228610,True
7311,312,961,sess_3464,view,2026-03-25 14:47:51.219548,True
5932,235,268,sess_3464,add_to_cart,2026-04-06 13:24:19.214026,True
2723,468,506,sess_3465,purchase,2025-11-08 08:46:27.186925,True
11853,1060,613,sess_3467,purchase,2025-09-02 03:55:42.238931,True
11894,335,1089,sess_3467,add_to_cart,2025-10-18 11:15:15.238931,True
11486,1074,301,sess_3467,add_to_cart,2025-11-05 18:50:57.237113,True
3318,846,139,sess_3467,view,2026-01-13 20:00:09.186925,True
11003,325,753,sess_3467,view,2026-05-29 11:38:55.235934,True
12865,708,919,sess_3468,add_to_cart,2025-06-24 03:21:36.242937,True
4406,838,755,sess_3469,view,2026-04-28 07:44:14.203543,True
8719,569,1007,sess_347,add_to_cart,2025-10-23 14:25:43.226324,True
4532,975,460,sess_347,purchase,2026-01-29 00:37:30.203543,True
644,1005,180,sess_347,purchase,2026-02-25 16:56:45.181409,True
3920,438,267,sess_3470,view,2025-08-04 18:11:14.197951,True
2355,688,101,sess_3471,view,2026-02-20 19:40:19.186925,True
4198,932,760,sess_3471,view,2026-03-06 20:35:46.199974,True
6543,123,957,sess_3472,purchase,2025-08-05 11:02:52.216529,True
933,349,52,sess_3473,view,2025-08-01 17:31:08.181409,True
8824,1072,1077,sess_3473,purchase,2026-01-17 04:51:45.226324,True
3041,105,833,sess_3475,view,2025-12-29 09:06:11.186925,True
13577,546,697,sess_3476,add_to_cart,2025-06-21 05:23:05.247953,True
14120,266,113,sess_3477,view,2026-05-13 06:38:13.249957,True
4434,463,923,sess_3478,add_to_cart,2025-11-24 16:46:05.203543,True
9502,464,510,sess_348,purchase,2026-02-07 17:56:19.228610,True
7704,829,1020,sess_348,view,2026-04-26 03:09:18.222317,True
5063,955,989,sess_348,purchase,2026-05-16 03:43:40.209185,True
12593,749,16,sess_3480,purchase,2025-08-09 14:09:44.240934,True
12512,496,382,sess_3482,view,2025-08-23 07:30:50.240934,True
13248,788,986,sess_3482,view,2025-09-02 14:36:35.245946,True
10186,612,1059,sess_3483,purchase,2026-03-23 21:18:38.228610,True
8230,747,906,sess_3484,view,2025-06-22 13:31:55.224321,True
13861,313,214,sess_3484,purchase,2026-06-05 06:30:09.247953,True
538,230,860,sess_3484,purchase,2026-06-05 12:19:39.181409,True
11924,627,1074,sess_3486,add_to_cart,2025-08-25 02:37:50.238931,True
2003,659,883,sess_3487,view,2026-03-13 22:06:23.186925,True
14535,706,824,sess_3487,purchase,2026-04-19 12:15:50.249957,True
11548,10,864,sess_3487,view,2026-05-08 17:23:16.237113,True
5236,6,292,sess_3488,purchase,2025-09-25 11:52:24.209185,True
10539,106,1074,sess_3488,add_to_cart,2026-03-16 00:17:14.228610,True
14299,881,777,sess_3488,view,2026-05-04 23:03:39.249957,True
8302,707,205,sess_3488,add_to_cart,2026-05-30 02:50:22.224321,True
1011,31,672,sess_3488,add_to_cart,2026-06-11 18:27:40.183414,True
11156,725,265,sess_3489,view,2025-06-14 13:08:30.235934,True
691,948,681,sess_3489,add_to_cart,2025-09-21 20:29:22.181409,True
5115,544,902,sess_3489,view,2026-03-16 14:00:37.209185,True
13290,362,282,sess_349,purchase,2026-03-18 06:18:23.245946,True
9625,914,187,sess_3490,purchase,2025-10-19 14:12:36.228610,True
9197,201,718,sess_3490,purchase,2026-03-04 09:39:58.228610,True
7872,1005,314,sess_3490,add_to_cart,2026-05-24 11:44:50.222317,True
4088,932,85,sess_3491,view,2025-09-26 14:22:45.199974,True
266,935,620,sess_3491,view,2025-12-11 09:14:58.178635,True
9875,700,121,sess_3491,add_to_cart,2026-03-31 17:06:40.228610,True
14370,190,950,sess_3492,view,2026-05-11 01:41:52.249957,True
80,809,837,sess_3493,purchase,2025-12-06 17:59:31.178635,True
6082,244,1074,sess_3495,view,2025-08-25 12:30:12.214026,True
10890,539,411,sess_3495,purchase,2025-10-30 03:03:49.228610,True
8362,163,940,sess_3495,add_to_cart,2025-11-11 09:42:37.224321,True
11875,1032,855,sess_3495,add_to_cart,2025-12-18 19:24:34.238931,True
7134,649,87,sess_3495,add_to_cart,2026-02-15 07:30:04.218542,True
13289,168,738,sess_3495,view,2026-05-04 19:37:15.245946,True
7416,936,800,sess_3497,add_to_cart,2025-11-02 11:43:15.219548,True
14053,909,114,sess_3498,purchase,2025-12-03 16:35:01.247953,True
4989,157,423,sess_3498,add_to_cart,2026-05-08 10:11:19.209185,True
10394,245,199,sess_3498,view,2026-05-14 19:54:13.228610,True
13831,1070,215,sess_3499,view,2026-02-08 10:08:14.247953,True
7196,723,1018,sess_350,purchase,2025-09-30 12:46:31.219548,True
11821,61,1060,sess_3500,view,2026-04-14 18:52:50.238931,True
2631,250,489,sess_3501,add_to_cart,2025-10-09 01:22:21.186925,True
470,668,637,sess_3502,view,2026-02-11 12:37:20.181409,True
11230,997,518,sess_3502,view,2026-04-28 09:49:15.237113,True
5683,368,75,sess_3504,view,2025-12-12 18:44:47.212022,True
11798,186,74,sess_3505,purchase,2026-05-20 06:48:18.238931,True
7341,1096,679,sess_3506,view,2026-03-10 22:11:49.219548,True
9341,526,285,sess_3506,purchase,2026-06-07 05:14:05.228610,True
14751,647,695,sess_3507,add_to_cart,2025-10-18 17:05:56.251960,True
6571,359,747,sess_3509,purchase,2025-09-17 05:56:05.216529,True
388,484,504,sess_3509,add_to_cart,2025-11-14 01:33:36.178635,True
6605,507,813,sess_3509,add_to_cart,2026-05-19 17:15:34.216529,True
14387,826,75,sess_351,purchase,2026-01-22 08:42:57.249957,True
1903,283,615,sess_351,add_to_cart,2026-04-11 15:04:26.186925,True
5456,544,1064,sess_351,view,2026-05-30 23:15:00.212022,True
13734,91,467,sess_3510,view,2025-10-10 22:40:25.247953,True
12222,626,264,sess_3511,add_to_cart,2025-12-23 06:07:49.240934,True
8793,858,361,sess_3511,purchase,2026-06-09 17:17:53.226324,True
11332,174,246,sess_3512,purchase,2025-07-04 23:29:07.237113,True
14194,47,361,sess_3512,add_to_cart,2025-09-18 09:28:12.249957,True
2096,1031,937,sess_3512,view,2025-12-01 15:40:39.186925,True
156,14,967,sess_3513,add_to_cart,2026-05-09 07:29:48.178635,True
6365,857,422,sess_3513,add_to_cart,2026-06-09 21:39:40.214026,True
2734,1071,1063,sess_3515,add_to_cart,2026-02-24 07:20:34.186925,True
5265,516,709,sess_3516,add_to_cart,2025-12-04 16:46:06.211509,True
11890,1021,665,sess_3516,view,2026-05-14 15:06:57.238931,True
14988,47,976,sess_3517,purchase,2025-10-01 19:46:12.254569,True
3582,860,185,sess_3518,view,2025-07-27 15:30:34.186925,True
1079,178,651,sess_3518,purchase,2025-08-08 15:27:22.183414,True
8727,3,988,sess_3518,add_to_cart,2026-01-19 12:21:47.226324,True
626,1093,414,sess_3518,purchase,2026-04-16 19:49:00.181409,True
7695,260,617,sess_3518,add_to_cart,2026-05-06 23:28:22.222317,True
14264,1,841,sess_3519,view,2025-12-11 01:56:57.249957,True
8934,612,335,sess_3519,add_to_cart,2026-02-19 22:19:18.226324,True
13108,411,928,sess_3520,add_to_cart,2025-10-18 13:46:25.243940,True
11856,370,696,sess_3521,purchase,2025-08-27 08:32:07.238931,True
12347,943,209,sess_3521,purchase,2025-09-28 12:29:38.240934,True
9295,138,300,sess_3521,purchase,2026-04-25 12:33:30.228610,True
13947,390,462,sess_3522,add_to_cart,2025-06-24 21:48:21.247953,True
3298,1076,984,sess_3522,add_to_cart,2025-11-09 16:04:10.186925,True
7946,407,54,sess_3522,add_to_cart,2025-11-30 20:19:39.222317,True
5906,893,1040,sess_3523,view,2026-04-17 16:14:08.214026,True
4716,132,798,sess_3523,add_to_cart,2026-04-30 15:00:46.207677,True
743,658,270,sess_3524,purchase,2025-09-08 01:34:59.181409,True
1102,240,304,sess_3524,add_to_cart,2026-01-17 04:05:47.183414,True
6054,928,388,sess_3524,view,2026-03-11 16:52:48.214026,True
9935,994,362,sess_3525,add_to_cart,2026-02-08 13:39:15.228610,True
7147,451,358,sess_3526,purchase,2025-11-16 13:03:21.218542,True
1021,354,455,sess_3526,view,2026-01-16 04:58:12.183414,True
13419,1050,639,sess_3528,purchase,2025-11-22 05:17:05.245946,True
11027,53,339,sess_3528,view,2026-02-14 06:02:01.235934,True
6703,707,862,sess_3529,purchase,2025-08-02 17:51:19.216529,True
3170,275,831,sess_3529,add_to_cart,2025-10-12 17:35:17.186925,True
13902,940,149,sess_3529,view,2025-11-05 05:42:17.247953,True
12415,600,397,sess_3529,add_to_cart,2025-11-05 21:50:27.240934,True
6563,348,609,sess_3529,purchase,2025-11-27 16:55:22.216529,True
5672,930,809,sess_3530,purchase,2025-08-09 20:26:18.212022,True
9434,320,312,sess_3530,add_to_cart,2025-10-18 01:17:57.228610,True
6002,82,85,sess_3530,view,2026-03-20 22:16:45.214026,True
11173,593,164,sess_3531,add_to_cart,2026-04-07 17:41:27.235934,True
1114,618,802,sess_3532,view,2025-07-10 13:12:00.183414,True
12906,1083,645,sess_3532,add_to_cart,2026-02-18 10:06:23.243940,True
6094,337,1064,sess_3532,view,2026-04-13 00:57:39.214026,True
6339,984,360,sess_3533,add_to_cart,2025-08-24 09:26:05.214026,True
10162,1003,667,sess_3535,purchase,2025-08-23 19:54:44.228610,True
6694,339,778,sess_3535,purchase,2025-12-01 17:02:17.216529,True
13277,412,577,sess_3535,view,2025-12-11 06:01:23.245946,True
3720,440,1063,sess_3536,purchase,2025-07-03 17:56:02.195433,True
10442,635,397,sess_3536,add_to_cart,2025-08-31 12:36:20.228610,True
11839,663,1078,sess_3536,add_to_cart,2025-09-18 05:55:44.238931,True
8317,317,473,sess_3536,add_to_cart,2026-01-03 21:29:34.224321,True
14661,558,469,sess_3537,purchase,2025-07-07 04:04:27.251960,True
10121,66,103,sess_3537,purchase,2025-08-30 21:29:50.228610,True
13206,543,931,sess_3537,add_to_cart,2025-09-18 07:09:57.245946,True
8417,215,529,sess_3537,add_to_cart,2025-09-27 00:30:52.224321,True
3931,635,686,sess_3538,view,2025-07-23 18:25:37.197951,True
1224,187,1010,sess_3538,add_to_cart,2025-12-06 11:15:15.183414,True
3183,479,262,sess_3538,view,2026-04-07 16:13:57.186925,True
1883,33,1090,sess_3539,add_to_cart,2025-08-04 13:46:20.186925,True
5000,150,238,sess_3539,view,2025-12-06 12:47:51.209185,True
7079,796,894,sess_3539,view,2026-02-26 10:02:32.218542,True
1156,19,909,sess_354,add_to_cart,2025-09-19 00:41:01.183414,True
6364,87,416,sess_354,add_to_cart,2025-10-31 00:54:38.214026,True
14675,901,216,sess_354,purchase,2025-11-01 12:14:01.251960,True
5812,336,684,sess_3540,purchase,2025-06-12 08:37:20.212022,True
9089,114,84,sess_3540,add_to_cart,2025-07-04 19:07:02.227826,True
5197,78,198,sess_3541,purchase,2026-01-26 06:29:20.209185,True
2145,158,873,sess_3541,purchase,2026-05-09 16:27:12.186925,True
12265,306,651,sess_3541,purchase,2026-05-21 23:14:08.240934,True
8530,759,306,sess_3542,add_to_cart,2025-06-11 12:27:28.224321,True
13892,980,1024,sess_3543,view,2025-06-26 23:43:43.247953,True
1627,298,761,sess_3543,purchase,2025-10-21 18:49:52.185418,True
5855,230,664,sess_3543,add_to_cart,2026-01-14 03:02:02.214026,True
5406,723,165,sess_3543,view,2026-03-11 13:46:39.212022,True
7819,611,693,sess_3544,purchase,2025-11-05 12:05:05.222317,True
5876,219,76,sess_3544,view,2025-11-07 14:57:10.214026,True
7730,197,161,sess_3544,view,2026-02-06 12:45:54.222317,True
5792,181,742,sess_3545,add_to_cart,2026-03-29 12:27:37.212022,True
9053,443,656,sess_3546,view,2025-07-08 18:40:32.227826,True
9404,536,334,sess_3546,add_to_cart,2026-05-28 14:14:53.228610,True
1756,770,995,sess_3547,purchase,2025-06-22 18:22:20.186925,True
2917,252,977,sess_3547,add_to_cart,2025-06-28 15:10:59.186925,True
3944,176,502,sess_3548,add_to_cart,2025-11-05 05:14:17.197951,True
7206,791,361,sess_3549,view,2025-07-16 10:26:48.219548,True
476,964,324,sess_3549,purchase,2025-11-12 06:04:52.181409,True
13908,101,344,sess_355,purchase,2026-05-21 14:05:18.247953,True
7344,912,762,sess_3550,purchase,2025-08-12 05:37:23.219548,True
5020,559,728,sess_3550,view,2025-12-28 20:20:31.209185,True
10097,395,811,sess_3550,purchase,2026-02-24 06:14:16.228610,True
1162,138,620,sess_3552,add_to_cart,2025-06-24 01:40:24.183414,True
6804,206,615,sess_3552,purchase,2025-09-23 03:14:42.216529,True
8052,797,160,sess_3552,add_to_cart,2025-10-04 07:04:54.222317,True
487,287,161,sess_3552,add_to_cart,2026-06-05 22:18:09.181409,True
10924,703,81,sess_3553,add_to_cart,2025-07-12 20:47:35.228610,True
11868,319,125,sess_3553,view,2025-08-09 08:24:10.238931,True
13588,111,729,sess_3553,purchase,2026-01-22 08:47:34.247953,True
11895,147,277,sess_3554,purchase,2026-03-22 10:55:13.238931,True
14834,280,73,sess_3554,purchase,2026-06-11 09:08:54.251960,True
473,663,730,sess_3556,purchase,2026-01-09 08:53:46.181409,True
7815,609,148,sess_3557,add_to_cart,2025-12-24 07:51:44.222317,True
13526,40,836,sess_3557,add_to_cart,2026-01-19 22:16:42.245946,True
6553,672,602,sess_3558,purchase,2025-10-05 04:18:56.216529,True
8350,287,220,sess_3558,purchase,2025-11-24 14:47:15.224321,True
719,712,859,sess_3558,add_to_cart,2025-11-30 05:19:19.181409,True
14019,808,962,sess_3559,purchase,2025-07-11 18:09:32.247953,True
6465,702,966,sess_3559,purchase,2025-07-29 00:03:43.214026,True
13867,293,843,sess_3559,purchase,2025-07-31 10:25:09.247953,True
7755,929,257,sess_3559,view,2026-01-17 11:50:36.222317,True
9571,4,876,sess_3559,purchase,2026-05-02 19:14:48.228610,True
7405,609,576,sess_356,view,2025-08-31 10:26:03.219548,True
8526,579,796,sess_356,purchase,2026-01-15 11:50:02.224321,True
5206,1055,407,sess_3560,view,2025-07-08 18:08:10.209185,True
2344,340,777,sess_3561,view,2025-10-12 17:00:25.186925,True
11343,142,406,sess_3561,view,2026-02-04 10:29:20.237113,True
8885,918,298,sess_3562,purchase,2025-07-18 12:22:31.226324,True
12109,496,674,sess_3562,purchase,2025-09-23 07:16:02.238931,True
2308,465,410,sess_3562,view,2026-02-23 11:45:32.186925,True
14649,104,604,sess_3563,purchase,2025-12-23 05:38:04.251960,True
11251,759,212,sess_3566,purchase,2025-10-25 05:13:47.237113,True
7375,657,476,sess_3566,purchase,2025-11-11 00:35:29.219548,True
3043,1038,612,sess_3566,add_to_cart,2025-12-27 03:55:41.186925,True
4969,1084,1062,sess_3568,view,2025-11-03 15:52:38.209185,True
3090,1038,702,sess_3568,view,2025-12-24 17:16:14.186925,True
11414,957,108,sess_357,purchase,2025-10-24 02:36:05.237113,True
10329,136,235,sess_357,purchase,2026-01-25 05:53:11.228610,True
169,377,732,sess_3570,view,2025-07-26 20:19:34.178635,True
8187,733,155,sess_3570,purchase,2025-10-05 07:56:17.224321,True
12934,514,129,sess_3570,add_to_cart,2026-05-26 03:40:07.243940,True
5473,831,102,sess_3572,add_to_cart,2025-07-16 03:33:08.212022,True
5736,805,400,sess_3572,view,2025-08-20 05:33:09.212022,True
5351,739,406,sess_3573,purchase,2025-06-30 04:54:32.212022,True
13566,1020,504,sess_3574,add_to_cart,2025-06-11 14:22:53.247953,True
1330,1048,499,sess_3574,view,2025-07-28 13:26:50.183414,True
14489,876,1067,sess_3574,view,2025-08-21 23:20:46.249957,True
13959,1033,976,sess_3574,view,2026-01-08 14:08:36.247953,True
2710,208,700,sess_3576,view,2026-02-01 05:30:44.186925,True
12285,523,745,sess_3577,add_to_cart,2026-03-17 18:09:02.240934,True
7081,984,720,sess_3578,add_to_cart,2025-06-17 19:27:52.218542,True
6483,866,963,sess_3578,purchase,2025-11-07 12:35:31.216529,True
8997,154,980,sess_3578,view,2026-01-23 01:19:44.226324,True
7787,121,865,sess_3578,view,2026-01-30 23:19:28.222317,True
8017,13,193,sess_3579,purchase,2025-10-13 11:02:13.222317,True
3337,163,688,sess_358,view,2025-06-14 20:01:35.186925,True
9885,891,496,sess_358,view,2026-03-06 00:37:56.228610,True
10948,157,229,sess_358,view,2026-03-31 18:14:01.228610,True
3311,155,136,sess_3580,add_to_cart,2025-11-30 10:58:18.186925,True
9678,395,1053,sess_3580,purchase,2026-01-12 15:02:03.228610,True
2306,488,488,sess_3580,add_to_cart,2026-01-16 14:36:34.186925,True
3661,244,157,sess_3581,view,2026-03-29 14:31:33.186925,True
10125,438,666,sess_3581,add_to_cart,2026-05-26 09:26:02.228610,True
9067,691,215,sess_3582,add_to_cart,2025-10-09 16:48:48.227826,True
11946,707,2,sess_3582,view,2026-04-13 13:04:47.238931,True
6641,709,467,sess_3583,add_to_cart,2025-07-27 02:07:01.216529,True
260,200,60,sess_3583,view,2025-10-01 17:05:35.178635,True
8428,607,702,sess_3583,add_to_cart,2025-10-13 07:23:24.224321,True
482,869,889,sess_3583,view,2025-12-25 04:07:52.181409,True
5241,118,123,sess_3583,view,2026-01-19 22:14:02.211204,True
744,545,728,sess_3584,purchase,2025-06-17 05:41:39.181409,True
9482,1059,1081,sess_3584,purchase,2025-08-18 00:35:04.228610,True
5998,638,243,sess_3585,add_to_cart,2025-08-01 04:21:54.214026,True
3652,701,11,sess_3586,purchase,2025-09-16 11:25:21.186925,True
7300,625,413,sess_3586,purchase,2025-11-04 09:30:59.219548,True
3988,1049,253,sess_3586,add_to_cart,2026-02-13 21:16:30.197951,True
1608,494,1067,sess_3586,view,2026-04-21 17:59:17.185418,True
2693,192,689,sess_3587,add_to_cart,2026-05-07 09:48:49.186925,True
11982,373,879,sess_3588,add_to_cart,2025-10-04 08:44:15.238931,True
5609,925,330,sess_3588,purchase,2026-04-11 17:04:27.212022,True
1710,202,262,sess_3588,purchase,2026-05-18 14:35:11.186925,True
2017,734,139,sess_3589,view,2025-08-20 07:07:47.186925,True
1106,354,676,sess_359,add_to_cart,2025-07-24 09:18:36.183414,True
5393,944,362,sess_359,view,2025-08-17 16:36:38.212022,True
7945,644,592,sess_359,view,2025-10-18 02:42:04.222317,True
763,989,901,sess_359,purchase,2026-04-23 02:07:39.181409,True
9859,994,908,sess_359,add_to_cart,2026-05-18 18:37:22.228610,True
6532,559,738,sess_3591,add_to_cart,2025-09-26 00:21:30.216529,True
1846,12,951,sess_3591,add_to_cart,2026-01-24 19:41:48.186925,True
4771,1078,142,sess_3591,add_to_cart,2026-03-30 08:58:11.209185,True
11287,348,87,sess_3591,view,2026-04-13 11:00:03.237113,True
4500,480,814,sess_3591,purchase,2026-05-09 23:34:11.203543,True
2894,997,406,sess_3592,add_to_cart,2025-07-03 03:37:42.186925,True
9250,363,339,sess_3592,add_to_cart,2025-07-22 18:55:48.228610,True
14636,1061,700,sess_3593,add_to_cart,2025-07-07 22:25:28.251960,True
2299,1060,728,sess_3593,purchase,2025-09-02 02:18:11.186925,True
7814,520,785,sess_3593,view,2025-09-21 18:13:59.222317,True
14073,138,241,sess_3593,purchase,2026-06-01 06:04:42.249957,True
13560,205,901,sess_3594,add_to_cart,2025-12-05 20:58:59.247953,True
6609,527,712,sess_3594,add_to_cart,2025-12-21 03:40:30.216529,True
8514,6,845,sess_3594,purchase,2026-02-15 20:02:22.224321,True
9705,900,864,sess_3594,view,2026-03-08 08:30:32.228610,True
6489,643,989,sess_3594,view,2026-03-25 17:43:55.216529,True
6147,163,253,sess_3595,purchase,2025-06-18 15:34:22.214026,True
12005,545,708,sess_3595,add_to_cart,2025-12-05 19:04:28.238931,True
11219,546,83,sess_3595,view,2026-01-31 11:52:03.237113,True
12300,622,1100,sess_3595,add_to_cart,2026-04-30 21:56:27.240934,True
5525,198,178,sess_3596,view,2025-07-03 14:15:02.212022,True
8184,11,853,sess_3596,view,2026-04-06 00:17:36.224321,True
11470,909,721,sess_3596,add_to_cart,2026-04-11 19:18:52.237113,True
9639,551,781,sess_3596,purchase,2026-06-08 15:42:30.228610,True
13166,658,56,sess_3597,purchase,2025-06-28 10:42:56.245946,True
3211,235,169,sess_3597,purchase,2026-02-16 03:46:08.186925,True
3179,248,847,sess_3597,add_to_cart,2026-04-20 15:13:36.186925,True
7999,642,996,sess_3598,add_to_cart,2025-07-18 05:34:43.222317,True
14709,619,867,sess_3598,view,2025-10-25 01:56:57.251960,True
10865,427,385,sess_3598,view,2026-01-06 00:03:20.228610,True
2779,385,987,sess_3598,add_to_cart,2026-05-29 11:13:54.186925,True
1862,299,63,sess_3599,view,2025-07-12 15:56:51.186925,True
13435,591,260,sess_36,purchase,2025-06-14 09:31:41.245946,True
13396,1070,849,sess_36,add_to_cart,2025-09-01 17:51:13.245946,True
11104,878,83,sess_36,purchase,2026-03-02 00:53:38.235934,True
5348,612,703,sess_360,add_to_cart,2025-09-17 04:04:43.212022,True
4483,794,1065,sess_360,add_to_cart,2025-10-25 10:18:37.203543,True
14584,584,272,sess_360,purchase,2025-12-07 16:07:47.251960,True
3208,342,6,sess_3600,purchase,2025-07-09 10:58:17.186925,True
14595,721,203,sess_3600,add_to_cart,2025-09-11 23:00:37.251960,True
2674,152,349,sess_3600,purchase,2025-09-28 08:16:43.186925,True
12193,1012,981,sess_3600,add_to_cart,2026-04-30 05:24:29.240934,True
3779,1019,905,sess_3600,purchase,2026-05-09 17:53:29.195433,True
13929,414,503,sess_3600,view,2026-05-17 20:11:21.247953,True
12434,299,348,sess_3600,purchase,2026-06-08 15:37:55.240934,True
3394,327,225,sess_3601,purchase,2025-08-16 17:03:03.186925,True
9200,746,126,sess_3602,purchase,2025-09-14 16:50:38.228610,True
4113,281,823,sess_3602,purchase,2025-12-04 13:59:47.199974,True
2365,464,252,sess_3603,view,2025-08-11 07:10:50.186925,True
1438,809,51,sess_3604,add_to_cart,2026-03-06 19:35:13.183414,True
171,732,1025,sess_3605,purchase,2025-08-14 04:36:09.178635,True
8833,878,787,sess_3605,purchase,2025-10-01 08:17:41.226324,True
1924,1083,879,sess_3606,view,2026-01-04 16:48:25.186925,True
11439,325,319,sess_3607,purchase,2025-07-06 15:37:11.237113,True
4890,250,1001,sess_3607,view,2025-07-20 14:20:52.209185,True
13699,803,412,sess_3607,view,2025-09-02 05:47:13.247953,True
13009,10,739,sess_3607,add_to_cart,2025-09-22 11:53:45.243940,True
2931,255,1088,sess_3608,add_to_cart,2026-03-05 14:14:27.186925,True
14856,194,324,sess_3608,add_to_cart,2026-03-19 04:26:03.251960,True
1669,71,812,sess_3608,add_to_cart,2026-06-08 15:30:04.185418,True
2208,391,120,sess_3609,add_to_cart,2025-12-31 16:11:18.186925,True
13459,249,438,sess_3609,add_to_cart,2026-03-01 16:30:55.245946,True
5511,285,289,sess_361,view,2026-04-08 18:22:54.212022,True
8349,523,978,sess_3610,view,2026-04-16 10:43:56.224321,True
14507,67,567,sess_3611,view,2025-11-24 03:31:34.249957,True
13113,649,630,sess_3612,purchase,2026-03-17 16:30:34.243940,True
13688,122,108,sess_3613,purchase,2026-05-06 13:53:40.247953,True
14582,106,937,sess_3614,purchase,2025-08-22 23:28:50.251960,True
12400,106,887,sess_3614,purchase,2026-01-24 15:59:23.240934,True
13320,872,612,sess_3615,view,2025-11-17 14:30:33.245946,True
2698,759,202,sess_3616,add_to_cart,2025-06-20 02:24:16.186925,True
454,445,786,sess_3616,purchase,2025-10-05 08:10:35.181409,True
1315,353,567,sess_3617,add_to_cart,2025-12-03 23:40:53.183414,True
312,482,224,sess_3617,add_to_cart,2025-12-20 21:41:42.178635,True
4731,618,1078,sess_3617,add_to_cart,2026-04-04 00:00:33.207677,True
6057,615,173,sess_3618,view,2025-09-18 00:41:05.214026,True
6501,1064,426,sess_3618,view,2025-10-27 09:25:59.216529,True
12607,1050,1071,sess_3619,view,2026-01-22 02:51:53.240934,True
13818,478,1054,sess_3619,add_to_cart,2026-04-18 06:42:49.247953,True
12917,531,563,sess_3619,view,2026-05-20 04:12:03.243940,True
7785,625,134,sess_3620,view,2025-07-13 16:41:03.222317,True
4958,426,392,sess_3620,view,2025-09-04 17:56:14.209185,True
4673,19,434,sess_3620,purchase,2026-01-26 09:15:12.207677,True
2977,148,926,sess_3620,purchase,2026-02-02 10:25:58.186925,True
14633,759,20,sess_3621,purchase,2026-01-09 14:07:58.251960,True
14850,869,59,sess_3621,view,2026-03-08 14:41:51.251960,True
5717,826,187,sess_3621,view,2026-03-29 22:14:44.212022,True
7238,1013,164,sess_3621,view,2026-05-08 15:05:39.219548,True
13770,754,490,sess_3622,view,2026-01-08 05:00:18.247953,True
4811,841,484,sess_3622,add_to_cart,2026-01-13 08:08:31.209185,True
14321,638,102,sess_3622,add_to_cart,2026-05-04 04:57:04.249957,True
841,573,304,sess_3623,view,2025-10-21 15:14:20.181409,True
5982,1009,983,sess_3624,view,2025-07-03 22:08:46.214026,True
13539,844,1042,sess_3624,purchase,2025-12-28 15:39:22.245946,True
9676,403,979,sess_3625,purchase,2025-12-14 03:07:21.228610,True
9863,670,443,sess_3625,purchase,2026-03-21 02:28:07.228610,True
14588,701,119,sess_3626,view,2026-01-26 14:49:57.251960,True
5112,423,498,sess_3628,purchase,2025-10-12 18:51:28.209185,True
7349,206,241,sess_3629,view,2025-12-17 23:41:12.219548,True
4868,721,454,sess_3629,add_to_cart,2026-04-24 03:48:32.209185,True
3166,191,384,sess_3629,add_to_cart,2026-04-28 19:50:39.186925,True
5249,136,611,sess_363,add_to_cart,2025-07-26 08:07:29.211204,True
6731,464,76,sess_363,view,2025-08-17 12:54:06.216529,True
8595,285,512,sess_363,purchase,2025-09-16 23:01:31.224321,True
11521,1050,487,sess_363,add_to_cart,2025-10-04 02:01:17.237113,True
95,921,784,sess_363,add_to_cart,2025-10-25 11:12:02.178635,True
14170,182,560,sess_3631,purchase,2025-11-23 05:46:56.249957,True
7574,841,993,sess_3631,purchase,2026-05-26 05:40:29.219548,True
4678,775,359,sess_3631,add_to_cart,2026-05-30 13:00:41.207677,True
14284,860,358,sess_3632,add_to_cart,2025-06-30 19:44:20.249957,True
10997,746,1006,sess_3632,purchase,2026-02-11 05:00:13.235934,True
14599,946,912,sess_3633,purchase,2025-12-02 12:32:06.251960,True
12950,501,786,sess_3633,view,2026-03-15 06:30:00.243940,True
2346,159,144,sess_3635,add_to_cart,2025-06-19 23:44:57.186925,True
6974,309,1047,sess_3635,add_to_cart,2025-08-09 19:26:20.216529,True
160,897,833,sess_3635,purchase,2025-12-06 09:03:20.178635,True
3139,470,29,sess_3635,purchase,2026-04-07 06:06:35.186925,True
8581,257,973,sess_3635,purchase,2026-05-04 22:14:54.224321,True
4511,660,806,sess_3635,purchase,2026-05-06 12:44:51.203543,True
12979,603,220,sess_3636,view,2026-02-23 00:31:26.243940,True
2092,1045,557,sess_3637,purchase,2026-02-08 15:08:09.186925,True
7159,515,635,sess_3638,view,2025-10-05 09:06:39.218542,True
4142,481,254,sess_3638,purchase,2025-10-13 04:55:19.199974,True
7696,490,909,sess_3638,purchase,2025-11-11 05:13:20.222317,True
289,940,240,sess_3639,view,2026-04-22 19:05:44.178635,True
9661,685,959,sess_364,purchase,2025-09-08 13:25:25.228610,True
14759,189,329,sess_364,purchase,2025-10-18 09:22:44.251960,True
5284,65,580,sess_3640,view,2026-01-08 01:35:01.211509,True
7685,1043,694,sess_3640,add_to_cart,2026-05-16 22:23:08.222317,True
899,305,491,sess_3641,purchase,2025-09-21 22:16:07.181409,True
1774,127,738,sess_3641,purchase,2025-12-21 07:48:41.186925,True
11994,515,86,sess_3642,add_to_cart,2026-01-26 04:14:10.238931,True
9624,1006,233,sess_3642,view,2026-03-04 12:22:10.228610,True
11307,984,242,sess_3643,purchase,2026-05-12 16:43:23.237113,True
3728,558,966,sess_3644,add_to_cart,2025-12-02 07:52:45.195433,True
13886,218,124,sess_3645,add_to_cart,2025-09-25 05:21:25.247953,True
4941,854,297,sess_3645,purchase,2025-12-15 18:23:47.209185,True
13754,326,82,sess_3645,add_to_cart,2026-03-23 13:37:14.247953,True
7639,314,107,sess_3646,add_to_cart,2025-11-01 01:27:28.222317,True
11964,349,571,sess_3647,view,2025-09-01 12:14:08.238931,True
13174,108,570,sess_3648,view,2025-08-06 12:44:40.245946,True
1531,426,555,sess_3648,add_to_cart,2025-08-25 11:58:40.185418,True
13864,182,383,sess_3648,add_to_cart,2026-02-12 00:51:11.247953,True
10696,990,882,sess_3648,add_to_cart,2026-02-15 05:17:56.228610,True
13974,484,51,sess_3648,view,2026-05-10 22:46:14.247953,True
5769,594,274,sess_3648,add_to_cart,2026-05-22 01:06:24.212022,True
6785,744,112,sess_365,add_to_cart,2026-03-27 21:26:37.216529,True
10750,1088,80,sess_3651,view,2026-03-09 05:17:35.228610,True
6040,50,877,sess_3652,view,2025-08-09 05:08:33.214026,True
9246,439,895,sess_3652,add_to_cart,2025-10-30 05:04:02.228610,True
9793,847,1056,sess_3653,view,2025-07-23 08:02:14.228610,True
14342,480,1088,sess_3653,purchase,2025-09-06 17:47:53.249957,True
5962,1061,768,sess_3653,view,2025-11-22 14:50:52.214026,True
74,557,498,sess_3653,view,2025-12-17 07:51:27.178635,True
8856,347,126,sess_3653,view,2026-01-12 21:33:03.226324,True
1271,288,830,sess_3653,purchase,2026-02-11 00:51:45.183414,True
12149,526,508,sess_3655,view,2025-12-02 06:41:14.240934,True
12030,689,188,sess_3655,view,2025-12-11 10:57:06.238931,True
2204,841,920,sess_3656,add_to_cart,2026-05-05 00:36:54.186925,True
11672,154,219,sess_3656,purchase,2026-05-12 21:01:10.238931,True
9552,100,263,sess_3657,purchase,2025-11-11 04:26:00.228610,True
12840,875,772,sess_3657,purchase,2026-01-03 04:50:19.242937,True
722,264,377,sess_3658,view,2025-07-05 04:42:27.181409,True
734,474,776,sess_3658,add_to_cart,2026-03-12 05:28:10.181409,True
1690,43,637,sess_3660,view,2025-07-18 14:31:30.185418,True
11770,855,474,sess_3660,view,2025-07-24 14:54:35.238931,True
12824,948,397,sess_3660,add_to_cart,2025-08-29 23:12:57.242937,True
9285,452,367,sess_3661,view,2025-07-05 00:15:04.228610,True
5170,612,875,sess_3661,add_to_cart,2025-08-12 19:43:33.209185,True
5526,1074,382,sess_3662,view,2025-10-21 23:39:56.212022,True
9643,617,751,sess_3662,purchase,2026-04-03 03:46:18.228610,True
11645,639,143,sess_3664,add_to_cart,2026-02-26 03:22:29.238931,True
12276,532,993,sess_3665,add_to_cart,2025-10-31 05:26:04.240934,True
3914,154,169,sess_3666,purchase,2025-07-13 14:23:26.197951,True
11170,48,1055,sess_3666,add_to_cart,2026-02-05 21:31:43.235934,True
2733,374,602,sess_3667,purchase,2025-09-03 20:43:56.186925,True
5160,572,487,sess_3667,add_to_cart,2025-10-23 05:39:22.209185,True
5922,772,354,sess_3668,purchase,2025-07-12 04:13:14.214026,True
5167,778,624,sess_3668,view,2026-04-08 23:27:42.209185,True
219,583,651,sess_3669,view,2026-03-19 19:49:50.178635,True
11606,842,653,sess_3669,view,2026-04-14 14:36:58.238931,True
8797,3,808,sess_367,view,2025-10-25 04:26:01.226324,True
8179,23,946,sess_367,purchase,2026-04-01 15:13:01.224321,True
9912,870,518,sess_3670,purchase,2026-05-05 18:04:13.228610,True
5431,990,523,sess_3672,add_to_cart,2025-08-13 03:04:53.212022,True
12596,901,423,sess_3673,purchase,2026-03-18 12:04:19.240934,True
11319,751,724,sess_3673,add_to_cart,2026-03-24 05:34:54.237113,True
9231,837,877,sess_3673,view,2026-05-23 07:18:18.228610,True
8149,425,619,sess_3674,add_to_cart,2026-02-24 03:49:04.224321,True
9370,884,314,sess_3676,add_to_cart,2025-07-28 15:49:36.228610,True
351,54,10,sess_3676,view,2025-08-28 05:57:02.178635,True
9899,1072,653,sess_3676,add_to_cart,2026-04-20 17:29:06.228610,True
1463,1002,154,sess_3677,add_to_cart,2025-09-08 02:35:53.185418,True
9450,395,608,sess_3677,add_to_cart,2026-02-13 16:57:49.228610,True
8552,66,928,sess_3678,view,2025-08-10 01:11:08.224321,True
13762,121,518,sess_3678,purchase,2026-03-05 19:48:50.247953,True
13613,567,355,sess_3679,add_to_cart,2025-11-28 04:41:44.247953,True
13436,526,564,sess_368,add_to_cart,2025-06-20 01:09:15.245946,True
5663,101,1018,sess_368,add_to_cart,2025-06-30 18:27:28.212022,True
5395,863,745,sess_368,purchase,2025-07-31 11:26:23.212022,True
3913,751,423,sess_368,view,2026-01-31 22:38:50.197951,True
13913,187,213,sess_3680,purchase,2025-08-10 06:49:07.247953,True
13334,526,986,sess_3680,add_to_cart,2026-04-22 23:35:39.245946,True
5444,147,303,sess_3681,view,2025-06-16 20:41:41.212022,True
11534,926,854,sess_3681,purchase,2025-11-20 13:31:16.237113,True
7871,588,139,sess_3681,add_to_cart,2025-12-26 07:06:31.222317,True
8657,543,742,sess_3681,view,2026-05-06 16:08:29.226324,True
10799,504,299,sess_3683,add_to_cart,2026-03-01 05:20:39.228610,True
404,1043,783,sess_3684,purchase,2025-09-05 22:54:08.178635,True
8398,373,133,sess_3684,purchase,2025-09-25 14:28:57.224321,True
2766,76,667,sess_3685,add_to_cart,2026-01-06 23:54:06.186925,True
2492,901,380,sess_3685,purchase,2026-05-07 20:21:17.186925,True
14168,819,834,sess_3686,purchase,2025-09-24 11:30:39.249957,True
3063,142,597,sess_3687,add_to_cart,2025-11-08 03:16:37.186925,True
5564,86,360,sess_3688,add_to_cart,2025-12-01 14:51:54.212022,True
8274,147,1057,sess_3688,add_to_cart,2026-03-05 17:44:30.224321,True
2903,614,58,sess_3689,view,2025-08-25 18:41:43.186925,True
5430,436,163,sess_3689,purchase,2025-10-11 03:45:31.212022,True
6446,971,551,sess_3689,purchase,2025-10-26 23:05:58.214026,True
1720,173,373,sess_3689,add_to_cart,2025-12-16 13:50:02.186925,True
9501,64,701,sess_369,purchase,2025-10-22 08:50:03.228610,True
14867,239,1039,sess_3690,add_to_cart,2025-12-12 19:06:54.253968,True
10181,849,662,sess_3690,add_to_cart,2026-04-07 06:30:05.228610,True
9695,500,283,sess_3692,add_to_cart,2026-04-24 12:17:58.228610,True
6797,1048,912,sess_3692,add_to_cart,2026-04-29 08:27:47.216529,True
11232,102,1034,sess_3693,purchase,2026-04-20 00:06:24.237113,True
13965,831,1073,sess_3695,add_to_cart,2025-09-07 22:35:01.247953,True
9091,48,925,sess_3696,purchase,2025-12-09 09:10:47.227826,True
7493,261,731,sess_3696,add_to_cart,2026-04-23 09:12:53.219548,True
1506,1059,861,sess_3696,purchase,2026-05-12 12:29:14.185418,True
11151,1001,754,sess_3697,purchase,2025-10-06 08:56:23.235934,True
13550,418,682,sess_3697,purchase,2025-11-06 08:27:18.245946,True
8221,570,676,sess_3697,view,2026-05-11 22:47:38.224321,True
2971,166,219,sess_3698,add_to_cart,2026-02-03 01:55:49.186925,True
9878,619,583,sess_3699,view,2025-08-26 03:00:06.228610,True
6214,83,1028,sess_3699,purchase,2025-12-17 09:27:10.214026,True
8323,999,562,sess_3699,purchase,2026-05-28 20:25:47.224321,True
14011,539,253,sess_37,purchase,2025-12-13 00:05:49.247953,True
465,815,594,sess_37,view,2026-05-16 18:56:34.181409,True
1804,88,90,sess_370,add_to_cart,2025-07-10 12:58:26.186925,True
9026,948,39,sess_370,view,2025-09-05 15:33:43.227826,True
7917,252,194,sess_3700,purchase,2026-03-27 17:43:52.222317,True
7502,15,118,sess_3701,view,2025-09-02 10:08:45.219548,True
13880,246,931,sess_3702,add_to_cart,2025-11-06 02:19:17.247953,True
13363,260,43,sess_3702,view,2026-01-26 19:06:23.245946,True
12141,634,924,sess_3702,view,2026-04-14 17:58:37.240934,True
4012,785,104,sess_3703,add_to_cart,2025-12-03 01:14:38.197951,True
2481,721,737,sess_3703,add_to_cart,2025-12-09 10:02:43.186925,True
8632,810,460,sess_3703,purchase,2025-12-30 19:23:19.226324,True
8148,20,314,sess_3705,add_to_cart,2025-07-06 09:35:04.224321,True
5838,60,260,sess_3706,purchase,2025-11-04 23:36:47.212022,True
10254,536,1052,sess_3708,view,2025-06-19 20:22:34.228610,True
14380,360,303,sess_3708,view,2025-06-23 01:36:03.249957,True
8170,923,7,sess_3708,purchase,2025-06-30 19:29:31.224321,True
4671,987,837,sess_3708,add_to_cart,2026-06-08 04:00:51.207677,True
6947,434,1072,sess_3709,add_to_cart,2025-11-26 10:12:51.216529,True
7638,89,515,sess_3709,add_to_cart,2026-02-08 23:08:36.222317,True
2272,1026,974,sess_3709,view,2026-05-29 03:21:07.186925,True
6442,757,988,sess_371,view,2025-08-28 19:51:10.214026,True
6333,475,375,sess_3710,add_to_cart,2026-05-22 08:40:40.214026,True
3178,663,35,sess_3711,view,2025-11-01 21:56:36.186925,True
6690,702,966,sess_3711,add_to_cart,2026-05-07 05:02:37.216529,True
10511,106,341,sess_3712,purchase,2026-02-19 04:21:21.228610,True
8448,1014,257,sess_3712,add_to_cart,2026-04-22 04:39:49.224321,True
9199,902,243,sess_3714,add_to_cart,2025-09-16 01:45:01.228610,True
1109,233,829,sess_3714,purchase,2026-06-06 15:01:06.183414,True
2466,157,195,sess_3715,add_to_cart,2025-08-17 22:26:46.186925,True
7592,1000,830,sess_3715,add_to_cart,2025-11-07 22:04:58.222317,True
3891,243,103,sess_3715,add_to_cart,2026-04-04 14:54:51.197951,True
1063,831,857,sess_3715,view,2026-04-07 08:36:10.183414,True
2343,178,164,sess_3715,view,2026-05-06 07:45:13.186925,True
14062,445,665,sess_3715,add_to_cart,2026-05-28 20:35:33.249957,True
11464,861,996,sess_3717,view,2025-08-05 20:49:04.237113,True
10368,14,899,sess_3718,add_to_cart,2026-02-05 01:57:32.228610,True
11711,275,149,sess_3718,add_to_cart,2026-03-11 07:26:13.238931,True
10540,719,1021,sess_3719,view,2025-07-20 10:07:25.228610,True
668,485,768,sess_3719,view,2025-12-10 05:29:21.181409,True
10179,398,529,sess_372,purchase,2025-09-15 14:20:19.228610,True
9714,231,649,sess_3720,add_to_cart,2025-06-18 17:21:19.228610,True
7068,477,215,sess_3720,purchase,2025-08-06 05:38:36.218542,True
4880,344,62,sess_3720,view,2025-09-14 17:41:34.209185,True
5883,235,634,sess_3720,purchase,2026-01-18 07:14:46.214026,True
6400,289,310,sess_3720,purchase,2026-01-19 17:55:28.214026,True
4390,1011,969,sess_3720,view,2026-05-23 17:19:58.203543,True
8634,192,544,sess_3721,view,2025-06-17 11:39:11.226324,True
8215,524,678,sess_3721,purchase,2025-09-16 15:04:48.224321,True
9867,877,976,sess_3721,view,2025-11-23 22:33:41.228610,True
12449,675,113,sess_3721,purchase,2026-04-11 20:34:37.240934,True
10961,507,673,sess_3723,add_to_cart,2026-01-07 18:41:52.235934,True
4735,146,328,sess_3724,purchase,2026-03-26 20:00:30.207677,True
13514,885,341,sess_3725,view,2025-12-04 13:03:10.245946,True
302,392,133,sess_3725,view,2026-05-20 08:28:12.178635,True
1787,426,344,sess_3726,purchase,2025-10-03 10:27:13.186925,True
11469,209,792,sess_3727,purchase,2025-07-30 02:59:17.237113,True
1912,65,391,sess_3727,add_to_cart,2026-04-18 05:13:44.186925,True
5950,261,247,sess_3728,purchase,2025-06-13 16:55:47.214026,True
11194,1049,832,sess_3728,view,2025-11-24 03:37:35.237113,True
10603,505,217,sess_3728,view,2026-01-19 18:43:43.228610,True
10953,552,593,sess_3729,purchase,2025-07-08 23:19:35.228610,True
917,502,530,sess_373,view,2025-06-21 15:43:44.181409,True
1090,813,414,sess_373,purchase,2025-10-15 16:33:49.183414,True
9840,102,88,sess_3730,purchase,2025-08-12 10:18:21.228610,True
3227,354,802,sess_3730,add_to_cart,2025-09-03 01:43:53.186925,True
12455,942,559,sess_3731,purchase,2025-08-19 01:18:41.240934,True
6734,481,726,sess_3731,view,2026-03-24 03:17:08.216529,True
3807,686,443,sess_3732,purchase,2025-11-04 02:10:41.195433,True
14530,599,938,sess_3732,add_to_cart,2026-02-14 08:05:01.249957,True
1565,798,912,sess_3735,purchase,2025-08-12 16:28:45.185418,True
1274,318,638,sess_3735,purchase,2025-10-24 12:02:39.183414,True
5383,610,297,sess_3735,purchase,2026-02-23 13:04:27.212022,True
3259,830,634,sess_3736,purchase,2025-07-19 04:09:29.186925,True
5502,374,216,sess_3736,add_to_cart,2025-11-10 22:41:41.212022,True
12274,592,887,sess_3737,add_to_cart,2025-11-19 05:39:16.240934,True
10569,1015,277,sess_3737,view,2026-04-12 01:30:58.228610,True
4420,503,829,sess_3737,view,2026-04-17 01:39:32.203543,True
12554,143,169,sess_3738,purchase,2026-01-27 13:56:17.240934,True
13497,717,718,sess_3738,add_to_cart,2026-03-25 07:53:43.245946,True
12721,418,168,sess_374,add_to_cart,2025-12-14 17:09:40.242937,True
4663,476,907,sess_3740,add_to_cart,2025-11-06 06:27:11.207677,True
9098,751,85,sess_3740,purchase,2025-12-12 12:32:41.228610,True
5996,324,352,sess_3741,purchase,2025-08-28 23:00:58.214026,True
13430,1047,579,sess_3741,purchase,2026-06-01 13:46:33.245946,True
12532,422,347,sess_3742,add_to_cart,2025-09-04 01:12:14.240934,True
824,1011,4,sess_3742,purchase,2026-04-01 16:52:39.181409,True
12171,787,124,sess_3743,purchase,2025-10-17 17:42:34.240934,True
12526,250,207,sess_3743,add_to_cart,2025-12-13 04:17:19.240934,True
12880,101,915,sess_3743,view,2025-12-26 12:41:00.242937,True
8237,941,849,sess_3743,add_to_cart,2025-12-29 06:07:28.224321,True
8533,368,443,sess_3744,view,2025-07-15 20:01:20.224321,True
12194,994,633,sess_3744,add_to_cart,2025-11-03 19:26:34.240934,True
5329,354,407,sess_3744,purchase,2026-01-09 21:07:01.211509,True
1932,329,804,sess_3744,add_to_cart,2026-01-30 11:47:31.186925,True
4803,1085,605,sess_3745,purchase,2025-08-12 23:40:48.209185,True
2374,245,781,sess_3748,add_to_cart,2025-10-20 09:51:05.186925,True
9452,149,53,sess_3748,purchase,2025-11-17 17:49:59.228610,True
9085,1010,531,sess_3749,purchase,2025-08-05 18:10:39.227826,True
11440,283,914,sess_3749,view,2026-05-09 00:30:23.237113,True
14955,532,464,sess_375,view,2025-11-16 13:19:09.253968,True
3116,235,934,sess_375,view,2025-12-03 10:19:55.186925,True
13037,800,876,sess_375,purchase,2026-06-08 21:00:10.243940,True
515,318,181,sess_3750,view,2026-01-16 10:16:38.181409,True
4247,233,570,sess_3751,view,2025-06-17 03:38:11.199974,True
8629,1010,351,sess_3752,add_to_cart,2025-07-01 17:14:25.226324,True
3876,775,544,sess_3752,add_to_cart,2026-02-23 16:19:04.197951,True
7379,376,160,sess_3752,add_to_cart,2026-03-15 21:37:23.219548,True
168,375,966,sess_3753,purchase,2026-04-29 09:34:10.178635,True
5562,453,726,sess_3754,add_to_cart,2025-07-01 23:09:51.212022,True
4972,126,793,sess_3754,add_to_cart,2025-10-07 16:05:30.209185,True
12210,316,912,sess_3755,purchase,2025-09-02 20:20:42.240934,True
8325,200,974,sess_3755,purchase,2025-09-17 16:53:29.224321,True
285,272,77,sess_3755,view,2026-05-18 19:14:43.178635,True
82,876,9,sess_3758,add_to_cart,2025-09-17 09:38:11.178635,True
25,848,127,sess_3758,purchase,2026-05-04 20:12:57.178635,True
170,1066,100,sess_3759,view,2025-07-14 13:48:53.178635,True
13990,193,616,sess_3759,purchase,2026-03-02 13:13:15.247953,True
10031,630,267,sess_3759,add_to_cart,2026-04-12 16:16:08.228610,True
1517,661,137,sess_376,view,2025-08-27 00:06:05.185418,True
14580,556,588,sess_376,add_to_cart,2026-02-27 02:11:00.251960,True
11427,92,583,sess_3760,add_to_cart,2025-12-03 06:19:28.237113,True
13567,908,377,sess_3760,add_to_cart,2026-02-20 23:02:14.247953,True
6695,907,673,sess_3761,view,2025-10-27 23:30:44.216529,True
681,625,1075,sess_3761,view,2026-01-08 06:14:04.181409,True
5425,641,206,sess_3762,view,2026-03-09 11:53:10.212022,True
10871,690,501,sess_3763,view,2026-01-12 16:34:59.228610,True
4584,1083,408,sess_3764,view,2025-06-17 13:20:07.203543,True
8427,657,830,sess_3764,view,2025-10-25 11:19:10.224321,True
14418,1070,517,sess_3764,add_to_cart,2025-12-12 08:00:24.249957,True
3804,856,724,sess_3764,purchase,2026-03-09 10:20:51.195433,True
13288,678,851,sess_3764,purchase,2026-06-02 04:48:19.245946,True
1303,130,890,sess_3765,purchase,2025-10-15 21:38:38.183414,True
6835,154,641,sess_3765,view,2026-03-17 22:34:49.216529,True
13589,1090,588,sess_3766,view,2025-08-30 08:57:49.247953,True
1049,186,882,sess_3766,add_to_cart,2026-02-11 13:04:08.183414,True
4675,926,232,sess_3766,add_to_cart,2026-05-28 11:09:50.207677,True
2316,189,357,sess_3768,purchase,2025-11-18 12:09:46.186925,True
5643,288,44,sess_3769,view,2025-10-25 09:15:46.212022,True
305,279,253,sess_3769,purchase,2025-11-01 05:19:23.178635,True
4786,877,5,sess_3770,add_to_cart,2026-01-05 06:30:42.209185,True
4749,528,187,sess_3771,add_to_cart,2026-01-17 19:03:49.209185,True
1339,936,469,sess_3771,add_to_cart,2026-03-25 20:58:02.183414,True
10721,348,95,sess_3772,purchase,2025-08-27 11:26:55.228610,True
8275,212,772,sess_3773,purchase,2025-06-17 16:00:34.224321,True
3646,247,158,sess_3774,purchase,2025-08-08 08:53:58.186925,True
14573,875,45,sess_3774,view,2026-01-19 12:58:36.249957,True
8509,421,345,sess_3774,purchase,2026-04-19 00:41:44.224321,True
2863,736,809,sess_3775,add_to_cart,2025-12-24 17:17:12.186925,True
9970,751,100,sess_3776,purchase,2026-01-08 05:09:09.228610,True
9789,279,618,sess_3776,purchase,2026-01-24 21:00:21.228610,True
5467,622,1039,sess_3777,add_to_cart,2025-09-19 18:03:32.212022,True
6847,1056,608,sess_3777,purchase,2025-10-19 06:07:27.216529,True
11996,557,431,sess_378,purchase,2025-10-01 00:46:47.238931,True
12654,168,617,sess_378,add_to_cart,2025-12-12 17:08:54.242937,True
12133,1057,793,sess_378,purchase,2025-12-20 18:27:51.240934,True
7955,936,671,sess_3780,view,2025-07-05 16:23:45.222317,True
9865,251,422,sess_3780,add_to_cart,2026-03-21 04:52:52.228610,True
12406,999,261,sess_3781,purchase,2025-07-20 15:12:07.240934,True
8812,402,396,sess_3781,view,2025-12-07 04:56:31.226324,True
12661,866,1059,sess_3781,purchase,2025-12-14 23:48:27.242937,True
880,603,963,sess_3782,purchase,2025-08-31 13:57:18.181409,True
12709,543,759,sess_3782,view,2025-08-31 21:52:03.242937,True
920,222,232,sess_3782,add_to_cart,2025-09-19 10:35:26.181409,True
5072,401,284,sess_3782,add_to_cart,2025-11-20 05:26:31.209185,True
14448,1069,87,sess_3782,add_to_cart,2026-05-08 22:49:41.249957,True
8228,978,27,sess_3783,purchase,2026-03-01 14:40:11.224321,True
1930,209,743,sess_3783,purchase,2026-03-15 00:20:08.186925,True
8941,374,291,sess_3784,purchase,2025-08-25 06:14:32.226324,True
13785,74,300,sess_3785,purchase,2026-01-05 23:29:28.247953,True
6445,128,875,sess_3785,add_to_cart,2026-03-01 22:15:27.214026,True
12201,459,589,sess_3785,purchase,2026-04-28 10:09:44.240934,True
2195,610,679,sess_3786,view,2025-06-11 16:02:58.186925,True
366,805,766,sess_3786,view,2025-10-09 17:50:47.178635,True
9646,804,555,sess_3787,add_to_cart,2025-08-27 07:34:21.228610,True
10425,180,657,sess_3787,add_to_cart,2025-10-30 03:51:44.228610,True
10306,301,715,sess_3787,view,2026-04-13 16:27:18.228610,True
14210,1026,458,sess_3789,purchase,2025-10-26 13:53:19.249957,True
8583,837,71,sess_3789,purchase,2026-04-26 23:06:49.224321,True
11974,717,189,sess_3789,view,2026-05-03 05:27:16.238931,True
11009,773,714,sess_379,add_to_cart,2025-09-02 23:23:43.235934,True
906,1000,36,sess_3790,view,2026-02-16 02:40:16.181409,True
2024,887,860,sess_3791,view,2025-09-30 03:11:04.186925,True
12995,785,659,sess_3792,purchase,2026-01-01 22:48:48.243940,True
12859,728,509,sess_3792,purchase,2026-01-12 16:42:47.242937,True
3234,434,662,sess_3793,purchase,2025-11-16 23:37:43.186925,True
10570,3,634,sess_3794,view,2025-08-11 09:58:52.228610,True
2521,357,925,sess_3794,add_to_cart,2025-09-16 11:09:25.186925,True
11345,1027,942,sess_3795,add_to_cart,2025-08-06 16:24:44.237113,True
13483,489,551,sess_3795,add_to_cart,2026-06-01 07:15:01.245946,True
13180,635,853,sess_3796,purchase,2025-08-05 16:29:59.245946,True
13661,120,27,sess_3796,view,2025-10-07 14:37:03.247953,True
5576,947,130,sess_3796,purchase,2025-11-10 05:38:22.212022,True
4161,941,689,sess_3797,view,2026-03-07 02:47:05.199974,True
8298,951,1019,sess_3797,view,2026-04-23 00:32:01.224321,True
4014,760,60,sess_3797,purchase,2026-06-04 10:26:15.197951,True
8276,69,800,sess_3799,add_to_cart,2025-10-28 19:02:36.224321,True
4287,827,913,sess_3799,view,2026-02-21 13:30:34.202536,True
4687,489,1047,sess_38,add_to_cart,2025-09-02 23:37:14.207677,True
10489,586,318,sess_38,purchase,2026-05-15 06:20:30.228610,True
11166,214,537,sess_380,purchase,2025-12-16 18:09:51.235934,True
13202,101,676,sess_3800,view,2025-12-18 23:28:38.245946,True
6064,851,566,sess_3800,add_to_cart,2026-01-05 19:14:13.214026,True
10702,625,138,sess_3800,purchase,2026-02-14 16:51:29.228610,True
10967,305,614,sess_3800,view,2026-04-14 21:09:17.235934,True
2434,1057,996,sess_3803,add_to_cart,2026-01-12 15:36:26.186925,True
6747,49,1036,sess_3803,purchase,2026-02-23 02:31:35.216529,True
4321,102,24,sess_3803,view,2026-03-22 13:56:06.202536,True
13856,568,9,sess_3804,view,2025-08-07 09:36:54.247953,True
9662,887,873,sess_3804,purchase,2025-09-08 22:30:58.228610,True
8818,747,970,sess_3804,purchase,2025-12-02 04:50:25.226324,True
1300,723,820,sess_3805,add_to_cart,2025-07-23 17:47:49.183414,True
7756,27,889,sess_3805,view,2025-08-18 02:20:54.222317,True
5547,805,405,sess_3806,purchase,2026-04-26 13:21:33.212022,True
12677,543,1057,sess_3807,purchase,2025-09-03 00:43:38.242937,True
10215,1018,571,sess_3807,add_to_cart,2026-01-12 21:47:07.228610,True
10289,857,186,sess_3808,purchase,2026-01-12 20:33:33.228610,True
11904,406,56,sess_3809,purchase,2026-02-18 22:33:09.238931,True
4350,37,505,sess_381,view,2025-09-22 09:17:25.203543,True
9567,239,29,sess_381,view,2025-11-28 07:22:55.228610,True
7949,461,1016,sess_381,view,2025-12-17 04:56:45.222317,True
8965,1029,49,sess_381,view,2026-01-01 23:42:16.226324,True
10293,587,1050,sess_3810,add_to_cart,2026-01-30 23:14:35.228610,True
8639,533,188,sess_3811,add_to_cart,2026-01-15 20:58:03.226324,True
5041,104,32,sess_3811,purchase,2026-02-22 22:53:40.209185,True
8366,872,83,sess_3812,add_to_cart,2025-06-22 00:50:35.224321,True
4039,518,921,sess_3812,view,2026-02-06 05:09:57.197951,True
9713,552,425,sess_3812,view,2026-05-10 21:02:58.228610,True
14761,471,1019,sess_3813,purchase,2025-07-02 10:32:49.251960,True
8718,621,528,sess_3813,add_to_cart,2026-01-12 09:17:28.226324,True
11005,713,714,sess_3813,purchase,2026-02-19 16:50:45.235934,True
14929,962,349,sess_3813,add_to_cart,2026-02-26 03:42:55.253968,True
14918,389,544,sess_3813,purchase,2026-03-05 18:59:06.253968,True
987,329,821,sess_3814,purchase,2025-10-23 15:09:50.183414,True
5666,453,419,sess_3816,view,2025-09-22 17:26:33.212022,True
3138,423,297,sess_3816,purchase,2025-11-07 02:29:42.186925,True
12870,1073,553,sess_3817,view,2026-03-10 04:07:37.242937,True
2861,755,1069,sess_3817,view,2026-04-20 23:21:55.186925,True
12947,168,33,sess_3818,add_to_cart,2025-12-04 00:58:12.243940,True
5517,290,936,sess_3818,add_to_cart,2026-03-13 18:14:06.212022,True
4236,1041,717,sess_382,view,2026-02-12 17:10:02.199974,True
13034,877,1076,sess_382,view,2026-04-05 01:51:16.243940,True
1033,425,491,sess_3820,add_to_cart,2026-01-27 05:53:24.183414,True
13900,373,1074,sess_3820,purchase,2026-02-18 22:04:14.247953,True
1161,659,989,sess_3821,view,2025-09-10 13:01:08.183414,True
3577,231,170,sess_3821,add_to_cart,2025-11-17 20:12:02.186925,True
14377,95,37,sess_3821,purchase,2026-02-01 22:37:07.249957,True
8394,713,161,sess_3821,add_to_cart,2026-03-19 15:47:04.224321,True
14259,112,28,sess_3822,purchase,2025-09-17 19:29:46.249957,True
7322,185,659,sess_3824,add_to_cart,2025-12-28 14:19:16.219548,True
12672,526,314,sess_3824,view,2026-02-09 20:01:30.242937,True
4951,932,131,sess_3824,view,2026-02-11 07:25:57.209185,True
4155,526,440,sess_3826,view,2026-02-02 15:48:14.199974,True
4550,476,775,sess_3827,view,2026-01-18 03:43:56.203543,True
5015,733,598,sess_3827,purchase,2026-04-29 03:59:37.209185,True
7427,542,411,sess_3829,purchase,2025-11-23 10:56:42.219548,True
7436,399,93,sess_3829,add_to_cart,2025-11-24 04:45:51.219548,True
9039,118,341,sess_3829,purchase,2026-04-22 17:05:22.227826,True
2062,521,719,sess_383,add_to_cart,2025-11-11 23:41:59.186925,True
10072,648,862,sess_383,add_to_cart,2026-02-17 22:42:16.228610,True
8576,867,14,sess_3830,view,2025-10-13 13:38:56.224321,True
8821,698,365,sess_3830,add_to_cart,2026-05-22 07:51:45.226324,True
10863,151,903,sess_3830,view,2026-06-10 06:09:46.228610,True
5240,830,90,sess_3832,purchase,2026-06-04 02:41:17.211204,True
2584,1069,201,sess_3833,add_to_cart,2025-10-30 20:25:46.186925,True
5704,417,982,sess_3833,view,2026-05-18 22:42:08.212022,True
2450,46,177,sess_3834,view,2025-10-07 16:53:39.186925,True
2616,408,709,sess_3834,view,2026-01-06 17:59:25.186925,True
9229,112,981,sess_3835,view,2025-07-03 05:03:15.228610,True
11036,824,668,sess_3835,view,2026-06-04 06:39:48.235934,True
6604,534,694,sess_3836,add_to_cart,2025-08-16 00:32:17.216529,True
14502,159,808,sess_3836,view,2026-01-20 23:44:29.249957,True
8916,820,607,sess_3837,view,2025-06-27 15:31:20.226324,True
10943,881,1013,sess_3837,purchase,2025-08-20 02:53:37.228610,True
13077,504,191,sess_3837,view,2025-09-01 11:04:29.243940,True
10513,620,119,sess_3837,view,2025-09-23 12:40:35.228610,True
8159,271,978,sess_3838,purchase,2025-06-21 23:59:43.224321,True
8213,1072,665,sess_3838,purchase,2025-09-22 18:26:02.224321,True
5549,930,473,sess_3838,add_to_cart,2025-09-25 19:26:42.212022,True
229,680,928,sess_3838,purchase,2026-06-06 05:08:01.178635,True
10521,672,508,sess_3839,add_to_cart,2025-07-28 02:25:03.228610,True
10917,793,168,sess_384,purchase,2025-10-11 07:03:16.228610,True
2851,378,308,sess_384,add_to_cart,2025-12-22 15:55:40.186925,True
2656,127,773,sess_384,purchase,2026-02-01 16:35:22.186925,True
708,295,865,sess_384,add_to_cart,2026-02-11 04:44:18.181409,True
3002,502,425,sess_3840,purchase,2025-10-19 09:46:11.186925,True
4262,758,890,sess_3840,view,2025-10-23 03:14:33.199974,True
4373,81,239,sess_3840,add_to_cart,2025-10-26 13:24:13.203543,True
7229,557,986,sess_3840,view,2026-04-21 03:23:16.219548,True
14135,611,846,sess_3842,purchase,2025-06-20 11:14:01.249957,True
11979,521,493,sess_3842,add_to_cart,2025-12-24 04:27:20.238931,True
3543,22,704,sess_3842,purchase,2026-03-01 22:30:20.186925,True
11635,1076,115,sess_3844,view,2025-06-26 04:09:05.238931,True
4368,265,522,sess_3844,view,2025-07-04 08:40:31.203543,True
8127,455,270,sess_3844,view,2026-01-21 01:57:32.224321,True
11762,323,724,sess_3845,view,2025-07-05 17:34:51.238931,True
1921,1090,186,sess_3845,add_to_cart,2025-11-04 05:11:25.186925,True
14511,258,774,sess_3845,add_to_cart,2025-11-15 01:04:23.249957,True
10779,1065,933,sess_3845,purchase,2025-12-05 06:22:56.228610,True
14500,709,583,sess_3845,view,2026-05-19 23:18:05.249957,True
14994,74,18,sess_3845,purchase,2026-05-23 14:56:53.254569,True
10968,866,1043,sess_3846,purchase,2025-11-07 09:41:58.235934,True
6663,628,530,sess_3847,view,2025-09-06 11:43:11.216529,True
9845,126,1010,sess_3847,add_to_cart,2025-10-15 08:55:46.228610,True
10015,131,201,sess_3847,add_to_cart,2026-01-01 05:40:38.228610,True
1681,893,673,sess_3848,view,2025-11-10 18:53:08.185418,True
11926,303,881,sess_3848,purchase,2025-12-11 18:15:21.238931,True
10813,923,52,sess_3848,purchase,2026-01-06 07:04:07.228610,True
14003,534,670,sess_3849,view,2025-07-17 12:02:48.247953,True
359,371,258,sess_3849,add_to_cart,2025-07-20 06:03:33.178635,True
13681,109,610,sess_3850,add_to_cart,2025-10-11 21:02:31.247953,True
14352,821,723,sess_3850,view,2026-06-09 09:52:14.249957,True
4478,402,9,sess_3851,purchase,2025-06-24 05:47:12.203543,True
1467,639,1057,sess_3851,view,2025-06-26 10:36:18.185418,True
5918,148,100,sess_3851,purchase,2025-10-08 06:40:01.214026,True
11759,118,86,sess_3852,view,2025-12-29 08:14:01.238931,True
6498,502,1057,sess_3853,purchase,2025-07-16 13:39:19.216529,True
12982,596,356,sess_3853,view,2025-07-29 12:15:18.243940,True
1128,223,722,sess_3853,add_to_cart,2025-09-19 14:02:45.183414,True
11790,347,857,sess_3853,purchase,2026-04-22 05:32:33.238931,True
14598,471,501,sess_3854,purchase,2025-08-01 00:15:24.251960,True
3134,391,330,sess_3854,add_to_cart,2026-02-20 06:52:35.186925,True
9178,905,1080,sess_3854,view,2026-02-24 21:17:02.228610,True
3548,477,525,sess_3856,view,2026-03-06 18:19:18.186925,True
7139,780,580,sess_3856,view,2026-03-25 16:35:38.218542,True
10400,1065,444,sess_3857,view,2025-12-28 15:42:17.228610,True
13286,407,1077,sess_3858,add_to_cart,2025-07-05 10:22:34.245946,True
9022,773,82,sess_3859,add_to_cart,2025-10-24 15:30:55.227826,True
3499,323,162,sess_3859,purchase,2025-10-31 14:30:01.186925,True
10705,762,257,sess_386,view,2025-11-21 04:27:26.228610,True
14298,252,341,sess_386,view,2026-01-14 17:30:51.249957,True
10355,932,1086,sess_3860,view,2025-06-12 00:35:56.228610,True
12558,621,344,sess_3860,view,2025-08-05 07:35:30.240934,True
2926,889,772,sess_3860,purchase,2025-10-05 22:14:29.186925,True
1328,307,603,sess_3860,add_to_cart,2025-12-28 11:47:32.183414,True
5980,1066,806,sess_3860,add_to_cart,2026-05-04 05:54:42.214026,True
8944,681,802,sess_3861,purchase,2025-06-26 00:25:17.226324,True
1499,1060,533,sess_3861,add_to_cart,2025-08-27 02:26:05.185418,True
1546,929,176,sess_3862,view,2025-12-05 16:16:26.185418,True
13667,151,409,sess_3863,view,2026-06-07 03:18:55.247953,True
9816,93,757,sess_3864,view,2025-11-24 08:25:51.228610,True
14325,3,436,sess_3864,view,2026-02-17 20:02:35.249957,True
4205,1002,623,sess_3865,purchase,2025-08-19 20:36:05.199974,True
5001,404,42,sess_3865,add_to_cart,2025-12-04 09:21:12.209185,True
6898,604,917,sess_3865,view,2026-02-20 07:30:22.216529,True
9059,209,1068,sess_3867,view,2025-07-22 03:39:50.227826,True
9601,907,985,sess_3868,view,2025-12-29 11:42:44.228610,True
6949,128,1001,sess_3869,add_to_cart,2025-10-04 06:01:56.216529,True
4221,442,742,sess_3869,purchase,2026-01-26 17:34:38.199974,True
8257,695,354,sess_387,view,2025-08-20 17:53:04.224321,True
10891,492,15,sess_387,view,2026-01-08 21:31:22.228610,True
10876,861,679,sess_387,add_to_cart,2026-01-10 11:11:34.228610,True
4197,1051,1042,sess_3870,add_to_cart,2026-04-06 06:05:04.199974,True
4008,29,961,sess_3871,view,2025-10-11 19:53:04.197951,True
2270,940,770,sess_3871,add_to_cart,2025-11-01 01:09:36.186925,True
6349,765,564,sess_3871,purchase,2026-01-05 09:43:45.214026,True
14909,340,701,sess_3871,purchase,2026-01-08 19:32:24.253968,True
10134,253,253,sess_3872,purchase,2025-06-22 10:56:42.228610,True
5298,48,897,sess_3872,purchase,2025-06-26 06:57:31.211509,True
7213,622,1005,sess_3872,purchase,2026-04-29 06:32:32.219548,True
8626,456,892,sess_3872,view,2026-06-09 06:33:53.226324,True
8715,56,897,sess_3874,purchase,2025-08-27 11:48:14.226324,True
354,370,291,sess_3874,purchase,2025-12-02 01:20:42.178635,True
9300,627,417,sess_3874,view,2026-04-08 16:07:51.228610,True
5737,787,850,sess_3875,add_to_cart,2025-07-26 19:10:03.212022,True
7557,11,866,sess_3875,add_to_cart,2025-08-07 08:30:45.219548,True
8740,1065,1059,sess_3876,view,2025-09-06 01:53:10.226324,True
6134,803,692,sess_3877,view,2025-06-23 11:28:22.214026,True
8899,297,713,sess_3877,purchase,2025-08-28 18:59:34.226324,True
7511,132,920,sess_3877,add_to_cart,2025-10-18 09:16:31.219548,True
13553,345,729,sess_3877,add_to_cart,2025-11-05 12:11:25.247953,True
9886,694,134,sess_3879,purchase,2025-09-29 20:25:11.228610,True
6689,865,376,sess_3879,view,2025-11-14 23:16:40.216529,True
10631,718,998,sess_388,purchase,2025-12-19 21:43:51.228610,True
3465,413,544,sess_388,purchase,2026-04-02 17:04:09.186925,True
12019,117,466,sess_3880,add_to_cart,2025-11-11 11:10:56.238931,True
12177,378,39,sess_3881,view,2025-10-22 14:27:25.240934,True
892,986,688,sess_3881,view,2025-12-14 07:08:55.181409,True
14474,1039,668,sess_3882,add_to_cart,2025-09-15 23:44:18.249957,True
2773,295,178,sess_3882,purchase,2025-11-22 00:42:16.186925,True
9350,966,939,sess_3883,add_to_cart,2025-09-23 17:48:19.228610,True
9681,1040,997,sess_3883,purchase,2026-01-07 15:08:30.228610,True
9852,776,876,sess_3884,add_to_cart,2025-06-25 07:47:26.228610,True
13871,1039,490,sess_3884,view,2025-09-19 15:13:42.247953,True
2265,803,70,sess_3884,add_to_cart,2025-11-07 14:48:30.186925,True
2047,300,910,sess_3885,add_to_cart,2025-08-11 02:13:03.186925,True
3418,757,72,sess_3885,purchase,2025-10-05 11:06:08.186925,True
11792,637,131,sess_3886,add_to_cart,2025-07-05 04:31:36.238931,True
13392,424,1100,sess_3886,add_to_cart,2026-01-12 16:03:02.245946,True
5776,107,45,sess_3886,view,2026-02-01 17:59:27.212022,True
6871,405,617,sess_3886,view,2026-02-06 16:39:57.216529,True
6833,603,680,sess_3886,add_to_cart,2026-03-16 13:35:21.216529,True
1977,79,596,sess_3887,add_to_cart,2025-07-08 03:45:38.186925,True
10644,385,795,sess_3887,purchase,2026-03-10 15:24:53.228610,True
14379,731,36,sess_3888,view,2025-08-30 09:53:18.249957,True
10387,873,142,sess_3888,add_to_cart,2026-01-24 18:25:54.228610,True
13033,166,200,sess_389,add_to_cart,2025-10-24 18:55:06.243940,True
637,387,734,sess_389,view,2026-01-07 16:26:49.181409,True
8671,712,1012,sess_3891,purchase,2025-12-25 21:47:03.226324,True
4026,564,1043,sess_3892,view,2025-11-08 22:12:48.197951,True
11583,485,960,sess_3893,add_to_cart,2025-06-17 15:59:25.237113,True
2785,835,858,sess_3893,purchase,2026-02-19 01:16:41.186925,True
12853,702,187,sess_3895,purchase,2025-08-23 01:13:02.242937,True
3881,846,1026,sess_3895,add_to_cart,2026-03-10 17:19:05.197951,True
12119,87,512,sess_3897,view,2026-06-07 05:37:44.240934,True
10729,313,57,sess_3898,add_to_cart,2025-11-09 09:13:35.228610,True
12447,495,392,sess_3898,purchase,2026-04-19 04:43:33.240934,True
8208,607,170,sess_3899,add_to_cart,2025-11-16 02:23:12.224321,True
9648,737,60,sess_3899,add_to_cart,2025-12-20 11:46:23.228610,True
1606,361,934,sess_3899,purchase,2026-02-15 11:27:40.185418,True
14549,1,545,sess_39,view,2025-11-03 03:22:18.249957,True
10167,527,501,sess_390,view,2026-01-04 16:22:22.228610,True
11462,757,39,sess_3900,add_to_cart,2025-09-17 12:45:37.237113,True
1343,404,316,sess_3900,purchase,2025-10-17 11:05:35.183414,True
10402,208,609,sess_3900,add_to_cart,2026-02-08 04:05:39.228610,True
11235,979,68,sess_3900,view,2026-04-05 15:07:57.237113,True
8322,967,182,sess_3901,view,2026-03-03 08:56:39.224321,True
11590,243,108,sess_3902,view,2026-05-05 16:31:57.237113,True
4052,806,315,sess_3903,view,2025-11-10 01:49:02.199974,True
12123,1087,1015,sess_3903,add_to_cart,2025-12-02 06:13:00.240934,True
12387,265,373,sess_3904,view,2025-10-14 22:10:34.240934,True
11348,494,519,sess_3904,view,2025-11-18 19:13:54.237113,True
11576,1040,612,sess_3905,add_to_cart,2025-12-25 05:25:19.237113,True
659,887,797,sess_3905,view,2026-04-13 22:25:41.181409,True
8373,309,513,sess_3905,view,2026-05-20 17:41:28.224321,True
13252,1049,36,sess_3906,purchase,2026-04-04 04:03:17.245946,True
2135,227,560,sess_3906,purchase,2026-05-17 16:50:16.186925,True
8938,38,701,sess_3907,purchase,2025-10-21 15:08:56.226324,True
3732,8,919,sess_3907,add_to_cart,2026-01-02 18:19:40.195433,True
5755,568,562,sess_3907,purchase,2026-04-23 22:12:14.212022,True
4816,1032,481,sess_3908,add_to_cart,2025-08-07 09:07:57.209185,True
717,488,31,sess_3909,add_to_cart,2025-10-08 12:14:09.181409,True
14358,437,895,sess_391,add_to_cart,2025-07-07 18:30:08.249957,True
9628,603,1089,sess_391,add_to_cart,2025-09-21 07:47:41.228610,True
13485,739,451,sess_391,view,2025-12-29 05:00:36.245946,True
4208,1059,250,sess_3910,view,2026-04-17 13:07:08.199974,True
8963,456,201,sess_3911,purchase,2025-09-22 01:48:35.226324,True
8158,361,275,sess_3911,add_to_cart,2026-04-02 15:54:59.224321,True
9013,595,1004,sess_3911,purchase,2026-05-28 03:07:29.227826,True
7728,482,680,sess_3912,purchase,2025-07-08 05:09:56.222317,True
1279,893,897,sess_3912,view,2026-01-24 08:29:18.183414,True
11441,467,1005,sess_3912,purchase,2026-03-02 22:21:50.237113,True
10404,80,161,sess_3914,purchase,2025-08-06 19:17:03.228610,True
3367,832,303,sess_3914,view,2025-11-15 15:22:00.186925,True
13458,996,27,sess_3914,add_to_cart,2025-11-20 07:11:16.245946,True
3946,268,590,sess_3914,add_to_cart,2026-01-19 04:52:26.197951,True
14896,472,854,sess_3915,purchase,2025-08-28 23:04:29.253968,True
6035,872,834,sess_3915,purchase,2025-10-02 02:00:03.214026,True
13452,249,277,sess_3916,purchase,2026-01-21 18:28:12.245946,True
1708,70,681,sess_3916,add_to_cart,2026-03-04 18:55:44.185418,True
5867,618,1000,sess_3917,purchase,2025-07-31 13:54:46.214026,True
8675,370,987,sess_3917,view,2026-03-19 19:27:16.226324,True
1123,1053,578,sess_3918,view,2025-07-14 22:18:13.183414,True
1347,273,812,sess_3918,purchase,2025-12-21 12:46:25.183414,True
14255,176,33,sess_3919,view,2025-12-24 04:06:24.249957,True
1715,618,1087,sess_3919,view,2025-12-24 18:30:17.186925,True
1709,1087,167,sess_3919,view,2026-01-16 06:11:23.186925,True
8493,394,879,sess_3919,purchase,2026-04-01 08:03:09.224321,True
2695,547,866,sess_3919,add_to_cart,2026-04-02 03:24:36.186925,True
2531,226,794,sess_3919,add_to_cart,2026-05-24 20:43:10.186925,True
1785,799,47,sess_392,view,2026-01-12 04:40:59.186925,True
13010,703,747,sess_392,purchase,2026-04-06 01:44:47.243940,True
8455,506,660,sess_392,purchase,2026-04-06 15:46:21.224321,True
11947,1099,488,sess_3920,view,2025-11-07 14:34:25.238931,True
6423,463,573,sess_3921,add_to_cart,2026-01-15 19:32:02.214026,True
2613,806,439,sess_3921,purchase,2026-02-14 14:05:57.186925,True
3341,423,373,sess_3923,add_to_cart,2026-01-21 19:14:47.186925,True
6893,1016,1053,sess_3923,view,2026-04-22 16:38:19.216529,True
778,170,233,sess_3925,add_to_cart,2025-12-19 22:09:27.181409,True
5096,257,505,sess_3925,add_to_cart,2026-01-23 15:30:18.209185,True
2129,688,886,sess_3926,add_to_cart,2026-01-17 16:22:50.186925,True
8157,949,74,sess_3926,add_to_cart,2026-05-27 09:05:35.224321,True
1644,741,357,sess_3927,add_to_cart,2025-09-30 13:50:19.185418,True
8140,162,899,sess_3927,view,2025-12-25 14:27:50.224321,True
12492,206,515,sess_3929,add_to_cart,2025-06-25 11:05:56.240934,True
5190,460,962,sess_3929,purchase,2025-07-22 14:02:11.209185,True
12696,367,736,sess_3929,purchase,2025-08-14 04:42:32.242937,True
13178,953,269,sess_3929,add_to_cart,2025-11-01 22:13:49.245946,True
3973,205,201,sess_3929,purchase,2026-05-10 13:53:38.197951,True
10080,403,583,sess_393,view,2025-08-03 01:21:03.228610,True
13011,583,684,sess_393,add_to_cart,2026-01-06 09:53:20.243940,True
384,925,312,sess_3930,purchase,2025-12-25 06:09:29.178635,True
14732,334,486,sess_3930,view,2026-01-21 03:54:25.251960,True
3783,791,837,sess_3930,add_to_cart,2026-04-09 06:50:02.195433,True
10042,192,445,sess_3931,add_to_cart,2026-05-12 14:32:15.228610,True
1218,1097,623,sess_3932,view,2025-10-28 16:24:02.183414,True
9710,326,749,sess_3932,view,2026-06-03 15:38:00.228610,True
14774,269,926,sess_3933,purchase,2025-08-23 10:39:47.251960,True
232,436,653,sess_3933,add_to_cart,2025-10-28 06:29:36.178635,True
3503,309,529,sess_3935,add_to_cart,2025-10-26 14:12:06.186925,True
1284,393,198,sess_3937,purchase,2025-10-15 19:34:33.183414,True
4782,806,904,sess_3937,view,2025-12-04 12:34:18.209185,True
8423,627,286,sess_3937,add_to_cart,2026-01-28 15:29:03.224321,True
12843,949,809,sess_3938,view,2025-09-26 10:06:32.242937,True
2685,62,547,sess_3938,purchase,2026-01-20 15:56:29.186925,True
14152,556,493,sess_3938,add_to_cart,2026-02-18 20:23:52.249957,True
5538,769,210,sess_3938,add_to_cart,2026-03-30 13:20:57.212022,True
10928,1009,1094,sess_3938,purchase,2026-06-02 03:54:44.228610,True
3456,845,220,sess_3939,purchase,2026-01-01 11:04:57.186925,True
477,462,525,sess_3939,add_to_cart,2026-04-02 16:54:34.181409,True
5459,1080,958,sess_3939,view,2026-05-21 17:40:00.212022,True
7521,729,525,sess_394,view,2025-09-27 18:17:51.219548,True
625,788,1038,sess_394,add_to_cart,2025-12-31 19:09:14.181409,True
7219,713,932,sess_3940,purchase,2025-08-21 09:47:07.219548,True
4575,98,476,sess_3940,view,2025-12-02 12:33:29.203543,True
1946,361,483,sess_3940,purchase,2026-01-05 17:11:14.186925,True
11663,825,312,sess_3940,view,2026-03-08 22:22:57.238931,True
5806,15,405,sess_3941,add_to_cart,2025-10-13 01:31:57.212022,True
10724,692,666,sess_3941,view,2025-12-24 01:30:42.228610,True
5861,736,312,sess_3941,add_to_cart,2026-04-14 22:54:25.214026,True
10224,140,184,sess_3943,view,2025-11-10 09:02:20.228610,True
10537,958,827,sess_3944,add_to_cart,2025-07-24 10:36:03.228610,True
13285,745,781,sess_3944,view,2025-11-21 16:20:38.245946,True
10835,64,236,sess_3944,purchase,2026-04-03 00:38:31.228610,True
2756,696,179,sess_3945,purchase,2025-07-08 22:37:19.186925,True
5531,44,780,sess_3945,view,2025-08-31 15:22:40.212022,True
9318,421,534,sess_3946,view,2025-08-28 07:29:11.228610,True
6045,1080,482,sess_3947,purchase,2025-06-18 11:05:52.214026,True
10796,318,158,sess_3947,purchase,2025-07-06 21:21:56.228610,True
3244,87,235,sess_3947,view,2025-10-07 02:56:58.186925,True
3688,24,410,sess_3948,purchase,2025-08-07 03:34:35.186925,True
7158,385,591,sess_3948,add_to_cart,2026-01-31 09:37:50.218542,True
6277,88,90,sess_3948,purchase,2026-03-11 07:57:06.214026,True
688,770,831,sess_3948,add_to_cart,2026-05-18 08:37:58.181409,True
1264,1052,530,sess_3949,add_to_cart,2026-01-19 03:23:29.183414,True
3774,235,713,sess_3949,view,2026-01-22 18:31:50.195433,True
5237,6,921,sess_3950,add_to_cart,2025-06-12 10:52:24.209185,True
1987,275,7,sess_3950,purchase,2025-07-02 03:20:33.186925,True
3228,552,1074,sess_3950,purchase,2025-07-02 04:43:25.186925,True
14754,602,832,sess_3950,purchase,2025-12-24 05:59:11.251960,True
866,329,328,sess_3950,view,2025-12-31 19:30:44.181409,True
4040,695,338,sess_3950,add_to_cart,2026-04-16 12:33:48.197951,True
3260,85,335,sess_3951,view,2025-07-06 22:28:46.186925,True
1656,765,881,sess_3952,view,2025-07-12 14:11:33.185418,True
8743,800,310,sess_3953,purchase,2025-06-15 18:58:44.226324,True
10124,350,233,sess_3953,purchase,2025-08-03 23:21:51.228610,True
10650,539,502,sess_3953,purchase,2026-04-12 00:00:38.228610,True
14989,474,225,sess_3955,add_to_cart,2026-04-04 19:52:08.254569,True
10280,163,496,sess_3957,purchase,2025-07-31 14:56:06.228610,True
2493,597,570,sess_3957,purchase,2026-01-19 17:41:47.186925,True
395,704,468,sess_3958,add_to_cart,2025-09-16 08:00:09.178635,True
8407,430,441,sess_3958,view,2025-10-03 22:23:42.224321,True
3862,421,799,sess_3958,view,2026-02-03 14:00:39.197951,True
10916,910,501,sess_3958,add_to_cart,2026-05-21 09:37:38.228610,True
11081,171,785,sess_3959,view,2025-09-02 19:24:29.235934,True
323,946,344,sess_3959,view,2025-11-15 21:12:52.178635,True
10067,527,148,sess_3959,view,2026-01-29 15:12:12.228610,True
12755,228,261,sess_3959,add_to_cart,2026-02-17 11:33:32.242937,True
2330,743,924,sess_3959,add_to_cart,2026-02-26 06:40:25.186925,True
14257,97,263,sess_3959,purchase,2026-03-08 00:18:43.249957,True
73,121,840,sess_396,add_to_cart,2025-10-22 00:01:38.178635,True
4301,891,650,sess_396,add_to_cart,2026-01-24 12:43:56.202536,True
5489,1093,795,sess_3960,purchase,2025-11-08 09:35:59.212022,True
1701,510,446,sess_3960,purchase,2025-12-15 13:01:31.185418,True
1824,661,113,sess_3961,view,2025-12-17 19:18:07.186925,True
10282,695,566,sess_3961,purchase,2026-03-11 21:48:24.228610,True
131,244,251,sess_3962,add_to_cart,2025-06-20 12:42:35.178635,True
3053,689,412,sess_3962,add_to_cart,2025-09-24 15:08:48.186925,True
13502,404,704,sess_3962,view,2026-01-13 02:52:03.245946,True
10860,1024,1004,sess_3962,view,2026-04-04 02:44:04.228610,True
400,261,644,sess_3962,add_to_cart,2026-05-25 21:01:03.178635,True
8236,245,1024,sess_3963,view,2026-02-12 20:14:49.224321,True
13405,962,689,sess_3963,add_to_cart,2026-04-08 22:39:54.245946,True
6347,129,659,sess_3963,view,2026-04-29 14:32:07.214026,True
13188,121,717,sess_3964,view,2025-11-28 02:54:17.245946,True
11200,713,476,sess_3964,purchase,2026-01-05 03:29:12.237113,True
5435,808,632,sess_3966,view,2025-08-10 11:42:34.212022,True
2070,153,383,sess_3966,purchase,2026-06-06 15:19:02.186925,True
9860,867,577,sess_3967,view,2025-07-17 08:21:56.228610,True
11209,720,116,sess_3968,purchase,2025-11-02 13:42:32.237113,True
8701,952,374,sess_3969,purchase,2025-07-18 11:44:57.226324,True
4802,823,198,sess_3969,purchase,2026-05-04 17:45:03.209185,True
11101,572,488,sess_397,add_to_cart,2026-02-23 06:07:41.235934,True
8160,580,1019,sess_397,view,2026-03-12 15:17:38.224321,True
9891,1021,538,sess_397,view,2026-05-01 09:41:28.228610,True
7459,680,281,sess_3970,purchase,2026-02-19 01:28:00.219548,True
12574,281,419,sess_3970,add_to_cart,2026-05-01 14:14:35.240934,True
3055,164,778,sess_3971,add_to_cart,2025-07-12 20:53:56.186925,True
3678,1082,864,sess_3971,purchase,2025-09-04 23:16:54.186925,True
336,353,282,sess_3971,add_to_cart,2026-01-20 15:12:46.178635,True
14629,20,879,sess_3971,view,2026-03-28 11:48:03.251960,True
10888,705,358,sess_3972,add_to_cart,2025-11-10 14:04:39.228610,True
3990,382,631,sess_3973,add_to_cart,2025-09-29 04:22:47.197951,True
10159,435,1023,sess_3974,add_to_cart,2025-09-24 11:59:39.228610,True
1096,812,123,sess_3974,add_to_cart,2025-12-08 03:29:01.183414,True
9954,192,598,sess_3975,purchase,2025-06-12 12:44:20.228610,True
12143,204,1015,sess_3975,view,2025-11-06 07:34:03.240934,True
10021,830,1099,sess_3975,add_to_cart,2026-02-19 18:12:30.228610,True
592,188,854,sess_3976,add_to_cart,2025-07-06 18:10:05.181409,True
2883,75,392,sess_3976,add_to_cart,2025-07-31 02:27:01.186925,True
4085,378,79,sess_3976,purchase,2026-02-12 02:34:58.199974,True
8835,1007,1033,sess_3977,view,2026-05-27 13:24:05.226324,True
9592,995,323,sess_3978,add_to_cart,2025-09-27 17:07:50.228610,True
7222,539,495,sess_3978,view,2025-10-03 13:25:58.219548,True
11168,985,133,sess_3978,purchase,2026-05-18 00:53:49.235934,True
9995,867,635,sess_398,add_to_cart,2025-11-05 10:31:40.228610,True
1341,398,632,sess_398,add_to_cart,2026-02-10 00:27:34.183414,True
6866,469,335,sess_3980,purchase,2025-11-08 21:14:21.216529,True
11171,990,717,sess_3980,add_to_cart,2026-01-30 18:40:04.235934,True
2478,677,566,sess_3980,view,2026-05-13 15:46:58.186925,True
4158,259,738,sess_3983,purchase,2025-07-19 17:12:23.199974,True
12923,488,640,sess_3983,view,2026-01-06 22:48:42.243940,True
5349,233,895,sess_3983,add_to_cart,2026-01-20 06:34:52.212022,True
13761,605,1075,sess_3984,purchase,2025-12-07 22:52:04.247953,True
10165,559,815,sess_3984,add_to_cart,2026-01-30 07:17:32.228610,True
1178,326,98,sess_3985,add_to_cart,2025-09-13 21:24:09.183414,True
2574,563,516,sess_3986,add_to_cart,2025-06-15 01:04:04.186925,True
14286,378,290,sess_3986,add_to_cart,2026-04-10 08:20:01.249957,True
6300,450,50,sess_3987,add_to_cart,2025-06-30 22:01:35.214026,True
13656,510,822,sess_3987,purchase,2026-01-14 12:22:59.247953,True
6336,171,605,sess_3988,purchase,2025-06-22 09:56:08.214026,True
5095,728,9,sess_3988,add_to_cart,2025-07-10 19:03:44.209185,True
6197,856,878,sess_3988,view,2025-10-28 15:42:24.214026,True
12179,956,1073,sess_3988,view,2025-11-29 03:43:02.240934,True
7024,880,707,sess_3988,purchase,2026-04-25 03:31:32.218542,True
13437,767,108,sess_3988,add_to_cart,2026-05-20 05:39:27.245946,True
13838,584,545,sess_3989,add_to_cart,2026-04-12 08:46:56.247953,True
10108,229,301,sess_399,view,2025-08-24 20:26:51.228610,True
6877,169,1092,sess_399,add_to_cart,2025-10-01 11:00:47.216529,True
2046,290,563,sess_399,add_to_cart,2025-11-19 02:37:35.186925,True
14775,96,709,sess_399,purchase,2025-12-11 19:02:58.251960,True
14382,825,802,sess_3990,add_to_cart,2025-12-25 13:41:08.249957,True
1402,48,628,sess_3991,purchase,2025-07-31 00:24:12.183414,True
12944,364,1082,sess_3991,purchase,2025-12-09 04:22:20.243940,True
8010,794,787,sess_3993,view,2026-04-02 09:11:23.222317,True
3336,95,663,sess_3994,add_to_cart,2025-09-30 04:35:58.186925,True
14878,294,41,sess_3994,add_to_cart,2025-11-18 22:41:10.253968,True
10524,553,223,sess_3994,add_to_cart,2025-12-07 01:32:27.228610,True
6619,853,170,sess_3994,add_to_cart,2026-04-23 02:12:09.216529,True
883,545,101,sess_3995,add_to_cart,2025-10-06 06:31:42.181409,True
1403,912,759,sess_3995,view,2026-06-05 17:29:26.183414,True
12878,954,914,sess_3996,view,2026-01-05 04:30:29.242937,True
11234,366,3,sess_3997,view,2025-09-16 06:35:52.237113,True
5204,657,885,sess_3997,purchase,2025-09-18 22:36:46.209185,True
6709,802,327,sess_3997,add_to_cart,2025-10-02 21:38:32.216529,True
10291,43,595,sess_3998,purchase,2025-06-19 11:38:31.228610,True
9743,707,875,sess_3998,add_to_cart,2025-07-20 22:22:39.228610,True
14552,255,914,sess_3998,add_to_cart,2025-08-26 13:01:28.249957,True
11460,771,485,sess_3998,purchase,2026-05-26 06:43:33.237113,True
8760,879,1042,sess_3999,view,2025-10-18 13:21:58.226324,True
7141,566,817,sess_3999,add_to_cart,2026-06-11 23:00:07.218542,True
10087,966,954,sess_4,add_to_cart,2025-12-30 12:47:35.228610,True
12408,972,337,sess_4,view,2026-03-12 10:02:52.240934,True
1801,845,438,sess_40,purchase,2025-08-01 13:53:37.186925,True
7727,815,325,sess_40,purchase,2025-10-11 16:14:57.222317,True
12961,669,742,sess_40,view,2026-03-12 22:34:45.243940,True
5401,938,878,sess_4000,view,2025-07-24 15:38:13.212022,True
8395,27,693,sess_4001,view,2025-10-07 20:38:49.224321,True
5957,879,85,sess_4001,add_to_cart,2025-10-20 08:15:05.214026,True
10477,646,193,sess_4002,view,2025-12-16 02:13:44.228610,True
5596,893,962,sess_4004,purchase,2025-08-22 09:31:49.212022,True
1718,523,198,sess_4004,add_to_cart,2025-12-19 06:04:00.186925,True
13451,929,291,sess_4004,view,2026-02-25 04:55:30.245946,True
14163,367,500,sess_4005,add_to_cart,2025-07-04 06:56:27.249957,True
14869,865,1077,sess_4005,view,2025-07-18 08:59:00.253968,True
7657,138,288,sess_4005,add_to_cart,2025-12-05 22:11:31.222317,True
62,826,747,sess_4005,add_to_cart,2025-12-18 07:16:52.178635,True
2843,1008,565,sess_4006,add_to_cart,2025-06-18 02:05:11.186925,True
11311,585,598,sess_4006,view,2025-09-10 12:59:43.237113,True
11897,897,619,sess_4006,add_to_cart,2026-03-25 04:08:15.238931,True
8027,848,843,sess_4006,add_to_cart,2026-04-28 14:10:02.222317,True
11658,1084,162,sess_4009,add_to_cart,2026-01-20 18:19:22.238931,True
14752,67,609,sess_4011,purchase,2026-04-10 08:37:05.251960,True
12905,391,284,sess_4013,add_to_cart,2025-08-01 05:34:25.243940,True
14866,658,911,sess_4014,purchase,2025-11-15 10:31:49.253968,True
3689,525,737,sess_4015,add_to_cart,2026-05-24 03:36:37.186925,True
5113,681,1093,sess_4016,add_to_cart,2025-09-01 05:41:40.209185,True
4503,302,178,sess_4016,purchase,2025-11-19 20:09:44.203543,True
3300,825,940,sess_4016,purchase,2026-03-16 02:26:00.186925,True
9315,851,694,sess_4017,purchase,2025-09-29 16:25:50.228610,True
3625,765,173,sess_4017,view,2026-02-22 17:58:26.186925,True
10465,648,42,sess_4017,view,2026-03-31 20:00:54.228610,True
6294,235,279,sess_4018,purchase,2025-07-23 20:56:36.214026,True
12398,27,952,sess_4020,view,2025-09-11 08:39:32.240934,True
5146,861,153,sess_4020,purchase,2025-12-25 17:55:50.209185,True
11004,67,810,sess_4021,view,2025-12-22 13:25:45.235934,True
14668,266,823,sess_4023,purchase,2026-02-14 11:22:33.251960,True
1502,254,511,sess_4024,view,2026-01-01 23:47:46.185418,True
2288,849,621,sess_4024,view,2026-02-14 05:47:23.186925,True
3115,556,1061,sess_4024,add_to_cart,2026-03-15 07:48:05.186925,True
9801,1052,515,sess_4027,add_to_cart,2025-10-01 14:56:07.228610,True
7143,1040,1093,sess_4027,add_to_cart,2026-02-02 19:09:17.218542,True
2968,380,988,sess_4028,view,2025-07-06 21:50:52.186925,True
7086,1059,677,sess_4029,add_to_cart,2025-08-28 08:56:12.218542,True
3882,976,201,sess_4029,purchase,2025-09-22 01:44:04.197951,True
1607,89,699,sess_4029,view,2026-01-06 02:19:57.185418,True
2830,851,892,sess_4029,purchase,2026-04-08 22:50:46.186925,True
10627,257,566,sess_403,purchase,2026-04-07 03:13:41.228610,True
13151,199,132,sess_4030,add_to_cart,2025-10-13 15:05:01.245946,True
3201,1088,239,sess_4031,purchase,2025-07-11 20:38:05.186925,True
6191,824,166,sess_4031,purchase,2025-08-10 10:08:49.214026,True
10419,547,162,sess_4031,add_to_cart,2025-09-25 02:04:43.228610,True
7500,823,534,sess_4031,add_to_cart,2026-03-05 07:54:45.219548,True
634,1010,240,sess_4032,view,2025-09-08 22:53:21.181409,True
8676,209,235,sess_4033,view,2025-06-15 05:42:31.226324,True
9717,1003,36,sess_4033,view,2025-06-21 23:31:25.228610,True
7780,51,313,sess_4033,add_to_cart,2025-09-05 21:55:54.222317,True
13679,544,598,sess_4034,add_to_cart,2025-08-03 18:32:38.247953,True
191,995,325,sess_4034,purchase,2026-05-30 14:32:11.178635,True
683,451,254,sess_4035,purchase,2025-07-01 00:05:31.181409,True
7273,1008,1074,sess_4035,purchase,2025-09-22 17:56:13.219548,True
9777,505,1023,sess_4035,purchase,2025-11-02 18:23:27.228610,True
5676,298,836,sess_4036,purchase,2026-04-05 11:25:28.212022,True
14934,71,6,sess_4039,purchase,2026-03-20 07:59:00.253968,True
5481,53,451,sess_404,view,2025-09-08 01:36:49.212022,True
11121,504,313,sess_404,view,2026-03-08 14:40:25.235934,True
9348,942,120,sess_4040,view,2026-02-01 07:25:53.228610,True
2806,23,377,sess_4041,add_to_cart,2025-09-11 14:14:57.186925,True
9269,641,703,sess_4041,add_to_cart,2026-04-14 23:37:07.228610,True
1446,177,202,sess_4042,view,2026-03-02 05:59:19.183414,True
3563,298,871,sess_4043,view,2025-07-15 14:13:41.186925,True
13555,269,432,sess_4043,purchase,2026-03-24 12:13:06.247953,True
12146,787,144,sess_4044,add_to_cart,2025-06-20 16:03:15.240934,True
6125,807,508,sess_4044,add_to_cart,2025-06-25 03:55:04.214026,True
10800,620,88,sess_4046,add_to_cart,2025-06-18 10:58:45.228610,True
9061,75,71,sess_4046,purchase,2025-08-11 07:46:46.227826,True
8197,526,306,sess_4046,view,2025-12-07 11:12:05.224321,True
11220,704,214,sess_4046,view,2026-01-03 13:00:14.237113,True
12789,1004,618,sess_4047,purchase,2025-07-14 16:53:38.242937,True
1999,785,242,sess_4047,view,2025-09-01 06:26:29.186925,True
9949,323,30,sess_4047,view,2025-09-26 18:46:26.228610,True
9791,534,30,sess_4047,view,2025-10-29 06:01:48.228610,True
11740,972,577,sess_4047,purchase,2025-12-24 02:57:40.238931,True
4792,965,175,sess_4047,view,2026-04-06 14:22:42.209185,True
2820,682,845,sess_4048,purchase,2025-11-10 18:45:06.186925,True
12237,608,853,sess_4049,view,2025-10-10 07:17:53.240934,True
9657,855,586,sess_4049,add_to_cart,2026-02-26 19:58:26.228610,True
1460,675,798,sess_405,add_to_cart,2025-11-17 23:55:25.185418,True
6730,690,496,sess_405,add_to_cart,2026-01-15 11:04:41.216529,True
7645,1084,48,sess_4050,add_to_cart,2025-10-29 12:41:27.222317,True
13271,432,362,sess_4050,view,2026-03-10 23:05:53.245946,True
7874,380,575,sess_4051,purchase,2025-11-27 03:05:59.222317,True
1982,537,819,sess_4051,view,2025-12-13 01:38:54.186925,True
822,473,459,sess_4051,add_to_cart,2025-12-22 04:30:51.181409,True
14435,426,713,sess_4052,add_to_cart,2025-09-22 07:19:13.249957,True
10897,64,141,sess_4052,purchase,2025-12-12 03:38:07.228610,True
2460,19,927,sess_4053,view,2025-09-27 22:39:25.186925,True
2239,346,370,sess_4053,view,2026-04-16 23:59:53.186925,True
7541,569,984,sess_4054,view,2025-09-11 01:37:48.219548,True
1577,184,806,sess_4055,add_to_cart,2025-08-26 17:16:13.185418,True
9554,957,229,sess_4055,add_to_cart,2025-10-25 05:24:45.228610,True
7804,747,1067,sess_4055,view,2026-05-13 04:04:59.222317,True
7116,382,516,sess_4057,view,2025-06-15 00:01:19.218542,True
10073,478,933,sess_4057,view,2025-09-04 23:03:29.228610,True
1335,354,410,sess_4057,add_to_cart,2026-02-28 15:22:52.183414,True
251,630,933,sess_4058,purchase,2025-11-19 16:34:23.178635,True
13877,329,652,sess_4058,add_to_cart,2025-12-01 15:23:43.247953,True
8672,594,603,sess_4058,view,2026-03-15 04:33:55.226324,True
4003,608,432,sess_4059,purchase,2025-11-17 11:49:09.197951,True
8255,562,566,sess_4059,purchase,2026-03-29 17:19:55.224321,True
3650,30,284,sess_406,add_to_cart,2025-07-14 18:46:10.186925,True
14842,871,992,sess_406,view,2026-04-23 18:31:56.251960,True
284,608,706,sess_4062,add_to_cart,2026-02-06 09:53:36.178635,True
6308,902,144,sess_4062,add_to_cart,2026-04-02 17:44:40.214026,True
7731,501,166,sess_4062,purchase,2026-04-12 12:55:34.222317,True
10046,148,4,sess_4063,add_to_cart,2025-08-30 07:16:30.228610,True
1240,456,408,sess_4063,view,2025-10-31 15:31:20.183414,True
10536,329,115,sess_4063,add_to_cart,2025-11-08 02:59:14.228610,True
14807,51,536,sess_4065,view,2026-03-04 06:18:09.251960,True
5905,199,605,sess_4066,purchase,2025-10-13 02:06:23.214026,True
10901,987,57,sess_4066,add_to_cart,2026-01-06 01:21:00.228610,True
10239,820,236,sess_4066,purchase,2026-01-21 09:51:45.228610,True
14454,648,744,sess_4066,purchase,2026-03-28 21:47:59.249957,True
11615,297,248,sess_4067,view,2025-09-02 06:56:06.238931,True
6073,696,265,sess_4067,add_to_cart,2025-11-10 09:18:04.214026,True
10905,109,30,sess_4067,view,2026-01-19 02:06:59.228610,True
9980,105,1042,sess_4068,add_to_cart,2025-09-26 11:57:03.228610,True
9034,652,1054,sess_4068,add_to_cart,2025-11-24 10:15:38.227826,True
14228,554,484,sess_4068,view,2025-12-18 15:51:54.249957,True
2666,160,537,sess_4068,view,2026-04-22 23:54:40.186925,True
1334,128,210,sess_407,view,2025-10-04 18:15:21.183414,True
4570,499,580,sess_4070,add_to_cart,2025-09-29 19:12:28.203543,True
8346,496,473,sess_4070,add_to_cart,2025-11-23 00:00:49.224321,True
5587,1062,130,sess_4071,add_to_cart,2025-08-12 08:18:41.212022,True
3431,1038,549,sess_4071,add_to_cart,2026-05-15 13:58:30.186925,True
14630,443,994,sess_4071,add_to_cart,2026-05-16 04:13:03.251960,True
847,177,238,sess_4072,view,2025-10-10 04:53:26.181409,True
5310,1045,120,sess_4072,view,2026-01-22 04:13:28.211509,True
1749,280,448,sess_4074,add_to_cart,2025-12-30 04:39:32.186925,True
5067,371,740,sess_4074,view,2026-05-03 20:37:10.209185,True
10828,57,433,sess_4074,view,2026-06-01 19:47:17.228610,True
9854,945,115,sess_4075,add_to_cart,2025-11-16 00:52:40.228610,True
5635,944,1057,sess_4076,purchase,2025-12-08 06:43:24.212022,True
5019,409,866,sess_4077,view,2025-08-05 17:43:14.209185,True
7369,967,318,sess_4078,purchase,2025-12-22 00:32:52.219548,True
11163,851,86,sess_4078,view,2026-06-10 04:32:16.235934,True
4277,1054,384,sess_4079,purchase,2025-11-23 10:38:25.201981,True
13401,539,533,sess_408,add_to_cart,2025-06-17 06:12:32.245946,True
5938,925,983,sess_408,add_to_cart,2025-12-02 10:35:35.214026,True
228,279,964,sess_4080,purchase,2025-11-06 08:10:34.178635,True
1159,505,361,sess_4080,add_to_cart,2025-12-21 01:28:15.183414,True
8352,21,929,sess_4080,add_to_cart,2026-05-01 00:39:30.224321,True
3131,821,271,sess_4081,purchase,2025-06-27 15:24:31.186925,True
3619,317,760,sess_4081,view,2025-07-01 12:57:28.186925,True
10509,243,606,sess_4081,view,2025-07-28 21:06:20.228610,True
5681,523,231,sess_4081,purchase,2025-09-29 20:32:24.212022,True
8411,731,1074,sess_4081,purchase,2025-09-30 15:41:28.224321,True
14181,906,432,sess_4081,purchase,2026-03-20 14:01:07.249957,True
5362,449,417,sess_4083,add_to_cart,2025-08-11 23:09:48.212022,True
10056,963,1091,sess_4083,add_to_cart,2026-04-03 01:49:23.228610,True
3213,636,393,sess_4084,add_to_cart,2026-01-14 20:41:00.186925,True
7691,577,98,sess_4084,view,2026-03-07 07:16:08.222317,True
13352,470,388,sess_4084,purchase,2026-05-10 03:13:50.245946,True
5276,455,960,sess_4085,view,2025-08-03 16:20:12.211509,True
12113,452,658,sess_4085,purchase,2025-11-29 02:49:18.238931,True
10693,348,217,sess_4085,purchase,2026-01-24 04:08:00.228610,True
7241,368,953,sess_4085,purchase,2026-02-06 12:41:46.219548,True
13703,817,271,sess_4085,purchase,2026-03-04 23:41:00.247953,True
1859,164,779,sess_4086,add_to_cart,2025-12-12 14:09:10.186925,True
2339,292,575,sess_4087,view,2025-09-01 11:34:28.186925,True
2805,1055,819,sess_4087,view,2026-05-23 22:07:02.186925,True
3060,863,1088,sess_4089,add_to_cart,2026-01-22 08:32:00.186925,True
8848,677,1061,sess_409,add_to_cart,2025-08-14 20:41:46.226324,True
2002,630,823,sess_409,add_to_cart,2025-08-22 15:51:55.186925,True
4857,8,91,sess_409,purchase,2025-12-13 05:41:31.209185,True
9309,953,1025,sess_4090,add_to_cart,2026-02-18 04:47:30.228610,True
10659,335,802,sess_4090,purchase,2026-04-22 05:36:46.228610,True
5548,162,280,sess_4091,view,2026-04-02 01:23:43.212022,True
5936,960,901,sess_4091,purchase,2026-04-09 17:38:05.214026,True
3938,173,968,sess_4091,add_to_cart,2026-05-27 16:42:49.197951,True
11322,903,280,sess_4092,view,2026-01-18 04:20:34.237113,True
4600,285,559,sess_4092,purchase,2026-05-28 15:37:07.207677,True
6926,704,263,sess_4093,purchase,2025-06-14 22:16:00.216529,True
12680,214,566,sess_4093,view,2025-09-11 00:27:46.242937,True
9879,1040,973,sess_4093,purchase,2025-10-13 09:27:08.228610,True
13850,1087,171,sess_4093,add_to_cart,2026-04-04 15:07:39.247953,True
11016,941,203,sess_4094,add_to_cart,2025-11-02 23:24:08.235934,True
12331,581,586,sess_4095,view,2025-08-03 13:20:17.240934,True
3441,562,623,sess_4095,view,2025-08-18 16:27:58.186925,True
4271,533,834,sess_4095,add_to_cart,2025-10-09 01:48:48.199974,True
2594,275,759,sess_4095,purchase,2025-10-18 09:08:04.186925,True
11749,598,820,sess_4095,view,2025-12-19 20:49:12.238931,True
7973,223,52,sess_4095,add_to_cart,2026-01-30 14:50:03.222317,True
14914,672,743,sess_4095,add_to_cart,2026-04-16 00:06:54.253968,True
1821,468,997,sess_4096,add_to_cart,2026-01-14 23:46:21.186925,True
8709,12,496,sess_4097,view,2025-07-05 22:13:17.226324,True
12994,25,58,sess_4097,add_to_cart,2025-11-16 13:48:04.243940,True
9701,474,969,sess_4098,add_to_cart,2026-02-08 11:24:15.228610,True
442,896,1064,sess_4099,add_to_cart,2026-05-26 14:18:52.181409,True
7712,391,850,sess_410,purchase,2025-12-30 11:20:10.222317,True
4612,60,853,sess_410,add_to_cart,2026-01-23 19:39:18.207677,True
11567,1091,869,sess_4100,view,2025-12-25 05:22:47.237113,True
10213,1055,750,sess_4102,add_to_cart,2025-07-05 22:08:49.228610,True
9164,471,534,sess_4102,purchase,2025-08-31 04:33:35.228610,True
1863,598,107,sess_4102,add_to_cart,2025-10-04 16:22:12.186925,True
1728,1032,382,sess_4102,view,2025-12-24 15:44:41.186925,True
8256,739,690,sess_4103,add_to_cart,2026-03-12 01:09:41.224321,True
2660,927,134,sess_4104,view,2025-12-11 15:52:32.186925,True
11180,356,94,sess_4105,add_to_cart,2025-08-14 17:50:43.235934,True
8336,29,75,sess_4105,purchase,2025-09-29 20:46:41.224321,True
2461,549,740,sess_4106,view,2025-09-07 12:51:58.186925,True
2115,121,1024,sess_4106,view,2026-01-14 20:14:43.186925,True
451,265,1079,sess_4106,view,2026-02-17 21:14:01.181409,True
7347,200,126,sess_4106,add_to_cart,2026-05-01 17:23:13.219548,True
12586,443,573,sess_4106,purchase,2026-06-04 07:30:17.240934,True
309,588,154,sess_4107,purchase,2025-10-23 07:21:46.178635,True
4821,584,33,sess_4108,add_to_cart,2025-06-15 16:34:34.209185,True
11553,1077,648,sess_4108,add_to_cart,2025-09-26 06:03:45.237113,True
12261,658,120,sess_4110,add_to_cart,2026-02-10 19:59:38.240934,True
7991,140,48,sess_4110,view,2026-04-23 13:00:14.222317,True
4401,1083,304,sess_4110,purchase,2026-06-06 15:33:05.203543,True
9933,850,803,sess_4111,purchase,2025-06-17 06:44:31.228610,True
4121,498,994,sess_4111,view,2025-12-06 18:58:44.199974,True
10474,34,614,sess_4111,add_to_cart,2026-05-01 14:38:32.228610,True
10114,555,756,sess_4112,add_to_cart,2026-04-28 01:53:00.228610,True
1189,265,299,sess_4113,add_to_cart,2025-07-01 09:53:02.183414,True
4070,157,244,sess_4114,purchase,2025-07-22 11:06:45.199974,True
12176,177,342,sess_4115,purchase,2026-02-02 22:16:52.240934,True
5106,603,986,sess_4115,purchase,2026-05-03 09:57:23.209185,True
9301,339,1035,sess_4117,add_to_cart,2025-07-25 18:21:08.228610,True
2480,338,1034,sess_4117,add_to_cart,2025-08-09 03:59:53.186925,True
2541,117,348,sess_4117,view,2025-08-11 20:16:07.186925,True
5785,207,864,sess_4118,purchase,2025-06-11 05:03:38.212022,True
10456,397,952,sess_4118,view,2026-02-02 00:58:31.228610,True
6969,80,539,sess_4119,add_to_cart,2025-10-29 10:22:21.216529,True
11206,384,661,sess_412,add_to_cart,2025-08-20 15:05:18.237113,True
8477,607,944,sess_412,view,2026-04-12 17:44:04.224321,True
6737,15,293,sess_4120,purchase,2025-11-11 06:23:00.216529,True
13710,848,991,sess_4120,purchase,2026-02-19 03:42:42.247953,True
3860,253,843,sess_4121,add_to_cart,2025-06-22 09:12:21.197951,True
6763,994,587,sess_4121,add_to_cart,2025-07-01 08:28:03.216529,True
3936,1070,794,sess_4121,view,2025-07-08 22:14:42.197951,True
8870,645,712,sess_4121,add_to_cart,2025-09-21 22:09:45.226324,True
3423,622,828,sess_4121,add_to_cart,2026-04-19 15:14:06.186925,True
1622,87,1023,sess_4122,purchase,2025-08-04 21:31:12.185418,True
8510,882,770,sess_4122,purchase,2025-10-02 03:01:33.224321,True
7123,604,206,sess_4123,view,2025-08-05 13:56:32.218542,True
9848,1023,222,sess_4124,view,2025-07-15 02:01:56.228610,True
6514,903,940,sess_4124,view,2025-11-20 14:02:31.216529,True
6720,468,910,sess_4124,purchase,2026-01-20 09:48:57.216529,True
11774,493,1001,sess_4124,add_to_cart,2026-03-31 07:55:12.238931,True
4359,957,512,sess_4124,view,2026-05-26 09:36:25.203543,True
1980,898,252,sess_4125,purchase,2025-09-01 11:09:25.186925,True
5445,996,22,sess_4126,view,2025-11-03 07:15:50.212022,True
14900,654,793,sess_4126,purchase,2025-11-26 16:33:20.253968,True
5777,119,494,sess_4127,view,2026-06-01 08:18:28.212022,True
13721,922,1034,sess_4128,view,2025-09-01 17:53:25.247953,True
12723,596,873,sess_4129,add_to_cart,2026-05-05 15:40:40.242937,True
7264,958,1063,sess_413,view,2026-02-17 10:29:34.219548,True
5667,1087,742,sess_413,view,2026-02-21 07:04:18.212022,True
757,324,1082,sess_413,purchase,2026-04-20 00:39:15.181409,True
8439,1092,294,sess_4130,view,2025-09-14 19:52:00.224321,True
10606,547,776,sess_4130,add_to_cart,2025-10-20 18:23:22.228610,True
2065,989,992,sess_4131,view,2025-07-12 08:09:48.186925,True
12762,866,520,sess_4131,view,2026-01-01 05:42:04.242937,True
10956,397,174,sess_4132,add_to_cart,2025-11-09 14:54:08.228610,True
12732,356,413,sess_4132,purchase,2025-11-23 15:24:05.242937,True
1269,823,871,sess_4132,add_to_cart,2026-02-12 09:09:03.183414,True
7218,557,1074,sess_4132,add_to_cart,2026-05-02 04:19:26.219548,True
682,525,194,sess_4133,purchase,2025-10-19 21:52:28.181409,True
813,270,768,sess_4133,add_to_cart,2026-03-27 11:48:31.181409,True
10560,990,81,sess_4133,view,2026-04-17 05:31:41.228610,True
6890,458,976,sess_4134,view,2026-01-20 02:21:54.216529,True
4033,511,776,sess_4135,add_to_cart,2025-07-30 09:29:26.197951,True
11408,976,888,sess_4135,view,2026-03-01 16:26:06.237113,True
7009,945,974,sess_4138,add_to_cart,2025-11-19 17:12:19.218542,True
5221,1044,74,sess_4138,add_to_cart,2026-03-27 01:30:52.209185,True
2668,178,337,sess_4139,purchase,2026-02-14 07:35:20.186925,True
3439,690,150,sess_4139,add_to_cart,2026-03-07 19:45:26.186925,True
12093,393,698,sess_4140,add_to_cart,2025-07-16 16:44:32.238931,True
8721,118,300,sess_4140,add_to_cart,2025-11-13 12:05:19.226324,True
3087,908,138,sess_4140,view,2026-03-13 12:47:32.186925,True
2182,502,422,sess_4140,view,2026-05-11 04:58:27.186925,True
11120,298,985,sess_4140,purchase,2026-05-12 05:55:07.235934,True
324,602,134,sess_4141,view,2025-06-16 09:39:57.178635,True
3114,541,150,sess_4141,view,2025-08-02 21:32:51.186925,True
8310,513,588,sess_4141,view,2026-05-19 14:59:19.224321,True
8284,731,297,sess_4142,view,2025-07-01 04:22:57.224321,True
11742,746,77,sess_4142,view,2025-12-08 21:39:00.238931,True
12342,284,653,sess_4142,purchase,2026-01-20 12:37:37.240934,True
13047,1046,1034,sess_4142,add_to_cart,2026-02-08 16:46:20.243940,True
4900,1008,407,sess_4143,add_to_cart,2025-10-19 04:42:47.209185,True
13582,874,401,sess_4143,view,2025-11-06 03:27:33.247953,True
8898,194,126,sess_4144,purchase,2026-05-18 17:00:43.226324,True
27,379,995,sess_4146,view,2025-08-23 18:33:48.178635,True
2831,364,167,sess_4147,add_to_cart,2025-07-30 11:56:36.186925,True
4701,801,57,sess_4147,purchase,2026-05-06 22:03:57.207677,True
7152,34,752,sess_4148,purchase,2026-01-21 06:40:05.218542,True
12178,908,406,sess_4148,view,2026-03-13 16:31:14.240934,True
10243,722,944,sess_4149,add_to_cart,2025-07-04 05:05:50.228610,True
2551,524,892,sess_4149,view,2025-08-04 15:56:33.186925,True
4207,484,160,sess_4149,view,2025-08-29 21:29:10.199974,True
3130,117,383,sess_4149,view,2025-11-30 18:18:19.186925,True
4558,362,37,sess_4149,view,2026-01-12 17:41:55.203543,True
14705,602,615,sess_4149,purchase,2026-05-31 02:14:30.251960,True
1782,928,1060,sess_415,purchase,2025-11-23 11:21:53.186925,True
8062,274,584,sess_4150,view,2025-10-16 21:53:13.222317,True
4982,1051,979,sess_4150,view,2026-01-30 15:30:41.209185,True
6959,450,459,sess_4151,view,2025-06-15 10:24:34.216529,True
6111,583,411,sess_4151,add_to_cart,2025-07-27 18:33:18.214026,True
14991,662,326,sess_4151,purchase,2025-09-02 05:14:03.254569,True
13844,223,852,sess_4151,view,2026-02-16 21:50:26.247953,True
4568,592,1013,sess_4152,add_to_cart,2025-11-10 07:01:14.203543,True
5970,737,391,sess_4152,add_to_cart,2026-03-27 05:52:26.214026,True
11039,290,887,sess_4153,view,2025-08-15 01:20:04.235934,True
7439,480,864,sess_4154,view,2026-02-09 23:02:45.219548,True
8126,666,165,sess_4155,view,2025-11-28 15:21:47.224321,True
3008,445,414,sess_4155,purchase,2025-12-14 05:22:22.186925,True
3766,418,585,sess_4155,purchase,2026-02-05 04:16:41.195433,True
13912,227,1058,sess_4156,purchase,2025-11-03 16:44:23.247953,True
13416,139,1061,sess_4156,view,2025-11-24 11:13:09.245946,True
12847,486,568,sess_4157,view,2025-09-02 18:47:06.242937,True
9114,736,640,sess_4157,add_to_cart,2026-02-10 02:24:53.228610,True
13060,171,475,sess_4158,add_to_cart,2025-12-18 14:11:16.243940,True
8269,1058,109,sess_4158,purchase,2026-01-26 02:26:57.224321,True
1766,152,768,sess_4158,add_to_cart,2026-04-21 16:11:20.186925,True
9903,442,883,sess_4159,add_to_cart,2025-11-07 06:18:43.228610,True
6376,472,964,sess_416,add_to_cart,2025-08-18 08:20:38.214026,True
13296,602,332,sess_416,purchase,2025-09-16 07:49:19.245946,True
11573,143,506,sess_4160,view,2025-07-13 08:36:18.237113,True
1533,235,189,sess_4160,purchase,2025-07-15 09:41:32.185418,True
2081,848,749,sess_4160,view,2025-09-28 12:59:28.186925,True
1042,905,895,sess_4160,view,2025-10-25 12:32:53.183414,True
6936,1018,1066,sess_4161,view,2025-08-17 05:26:03.216529,True
4644,654,11,sess_4161,view,2025-10-10 09:27:36.207677,True
211,1086,219,sess_4161,view,2026-04-06 07:29:55.178635,True
12986,916,63,sess_4162,view,2025-08-30 06:37:09.243940,True
7658,421,280,sess_4165,add_to_cart,2025-10-01 14:45:02.222317,True
5436,141,65,sess_4165,view,2025-11-12 10:12:45.212022,True
10009,577,443,sess_4165,purchase,2026-02-15 15:16:51.228610,True
5008,259,950,sess_4166,add_to_cart,2025-09-07 10:56:30.209185,True
8631,65,453,sess_4166,view,2025-10-03 03:44:34.226324,True
7345,887,404,sess_4166,add_to_cart,2025-11-22 18:45:42.219548,True
6506,993,342,sess_4166,view,2026-04-16 03:53:21.216529,True
4618,938,717,sess_4167,add_to_cart,2025-10-02 00:55:52.207677,True
1395,442,187,sess_4168,add_to_cart,2025-11-25 15:33:12.183414,True
3285,882,922,sess_4168,view,2026-03-06 03:11:29.186925,True
11791,830,490,sess_4168,purchase,2026-04-20 09:22:46.238931,True
978,101,289,sess_4169,add_to_cart,2025-12-20 05:14:56.183414,True
12578,153,916,sess_4170,purchase,2025-11-17 23:22:39.240934,True
7982,666,87,sess_4170,view,2026-01-10 16:17:28.222317,True
3929,1064,1048,sess_4171,add_to_cart,2025-08-28 06:26:10.197951,True
7477,702,460,sess_4171,view,2026-03-25 20:43:03.219548,True
8839,528,783,sess_4172,view,2025-09-16 02:27:06.226324,True
12804,747,200,sess_4173,purchase,2026-03-26 11:07:18.242937,True
12479,630,154,sess_4173,view,2026-05-27 09:47:31.240934,True
11726,247,996,sess_4174,view,2025-06-19 00:16:57.238931,True
1087,661,287,sess_4174,purchase,2025-07-31 03:15:13.183414,True
4619,282,247,sess_4174,purchase,2026-05-07 00:43:08.207677,True
7203,571,921,sess_4176,view,2025-10-16 06:00:50.219548,True
10957,425,795,sess_4179,view,2026-01-28 03:18:11.235934,True
11557,696,28,sess_418,add_to_cart,2025-09-09 12:00:44.237113,True
1809,942,1019,sess_418,add_to_cart,2025-10-01 19:01:39.186925,True
5674,559,1006,sess_418,view,2026-04-03 10:12:14.212022,True
6463,854,795,sess_4181,purchase,2025-07-02 04:46:48.214026,True
7057,702,1045,sess_4181,purchase,2025-07-23 07:52:28.218542,True
13163,408,498,sess_4181,add_to_cart,2025-09-03 23:19:17.245946,True
10617,475,1053,sess_4181,add_to_cart,2025-11-30 06:27:51.228610,True
9356,393,1070,sess_4181,purchase,2026-01-10 14:38:57.228610,True
6865,992,1085,sess_4182,view,2025-11-19 18:26:43.216529,True
2575,579,810,sess_4182,view,2026-06-02 09:07:46.186925,True
14899,856,428,sess_4183,view,2025-07-17 20:08:23.253968,True
11198,212,585,sess_4183,view,2026-01-31 06:32:03.237113,True
6666,1095,41,sess_4183,purchase,2026-04-14 16:07:55.216529,True
662,814,327,sess_4183,purchase,2026-04-30 07:43:58.181409,True
3948,863,347,sess_4184,add_to_cart,2025-06-25 07:03:47.197951,True
6426,957,688,sess_4185,add_to_cart,2026-02-14 17:45:12.214026,True
5592,739,168,sess_4185,add_to_cart,2026-04-10 13:37:56.212022,True
8585,352,497,sess_4185,view,2026-04-28 18:51:38.224321,True
14068,945,281,sess_4186,view,2025-06-30 16:59:10.249957,True
14648,9,982,sess_4186,add_to_cart,2025-08-16 05:34:57.251960,True
5941,978,1097,sess_4186,add_to_cart,2025-11-17 10:49:59.214026,True
614,471,742,sess_4186,purchase,2026-05-17 03:32:19.181409,True
1372,51,729,sess_4187,purchase,2025-09-01 10:35:06.183414,True
695,586,267,sess_4189,purchase,2026-01-15 22:16:13.181409,True
2969,162,704,sess_419,purchase,2025-06-23 10:05:31.186925,True
11580,498,18,sess_419,add_to_cart,2025-10-09 02:34:11.237113,True
8953,808,161,sess_419,view,2026-02-20 20:39:40.226324,True
5570,219,314,sess_419,purchase,2026-03-21 17:19:58.212022,True
5822,821,1048,sess_419,purchase,2026-05-19 06:27:27.212022,True
1576,170,430,sess_419,add_to_cart,2026-05-22 09:52:55.185418,True
10001,540,117,sess_419,purchase,2026-05-29 12:11:23.228610,True
13179,80,280,sess_419,purchase,2026-06-07 16:54:18.245946,True
7315,151,380,sess_4190,add_to_cart,2025-08-09 09:02:08.219548,True
5291,917,979,sess_4191,add_to_cart,2026-01-27 11:29:09.211509,True
9183,984,780,sess_4191,view,2026-02-04 12:09:54.228610,True
10103,773,893,sess_4192,purchase,2025-11-20 05:19:42.228610,True
6388,62,194,sess_4193,add_to_cart,2025-08-01 12:28:16.214026,True
238,1094,336,sess_4193,view,2026-02-28 22:03:00.178635,True
6993,115,199,sess_4194,add_to_cart,2026-06-08 12:56:04.216529,True
10342,1076,171,sess_4195,view,2025-07-04 22:56:08.228610,True
12308,593,564,sess_4195,view,2025-08-02 23:11:33.240934,True
5245,676,257,sess_4195,view,2025-09-11 10:22:14.211204,True
1988,542,760,sess_4196,purchase,2025-11-16 09:59:11.186925,True
12535,963,339,sess_4196,purchase,2026-04-14 16:35:19.240934,True
13181,196,813,sess_4196,view,2026-04-30 06:09:23.245946,True
1036,24,951,sess_4197,add_to_cart,2025-12-04 14:00:48.183414,True
1488,962,250,sess_4198,view,2025-09-01 00:51:03.185418,True
9659,696,216,sess_4198,view,2026-01-01 00:48:54.228610,True
1567,461,927,sess_4198,add_to_cart,2026-01-01 06:00:20.185418,True
2667,115,606,sess_4199,purchase,2025-07-09 19:06:12.186925,True
11951,1040,691,sess_4199,add_to_cart,2026-02-01 08:24:10.238931,True
8508,176,535,sess_4199,purchase,2026-05-01 22:21:33.224321,True
313,109,470,sess_42,purchase,2025-10-03 15:55:05.178635,True
1992,870,217,sess_420,view,2025-10-16 06:28:37.186925,True
12518,960,695,sess_420,purchase,2025-12-04 14:20:36.240934,True
7225,674,648,sess_4200,view,2025-08-18 21:23:07.219548,True
7570,623,51,sess_4201,view,2025-09-30 13:40:39.219548,True
6889,516,57,sess_4201,add_to_cart,2026-06-02 05:18:13.216529,True
3538,870,1083,sess_4202,view,2025-08-19 17:44:35.186925,True
3371,50,310,sess_4202,view,2025-09-04 15:48:21.186925,True
7957,830,590,sess_4202,purchase,2025-09-15 23:39:22.222317,True
13904,25,460,sess_4203,view,2026-03-30 19:23:47.247953,True
14978,389,625,sess_4204,view,2026-03-06 07:14:47.253968,True
4851,607,67,sess_4205,add_to_cart,2025-08-18 05:21:21.209185,True
632,134,388,sess_4205,purchase,2025-08-21 23:23:52.181409,True
4996,778,899,sess_4205,purchase,2026-03-30 20:50:56.209185,True
11135,33,511,sess_4205,purchase,2026-04-04 13:18:29.235934,True
13640,333,265,sess_4206,view,2025-10-20 06:22:53.247953,True
5474,654,1025,sess_4206,purchase,2026-05-08 09:56:14.212022,True
10300,1062,24,sess_4206,add_to_cart,2026-05-24 11:22:07.228610,True
2624,514,694,sess_4208,view,2026-03-15 17:50:52.186925,True
9535,668,196,sess_4208,view,2026-05-16 10:02:30.228610,True
11708,620,319,sess_4210,add_to_cart,2025-08-14 21:16:54.238931,True
6618,794,578,sess_4210,purchase,2025-10-29 03:20:33.216529,True
3811,336,673,sess_4211,purchase,2025-11-30 03:54:58.195433,True
4192,690,1088,sess_4212,purchase,2025-10-14 12:37:51.199974,True
3396,976,811,sess_4212,view,2026-02-28 15:09:14.186925,True
479,34,777,sess_4213,add_to_cart,2025-09-25 18:07:19.181409,True
3771,300,999,sess_4214,add_to_cart,2025-09-20 22:09:36.195433,True
928,979,1044,sess_4214,purchase,2026-06-03 13:26:37.181409,True
14735,142,399,sess_4215,add_to_cart,2025-06-25 21:12:20.251960,True
12716,735,337,sess_4215,view,2025-10-19 08:09:17.242937,True
800,632,636,sess_4215,add_to_cart,2026-03-06 19:15:52.181409,True
1744,241,900,sess_4215,add_to_cart,2026-04-10 01:06:46.186925,True
14865,308,861,sess_4215,purchase,2026-05-15 00:44:00.253968,True
7531,246,448,sess_4216,add_to_cart,2025-07-12 05:14:27.219548,True
9726,384,883,sess_4216,view,2025-10-22 20:58:06.228610,True
14353,393,611,sess_4219,purchase,2025-07-13 08:05:10.249957,True
12044,503,723,sess_4219,view,2025-12-13 15:00:06.238931,True
3326,498,792,sess_422,purchase,2025-08-29 18:57:52.186925,True
12594,644,814,sess_422,purchase,2025-09-09 20:41:57.240934,True
66,668,213,sess_4220,purchase,2025-06-26 19:21:50.178635,True
7494,332,1063,sess_4220,purchase,2025-09-17 23:45:55.219548,True
12641,1018,866,sess_4220,view,2025-10-24 12:46:57.242937,True
12117,264,738,sess_4221,add_to_cart,2025-07-27 13:29:59.240934,True
8370,787,176,sess_4222,purchase,2025-08-10 13:06:38.224321,True
7223,1050,75,sess_4222,purchase,2025-11-08 06:01:12.219548,True
12719,366,139,sess_4222,purchase,2026-01-12 14:25:34.242937,True
4264,503,302,sess_4222,view,2026-05-29 00:52:25.199974,True
5371,1066,81,sess_4223,purchase,2025-12-25 23:15:28.212022,True
2462,23,69,sess_4224,purchase,2025-06-18 13:45:54.186925,True
8144,563,467,sess_4224,purchase,2025-12-11 16:46:01.224321,True
5151,773,787,sess_4224,view,2026-02-27 10:38:36.209185,True
7884,54,275,sess_4224,view,2026-03-29 23:17:35.222317,True
12752,1072,916,sess_4224,view,2026-05-14 06:07:12.242937,True
14291,97,1010,sess_4225,view,2025-12-03 07:40:11.249957,True
14748,280,979,sess_4225,add_to_cart,2026-01-20 15:35:49.251960,True
2083,827,645,sess_4226,add_to_cart,2025-07-08 05:18:05.186925,True
6267,255,867,sess_4226,add_to_cart,2025-11-16 02:59:56.214026,True
14048,376,873,sess_4226,add_to_cart,2026-01-09 12:05:26.247953,True
11382,740,71,sess_4226,purchase,2026-03-12 01:24:25.237113,True
11983,600,312,sess_4227,purchase,2025-07-27 07:16:56.238931,True
737,714,1079,sess_4227,purchase,2026-01-06 09:13:36.181409,True
14673,564,512,sess_4227,view,2026-04-07 11:27:55.251960,True
1743,31,350,sess_4227,purchase,2026-04-20 20:36:03.186925,True
1819,280,733,sess_4228,purchase,2025-09-29 12:24:12.186925,True
13210,692,377,sess_4229,purchase,2025-10-13 20:57:40.245946,True
2595,1046,239,sess_4229,purchase,2025-10-30 20:47:19.186925,True
8936,1090,864,sess_4229,view,2025-11-08 08:15:40.226324,True
7542,621,284,sess_423,add_to_cart,2025-12-05 13:28:22.219548,True
9711,877,877,sess_4230,add_to_cart,2025-10-11 14:28:29.228610,True
5034,465,198,sess_4230,purchase,2025-12-31 02:18:56.209185,True
8040,1043,665,sess_4230,view,2026-02-18 15:58:38.222317,True
13570,653,73,sess_4231,view,2025-07-09 17:31:20.247953,True
5302,235,546,sess_4231,view,2025-09-05 19:36:25.211509,True
7263,620,1065,sess_4232,add_to_cart,2025-11-06 06:39:38.219548,True
3859,298,265,sess_4234,view,2025-06-18 19:04:33.197951,True
1721,89,969,sess_4234,add_to_cart,2025-07-06 12:37:31.186925,True
14555,1093,831,sess_4234,add_to_cart,2025-07-17 21:29:46.249957,True
13719,308,479,sess_4235,view,2026-05-26 18:57:06.247953,True
440,964,46,sess_4236,purchase,2025-09-18 19:57:34.178635,True
9312,939,546,sess_4236,add_to_cart,2026-02-17 21:14:17.228610,True
8699,354,1057,sess_4238,add_to_cart,2025-10-24 10:02:58.226324,True
7705,544,895,sess_4238,view,2026-01-05 23:22:17.222317,True
7620,364,136,sess_4238,purchase,2026-04-08 06:44:59.222317,True
4007,1002,806,sess_424,add_to_cart,2025-12-14 00:06:11.197951,True
332,778,1080,sess_424,purchase,2026-01-05 14:09:51.178635,True
222,1056,1026,sess_4240,view,2025-08-08 05:45:32.178635,True
498,905,1029,sess_4240,view,2025-12-22 07:27:41.181409,True
14326,713,472,sess_4241,add_to_cart,2026-02-25 19:08:13.249957,True
10478,277,469,sess_4242,add_to_cart,2025-09-07 04:19:36.228610,True
1798,194,163,sess_4242,view,2025-09-30 06:07:42.186925,True
12288,650,438,sess_4242,view,2025-10-23 10:31:51.240934,True
11490,1048,804,sess_4242,purchase,2026-05-11 18:17:34.237113,True
14572,183,248,sess_4243,purchase,2026-01-17 05:19:51.249957,True
10623,600,254,sess_4243,view,2026-04-21 21:37:58.228610,True
14591,911,361,sess_4244,view,2026-03-12 06:25:28.251960,True
11107,13,325,sess_4245,view,2025-06-16 08:54:50.235934,True
7111,285,154,sess_4245,purchase,2025-08-25 18:14:42.218542,True
8693,1024,375,sess_4246,view,2026-02-17 13:02:17.226324,True
14426,1029,543,sess_4246,purchase,2026-02-25 00:48:18.249957,True
9940,718,1062,sess_4247,add_to_cart,2026-01-17 17:14:36.228610,True
6112,966,485,sess_4247,purchase,2026-04-06 10:51:08.214026,True
7293,1066,671,sess_4248,add_to_cart,2025-06-16 20:39:19.219548,True
9594,1040,354,sess_4248,add_to_cart,2025-11-19 22:54:22.228610,True
9334,385,895,sess_4248,add_to_cart,2025-12-22 13:38:56.228610,True
658,283,1012,sess_4248,add_to_cart,2026-01-01 06:38:33.181409,True
2872,208,175,sess_4249,add_to_cart,2025-09-07 14:13:08.186925,True
1712,227,1005,sess_4249,add_to_cart,2025-12-06 22:13:00.186925,True
8248,243,1026,sess_4249,add_to_cart,2026-02-15 17:00:50.224321,True
7383,866,584,sess_4249,add_to_cart,2026-04-17 02:42:41.219548,True
7294,517,383,sess_425,view,2025-11-13 04:16:54.219548,True
9454,857,261,sess_425,view,2026-03-11 01:32:34.228610,True
7391,751,757,sess_4250,purchase,2025-07-08 13:25:21.219548,True
3276,386,164,sess_4250,purchase,2025-09-22 16:17:36.186925,True
6761,954,1072,sess_4250,purchase,2026-03-20 19:42:15.216529,True
7471,655,545,sess_4251,view,2026-05-21 11:02:50.219548,True
59,16,86,sess_4252,purchase,2025-06-17 14:57:09.178635,True
8469,1067,1097,sess_4252,purchase,2025-10-13 21:55:38.224321,True
1957,924,421,sess_4252,add_to_cart,2025-10-31 07:17:11.186925,True
2583,242,968,sess_4253,view,2025-10-03 16:30:59.186925,True
8138,242,641,sess_4253,add_to_cart,2026-05-02 09:43:46.224321,True
10991,952,1048,sess_4254,view,2025-07-16 03:22:20.235934,True
13219,242,955,sess_4254,add_to_cart,2026-01-13 19:36:19.245946,True
14469,159,156,sess_4255,view,2025-09-28 08:38:24.249957,True
12279,921,476,sess_4255,purchase,2026-05-23 22:33:45.240934,True
11820,843,614,sess_4256,view,2025-08-03 14:53:24.238931,True
13263,33,59,sess_4256,view,2025-12-07 21:28:55.245946,True
14294,475,1068,sess_4256,add_to_cart,2026-06-09 13:17:59.249957,True
1929,153,890,sess_4257,purchase,2025-11-18 23:55:11.186925,True
294,741,167,sess_4257,view,2025-12-25 03:11:02.178635,True
6842,814,572,sess_4258,add_to_cart,2025-10-09 22:41:03.216529,True
4310,9,676,sess_4258,purchase,2026-04-15 02:41:31.202536,True
12707,482,353,sess_4259,purchase,2025-07-21 19:06:40.242937,True
6479,11,996,sess_426,view,2025-08-19 14:22:12.214026,True
12605,305,597,sess_426,add_to_cart,2025-12-16 12:28:09.240934,True
13450,386,920,sess_426,view,2026-03-04 05:57:22.245946,True
14904,377,18,sess_426,add_to_cart,2026-03-20 10:37:32.253968,True
13455,726,673,sess_4260,view,2026-06-10 17:37:26.245946,True
9254,620,1097,sess_4261,view,2025-09-15 17:25:30.228610,True
8983,48,119,sess_4261,purchase,2025-10-31 16:52:00.226324,True
8714,619,185,sess_4261,view,2026-02-11 11:09:52.226324,True
9884,1048,419,sess_4262,purchase,2025-06-12 11:52:07.228610,True
572,955,105,sess_4262,add_to_cart,2025-10-04 08:34:08.181409,True
12035,1066,444,sess_4262,view,2026-06-11 17:51:26.238931,True
11160,810,1018,sess_4263,add_to_cart,2025-10-01 09:52:34.235934,True
511,955,1084,sess_4263,view,2026-04-02 13:22:47.181409,True
6679,164,545,sess_4264,add_to_cart,2025-11-23 14:37:13.216529,True
10104,876,721,sess_4265,purchase,2025-08-14 16:23:33.228610,True
14029,1072,335,sess_4265,view,2025-11-03 12:36:18.247953,True
76,795,536,sess_4266,add_to_cart,2026-01-02 21:28:37.178635,True
924,947,571,sess_4266,purchase,2026-05-15 16:47:40.181409,True
9650,873,1029,sess_4267,view,2025-09-16 00:00:32.228610,True
1180,602,330,sess_4267,add_to_cart,2026-03-14 07:26:31.183414,True
3361,1040,167,sess_4267,view,2026-05-31 19:02:08.186925,True
4537,909,9,sess_4268,view,2026-05-30 01:09:54.203543,True
4457,578,453,sess_4269,add_to_cart,2026-01-24 05:09:31.203543,True
13440,898,297,sess_4269,view,2026-03-07 19:03:03.245946,True
11600,51,536,sess_427,view,2025-07-01 11:55:33.238931,True
5866,980,129,sess_427,purchase,2026-01-01 11:40:35.214026,True
9132,97,955,sess_427,purchase,2026-04-10 21:13:16.228610,True
5644,719,484,sess_427,add_to_cart,2026-06-07 17:28:22.212022,True
14891,80,132,sess_4270,add_to_cart,2025-12-23 11:52:39.253968,True
9868,361,119,sess_4271,view,2025-09-02 09:30:23.228610,True
4853,446,139,sess_4271,purchase,2026-01-12 03:41:48.209185,True
8751,177,649,sess_4272,purchase,2026-04-01 06:00:32.226324,True
13735,430,34,sess_4273,add_to_cart,2025-07-15 00:00:05.247953,True
13580,35,956,sess_4274,add_to_cart,2025-07-25 23:00:10.247953,True
3039,19,1078,sess_4274,purchase,2025-12-01 18:46:56.186925,True
5828,533,727,sess_4276,purchase,2025-12-01 15:31:47.212022,True
2151,213,273,sess_4277,view,2025-10-16 00:52:04.186925,True
10774,377,1047,sess_4278,purchase,2025-07-28 08:36:33.228610,True
540,967,640,sess_4278,add_to_cart,2025-12-09 16:45:47.181409,True
1222,490,136,sess_4278,purchase,2026-04-18 07:55:51.183414,True
10022,129,629,sess_4279,purchase,2025-09-26 07:01:31.228610,True
2264,762,696,sess_4279,add_to_cart,2025-11-18 06:15:24.186925,True
12756,59,182,sess_4279,add_to_cart,2026-02-14 11:10:14.242937,True
5887,358,1043,sess_4279,purchase,2026-05-04 15:48:29.214026,True
14045,963,1044,sess_428,view,2025-07-18 11:43:07.247953,True
616,883,372,sess_428,view,2025-10-19 15:49:33.181409,True
5722,332,492,sess_428,view,2025-12-19 11:13:45.212022,True
6710,585,749,sess_4280,view,2026-01-18 05:08:02.216529,True
3151,39,916,sess_4280,add_to_cart,2026-02-19 06:53:37.186925,True
3189,609,293,sess_4280,purchase,2026-03-12 23:06:33.186925,True
8947,790,229,sess_4280,add_to_cart,2026-04-14 11:21:46.226324,True
7768,121,497,sess_4281,purchase,2025-10-07 13:42:57.222317,True
7758,200,268,sess_4281,purchase,2025-11-25 14:58:33.222317,True
14416,957,927,sess_4282,add_to_cart,2025-08-30 00:42:03.249957,True
5157,76,663,sess_4283,add_to_cart,2026-03-06 18:39:22.209185,True
7054,677,798,sess_4283,add_to_cart,2026-04-05 17:21:13.218542,True
11510,613,451,sess_4284,purchase,2025-08-14 19:33:34.237113,True
7071,888,408,sess_4284,view,2025-08-27 09:21:38.218542,True
14829,182,399,sess_4284,purchase,2025-12-25 03:22:24.251960,True
1792,650,1011,sess_4284,add_to_cart,2026-05-23 15:30:46.186925,True
7211,185,907,sess_4285,add_to_cart,2025-08-31 13:09:30.219548,True
12320,600,402,sess_4285,purchase,2025-09-10 03:27:31.240934,True
4360,864,515,sess_4285,purchase,2025-12-24 08:32:22.203543,True
7378,319,575,sess_4286,add_to_cart,2025-12-31 18:21:35.219548,True
7197,755,520,sess_4287,view,2025-10-19 17:11:23.219548,True
6007,120,663,sess_4287,purchase,2025-12-28 00:22:25.214026,True
2215,305,729,sess_4288,view,2025-08-05 09:46:06.186925,True
8968,489,795,sess_4288,add_to_cart,2025-09-14 04:42:24.226324,True
13215,928,112,sess_429,view,2025-07-08 06:25:32.245946,True
2891,508,396,sess_429,purchase,2026-05-26 06:45:42.186925,True
5285,976,702,sess_4290,add_to_cart,2025-10-08 10:49:02.211509,True
8053,781,213,sess_4290,add_to_cart,2026-02-08 08:15:00.222317,True
8827,620,646,sess_4291,purchase,2025-08-04 01:42:03.226324,True
5109,113,264,sess_4291,purchase,2026-03-27 08:57:28.209185,True
1272,47,761,sess_4292,purchase,2025-11-11 08:40:24.183414,True
8904,148,823,sess_4292,add_to_cart,2025-12-12 18:02:04.226324,True
9187,607,310,sess_4293,add_to_cart,2025-12-14 15:41:12.228610,True
10045,943,709,sess_4293,view,2026-02-25 20:39:47.228610,True
13881,444,488,sess_4294,add_to_cart,2026-01-31 13:23:48.247953,True
12772,62,461,sess_4295,add_to_cart,2025-07-12 08:42:21.242937,True
564,812,681,sess_4295,add_to_cart,2025-07-16 10:07:55.181409,True
8990,266,965,sess_4295,add_to_cart,2025-08-19 20:32:14.226324,True
12263,187,692,sess_4295,purchase,2025-09-08 00:20:42.240934,True
1840,163,2,sess_4295,purchase,2026-03-09 19:28:24.186925,True
11836,6,1018,sess_4295,add_to_cart,2026-04-03 01:29:41.238931,True
9439,838,49,sess_4297,add_to_cart,2025-08-11 16:25:14.228610,True
2255,614,365,sess_4298,add_to_cart,2025-09-29 17:24:05.186925,True
4100,522,1021,sess_4298,purchase,2026-01-10 22:21:58.199974,True
8497,1085,303,sess_4298,purchase,2026-02-10 00:14:11.224321,True
7243,69,571,sess_4298,view,2026-02-16 16:52:07.219548,True
3715,359,117,sess_4298,view,2026-02-24 05:25:07.186925,True
9511,357,483,sess_4298,view,2026-05-21 18:39:04.228610,True
11889,822,488,sess_4299,purchase,2025-10-29 12:01:21.238931,True
1617,684,956,sess_4299,add_to_cart,2025-12-24 17:40:51.185418,True
5218,322,928,sess_4299,purchase,2026-02-26 18:45:31.209185,True
4352,375,857,sess_43,purchase,2025-08-05 13:00:43.203543,True
13049,1096,221,sess_43,view,2026-02-03 18:30:45.243940,True
9052,1077,1064,sess_430,purchase,2026-05-29 19:47:20.227826,True
3229,691,1032,sess_4300,view,2025-06-19 00:26:34.186925,True
14213,1050,159,sess_4300,add_to_cart,2026-05-06 10:59:40.249957,True
1332,771,32,sess_4302,view,2025-12-25 10:34:08.183414,True
4334,265,921,sess_4302,view,2026-01-25 17:58:52.202536,True
6021,1094,607,sess_4302,purchase,2026-03-11 12:01:57.214026,True
13617,209,111,sess_4302,purchase,2026-04-22 13:03:33.247953,True
5143,639,969,sess_4302,add_to_cart,2026-06-08 23:58:00.209185,True
6940,823,211,sess_4303,purchase,2025-06-23 00:39:14.216529,True
8002,491,61,sess_4303,add_to_cart,2026-01-19 15:48:09.222317,True
624,18,1065,sess_4303,purchase,2026-02-14 05:31:35.181409,True
8092,200,677,sess_4303,add_to_cart,2026-03-13 19:47:22.224321,True
8974,569,135,sess_4305,add_to_cart,2025-09-26 14:06:13.226324,True
12057,840,41,sess_4307,add_to_cart,2025-10-03 08:36:02.238931,True
10908,408,563,sess_4307,add_to_cart,2026-05-22 19:17:13.228610,True
11772,842,34,sess_4309,purchase,2025-11-27 00:00:02.238931,True
287,5,351,sess_4310,add_to_cart,2025-07-17 23:55:29.178635,True
2486,1014,470,sess_4310,view,2025-07-28 11:00:22.186925,True
12244,66,339,sess_4310,purchase,2025-08-16 03:45:49.240934,True
175,456,646,sess_4311,purchase,2025-08-16 17:24:18.178635,True
2021,606,754,sess_4311,purchase,2025-08-29 18:10:36.186925,True
4791,479,438,sess_4311,purchase,2026-04-22 11:56:43.209185,True
6126,837,885,sess_4312,view,2025-08-05 12:45:12.214026,True
7981,30,507,sess_4312,purchase,2025-10-08 03:11:16.222317,True
11828,257,1032,sess_4312,add_to_cart,2026-06-03 21:37:43.238931,True
7049,510,565,sess_4313,purchase,2025-08-12 01:11:45.218542,True
4697,60,771,sess_4313,add_to_cart,2025-08-12 20:20:14.207677,True
7320,759,712,sess_4314,view,2025-06-16 09:44:27.219548,True
13189,1046,625,sess_4314,add_to_cart,2025-09-18 23:11:13.245946,True
3193,852,515,sess_4314,add_to_cart,2025-10-31 20:44:41.186925,True
12543,267,855,sess_4314,purchase,2025-11-12 08:07:47.240934,True
49,828,69,sess_4315,add_to_cart,2025-08-20 02:02:52.178635,True
2930,235,162,sess_4316,view,2025-09-30 02:48:57.186925,True
12068,563,136,sess_4316,view,2026-05-21 04:15:21.238931,True
9108,930,1090,sess_4317,view,2025-09-05 03:56:03.228610,True
9512,137,892,sess_4318,add_to_cart,2025-07-02 16:37:42.228610,True
9577,686,251,sess_4318,view,2025-10-31 11:24:36.228610,True
1713,697,114,sess_4319,add_to_cart,2025-08-02 09:10:38.186925,True
6723,292,976,sess_432,add_to_cart,2025-10-12 20:45:24.216529,True
12124,489,28,sess_432,purchase,2025-12-28 05:14:12.240934,True
11359,790,1048,sess_4320,view,2025-06-17 18:13:50.237113,True
12659,842,41,sess_4320,purchase,2026-03-31 09:23:50.242937,True
468,13,395,sess_4321,view,2025-09-30 15:10:17.181409,True
14178,209,89,sess_4321,purchase,2025-12-17 09:46:26.249957,True
1788,358,773,sess_4321,view,2025-12-26 20:20:37.186925,True
13791,283,182,sess_4322,view,2026-02-10 19:13:33.247953,True
9820,1016,307,sess_4324,view,2025-09-22 08:15:28.228610,True
3712,32,1033,sess_4324,purchase,2026-01-25 21:54:45.186925,True
9858,601,360,sess_4324,add_to_cart,2026-03-29 11:15:34.228610,True
829,814,536,sess_4324,view,2026-06-07 13:55:32.181409,True
4518,1050,502,sess_4325,purchase,2026-03-22 04:58:38.203543,True
2464,531,320,sess_4325,add_to_cart,2026-05-12 10:57:51.186925,True
8338,355,57,sess_4326,purchase,2026-05-07 00:46:50.224321,True
8669,692,719,sess_4327,purchase,2025-08-28 08:04:46.226324,True
4938,228,887,sess_4327,view,2025-10-29 08:27:33.209185,True
10301,620,902,sess_4327,view,2025-11-25 22:26:23.228610,True
2915,64,1092,sess_4327,view,2026-02-22 23:03:55.186925,True
7960,930,141,sess_4327,purchase,2026-03-27 02:45:05.222317,True
3878,897,110,sess_4327,purchase,2026-04-12 09:50:15.197951,True
13530,434,176,sess_4328,view,2026-06-03 00:27:31.245946,True
5773,328,567,sess_4329,add_to_cart,2026-05-05 04:41:01.212022,True
14767,805,538,sess_433,purchase,2025-06-22 03:33:19.251960,True
3064,846,601,sess_433,add_to_cart,2025-08-05 15:45:18.186925,True
11799,980,366,sess_433,add_to_cart,2025-09-14 08:23:56.238931,True
5522,991,383,sess_433,purchase,2026-01-07 11:10:51.212022,True
3911,906,370,sess_4330,view,2025-08-23 20:53:59.197951,True
1048,613,223,sess_4330,add_to_cart,2025-12-26 09:09:05.183414,True
6421,686,1074,sess_4330,add_to_cart,2026-05-05 00:16:58.214026,True
6685,397,1014,sess_4331,view,2025-08-19 02:13:01.216529,True
2803,501,917,sess_4331,add_to_cart,2026-04-04 11:18:58.186925,True
999,528,9,sess_4332,add_to_cart,2025-06-20 00:13:03.183414,True
7117,1001,384,sess_4332,add_to_cart,2025-08-31 23:57:24.218542,True
818,684,965,sess_4332,purchase,2025-12-22 09:09:29.181409,True
14239,1024,770,sess_4332,add_to_cart,2026-02-25 11:11:45.249957,True
2495,596,601,sess_4333,purchase,2025-06-24 10:46:09.186925,True
13654,877,212,sess_4333,add_to_cart,2025-09-14 07:54:37.247953,True
11288,277,650,sess_4335,add_to_cart,2025-06-29 08:02:07.237113,True
2621,227,966,sess_4335,add_to_cart,2026-03-08 10:07:33.186925,True
11083,834,810,sess_4335,add_to_cart,2026-05-28 21:19:19.235934,True
9319,779,385,sess_4336,purchase,2025-06-29 11:19:10.228610,True
134,483,619,sess_4337,add_to_cart,2025-07-25 00:29:51.178635,True
566,759,658,sess_4337,view,2025-12-28 18:09:50.181409,True
11119,559,787,sess_4338,add_to_cart,2026-03-04 01:21:51.235934,True
13454,921,35,sess_4338,add_to_cart,2026-05-11 22:57:42.245946,True
2210,888,769,sess_4339,view,2025-07-22 08:36:15.186925,True
5036,531,689,sess_4339,view,2025-10-26 16:27:21.209185,True
4529,293,820,sess_4339,view,2025-12-30 09:39:04.203543,True
2762,508,112,sess_434,purchase,2025-11-02 06:44:45.186925,True
4891,1088,472,sess_434,view,2026-02-02 17:29:33.209185,True
8798,45,166,sess_434,view,2026-02-16 05:48:28.226324,True
9102,1041,21,sess_434,purchase,2026-03-30 14:01:32.228610,True
5357,701,811,sess_434,purchase,2026-04-15 02:15:20.212022,True
11586,700,783,sess_434,add_to_cart,2026-06-03 15:19:38.237113,True
4832,802,695,sess_4341,view,2025-06-30 20:17:32.209185,True
4936,656,1022,sess_4341,view,2025-08-14 16:14:14.209185,True
5417,623,634,sess_4341,add_to_cart,2025-08-28 18:42:01.212022,True
4346,734,315,sess_4342,add_to_cart,2025-09-22 18:44:46.203543,True
6372,542,993,sess_4342,add_to_cart,2026-01-25 02:25:34.214026,True
4232,585,788,sess_4343,view,2025-08-13 14:11:15.199974,True
13067,883,824,sess_4343,view,2026-02-21 07:29:37.243940,True
10771,904,375,sess_4343,add_to_cart,2026-03-09 00:06:50.228610,True
3533,888,755,sess_4344,purchase,2025-08-25 16:19:47.186925,True
50,1049,537,sess_4346,view,2025-08-21 10:41:52.178635,True
11546,852,410,sess_4346,view,2026-01-01 20:02:01.237113,True
6387,840,318,sess_4347,purchase,2025-06-19 06:08:15.214026,True
13643,53,391,sess_4347,purchase,2026-02-16 00:31:02.247953,True
12419,876,1071,sess_4348,purchase,2025-09-25 05:20:56.240934,True
14758,360,684,sess_4349,view,2025-08-17 21:32:14.251960,True
10106,567,1083,sess_4349,add_to_cart,2025-10-13 07:46:22.228610,True
8429,44,877,sess_4349,purchase,2026-03-09 22:05:46.224321,True
9922,865,439,sess_4349,add_to_cart,2026-06-09 00:08:29.228610,True
2235,19,128,sess_4351,add_to_cart,2025-11-01 04:17:49.186925,True
10447,117,246,sess_4351,purchase,2026-01-25 18:29:31.228610,True
9618,791,282,sess_4352,view,2025-06-20 07:37:41.228610,True
9672,264,520,sess_4352,view,2025-11-19 01:06:09.228610,True
9518,225,631,sess_4353,view,2025-07-30 05:09:35.228610,True
1901,712,309,sess_4353,add_to_cart,2025-09-06 20:20:53.186925,True
2940,445,781,sess_4355,view,2025-08-12 15:31:52.186925,True
12054,379,1060,sess_4355,view,2025-12-17 17:15:13.238931,True
14805,1053,369,sess_4355,purchase,2026-06-02 09:48:45.251960,True
461,379,936,sess_4356,view,2025-10-04 07:22:40.181409,True
14618,973,44,sess_4356,add_to_cart,2026-05-08 17:26:13.251960,True
11096,107,1054,sess_4357,add_to_cart,2025-07-15 02:26:22.235934,True
2080,583,86,sess_4357,purchase,2026-04-07 03:40:37.186925,True
10791,303,107,sess_4358,view,2025-12-23 09:11:31.228610,True
12150,26,928,sess_4358,add_to_cart,2026-04-14 17:15:52.240934,True
1193,491,1055,sess_4359,view,2025-07-12 16:09:04.183414,True
4662,925,881,sess_4359,view,2025-11-22 07:48:55.207677,True
13634,1,925,sess_4360,purchase,2026-01-10 03:58:06.247953,True
5409,375,762,sess_4360,view,2026-03-18 05:56:17.212022,True
4931,326,814,sess_4361,purchase,2025-07-30 23:58:46.209185,True
14438,890,205,sess_4362,purchase,2025-08-03 07:49:05.249957,True
7017,772,809,sess_4362,view,2025-12-15 10:36:24.218542,True
2981,715,403,sess_4363,view,2025-08-16 03:57:04.186925,True
13102,885,74,sess_4363,add_to_cart,2025-12-14 16:32:59.243940,True
6272,89,651,sess_4363,add_to_cart,2026-01-23 10:51:46.214026,True
3898,395,252,sess_4363,purchase,2026-03-21 06:41:26.197951,True
3074,568,838,sess_4364,view,2025-07-27 14:14:16.186925,True
4407,1091,864,sess_4364,add_to_cart,2026-01-18 05:28:10.203543,True
3537,247,1059,sess_4367,purchase,2026-02-12 10:20:01.186925,True
1877,278,975,sess_4367,view,2026-06-11 09:39:47.186925,True
10906,401,366,sess_4368,view,2025-07-23 17:58:42.228610,True
4746,422,487,sess_4369,add_to_cart,2025-09-05 01:39:22.209185,True
11849,374,602,sess_4369,view,2026-01-06 16:26:33.238931,True
14057,568,1057,sess_4369,add_to_cart,2026-02-06 08:33:17.249957,True
3316,126,610,sess_4369,view,2026-04-08 05:55:12.186925,True
9064,582,75,sess_437,add_to_cart,2025-07-07 16:17:41.227826,True
3752,189,961,sess_4370,purchase,2026-05-12 03:47:03.195433,True
9544,36,840,sess_4372,add_to_cart,2025-07-09 07:51:22.228610,True
132,814,738,sess_4372,add_to_cart,2025-10-24 06:45:53.178635,True
8976,1002,705,sess_4372,purchase,2026-01-04 13:12:54.226324,True
10428,1062,747,sess_4373,purchase,2025-06-16 02:52:47.228610,True
9751,46,978,sess_4373,view,2025-12-06 10:03:46.228610,True
7525,132,930,sess_4373,add_to_cart,2026-03-12 17:06:51.219548,True
7900,1085,343,sess_4374,view,2025-12-15 10:16:35.222317,True
14872,135,293,sess_4374,view,2026-02-14 05:14:23.253968,True
494,483,373,sess_4374,view,2026-06-05 19:17:12.181409,True
11064,607,119,sess_4375,view,2025-09-01 07:08:54.235934,True
1501,389,161,sess_4375,purchase,2025-10-08 15:56:51.185418,True
848,74,703,sess_4375,view,2025-10-16 00:40:59.181409,True
6416,306,72,sess_4375,view,2026-02-10 01:15:41.214026,True
306,141,796,sess_4376,purchase,2025-10-05 12:10:45.178635,True
7803,120,144,sess_4377,purchase,2025-08-15 10:47:41.222317,True
7744,333,944,sess_4377,view,2025-09-30 07:05:50.222317,True
9514,640,429,sess_4377,add_to_cart,2026-01-15 03:12:54.228610,True
9194,1043,1018,sess_4377,view,2026-05-25 02:42:36.228610,True
5384,704,417,sess_438,view,2025-07-19 04:13:45.212022,True
9160,805,830,sess_438,purchase,2025-09-24 18:53:47.228610,True
13121,451,1016,sess_438,purchase,2025-10-15 01:48:03.243940,True
13859,222,706,sess_438,view,2026-03-21 09:19:30.247953,True
5163,740,231,sess_438,add_to_cart,2026-03-27 02:54:07.209185,True
4727,985,795,sess_438,view,2026-04-16 13:27:41.207677,True
5594,701,231,sess_4380,add_to_cart,2026-02-06 17:34:43.212022,True
2211,340,80,sess_4381,purchase,2026-01-07 01:50:00.186925,True
12246,678,982,sess_4382,purchase,2026-05-12 11:28:21.240934,True
122,763,338,sess_4382,add_to_cart,2026-05-30 17:56:36.178635,True
4902,833,560,sess_4383,purchase,2026-01-23 19:47:57.209185,True
463,553,886,sess_4383,purchase,2026-03-15 04:31:38.181409,True
11018,638,983,sess_4384,view,2025-10-13 13:51:44.235934,True
14523,53,379,sess_4384,view,2026-01-24 12:22:51.249957,True
8987,390,1084,sess_4384,view,2026-03-02 10:23:16.226324,True
14534,230,709,sess_4386,view,2025-12-14 10:22:07.249957,True
13089,1071,296,sess_4386,view,2025-12-17 17:22:13.243940,True
4968,232,475,sess_4386,view,2026-05-04 07:39:45.209185,True
9474,934,550,sess_4387,add_to_cart,2025-12-26 10:20:11.228610,True
5823,434,828,sess_4387,add_to_cart,2026-05-15 00:16:31.212022,True
8103,601,202,sess_4387,purchase,2026-05-19 11:39:54.224321,True
4061,847,660,sess_4388,purchase,2025-09-09 16:08:44.199974,True
7074,868,36,sess_4389,purchase,2025-09-05 03:37:54.218542,True
9510,563,484,sess_4389,purchase,2025-10-19 05:06:31.228610,True
3310,987,265,sess_4389,add_to_cart,2025-12-26 12:59:12.186925,True
8229,758,913,sess_4389,purchase,2026-03-30 14:40:48.224321,True
807,96,78,sess_4389,purchase,2026-04-29 20:38:08.181409,True
11617,137,262,sess_439,add_to_cart,2025-08-26 10:47:27.238931,True
5200,744,156,sess_4390,view,2026-03-22 20:58:48.209185,True
7844,769,87,sess_4391,purchase,2026-03-05 13:50:59.222317,True
6676,774,448,sess_4391,add_to_cart,2026-05-15 23:51:36.216529,True
11972,965,569,sess_4392,purchase,2026-01-26 21:26:57.238931,True
947,946,799,sess_4393,purchase,2025-06-12 12:30:27.183414,True
7930,33,331,sess_4393,add_to_cart,2025-06-17 00:41:34.222317,True
3568,404,683,sess_4394,view,2025-06-25 19:42:41.186925,True
11554,575,524,sess_4394,view,2026-05-05 09:42:19.237113,True
13835,964,531,sess_4394,add_to_cart,2026-05-24 09:55:21.247953,True
10180,110,995,sess_4395,view,2025-07-26 17:25:38.228610,True
1262,357,662,sess_4395,add_to_cart,2025-09-29 04:01:06.183414,True
3910,205,659,sess_4395,purchase,2026-06-07 06:18:57.197951,True
4041,826,757,sess_4396,purchase,2025-10-10 19:28:30.197951,True
7866,586,677,sess_4396,view,2026-01-19 10:47:54.222317,True
14950,267,591,sess_4396,view,2026-02-27 13:35:14.253968,True
756,48,561,sess_4396,view,2026-06-08 00:14:12.181409,True
6401,833,221,sess_4397,add_to_cart,2026-01-18 21:05:14.214026,True
10427,974,830,sess_4398,view,2025-08-30 09:04:02.228610,True
1067,136,251,sess_4398,view,2025-11-19 19:49:06.183414,True
4404,140,578,sess_4398,purchase,2026-03-04 09:49:08.203543,True
6251,915,314,sess_44,add_to_cart,2025-07-03 20:12:00.214026,True
5965,204,117,sess_44,purchase,2025-10-12 02:09:02.214026,True
192,40,942,sess_44,add_to_cart,2025-12-03 20:03:33.178635,True
8478,321,97,sess_440,add_to_cart,2025-06-26 02:15:10.224321,True
5542,111,1036,sess_440,purchase,2025-12-11 20:05:35.212022,True
1246,1033,329,sess_4400,view,2025-10-14 18:30:55.183414,True
1551,118,979,sess_4400,view,2025-11-29 04:04:33.185418,True
3640,310,226,sess_4400,add_to_cart,2026-02-06 18:32:59.186925,True
1510,719,27,sess_4401,purchase,2026-05-10 11:21:10.185418,True
32,86,525,sess_4402,add_to_cart,2026-03-03 02:49:19.178635,True
11031,809,829,sess_4403,purchase,2026-02-07 13:51:09.235934,True
10349,551,419,sess_4405,view,2025-09-17 16:11:09.228610,True
3789,485,684,sess_4405,view,2026-03-10 21:53:49.195433,True
12678,43,985,sess_4405,add_to_cart,2026-04-10 01:20:20.242937,True
8540,818,540,sess_4405,purchase,2026-05-10 04:08:40.224321,True
3293,144,1065,sess_4405,add_to_cart,2026-06-09 17:08:33.186925,True
2782,849,808,sess_4406,view,2025-07-25 10:03:52.186925,True
4051,148,141,sess_4406,purchase,2026-03-24 09:58:05.199974,True
1028,132,461,sess_4407,add_to_cart,2025-07-19 13:07:46.183414,True
12549,138,667,sess_4408,add_to_cart,2025-07-01 02:29:45.240934,True
10192,901,696,sess_4408,view,2025-10-19 17:40:17.228610,True
801,955,348,sess_4408,add_to_cart,2026-02-16 11:08:51.181409,True
8143,726,905,sess_4409,purchase,2025-07-10 21:35:13.224321,True
6093,146,209,sess_4409,add_to_cart,2026-05-09 20:37:28.214026,True
8474,1039,760,sess_441,purchase,2025-10-07 07:30:19.224321,True
5478,651,1015,sess_4410,purchase,2025-06-11 05:57:15.212022,True
13164,776,1045,sess_4410,purchase,2025-09-14 19:52:12.245946,True
14086,347,990,sess_4410,purchase,2025-10-24 11:41:10.249957,True
3348,919,849,sess_4411,purchase,2025-06-11 14:12:42.186925,True
10088,712,897,sess_4411,purchase,2025-08-17 18:53:46.228610,True
420,982,547,sess_4411,add_to_cart,2026-06-02 07:15:55.178635,True
119,301,227,sess_4412,purchase,2025-07-29 06:24:43.178635,True
4887,252,320,sess_4412,purchase,2025-10-19 11:22:58.209185,True
6010,867,201,sess_4412,add_to_cart,2026-01-27 20:40:53.214026,True
5075,596,648,sess_4412,add_to_cart,2026-01-29 14:17:08.209185,True
14783,240,426,sess_4412,view,2026-04-09 00:54:55.251960,True
12313,567,443,sess_4412,purchase,2026-04-21 11:06:26.240934,True
6575,669,907,sess_4414,purchase,2026-02-18 13:20:30.216529,True
12255,757,231,sess_4415,add_to_cart,2025-06-19 09:01:21.240934,True
14825,982,538,sess_4415,purchase,2025-09-21 22:54:44.251960,True
1418,526,30,sess_4415,purchase,2025-10-29 09:36:11.183414,True
4776,495,665,sess_4415,add_to_cart,2026-02-03 17:55:49.209185,True
7986,542,645,sess_4415,view,2026-03-24 12:01:49.222317,True
11376,377,500,sess_4416,purchase,2026-04-12 06:42:09.237113,True
9010,910,743,sess_4417,add_to_cart,2025-11-09 13:20:47.227826,True
6512,707,677,sess_4417,purchase,2026-05-29 14:59:07.216529,True
5521,211,717,sess_4418,add_to_cart,2025-12-11 08:04:03.212022,True
7235,813,651,sess_4419,purchase,2025-08-05 04:11:00.219548,True
4270,82,761,sess_4419,add_to_cart,2025-08-09 10:55:35.199974,True
1621,359,265,sess_4419,add_to_cart,2025-12-30 03:14:48.185418,True
8139,640,592,sess_442,view,2025-06-13 02:48:22.224321,True
580,224,408,sess_442,view,2025-10-31 18:30:33.181409,True
7354,417,598,sess_442,purchase,2025-12-14 17:57:10.219548,True
9409,1099,968,sess_442,add_to_cart,2026-01-21 17:45:09.228610,True
13825,370,534,sess_4420,view,2025-06-12 08:07:41.247953,True
13925,509,157,sess_4421,purchase,2026-06-09 03:15:11.247953,True
14923,498,554,sess_4422,add_to_cart,2026-01-01 01:50:21.253968,True
11272,149,139,sess_4422,add_to_cart,2026-01-23 22:32:44.237113,True
4963,165,302,sess_4422,view,2026-01-27 17:13:43.209185,True
14460,873,1022,sess_4422,purchase,2026-02-24 00:49:44.249957,True
7363,590,939,sess_4423,purchase,2026-02-13 17:39:28.219548,True
8271,261,450,sess_4423,purchase,2026-05-29 11:46:08.224321,True
1001,1017,495,sess_4424,view,2025-06-15 10:33:43.183414,True
14312,1092,612,sess_4424,view,2025-09-03 08:26:51.249957,True
9016,1067,382,sess_4424,add_to_cart,2025-11-08 21:24:14.227826,True
4458,202,699,sess_4426,view,2025-06-23 18:50:01.203543,True
2978,991,1076,sess_4426,view,2026-01-20 23:44:25.186925,True
5979,1100,271,sess_4426,purchase,2026-04-11 15:47:04.214026,True
4620,110,258,sess_4427,view,2025-06-21 00:18:38.207677,True
13082,708,670,sess_4427,view,2026-05-02 03:35:04.243940,True
4674,215,224,sess_443,view,2025-10-10 14:13:04.207677,True
12637,212,748,sess_443,add_to_cart,2026-04-08 18:52:35.242937,True
4176,843,763,sess_443,purchase,2026-04-28 17:39:31.199974,True
11681,966,328,sess_4430,view,2026-01-29 10:47:53.238931,True
9469,777,591,sess_4430,add_to_cart,2026-03-04 09:43:27.228610,True
6983,933,1071,sess_4431,purchase,2026-03-08 05:26:01.216529,True
7106,61,874,sess_4432,purchase,2025-09-12 12:22:57.218542,True
272,18,125,sess_4432,add_to_cart,2026-02-20 06:47:25.178635,True
12656,263,1063,sess_4433,add_to_cart,2025-06-20 17:23:01.242937,True
10018,71,154,sess_4433,add_to_cart,2025-07-15 16:03:26.228610,True
9028,44,148,sess_4433,add_to_cart,2025-08-20 13:06:23.227826,True
6934,984,224,sess_4435,view,2025-08-05 18:12:30.216529,True
12153,210,310,sess_4435,add_to_cart,2025-12-28 23:01:37.240934,True
8153,701,366,sess_4435,add_to_cart,2026-06-11 16:48:34.224321,True
14128,752,914,sess_4436,purchase,2025-07-03 07:31:03.249957,True
6900,763,471,sess_4437,add_to_cart,2025-08-21 09:37:38.216529,True
1955,824,663,sess_4437,view,2026-06-06 19:55:12.186925,True
10341,180,114,sess_4438,purchase,2026-01-03 10:23:04.228610,True
2126,801,1014,sess_4439,view,2025-08-10 10:10:40.186925,True
553,805,649,sess_4439,add_to_cart,2025-10-26 11:04:32.181409,True
11623,485,493,sess_4439,add_to_cart,2026-05-21 15:38:19.238931,True
12236,1045,103,sess_444,view,2025-06-28 23:17:27.240934,True
9491,1077,454,sess_444,view,2026-05-25 08:13:50.228610,True
6560,688,1048,sess_4440,purchase,2025-11-10 18:13:17.216529,True
8930,584,613,sess_4441,purchase,2026-02-14 04:01:06.226324,True
2086,267,215,sess_4442,view,2025-11-05 15:19:43.186925,True
9368,575,256,sess_4442,purchase,2026-02-02 20:36:47.228610,True
5076,1030,207,sess_4442,add_to_cart,2026-03-27 10:53:56.209185,True
1452,24,360,sess_4444,view,2025-10-30 14:49:25.183414,True
5365,483,375,sess_4444,add_to_cart,2025-11-09 11:05:10.212022,True
7585,882,1075,sess_4445,view,2025-09-27 16:24:23.222317,True
8055,807,388,sess_4445,purchase,2026-01-02 19:07:51.222317,True
7913,114,1038,sess_4445,add_to_cart,2026-04-30 20:32:37.222317,True
1310,1087,680,sess_4446,add_to_cart,2025-06-13 10:58:22.183414,True
11980,606,779,sess_4446,view,2025-08-24 06:16:37.238931,True
1493,388,452,sess_4448,purchase,2025-08-16 11:08:07.185418,True
4889,450,651,sess_4448,purchase,2026-05-25 13:19:04.209185,True
3471,456,76,sess_4449,view,2025-08-12 04:35:57.186925,True
14707,399,292,sess_445,purchase,2025-07-23 01:31:50.251960,True
14499,29,858,sess_445,view,2025-11-17 00:21:28.249957,True
10700,745,806,sess_445,view,2026-03-30 15:41:35.228610,True
6361,14,1098,sess_4451,add_to_cart,2025-10-04 08:19:22.214026,True
6762,775,472,sess_4451,purchase,2025-11-01 13:54:52.216529,True
1939,752,192,sess_4451,add_to_cart,2026-03-12 06:53:12.186925,True
12833,893,1028,sess_4452,add_to_cart,2026-05-04 08:45:59.242937,True
9833,686,988,sess_4453,purchase,2025-08-07 00:46:09.228610,True
8739,362,301,sess_4455,view,2026-01-24 03:37:14.226324,True
814,69,970,sess_4456,view,2026-02-02 17:36:26.181409,True
8605,693,665,sess_4457,view,2025-08-29 12:30:10.224321,True
6999,1057,811,sess_4457,purchase,2025-11-11 10:09:58.216529,True
4708,861,517,sess_4458,add_to_cart,2025-06-16 20:29:56.207677,True
14543,680,424,sess_4458,view,2025-07-20 13:59:04.249957,True
12038,227,840,sess_4458,view,2026-01-24 03:51:44.238931,True
5356,760,784,sess_4458,add_to_cart,2026-03-26 16:52:40.212022,True
283,927,961,sess_4459,purchase,2025-09-09 15:27:24.178635,True
4177,900,540,sess_4459,add_to_cart,2025-09-14 22:25:58.199974,True
14301,823,871,sess_4459,add_to_cart,2026-04-21 18:56:01.249957,True
1041,549,909,sess_446,add_to_cart,2025-10-23 00:28:28.183414,True
5090,365,62,sess_446,view,2025-12-17 18:27:37.209185,True
2000,464,837,sess_446,view,2026-04-11 08:14:29.186925,True
8943,324,296,sess_4460,add_to_cart,2026-03-30 15:28:21.226324,True
14999,16,996,sess_4461,purchase,2025-09-10 03:12:33.254569,True
79,1076,555,sess_4461,add_to_cart,2026-02-24 04:37:32.178635,True
9243,646,1019,sess_4462,add_to_cart,2025-06-17 11:19:52.228610,True
13790,808,312,sess_4462,add_to_cart,2025-06-18 01:23:59.247953,True
660,395,648,sess_4464,purchase,2025-06-12 20:18:03.181409,True
5569,248,224,sess_4465,purchase,2026-01-21 06:38:05.212022,True
3066,60,364,sess_4466,view,2025-07-15 19:39:05.186925,True
5870,608,669,sess_4466,view,2025-12-21 02:01:50.214026,True
14644,1014,548,sess_4467,view,2025-07-01 21:56:28.251960,True
8624,618,247,sess_4467,purchase,2025-10-25 02:08:04.226324,True
14470,1013,110,sess_4467,add_to_cart,2026-02-15 08:51:27.249957,True
10375,765,835,sess_4467,view,2026-02-18 09:05:56.228610,True
13341,207,732,sess_4467,view,2026-03-03 22:15:41.245946,True
12414,872,968,sess_4468,purchase,2025-08-07 21:20:41.240934,True
5873,308,953,sess_4468,add_to_cart,2025-12-15 11:31:58.214026,True
14726,535,103,sess_4468,purchase,2026-03-26 09:38:13.251960,True
5842,284,147,sess_4469,purchase,2025-08-05 16:02:29.214026,True
3604,120,575,sess_4469,add_to_cart,2025-12-23 11:50:01.186925,True
14564,157,664,sess_447,purchase,2025-07-14 13:24:09.249957,True
1437,1074,332,sess_447,purchase,2025-08-11 06:13:11.183414,True
1549,757,56,sess_447,add_to_cart,2025-10-04 09:01:36.185418,True
499,329,653,sess_447,view,2025-12-17 13:45:57.181409,True
6441,632,433,sess_4471,purchase,2026-04-18 12:39:42.214026,True
12619,773,246,sess_4472,add_to_cart,2025-06-24 07:31:27.240934,True
10503,491,271,sess_4472,purchase,2025-07-29 17:09:15.228610,True
8036,582,153,sess_4472,purchase,2025-12-22 13:19:59.222317,True
12984,185,858,sess_4473,view,2025-11-20 16:07:00.243940,True
5081,237,348,sess_4473,view,2026-06-07 18:05:06.209185,True
10233,221,829,sess_4474,add_to_cart,2026-05-15 15:28:32.228610,True
13776,72,230,sess_4475,purchase,2026-03-09 12:18:54.247953,True
11736,859,744,sess_4476,view,2025-09-05 13:14:54.238931,True
4725,37,787,sess_4477,purchase,2025-09-14 00:43:37.207677,True
11283,702,13,sess_4477,add_to_cart,2025-09-26 08:34:54.237113,True
6510,130,865,sess_4477,purchase,2025-11-09 17:22:49.216529,True
11290,756,847,sess_4478,add_to_cart,2025-12-31 10:56:48.237113,True
12477,127,628,sess_4479,view,2025-12-05 16:21:03.240934,True
2376,625,987,sess_448,purchase,2025-09-04 18:34:42.186925,True
12818,1086,597,sess_448,add_to_cart,2025-10-24 22:45:59.242937,True
5149,272,517,sess_448,add_to_cart,2025-11-20 23:01:48.209185,True
689,3,731,sess_448,view,2026-01-26 23:18:12.181409,True
12459,202,810,sess_4480,purchase,2025-08-09 02:55:42.240934,True
8115,661,646,sess_4481,view,2025-06-15 18:24:57.224321,True
14138,583,75,sess_4481,add_to_cart,2026-02-07 17:14:49.249957,True
942,274,1002,sess_4481,view,2026-02-15 22:27:00.181409,True
14852,82,497,sess_4481,purchase,2026-05-08 01:12:57.251960,True
13511,324,706,sess_4482,add_to_cart,2025-12-22 23:07:05.245946,True
13987,633,832,sess_4482,view,2026-04-10 07:41:28.247953,True
10148,422,182,sess_4483,add_to_cart,2025-09-08 23:07:34.228610,True
2868,927,87,sess_4483,view,2025-11-20 19:30:42.186925,True
10414,500,825,sess_4483,purchase,2026-03-04 08:32:22.228610,True
10377,181,976,sess_4484,add_to_cart,2025-10-09 12:08:34.228610,True
11652,496,125,sess_4484,add_to_cart,2025-12-02 15:02:52.238931,True
14750,1045,512,sess_4484,add_to_cart,2026-02-10 10:57:05.251960,True
10235,290,451,sess_4484,purchase,2026-02-10 17:53:58.228610,True
6995,876,493,sess_4484,view,2026-04-07 21:28:43.216529,True
14084,497,1011,sess_4485,view,2026-01-28 13:24:58.249957,True
9475,1092,955,sess_4485,view,2026-04-19 16:48:05.228610,True
523,677,99,sess_4487,purchase,2025-09-08 21:15:51.181409,True
14220,393,1097,sess_4487,view,2025-09-15 05:43:22.249957,True
7636,26,462,sess_4487,purchase,2026-06-05 07:01:45.222317,True
7178,74,590,sess_4488,view,2025-11-22 05:00:46.218542,True
8647,873,149,sess_4488,purchase,2025-11-26 14:32:43.226324,True
4846,585,697,sess_4488,purchase,2026-01-07 01:36:51.209185,True
3780,388,103,sess_4489,purchase,2025-08-11 09:55:01.195433,True
2525,259,235,sess_4489,add_to_cart,2025-10-21 19:37:21.186925,True
9509,668,510,sess_449,view,2026-01-25 22:10:11.228610,True
320,998,396,sess_449,purchase,2026-04-28 17:15:29.178635,True
905,271,881,sess_4491,purchase,2025-07-08 10:39:37.181409,True
5252,408,1038,sess_4492,purchase,2025-07-31 02:03:10.211509,True
12802,295,37,sess_4492,add_to_cart,2026-04-29 19:54:56.242937,True
5888,725,627,sess_4493,purchase,2025-07-18 08:03:27.214026,True
7876,1079,520,sess_4494,view,2025-12-12 01:16:49.222317,True
13106,1055,116,sess_4494,add_to_cart,2026-01-24 17:37:32.243940,True
2007,95,312,sess_4494,view,2026-02-02 22:38:19.186925,True
6315,297,63,sess_4494,purchase,2026-04-22 19:20:55.214026,True
5999,732,149,sess_4494,add_to_cart,2026-05-19 09:25:27.214026,True
145,154,844,sess_4495,purchase,2025-09-29 01:41:21.178635,True
5695,514,1068,sess_4495,view,2025-10-21 06:12:02.212022,True
5055,1093,983,sess_4495,add_to_cart,2025-12-09 07:08:21.209185,True
600,151,817,sess_4495,purchase,2026-01-03 08:30:56.181409,True
8217,200,778,sess_4495,purchase,2026-03-03 06:05:34.224321,True
5069,234,447,sess_4495,add_to_cart,2026-04-15 05:07:15.209185,True
3156,258,839,sess_4496,view,2026-01-15 02:22:19.186925,True
1232,409,727,sess_4496,view,2026-03-01 00:06:25.183414,True
93,451,574,sess_4497,add_to_cart,2025-08-27 11:09:58.178635,True
13177,945,392,sess_4497,add_to_cart,2026-03-22 13:44:14.245946,True
1704,974,636,sess_4498,add_to_cart,2025-10-06 08:36:37.185418,True
12564,644,302,sess_4498,purchase,2026-01-31 10:31:06.240934,True
5993,585,877,sess_4499,view,2026-04-03 18:56:34.214026,True
11778,823,231,sess_450,view,2026-04-29 21:32:20.238931,True
9647,65,698,sess_4500,view,2025-09-29 02:28:12.228610,True
6143,701,676,sess_4500,add_to_cart,2025-12-14 07:25:19.214026,True
11508,1039,31,sess_4500,add_to_cart,2026-05-21 23:36:25.237113,True
13191,142,133,sess_4501,add_to_cart,2025-10-14 21:11:06.245946,True
11851,602,389,sess_4501,purchase,2026-05-03 16:10:34.238931,True
10742,945,137,sess_4502,add_to_cart,2026-01-10 05:03:03.228610,True
4090,468,361,sess_4503,add_to_cart,2025-06-27 11:34:38.199974,True
661,656,160,sess_4503,add_to_cart,2025-08-02 15:47:51.181409,True
4827,822,157,sess_4504,add_to_cart,2026-02-04 01:22:03.209185,True
10384,462,442,sess_4505,add_to_cart,2025-08-04 12:43:37.228610,True
7892,1040,122,sess_4505,view,2025-10-16 14:39:19.222317,True
8137,1003,167,sess_4505,purchase,2026-01-04 03:22:40.224321,True
11748,817,759,sess_4505,add_to_cart,2026-02-21 09:31:45.238931,True
9951,776,221,sess_4506,add_to_cart,2025-07-16 16:46:01.228610,True
10841,576,734,sess_4506,purchase,2026-05-27 12:00:49.228610,True
11869,117,689,sess_4507,view,2025-08-28 06:20:18.238931,True
5313,905,723,sess_4508,add_to_cart,2025-07-15 15:26:18.211509,True
6855,293,441,sess_4509,add_to_cart,2025-10-07 10:01:26.216529,True
13517,1088,205,sess_4509,purchase,2025-12-05 22:30:56.245946,True
13672,375,452,sess_4509,purchase,2026-02-15 02:47:06.247953,True
850,212,708,sess_4509,add_to_cart,2026-02-18 00:40:10.181409,True
11840,363,240,sess_451,add_to_cart,2025-06-26 07:37:07.238931,True
7129,149,598,sess_451,view,2026-06-04 06:50:55.218542,True
1661,470,320,sess_4510,purchase,2025-12-25 09:14:01.185418,True
11812,1034,131,sess_4510,view,2026-01-24 14:04:51.238931,True
2876,792,190,sess_4512,add_to_cart,2025-08-13 19:56:25.186925,True
13016,373,146,sess_4514,add_to_cart,2026-06-11 18:29:07.243940,True
8084,274,544,sess_4515,view,2025-08-07 14:15:27.222317,True
8396,499,95,sess_4515,purchase,2025-08-19 11:10:35.224321,True
4421,390,204,sess_4515,view,2025-11-23 22:22:44.203543,True
10246,398,497,sess_4515,add_to_cart,2026-01-27 06:58:41.228610,True
4967,74,655,sess_4516,add_to_cart,2025-10-16 19:41:32.209185,True
9271,493,805,sess_4516,view,2025-12-11 18:24:10.228610,True
10084,897,840,sess_4517,add_to_cart,2026-01-30 09:43:08.228610,True
7161,622,629,sess_4517,add_to_cart,2026-05-07 07:21:03.218542,True
6595,787,513,sess_4519,view,2025-07-12 00:06:25.216529,True
6016,994,687,sess_4519,purchase,2025-09-25 18:46:34.214026,True
7602,841,979,sess_4519,purchase,2026-03-24 20:00:10.222317,True
11636,975,263,sess_452,add_to_cart,2025-07-21 13:49:10.238931,True
7324,376,1032,sess_452,add_to_cart,2025-12-08 04:30:08.219548,True
6330,255,533,sess_4520,purchase,2025-07-03 01:17:17.214026,True
952,651,929,sess_4520,add_to_cart,2026-04-09 12:20:19.183414,True
6328,921,201,sess_4521,view,2026-06-11 15:55:21.214026,True
13140,541,708,sess_4522,add_to_cart,2025-06-27 13:06:04.245946,True
11475,929,953,sess_4522,view,2025-09-05 12:52:34.237113,True
13260,602,270,sess_4523,purchase,2026-02-24 00:30:53.245946,True
1069,596,426,sess_4523,view,2026-06-07 12:15:38.183414,True
1639,267,394,sess_4525,add_to_cart,2026-04-09 09:39:12.185418,True
12820,461,215,sess_4526,view,2025-10-21 06:10:09.242937,True
2669,288,890,sess_4526,add_to_cart,2025-10-27 15:18:53.186925,True
8369,323,924,sess_4526,add_to_cart,2026-03-07 02:10:15.224321,True
9390,9,1074,sess_4527,view,2025-09-16 14:35:12.228610,True
13090,980,121,sess_4529,view,2025-09-09 16:23:50.243940,True
9127,621,377,sess_453,add_to_cart,2026-04-09 15:32:08.228610,True
7725,1072,782,sess_453,view,2026-04-13 16:02:58.222317,True
4613,996,178,sess_4530,add_to_cart,2026-06-06 17:43:43.207677,True
10208,265,361,sess_4531,add_to_cart,2025-06-20 23:08:30.228610,True
8226,100,830,sess_4532,purchase,2025-10-13 12:55:42.224321,True
4615,685,815,sess_4532,purchase,2025-12-04 00:01:00.207677,True
4384,622,192,sess_4533,view,2025-09-04 00:21:53.203543,True
12753,1002,1051,sess_4533,view,2025-10-14 09:42:44.242937,True
3128,464,686,sess_4534,view,2026-01-08 11:30:54.186925,True
10176,701,409,sess_4534,view,2026-03-31 22:12:35.228610,True
9149,534,402,sess_4536,view,2025-08-01 18:10:49.228610,True
12485,317,727,sess_4536,view,2025-09-10 06:08:53.240934,True
10371,402,182,sess_4536,purchase,2025-12-08 07:49:09.228610,True
4168,523,45,sess_4537,purchase,2025-08-20 05:49:11.199974,True
7673,582,409,sess_4538,add_to_cart,2025-06-22 02:19:46.222317,True
7680,223,346,sess_4539,purchase,2026-02-03 23:29:42.222317,True
6408,400,711,sess_454,view,2025-11-06 14:03:31.214026,True
9156,42,439,sess_4541,view,2026-03-29 22:32:13.228610,True
6706,105,32,sess_4542,add_to_cart,2025-12-04 01:19:24.216529,True
11236,971,885,sess_4542,view,2026-06-04 14:59:21.237113,True
2744,965,608,sess_4543,purchase,2025-08-09 22:32:44.186925,True
11231,329,552,sess_4543,purchase,2025-09-20 12:12:40.237113,True
2076,1048,980,sess_4543,purchase,2025-10-02 23:05:04.186925,True
9910,483,198,sess_4543,view,2026-04-09 14:39:42.228610,True
7601,434,856,sess_4544,purchase,2025-08-11 23:36:07.222317,True
7485,789,197,sess_4544,add_to_cart,2026-05-11 11:20:05.219548,True
13851,708,821,sess_4545,purchase,2025-08-18 20:07:35.247953,True
1978,253,742,sess_4546,view,2025-11-01 22:08:14.186925,True
10655,286,367,sess_4546,add_to_cart,2026-05-12 12:19:54.228610,True
3826,792,659,sess_4547,view,2025-07-03 19:50:56.195433,True
3846,128,815,sess_4547,view,2026-03-12 00:58:51.197951,True
1348,873,644,sess_4548,purchase,2026-03-01 06:32:35.183414,True
190,506,249,sess_4549,view,2026-03-25 03:52:36.178635,True
1331,14,342,sess_4549,view,2026-04-12 13:30:47.183414,True
3749,41,872,sess_455,add_to_cart,2026-02-09 14:42:52.195433,True
7166,375,526,sess_455,view,2026-04-08 04:20:01.218542,True
13707,341,932,sess_455,add_to_cart,2026-05-31 16:20:01.247953,True
2722,541,825,sess_4551,view,2025-10-18 06:18:16.186925,True
1442,111,846,sess_4551,view,2025-10-24 14:18:43.183414,True
3093,82,52,sess_4551,add_to_cart,2026-01-13 21:22:23.186925,True
13658,459,1097,sess_4552,purchase,2026-02-26 02:12:18.247953,True
5978,597,437,sess_4553,purchase,2025-11-15 15:20:31.214026,True
10000,103,545,sess_4553,view,2025-12-02 10:06:24.228610,True
12372,440,757,sess_4554,add_to_cart,2025-07-12 21:06:36.240934,True
5863,552,393,sess_4554,view,2025-11-20 19:44:10.214026,True
12092,1018,901,sess_4554,view,2025-12-24 08:25:40.238931,True
14066,1014,926,sess_4554,purchase,2026-03-22 10:33:08.249957,True
3440,358,734,sess_4555,purchase,2025-07-31 10:16:04.186925,True
1719,784,17,sess_4556,add_to_cart,2025-11-16 00:14:11.186925,True
11264,255,523,sess_4556,purchase,2026-01-11 18:05:29.237113,True
6369,873,991,sess_4556,view,2026-02-04 06:33:48.214026,True
5495,770,838,sess_4557,view,2025-10-29 12:35:11.212022,True
7831,304,1044,sess_4557,purchase,2026-01-08 20:00:57.222317,True
2380,32,142,sess_4557,purchase,2026-04-26 09:26:42.186925,True
14612,135,1030,sess_4557,view,2026-06-11 13:43:56.251960,True
9844,701,943,sess_4558,purchase,2026-01-18 03:56:25.228610,True
7015,37,192,sess_4558,add_to_cart,2026-04-28 23:13:00.218542,True
11079,511,856,sess_4559,view,2025-07-30 14:46:20.235934,True
14067,242,926,sess_456,view,2025-12-07 15:51:54.249957,True
3446,895,321,sess_4560,view,2025-08-04 05:00:45.186925,True
8806,684,926,sess_4560,add_to_cart,2025-12-07 21:19:08.226324,True
14283,223,625,sess_4560,view,2026-05-11 02:17:14.249957,True
2099,222,387,sess_4561,add_to_cart,2025-07-21 08:29:30.186925,True
2016,1040,805,sess_4561,purchase,2026-04-15 02:46:45.186925,True
13234,313,10,sess_4561,add_to_cart,2026-05-11 07:58:18.245946,True
6662,946,838,sess_4562,add_to_cart,2026-05-10 03:28:49.216529,True
12374,113,1028,sess_4563,purchase,2025-06-15 16:16:02.240934,True
10532,554,899,sess_4563,view,2025-10-02 15:03:37.228610,True
587,465,376,sess_4564,view,2025-09-07 03:38:30.181409,True
7125,283,644,sess_4564,view,2025-11-18 22:27:17.218542,True
4522,59,1042,sess_4564,purchase,2025-11-22 04:23:03.203543,True
4491,941,958,sess_4564,purchase,2025-12-30 04:42:00.203543,True
9222,599,392,sess_4565,view,2026-06-06 18:19:33.228610,True
5097,802,310,sess_4566,purchase,2025-10-04 09:33:18.209185,True
5799,85,899,sess_4566,add_to_cart,2025-12-09 08:29:10.212022,True
9088,433,405,sess_4567,add_to_cart,2026-01-07 04:32:06.227826,True
3124,672,533,sess_4567,purchase,2026-03-29 22:46:18.186925,True
9221,951,888,sess_4568,purchase,2025-09-17 01:32:42.228610,True
4873,463,255,sess_4568,purchase,2025-09-29 14:37:52.209185,True
5470,46,549,sess_4568,purchase,2026-03-19 01:38:15.212022,True
3256,70,478,sess_4569,add_to_cart,2025-11-29 07:27:40.186925,True
12819,756,477,sess_4569,purchase,2026-03-25 07:37:32.242937,True
1815,118,39,sess_457,add_to_cart,2026-03-13 16:03:55.186925,True
4089,769,542,sess_457,purchase,2026-05-02 01:29:04.199974,True
10409,74,396,sess_4570,purchase,2025-08-20 22:52:31.228610,True
8288,435,155,sess_4570,add_to_cart,2025-10-04 09:11:32.224321,True
12290,823,18,sess_4570,purchase,2026-02-08 18:37:40.240934,True
5880,369,1071,sess_4570,view,2026-04-04 23:44:04.214026,True
3219,552,167,sess_4571,add_to_cart,2025-09-26 14:31:53.186925,True
2860,732,157,sess_4571,view,2025-12-17 13:46:51.186925,True
9547,796,982,sess_4571,purchase,2026-02-26 08:25:56.228610,True
10356,611,147,sess_4571,add_to_cart,2026-03-04 15:34:39.228610,True
922,670,809,sess_4571,purchase,2026-06-03 14:32:33.181409,True
10093,891,107,sess_4572,purchase,2026-05-26 11:48:33.228610,True
7615,998,669,sess_4573,add_to_cart,2025-06-25 21:03:55.222317,True
12811,1040,408,sess_4573,view,2025-08-24 14:30:10.242937,True
6404,424,656,sess_4573,purchase,2025-08-27 19:41:44.214026,True
3875,604,1007,sess_4574,purchase,2025-07-09 13:04:09.197951,True
8645,933,1014,sess_4574,view,2025-07-22 17:39:39.226324,True
10033,486,932,sess_4575,purchase,2026-04-29 02:22:45.228610,True
3483,98,901,sess_4576,view,2025-08-14 04:20:57.186925,True
4482,119,485,sess_4576,purchase,2026-02-25 02:32:55.203543,True
1386,35,602,sess_4577,view,2025-11-23 03:00:08.183414,True
9455,963,584,sess_4577,add_to_cart,2025-12-16 09:36:09.228610,True
4757,900,253,sess_4580,add_to_cart,2026-02-15 12:07:47.209185,True
1265,728,1001,sess_4580,purchase,2026-05-28 12:58:51.183414,True
6745,188,278,sess_4581,view,2025-07-10 23:30:44.216529,True
13007,730,618,sess_4581,add_to_cart,2026-04-04 15:01:48.243940,True
11934,338,403,sess_4581,add_to_cart,2026-04-18 18:30:41.238931,True
419,1005,744,sess_4582,view,2025-07-22 08:03:25.178635,True
9915,828,906,sess_4582,add_to_cart,2025-07-22 11:11:48.228610,True
542,136,985,sess_4582,view,2025-11-24 20:42:08.181409,True
12397,198,478,sess_4583,view,2026-01-20 11:21:28.240934,True
9864,578,1088,sess_4583,view,2026-03-24 04:13:04.228610,True
12569,939,528,sess_4584,purchase,2025-09-03 21:13:15.240934,True
1083,43,764,sess_4584,add_to_cart,2025-09-21 21:25:10.183414,True
7394,63,938,sess_4584,add_to_cart,2026-03-05 17:40:09.219548,True
11969,1080,237,sess_4584,purchase,2026-03-19 02:54:22.238931,True
10133,909,272,sess_4585,view,2025-08-26 02:50:41.228610,True
7305,268,914,sess_4585,add_to_cart,2026-03-12 17:20:44.219548,True
4707,310,683,sess_4585,purchase,2026-04-03 08:18:17.207677,True
9770,521,362,sess_4586,purchase,2025-07-01 09:43:18.228610,True
8587,352,665,sess_4586,add_to_cart,2025-09-01 07:18:57.224321,True
13072,59,586,sess_4586,view,2025-09-19 20:16:44.243940,True
12590,706,991,sess_4586,view,2025-11-28 17:46:20.240934,True
2539,79,675,sess_4586,purchase,2026-03-02 22:08:17.186925,True
7783,40,813,sess_4587,add_to_cart,2026-02-26 22:42:35.222317,True
13354,283,268,sess_4587,purchase,2026-05-28 14:16:30.245946,True
6085,588,987,sess_4589,add_to_cart,2026-01-26 22:31:19.214026,True
5453,78,166,sess_459,purchase,2025-07-29 00:56:50.212022,True
11447,623,14,sess_459,view,2025-11-02 22:37:00.237113,True
12144,241,788,sess_459,add_to_cart,2026-04-15 12:19:46.240934,True
6708,922,336,sess_4590,view,2025-06-11 15:23:10.216529,True
5124,479,718,sess_4590,purchase,2025-06-21 21:15:59.209185,True
5340,96,986,sess_4590,purchase,2025-09-14 19:03:22.212022,True
1097,131,167,sess_4590,view,2025-10-24 19:41:55.183414,True
1293,863,659,sess_4591,purchase,2025-11-21 12:33:25.183414,True
1071,830,550,sess_4592,add_to_cart,2026-05-19 12:26:47.183414,True
12256,189,263,sess_4593,view,2025-08-02 08:38:26.240934,True
5840,828,846,sess_4594,purchase,2025-08-25 10:39:23.214026,True
5010,204,607,sess_4595,purchase,2026-01-19 18:06:35.209185,True
7421,512,1099,sess_4596,add_to_cart,2025-10-18 04:50:59.219548,True
3121,836,411,sess_4597,purchase,2025-08-10 22:56:01.186925,True
2515,14,360,sess_4597,view,2025-11-25 04:34:27.186925,True
1570,95,725,sess_4597,purchase,2026-03-04 15:29:29.185418,True
12990,489,420,sess_4597,purchase,2026-03-12 08:58:52.243940,True
6165,280,42,sess_4598,add_to_cart,2025-07-29 06:40:46.214026,True
3682,936,282,sess_4598,purchase,2026-02-04 13:56:17.186925,True
6655,84,1021,sess_46,purchase,2025-07-03 04:08:59.216529,True
261,1049,96,sess_46,purchase,2025-09-05 08:26:13.178635,True
9120,952,581,sess_46,view,2026-05-15 07:10:32.228610,True
10926,720,708,sess_460,view,2026-01-14 07:51:36.228610,True
3105,929,599,sess_460,add_to_cart,2026-01-25 20:33:45.186925,True
2328,550,317,sess_4600,add_to_cart,2025-10-30 11:59:47.186925,True
104,98,99,sess_4600,purchase,2025-12-16 15:39:08.178635,True
13135,479,907,sess_4600,add_to_cart,2026-05-30 01:36:18.245946,True
4856,598,946,sess_4601,add_to_cart,2025-06-26 03:38:33.209185,True
923,57,167,sess_4601,purchase,2025-07-24 05:05:54.181409,True
3291,509,681,sess_4602,purchase,2026-04-14 10:32:26.186925,True
7858,855,785,sess_4603,view,2026-02-06 22:59:16.222317,True
12323,171,258,sess_4604,view,2025-12-31 20:28:23.240934,True
1005,735,837,sess_4605,add_to_cart,2025-08-19 10:25:26.183414,True
4999,780,456,sess_4605,purchase,2026-04-04 21:17:40.209185,True
7548,549,915,sess_4605,view,2026-06-04 02:40:47.219548,True
1195,614,865,sess_4607,view,2025-07-19 01:38:51.183414,True
3933,636,640,sess_4607,view,2025-09-08 23:19:25.197951,True
3531,574,155,sess_4607,add_to_cart,2025-09-23 01:35:03.186925,True
2524,241,180,sess_4608,purchase,2025-10-09 21:17:08.186925,True
2780,436,634,sess_4609,view,2025-09-12 11:19:44.186925,True
1902,945,847,sess_4609,purchase,2025-12-20 16:28:36.186925,True
14632,227,1025,sess_4609,purchase,2026-02-22 13:35:20.251960,True
1586,144,206,sess_461,purchase,2026-01-01 23:57:11.185418,True
7097,784,1060,sess_4610,view,2026-06-10 01:30:07.218542,True
3150,735,869,sess_4610,view,2026-06-10 05:19:02.186925,True
8921,3,449,sess_4611,purchase,2026-02-03 03:23:53.226324,True
13312,382,803,sess_4611,purchase,2026-04-04 13:30:58.245946,True
6244,1093,265,sess_4611,view,2026-04-13 05:19:55.214026,True
7171,612,375,sess_4611,purchase,2026-04-16 03:43:23.218542,True
2504,474,509,sess_4611,view,2026-05-29 07:03:34.186925,True
2278,962,137,sess_4612,view,2025-06-28 03:55:19.186925,True
13750,913,428,sess_4612,add_to_cart,2025-12-27 16:02:44.247953,True
821,283,961,sess_4612,add_to_cart,2026-01-01 13:56:51.181409,True
11832,319,439,sess_4613,add_to_cart,2025-06-20 06:50:25.238931,True
12007,391,242,sess_4614,view,2025-07-14 00:05:29.238931,True
6049,64,1009,sess_4615,add_to_cart,2025-09-27 02:01:59.214026,True
447,744,339,sess_4615,view,2025-10-06 06:46:04.181409,True
2835,875,256,sess_4615,add_to_cart,2026-04-05 21:34:40.186925,True
1342,451,274,sess_4616,view,2025-11-04 15:04:32.183414,True
8874,1037,899,sess_4616,purchase,2026-04-30 06:30:14.226324,True
1827,639,293,sess_4616,add_to_cart,2026-06-04 15:38:01.186925,True
1855,854,364,sess_4617,view,2025-06-29 21:21:22.186925,True
8924,1083,991,sess_4617,purchase,2026-03-12 05:16:31.226324,True
11905,333,866,sess_4618,purchase,2025-06-11 03:06:28.238931,True
4692,873,767,sess_4618,add_to_cart,2025-12-13 05:00:07.207677,True
13300,763,717,sess_4619,view,2025-06-27 15:33:46.245946,True
9189,626,466,sess_4619,add_to_cart,2025-10-29 19:36:56.228610,True
3271,179,663,sess_4619,view,2026-04-04 02:01:11.186925,True
7185,500,504,sess_462,view,2025-08-21 16:53:01.218542,True
4290,152,854,sess_462,view,2025-10-02 03:07:21.202536,True
2964,222,906,sess_4620,view,2025-10-16 02:58:04.186925,True
10288,109,170,sess_4620,view,2025-11-24 15:22:17.228610,True
6345,402,471,sess_4620,add_to_cart,2026-01-01 22:47:18.214026,True
12577,774,191,sess_4621,purchase,2025-07-13 01:05:41.240934,True
1563,819,698,sess_4621,purchase,2026-02-04 21:10:15.185418,True
6115,619,196,sess_4623,add_to_cart,2025-10-01 18:24:32.214026,True
11458,234,713,sess_4623,purchase,2026-03-12 10:59:18.237113,True
3886,532,690,sess_4623,add_to_cart,2026-03-28 21:10:49.197951,True
14540,241,840,sess_4624,purchase,2025-10-02 22:50:23.249957,True
1658,737,874,sess_4624,add_to_cart,2026-02-10 05:07:15.185418,True
10151,220,11,sess_4625,view,2025-08-13 11:02:26.228610,True
13281,524,251,sess_4625,view,2026-02-16 12:19:07.245946,True
1803,432,216,sess_4626,view,2026-03-20 03:14:10.186925,True
10493,171,214,sess_4626,view,2026-05-11 22:23:45.228610,True
2679,1088,796,sess_4627,add_to_cart,2025-07-13 03:33:12.186925,True
4454,110,951,sess_4627,view,2025-09-23 03:48:01.203543,True
9438,250,551,sess_4627,view,2026-03-17 07:58:05.228610,True
13675,108,527,sess_4627,purchase,2026-04-14 00:29:30.247953,True
8048,258,526,sess_4628,add_to_cart,2025-07-16 03:01:58.222317,True
12413,594,832,sess_4629,add_to_cart,2025-11-14 05:44:38.240934,True
13531,1031,609,sess_4629,view,2025-12-31 03:14:01.245946,True
13370,594,602,sess_4629,view,2026-03-09 21:42:08.245946,True
3565,732,783,sess_463,add_to_cart,2025-09-27 11:45:01.186925,True
12137,960,668,sess_463,add_to_cart,2025-12-28 07:08:02.240934,True
10785,663,916,sess_4630,view,2025-08-10 08:53:47.228610,True
5179,833,1087,sess_4630,purchase,2025-09-02 09:37:36.209185,True
14473,919,328,sess_4630,purchase,2025-09-26 08:24:57.249957,True
785,217,418,sess_4631,purchase,2025-06-22 09:01:23.181409,True
7595,935,316,sess_4631,add_to_cart,2026-01-22 23:36:43.222317,True
10378,1100,319,sess_4631,add_to_cart,2026-02-21 22:24:13.228610,True
13768,477,813,sess_4632,purchase,2025-09-29 22:18:45.247953,True
10717,979,381,sess_4632,add_to_cart,2026-06-02 09:31:55.228610,True
13669,470,701,sess_4634,purchase,2025-10-21 05:26:24.247953,True
2295,20,278,sess_4634,add_to_cart,2026-04-25 11:00:32.186925,True
3427,189,752,sess_4636,view,2026-04-26 18:26:03.186925,True
9757,979,439,sess_4636,view,2026-05-09 02:38:36.228610,True
10361,882,130,sess_4637,view,2025-10-15 02:17:31.228610,True
10083,875,772,sess_4638,view,2025-07-19 16:41:42.228610,True
13070,283,92,sess_4638,purchase,2025-09-18 22:47:59.243940,True
1981,380,508,sess_4638,purchase,2025-12-11 11:56:56.186925,True
9654,592,442,sess_4638,purchase,2025-12-21 18:19:33.228610,True
8313,401,163,sess_4638,view,2026-02-07 11:25:50.224321,True
7359,210,492,sess_4639,view,2025-11-15 23:40:05.219548,True
10064,436,233,sess_4639,purchase,2026-02-12 23:45:28.228610,True
1070,47,599,sess_4639,purchase,2026-02-24 22:38:12.183414,True
3679,371,283,sess_464,view,2025-10-05 10:50:06.186925,True
12743,596,687,sess_464,purchase,2026-01-27 05:23:03.242937,True
13629,674,1100,sess_4640,purchase,2026-02-25 20:46:56.247953,True
6888,1060,1026,sess_4641,purchase,2025-07-26 16:59:10.216529,True
9773,161,364,sess_4641,view,2026-01-31 14:45:36.228610,True
14832,370,99,sess_4641,view,2026-04-12 09:09:51.251960,True
7126,536,691,sess_4641,add_to_cart,2026-06-08 04:06:42.218542,True
9842,206,440,sess_4642,add_to_cart,2025-10-13 20:03:26.228610,True
3626,617,259,sess_4642,view,2026-03-03 06:01:25.186925,True
14965,549,106,sess_4643,view,2026-06-01 19:13:57.253968,True
8342,697,1027,sess_4644,purchase,2025-06-30 16:37:01.224321,True
9025,65,73,sess_4644,view,2025-11-18 20:49:20.227826,True
5990,359,33,sess_4645,purchase,2025-07-05 09:16:57.214026,True
13058,1003,814,sess_4645,view,2026-02-05 13:40:18.243940,True
10362,850,774,sess_4646,purchase,2025-12-10 15:34:40.228610,True
115,885,940,sess_4647,add_to_cart,2025-11-02 04:37:00.178635,True
5742,892,84,sess_4648,add_to_cart,2025-08-05 23:05:43.212022,True
3089,139,920,sess_4648,view,2025-12-02 06:30:43.186925,True
8008,327,694,sess_4649,view,2026-02-13 06:16:35.222317,True
2436,275,579,sess_465,purchase,2025-10-03 19:40:03.186925,True
13338,578,147,sess_465,view,2026-02-28 01:21:31.245946,True
750,57,481,sess_465,purchase,2026-03-30 03:36:59.181409,True
1398,320,341,sess_4650,purchase,2025-09-02 20:49:39.183414,True
4178,479,206,sess_4650,purchase,2026-06-01 20:19:16.199974,True
10525,392,1049,sess_4651,purchase,2025-07-31 05:20:48.228610,True
8465,310,462,sess_4651,view,2026-02-13 01:18:36.224321,True
13032,700,108,sess_4651,view,2026-04-07 05:09:17.243940,True
12175,837,931,sess_4652,view,2025-07-05 22:46:53.240934,True
1993,1096,173,sess_4652,view,2025-12-15 22:26:15.186925,True
14109,720,683,sess_4652,view,2026-03-21 09:08:23.249957,True
5317,939,196,sess_4653,view,2026-01-22 13:28:48.211509,True
218,60,509,sess_4654,view,2025-09-18 01:11:14.178635,True
8162,826,833,sess_4654,view,2025-10-24 06:33:10.224321,True
13967,663,1066,sess_4654,add_to_cart,2025-11-11 19:07:34.247953,True
8233,626,865,sess_4654,purchase,2026-03-02 09:12:00.224321,True
2213,302,919,sess_4654,add_to_cart,2026-03-22 06:06:03.186925,True
4874,162,1070,sess_4655,purchase,2025-06-12 18:28:23.209185,True
6206,1011,659,sess_4655,purchase,2025-08-10 23:47:34.214026,True
2190,1002,289,sess_4656,view,2025-07-10 20:56:30.186925,True
4432,752,757,sess_4656,purchase,2025-09-24 09:13:51.203543,True
1169,719,92,sess_4656,view,2025-10-04 04:55:51.183414,True
1657,723,74,sess_4656,purchase,2025-10-30 00:39:36.185418,True
9293,641,166,sess_4656,view,2025-11-05 04:36:17.228610,True
5021,257,551,sess_4656,view,2026-03-18 17:05:21.209185,True
14051,606,354,sess_4656,view,2026-03-28 17:20:05.247953,True
8754,313,50,sess_4657,add_to_cart,2026-04-08 04:36:56.226324,True
4750,532,92,sess_4658,purchase,2025-08-19 09:17:55.209185,True
4443,79,907,sess_4659,view,2026-03-30 10:46:57.203543,True
10270,891,42,sess_466,add_to_cart,2025-08-07 05:46:24.228610,True
1105,577,747,sess_466,view,2025-10-04 06:13:53.183414,True
13593,785,469,sess_466,add_to_cart,2025-10-21 16:07:03.247953,True
7466,46,519,sess_466,add_to_cart,2025-12-12 07:26:56.219548,True
3927,191,987,sess_466,purchase,2025-12-15 07:13:19.197951,True
6721,593,535,sess_466,add_to_cart,2026-01-31 03:09:01.216529,True
10140,445,502,sess_4660,view,2025-12-28 02:51:56.228610,True
665,261,248,sess_4660,add_to_cart,2026-02-20 08:04:39.181409,True
2287,34,735,sess_4660,view,2026-06-09 06:06:36.186925,True
1668,937,597,sess_4662,purchase,2026-02-12 19:57:43.185418,True
4702,529,733,sess_4662,view,2026-02-28 21:10:34.207677,True
10406,995,446,sess_4664,view,2025-07-10 19:13:29.228610,True
696,82,84,sess_4664,add_to_cart,2026-01-03 18:35:18.181409,True
4272,982,115,sess_4665,purchase,2025-06-30 18:09:38.199974,True
12739,1062,254,sess_4665,purchase,2025-07-02 04:41:48.242937,True
254,1007,789,sess_4665,purchase,2025-07-17 16:58:28.178635,True
14466,162,1048,sess_4665,purchase,2025-11-25 22:14:25.249957,True
10337,1054,1091,sess_4666,purchase,2025-11-01 13:38:49.228610,True
7743,1058,11,sess_4666,view,2026-04-03 16:09:47.222317,True
10194,653,343,sess_4667,purchase,2025-08-16 05:22:31.228610,True
12938,418,7,sess_4667,add_to_cart,2025-11-20 20:00:45.243940,True
13478,312,215,sess_4667,view,2025-12-01 15:20:33.245946,True
12921,781,668,sess_4667,view,2026-02-14 01:37:10.243940,True
12105,494,179,sess_4668,view,2025-09-05 22:11:49.238931,True
12439,159,894,sess_4668,add_to_cart,2025-09-16 15:50:43.240934,True
5064,88,1061,sess_4668,view,2026-03-01 04:03:07.209185,True
14975,567,639,sess_4668,add_to_cart,2026-03-15 00:09:51.253968,True
10622,527,550,sess_4669,view,2025-11-22 09:27:26.228610,True
6593,681,330,sess_4670,add_to_cart,2025-08-15 23:10:52.216529,True
11214,266,721,sess_4671,purchase,2025-10-25 20:14:33.237113,True
9078,796,855,sess_4671,view,2025-12-27 04:35:42.227826,True
9584,58,632,sess_4671,view,2026-01-17 19:55:15.228610,True
5210,237,84,sess_4671,view,2026-01-23 19:17:22.209185,True
12898,951,464,sess_4671,purchase,2026-02-21 13:08:05.242937,True
12378,362,9,sess_4671,add_to_cart,2026-04-21 07:05:00.240934,True
9517,524,322,sess_4672,view,2026-03-04 23:15:29.228610,True
1318,234,989,sess_4673,view,2026-04-01 16:04:15.183414,True
3080,806,412,sess_4673,add_to_cart,2026-05-20 12:51:30.186925,True
7254,893,477,sess_4673,view,2026-05-22 07:24:59.219548,True
13270,627,390,sess_4674,view,2025-06-29 05:59:10.245946,True
8287,543,70,sess_4674,add_to_cart,2025-09-02 15:47:23.224321,True
10935,208,333,sess_4675,add_to_cart,2025-07-02 19:20:45.228610,True
3307,535,829,sess_4676,view,2025-09-06 14:36:06.186925,True
7835,689,768,sess_4677,add_to_cart,2025-06-15 00:44:06.222317,True
1094,554,561,sess_4679,add_to_cart,2025-07-20 00:31:47.183414,True
8726,612,944,sess_4679,add_to_cart,2025-11-06 19:55:51.226324,True
10831,916,1083,sess_4679,purchase,2025-12-26 17:50:44.228610,True
11705,761,871,sess_468,purchase,2026-04-28 08:26:39.238931,True
14637,582,1005,sess_4680,purchase,2025-10-01 09:55:44.251960,True
11899,1029,86,sess_4680,view,2026-05-27 13:05:39.238931,True
13423,471,63,sess_4681,purchase,2025-06-25 04:16:34.245946,True
7519,558,866,sess_4681,view,2025-09-12 07:22:29.219548,True
8502,537,979,sess_4681,view,2025-10-12 01:44:13.224321,True
14432,246,828,sess_4682,add_to_cart,2025-08-26 10:35:22.249957,True
12669,223,582,sess_4682,purchase,2025-10-14 19:45:16.242937,True
6497,511,282,sess_4682,view,2026-02-26 01:08:09.216529,True
13239,489,907,sess_4682,view,2026-03-25 11:03:07.245946,True
6072,159,872,sess_4684,purchase,2025-09-01 00:36:05.214026,True
8948,288,261,sess_4684,view,2025-09-22 08:19:36.226324,True
6457,1018,780,sess_4684,view,2025-11-28 06:32:38.214026,True
13515,147,241,sess_4684,view,2026-01-06 07:32:17.245946,True
6467,130,952,sess_4684,add_to_cart,2026-03-07 13:24:57.214026,True
4650,508,680,sess_4684,purchase,2026-04-04 19:07:21.207677,True
14808,988,595,sess_4685,add_to_cart,2025-06-18 19:37:14.251960,True
13958,1021,403,sess_4685,view,2026-06-11 20:33:29.247953,True
6980,1069,587,sess_4686,view,2025-08-09 12:35:45.216529,True
256,143,496,sess_4686,add_to_cart,2026-06-06 20:22:48.178635,True
7921,572,259,sess_4689,add_to_cart,2025-07-07 09:28:06.222317,True
3976,281,594,sess_469,purchase,2026-01-18 07:33:28.197951,True
4724,840,161,sess_4690,add_to_cart,2025-07-31 23:40:47.207677,True
9215,1048,15,sess_4690,add_to_cart,2026-04-01 13:07:34.228610,True
646,791,844,sess_4691,purchase,2025-08-18 06:19:08.181409,True
12481,840,445,sess_4691,view,2026-05-12 07:52:02.240934,True
6156,694,158,sess_4693,purchase,2025-07-31 07:44:14.214026,True
13122,129,576,sess_4693,view,2026-05-26 22:47:38.243940,True
14601,739,793,sess_4695,purchase,2025-11-25 19:29:53.251960,True
11368,951,949,sess_4695,purchase,2026-05-13 21:51:43.237113,True
802,125,185,sess_4696,purchase,2025-06-14 22:32:48.181409,True
6639,325,302,sess_4696,view,2026-03-06 23:19:38.216529,True
10469,492,990,sess_4697,view,2025-06-12 05:13:55.228610,True
8043,115,370,sess_4697,add_to_cart,2026-01-28 06:42:20.222317,True
1075,800,806,sess_4697,add_to_cart,2026-04-11 14:45:22.183414,True
9419,138,21,sess_4698,view,2025-08-21 14:35:03.228610,True
4747,722,841,sess_4698,view,2025-12-21 09:44:44.209185,True
11133,729,911,sess_4698,add_to_cart,2026-01-28 22:30:20.235934,True
1940,889,699,sess_4698,add_to_cart,2026-02-17 20:23:30.186925,True
12112,728,466,sess_4699,view,2025-11-30 02:45:30.238931,True
12604,870,886,sess_4699,view,2026-01-03 00:43:51.240934,True
12788,696,72,sess_470,purchase,2025-10-19 11:47:18.242937,True
6452,993,908,sess_470,view,2026-01-04 12:15:42.214026,True
4468,588,528,sess_470,purchase,2026-03-20 17:18:22.203543,True
680,431,1051,sess_4700,add_to_cart,2025-06-12 09:44:12.181409,True
3452,18,663,sess_4700,purchase,2025-10-10 11:24:11.186925,True
14505,189,209,sess_4701,purchase,2026-01-22 15:50:29.249957,True
11227,731,671,sess_4702,purchase,2026-01-21 03:18:06.237113,True
10379,593,357,sess_4704,add_to_cart,2026-01-22 18:00:14.228610,True
6262,800,450,sess_4704,view,2026-04-09 13:49:30.214026,True
3334,922,228,sess_4705,add_to_cart,2026-02-11 11:14:07.186925,True
5429,961,1085,sess_4705,view,2026-04-04 21:58:19.212022,True
10210,423,717,sess_4706,purchase,2025-07-03 18:46:10.228610,True
7777,15,858,sess_4706,view,2025-11-22 00:12:01.222317,True
7321,755,457,sess_4706,purchase,2026-05-29 01:30:38.219548,True
8711,1082,59,sess_4707,add_to_cart,2025-07-16 10:41:57.226324,True
3602,612,830,sess_4707,view,2025-10-24 08:27:38.186925,True
12860,910,906,sess_4707,add_to_cart,2025-12-24 08:10:18.242937,True
460,67,833,sess_4708,view,2025-08-21 03:18:24.181409,True
1464,907,365,sess_4708,add_to_cart,2025-12-28 23:47:02.185418,True
617,431,657,sess_4708,purchase,2026-03-24 07:27:36.181409,True
14940,34,1022,sess_471,view,2025-07-18 05:51:50.253968,True
9429,91,16,sess_4710,add_to_cart,2025-11-09 14:08:54.228610,True
7987,646,500,sess_4711,add_to_cart,2025-09-25 06:18:05.222317,True
12077,253,934,sess_4711,add_to_cart,2026-02-05 11:46:10.238931,True
1346,183,659,sess_4711,view,2026-02-26 01:52:37.183414,True
11303,452,693,sess_4711,add_to_cart,2026-03-15 21:22:12.237113,True
4365,656,742,sess_4712,purchase,2025-11-06 07:02:06.203543,True
844,1098,546,sess_4714,view,2025-07-15 11:31:53.181409,True
1702,962,398,sess_4714,view,2025-10-28 21:05:41.185418,True
14942,965,443,sess_4715,view,2026-01-18 02:46:59.253968,True
9410,676,345,sess_4715,view,2026-05-18 17:42:07.228610,True
13236,1057,166,sess_4716,view,2025-07-23 22:52:31.245946,True
8124,935,454,sess_4716,view,2026-04-02 10:55:30.224321,True
3357,723,805,sess_4716,purchase,2026-04-30 19:35:47.186925,True
6549,601,654,sess_4717,add_to_cart,2025-12-29 06:17:26.216529,True
11718,100,102,sess_4718,add_to_cart,2025-11-21 01:25:58.238931,True
7120,814,596,sess_4718,view,2025-12-17 17:25:28.218542,True
10973,730,98,sess_4718,purchase,2026-02-23 16:05:31.235934,True
4680,1087,644,sess_4719,purchase,2026-02-11 05:12:27.207677,True
14434,1030,381,sess_4719,add_to_cart,2026-05-05 10:04:44.249957,True
4078,778,118,sess_472,view,2025-07-09 09:41:03.199974,True
13948,712,586,sess_472,add_to_cart,2025-11-20 11:31:50.247953,True
3892,1096,388,sess_472,purchase,2026-01-20 01:28:27.197951,True
14280,90,905,sess_4720,view,2026-04-18 01:40:50.249957,True
5987,409,737,sess_4721,purchase,2025-10-13 03:51:04.214026,True
345,356,455,sess_4721,add_to_cart,2025-12-20 08:16:06.178635,True
11539,956,906,sess_4721,add_to_cart,2026-04-08 11:54:37.237113,True
13422,372,533,sess_4722,purchase,2025-08-05 13:49:56.245946,True
10657,986,594,sess_4722,purchase,2025-10-01 05:55:51.228610,True
14519,1059,456,sess_4722,add_to_cart,2025-10-05 13:07:17.249957,True
13299,1069,983,sess_4722,view,2025-11-03 08:27:48.245946,True
8954,615,150,sess_4722,purchase,2026-02-12 05:54:37.226324,True
2216,80,969,sess_4722,view,2026-02-19 13:40:08.186925,True
7516,142,304,sess_4722,purchase,2026-04-12 10:16:07.219548,True
9049,924,1029,sess_4723,add_to_cart,2026-02-01 01:07:52.227826,True
13014,116,385,sess_4723,purchase,2026-02-27 04:05:02.243940,True
2031,316,744,sess_4724,purchase,2025-09-04 16:12:24.186925,True
7368,956,148,sess_4724,add_to_cart,2025-09-24 06:27:16.219548,True
2290,998,958,sess_4724,add_to_cart,2025-12-26 21:39:29.186925,True
8817,539,232,sess_4724,add_to_cart,2026-03-29 21:13:55.226324,True
12977,434,150,sess_4725,purchase,2025-12-03 16:34:10.243940,True
10216,593,170,sess_4726,purchase,2025-07-04 22:40:50.228610,True
4640,1053,834,sess_4728,view,2026-04-05 06:27:03.207677,True
823,879,437,sess_4728,purchase,2026-04-23 13:10:14.181409,True
11682,792,431,sess_4729,add_to_cart,2025-06-30 12:10:12.238931,True
940,1083,204,sess_4729,view,2025-12-06 02:13:33.181409,True
4543,934,198,sess_4730,purchase,2025-11-27 07:06:47.203543,True
3597,705,193,sess_4731,purchase,2026-03-26 10:54:47.186925,True
5087,343,315,sess_4731,view,2026-04-18 11:59:00.209185,True
11540,361,157,sess_4732,purchase,2026-04-15 09:19:40.237113,True
12427,985,567,sess_4733,add_to_cart,2025-12-30 20:12:11.240934,True
3411,8,638,sess_4733,purchase,2026-05-25 04:28:37.186925,True
12350,180,358,sess_4734,add_to_cart,2025-12-16 19:41:46.240934,True
11505,6,880,sess_4734,add_to_cart,2025-12-29 01:44:16.237113,True
86,306,169,sess_4735,purchase,2025-06-12 18:42:42.178635,True
11103,354,272,sess_4735,add_to_cart,2025-06-25 07:28:06.235934,True
7489,508,509,sess_4736,purchase,2025-09-03 11:23:49.219548,True
6818,646,846,sess_4736,purchase,2025-09-16 15:52:14.216529,True
10950,139,931,sess_4736,view,2025-12-07 23:24:55.228610,True
12817,492,1008,sess_4736,purchase,2026-02-27 22:31:12.242937,True
2018,264,658,sess_4736,add_to_cart,2026-02-28 23:42:46.186925,True
8253,205,340,sess_4736,add_to_cart,2026-03-24 00:48:11.224321,True
4730,29,768,sess_4736,view,2026-06-07 03:58:42.207677,True
4737,7,218,sess_4737,add_to_cart,2025-09-24 20:27:11.207677,True
1253,506,148,sess_4737,view,2025-10-21 16:24:26.183414,True
541,305,107,sess_4737,add_to_cart,2026-03-24 20:33:02.181409,True
10253,1047,80,sess_4738,purchase,2025-09-20 13:56:37.228610,True
3436,890,696,sess_4738,view,2026-02-14 18:08:59.186925,True
10769,906,842,sess_4738,view,2026-04-03 18:26:53.228610,True
154,1077,474,sess_4739,view,2025-11-16 05:12:39.178635,True
2057,463,326,sess_4739,view,2026-05-06 14:42:48.186925,True
2548,352,356,sess_4740,purchase,2025-10-28 01:24:01.186925,True
546,1008,525,sess_4740,purchase,2025-11-15 12:23:19.181409,True
2993,503,619,sess_4740,add_to_cart,2026-05-22 20:36:30.186925,True
12287,55,742,sess_4741,purchase,2026-02-21 09:38:59.240934,True
9671,378,272,sess_4741,view,2026-03-05 18:31:32.228610,True
2019,1098,1077,sess_4742,purchase,2025-06-19 21:35:47.186925,True
6148,280,149,sess_4742,add_to_cart,2025-07-20 07:27:54.214026,True
10429,701,866,sess_4742,view,2025-08-28 19:26:07.228610,True
8473,23,172,sess_4742,view,2025-09-23 03:42:14.224321,True
686,232,1060,sess_4743,add_to_cart,2025-12-01 15:03:26.181409,True
5259,874,856,sess_4743,add_to_cart,2026-02-06 19:37:53.211509,True
5633,180,157,sess_4744,view,2025-11-19 04:16:18.212022,True
1248,966,823,sess_4745,add_to_cart,2025-09-01 20:54:30.183414,True
7252,1062,856,sess_4746,view,2025-10-21 16:42:12.219548,True
14225,169,823,sess_4746,view,2025-11-08 00:45:29.249957,True
12309,1006,8,sess_4746,view,2026-03-02 03:24:21.240934,True
3129,657,620,sess_4747,view,2026-05-08 15:37:58.186925,True
2332,199,269,sess_4749,view,2025-09-25 10:30:02.186925,True
4166,72,847,sess_4749,purchase,2025-11-26 15:02:47.199974,True
11698,31,36,sess_4749,purchase,2026-04-20 07:37:26.238931,True
1376,474,661,sess_475,purchase,2025-07-30 16:58:05.183414,True
409,540,508,sess_475,purchase,2025-08-29 18:24:21.178635,True
9066,1032,920,sess_4750,purchase,2025-10-13 11:35:34.227826,True
6322,289,1009,sess_4750,view,2025-12-30 23:04:24.214026,True
5584,301,165,sess_4750,view,2026-04-05 01:48:57.212022,True
11326,409,96,sess_4750,view,2026-05-07 23:56:56.237113,True
4339,407,797,sess_4751,add_to_cart,2025-10-14 05:08:12.202536,True
5768,318,493,sess_4751,view,2025-12-31 09:25:43.212022,True
2590,686,533,sess_4751,add_to_cart,2026-02-01 07:19:28.186925,True
12688,696,1092,sess_4751,view,2026-04-03 04:54:59.242937,True
3044,733,656,sess_4752,view,2025-10-10 10:28:23.186925,True
7005,483,210,sess_4753,view,2025-06-16 17:08:59.218542,True
5232,952,815,sess_4753,view,2025-07-30 18:15:43.209185,True
11806,547,452,sess_4753,add_to_cart,2025-09-13 03:20:50.238931,True
6352,95,972,sess_4753,purchase,2025-10-11 12:41:22.214026,True
13314,403,6,sess_4753,view,2026-02-13 04:01:52.245946,True
7568,1064,627,sess_4754,add_to_cart,2025-08-09 07:30:08.219548,True
6909,923,223,sess_4754,add_to_cart,2025-11-05 02:11:55.216529,True
2028,945,577,sess_4755,add_to_cart,2025-10-07 14:04:42.186925,True
11320,434,425,sess_4756,add_to_cart,2025-08-04 20:15:21.237113,True
4083,365,792,sess_4756,purchase,2026-01-22 09:33:50.199974,True
9610,648,542,sess_4756,view,2026-05-14 14:45:43.228610,True
13091,84,461,sess_4757,view,2025-12-27 10:52:10.243940,True
10484,1026,784,sess_4758,add_to_cart,2026-01-21 13:16:57.228610,True
8644,900,1074,sess_4759,view,2025-11-09 13:15:04.226324,True
5628,716,48,sess_476,add_to_cart,2025-11-16 19:38:13.212022,True
8910,480,522,sess_476,purchase,2026-05-20 21:15:41.226324,True
1662,823,848,sess_4760,view,2025-07-04 18:12:19.185418,True
1593,277,248,sess_4761,view,2025-11-10 08:51:06.185418,True
3343,139,1036,sess_4761,view,2026-05-02 15:13:45.186925,True
14646,707,554,sess_4762,add_to_cart,2025-07-27 21:18:30.251960,True
4937,252,764,sess_4762,view,2025-09-14 09:41:43.209185,True
10613,893,1075,sess_4763,purchase,2025-06-15 12:32:26.228610,True
12899,929,789,sess_4763,add_to_cart,2025-08-09 04:19:53.243940,True
14475,815,65,sess_4763,purchase,2026-03-26 09:19:17.249957,True
9565,528,93,sess_4764,view,2025-06-28 22:10:39.228610,True
1483,701,905,sess_4765,add_to_cart,2025-08-30 21:23:55.185418,True
12480,314,496,sess_4765,view,2026-01-20 13:44:15.240934,True
4114,408,839,sess_4765,purchase,2026-04-14 17:58:51.199974,True
13890,942,646,sess_4765,view,2026-05-29 08:32:51.247953,True
5852,366,645,sess_4766,view,2025-10-25 21:02:59.214026,True
5760,863,660,sess_4766,add_to_cart,2025-11-25 16:31:56.212022,True
123,414,443,sess_4766,purchase,2026-06-05 02:37:36.178635,True
167,874,508,sess_4767,purchase,2025-07-12 17:55:33.178635,True
1152,143,649,sess_4767,view,2025-09-11 23:24:21.183414,True
918,258,529,sess_4767,view,2026-05-22 09:41:31.181409,True
8843,936,917,sess_4768,view,2025-07-16 09:52:32.226324,True
13525,806,615,sess_4768,view,2025-12-19 02:26:05.245946,True
8030,619,44,sess_4768,add_to_cart,2026-01-29 07:53:14.222317,True
4439,537,358,sess_4769,purchase,2025-06-19 17:39:17.203543,True
4125,392,827,sess_477,purchase,2025-08-31 09:21:29.199974,True
10315,76,793,sess_477,add_to_cart,2026-02-22 15:26:41.228610,True
5454,1018,460,sess_477,purchase,2026-04-15 06:55:27.212022,True
10978,393,980,sess_477,add_to_cart,2026-06-05 00:11:19.235934,True
8481,806,979,sess_4771,add_to_cart,2025-11-17 15:38:05.224321,True
5209,10,832,sess_4771,add_to_cart,2025-12-25 17:34:50.209185,True
2636,946,817,sess_4771,add_to_cart,2026-05-28 17:31:22.186925,True
9760,123,835,sess_4772,add_to_cart,2025-07-12 20:42:58.228610,True
8777,887,934,sess_4772,purchase,2026-03-16 05:22:28.226324,True
9737,381,482,sess_4773,view,2025-11-06 01:57:42.228610,True
5051,171,238,sess_4773,purchase,2026-03-31 04:32:35.209185,True
13545,878,1088,sess_4773,add_to_cart,2026-05-30 18:56:31.245946,True
14793,1039,106,sess_4774,add_to_cart,2025-10-07 20:17:17.251960,True
1861,832,571,sess_4775,view,2025-11-08 14:13:11.186925,True
3510,744,648,sess_4776,purchase,2025-10-21 09:23:54.186925,True
12642,887,789,sess_4776,purchase,2026-02-11 23:09:29.242937,True
3004,198,701,sess_4777,purchase,2025-09-26 21:29:39.186925,True
5519,314,234,sess_4777,purchase,2026-02-20 22:22:12.212022,True
10772,952,750,sess_4777,purchase,2026-05-20 01:09:56.228610,True
8695,708,885,sess_4778,add_to_cart,2025-09-29 21:52:16.226324,True
8720,82,95,sess_4778,purchase,2025-12-16 08:48:21.226324,True
5279,586,189,sess_4780,add_to_cart,2026-01-16 02:04:52.211509,True
9352,523,675,sess_4780,view,2026-01-28 01:23:24.228610,True
6906,1035,640,sess_4781,add_to_cart,2025-10-10 22:02:52.216529,True
7451,95,34,sess_4782,purchase,2025-11-06 02:51:25.219548,True
12785,116,237,sess_4782,purchase,2025-11-28 22:57:35.242937,True
3908,33,818,sess_4783,add_to_cart,2025-08-25 14:34:44.197951,True
11710,988,936,sess_4783,view,2025-11-14 15:18:08.238931,True
5727,623,486,sess_4783,add_to_cart,2026-02-15 19:08:57.212022,True
4362,650,1093,sess_4784,view,2025-08-17 01:03:35.203543,True
1299,455,312,sess_4784,add_to_cart,2025-10-24 22:18:36.183414,True
9146,110,294,sess_4784,view,2025-11-06 19:07:32.228610,True
10706,283,929,sess_4784,view,2026-06-08 04:40:34.228610,True
8907,536,200,sess_4785,purchase,2025-07-22 12:42:33.226324,True
11445,921,95,sess_4785,view,2025-11-12 17:14:15.237113,True
13195,52,218,sess_4785,add_to_cart,2026-01-14 09:33:20.245946,True
10936,762,122,sess_4785,purchase,2026-03-11 12:39:24.228610,True
10962,1088,133,sess_4786,purchase,2025-07-17 02:15:23.235934,True
496,506,94,sess_4786,purchase,2025-08-19 02:10:00.181409,True
14207,963,41,sess_4786,add_to_cart,2026-03-27 01:54:04.249957,True
7434,210,41,sess_4787,view,2025-12-22 19:20:39.219548,True
9767,16,710,sess_4787,add_to_cart,2025-12-31 02:59:29.228610,True
5523,150,920,sess_4787,purchase,2026-03-27 17:58:26.212022,True
4888,251,306,sess_4788,purchase,2025-07-14 06:42:02.209185,True
12958,1040,621,sess_4788,purchase,2026-02-06 13:38:34.243940,True
10794,140,151,sess_4788,add_to_cart,2026-02-26 10:56:16.228610,True
14785,321,736,sess_4789,purchase,2025-09-06 14:04:42.251960,True
2998,435,244,sess_4789,add_to_cart,2025-11-21 20:29:30.186925,True
9781,1002,218,sess_479,add_to_cart,2026-05-02 10:09:36.228610,True
5939,1054,993,sess_479,purchase,2026-06-02 10:27:39.214026,True
6370,134,396,sess_4790,purchase,2025-11-29 07:56:52.214026,True
5945,244,162,sess_4790,view,2026-03-18 02:48:15.214026,True
1881,152,120,sess_4791,add_to_cart,2025-12-01 13:30:40.186925,True
6173,881,334,sess_4792,view,2026-05-07 10:09:52.214026,True
1983,264,969,sess_4796,add_to_cart,2025-10-03 07:14:11.186925,True
14203,695,860,sess_4797,view,2026-03-13 18:38:30.249957,True
11400,755,972,sess_4797,view,2026-05-18 06:45:58.237113,True
7393,1074,258,sess_4798,add_to_cart,2025-08-23 23:31:08.219548,True
3369,566,706,sess_4798,view,2026-03-08 21:52:41.186925,True
6681,343,701,sess_4799,add_to_cart,2025-07-02 01:22:13.216529,True
4469,400,175,sess_480,view,2025-06-12 00:29:11.203543,True
9473,654,139,sess_480,purchase,2025-06-18 13:48:31.228610,True
9621,310,784,sess_480,purchase,2026-01-05 23:39:57.228610,True
3883,242,664,sess_480,add_to_cart,2026-06-02 00:30:22.197951,True
13128,930,1069,sess_4800,purchase,2025-10-06 06:16:14.245946,True
7495,334,352,sess_4800,view,2026-03-28 07:23:49.219548,True
6462,263,1098,sess_4800,view,2026-05-13 20:33:23.214026,True
13308,199,764,sess_4801,view,2025-07-16 15:19:51.245946,True
7371,904,888,sess_4801,view,2025-11-16 15:42:57.219548,True
11502,357,322,sess_4802,add_to_cart,2025-09-01 17:20:27.237113,True
12971,732,704,sess_4802,add_to_cart,2025-12-31 11:08:36.243940,True
6784,845,439,sess_4803,view,2025-06-30 17:48:54.216529,True
14018,188,139,sess_4803,view,2026-02-23 00:42:52.247953,True
4547,35,397,sess_4804,add_to_cart,2026-05-05 23:25:03.203543,True
5501,961,98,sess_4805,view,2025-09-19 09:30:04.212022,True
11024,34,310,sess_4805,add_to_cart,2025-11-24 04:08:36.235934,True
6162,72,1094,sess_4805,view,2026-05-15 04:12:13.214026,True
9489,1006,175,sess_4806,view,2025-07-07 09:06:19.228610,True
14525,1083,508,sess_4806,view,2025-10-14 13:04:56.249957,True
1150,161,555,sess_4806,view,2026-01-06 08:45:32.183414,True
11922,612,1046,sess_4807,view,2026-02-11 22:27:36.238931,True
5132,796,206,sess_4809,purchase,2026-04-21 14:31:00.209185,True
11876,535,929,sess_481,add_to_cart,2026-01-13 03:47:14.238931,True
10297,322,333,sess_481,purchase,2026-05-23 09:51:47.228610,True
14276,157,570,sess_4810,purchase,2025-07-21 18:52:36.249957,True
11598,352,464,sess_4810,purchase,2025-11-17 01:56:10.237113,True
4282,513,592,sess_4812,view,2026-04-17 14:27:51.202536,True
11105,346,945,sess_4813,add_to_cart,2025-08-30 20:42:34.235934,True
6881,236,256,sess_4813,purchase,2025-10-23 09:14:13.216529,True
9706,201,900,sess_4813,view,2025-11-01 23:12:10.228610,True
1309,490,334,sess_4813,view,2025-11-23 04:10:27.183414,True
9402,265,1100,sess_4814,view,2026-02-19 22:28:28.228610,True
14723,459,906,sess_4815,purchase,2026-02-01 07:28:44.251960,True
5632,660,400,sess_4815,add_to_cart,2026-04-06 12:34:46.212022,True
10731,10,71,sess_4816,view,2025-06-18 23:47:54.228610,True
2512,386,385,sess_4816,add_to_cart,2025-12-21 09:13:39.186925,True
1205,992,632,sess_4816,purchase,2025-12-30 07:47:16.183414,True
9539,304,460,sess_4816,view,2026-01-23 08:12:09.228610,True
11610,105,974,sess_4817,purchase,2025-06-22 19:59:36.238931,True
7594,127,228,sess_4817,purchase,2025-07-08 01:22:18.222317,True
5508,368,617,sess_4817,purchase,2025-08-17 09:59:33.212022,True
12855,517,754,sess_4817,view,2026-03-08 01:43:59.242937,True
8981,528,1008,sess_4817,purchase,2026-05-31 07:05:52.226324,True
26,62,192,sess_4818,view,2026-04-24 06:13:43.178635,True
12841,24,570,sess_4819,view,2025-06-20 22:42:41.242937,True
8573,1039,964,sess_4819,add_to_cart,2025-09-25 22:03:33.224321,True
4150,1028,50,sess_4819,view,2025-09-29 20:05:17.199974,True
3006,345,1084,sess_4819,add_to_cart,2026-02-27 05:50:02.186925,True
12613,688,6,sess_482,view,2025-06-23 16:14:03.240934,True
11324,802,611,sess_482,view,2025-11-12 16:51:57.237113,True
8801,752,12,sess_4820,purchase,2026-05-08 03:14:47.226324,True
8804,57,485,sess_4821,add_to_cart,2025-09-28 00:46:40.226324,True
14883,408,803,sess_4821,add_to_cart,2026-02-24 04:52:20.253968,True
1990,153,397,sess_4821,add_to_cart,2026-05-08 13:57:45.186925,True
5354,369,561,sess_4823,purchase,2026-05-05 12:08:18.212022,True
7734,944,147,sess_4826,add_to_cart,2025-07-09 12:25:06.222317,True
13730,616,212,sess_4826,purchase,2025-09-14 08:46:09.247953,True
12805,152,352,sess_4827,purchase,2026-06-10 23:49:55.242937,True
11932,803,1016,sess_4828,view,2025-09-12 14:16:52.238931,True
2645,78,486,sess_4828,view,2026-01-24 21:28:10.186925,True
11874,144,585,sess_4828,add_to_cart,2026-04-23 03:16:41.238931,True
7080,76,388,sess_4829,view,2025-12-19 16:45:30.218542,True
4135,95,262,sess_483,purchase,2025-07-26 18:11:24.199974,True
4777,311,674,sess_483,view,2025-09-07 04:34:35.209185,True
6515,1022,749,sess_483,add_to_cart,2025-11-04 02:00:23.216529,True
7989,141,816,sess_4830,add_to_cart,2025-11-24 09:36:23.222317,True
7643,200,197,sess_4831,view,2025-09-10 17:24:31.222317,True
9579,195,423,sess_4831,view,2026-06-06 23:45:39.228610,True
5677,551,875,sess_4832,purchase,2025-11-17 03:40:18.212022,True
10846,1086,288,sess_4833,add_to_cart,2025-07-29 21:59:39.228610,True
9686,956,76,sess_4833,add_to_cart,2025-10-08 06:32:10.228610,True
10601,286,566,sess_4833,view,2026-01-27 10:28:08.228610,True
8649,42,768,sess_4834,add_to_cart,2025-06-13 02:25:40.226324,True
11112,64,590,sess_4834,view,2025-06-18 23:04:21.235934,True
13585,572,73,sess_4834,add_to_cart,2025-08-22 01:25:16.247953,True
12591,814,889,sess_4834,purchase,2025-11-12 07:56:24.240934,True
130,923,300,sess_4835,purchase,2025-06-24 18:19:41.178635,True
10795,78,1097,sess_4835,view,2025-09-02 11:56:10.228610,True
14953,899,1048,sess_4835,purchase,2025-11-15 11:47:31.253968,True
13828,765,98,sess_4835,add_to_cart,2026-04-06 05:41:24.247953,True
2925,426,515,sess_4836,purchase,2025-11-04 23:07:01.186925,True
3075,1065,99,sess_4836,purchase,2025-11-25 15:32:49.186925,True
2518,803,360,sess_4838,view,2025-06-15 08:41:57.186925,True
10743,728,520,sess_4838,view,2026-03-22 11:58:37.228610,True
6454,391,177,sess_4838,purchase,2026-06-11 06:33:54.214026,True
13184,803,1090,sess_484,add_to_cart,2025-07-03 03:35:09.245946,True
2033,604,679,sess_484,add_to_cart,2025-08-28 01:37:54.186925,True
5325,681,779,sess_484,purchase,2026-01-10 06:42:15.211509,True
9906,703,1055,sess_484,add_to_cart,2026-01-23 20:31:45.228610,True
2383,943,671,sess_484,view,2026-04-26 20:32:10.186925,True
1699,209,409,sess_4840,view,2025-07-09 12:11:25.185418,True
12163,391,450,sess_4840,view,2025-10-25 09:36:15.240934,True
9374,1090,814,sess_4840,purchase,2025-12-18 16:53:12.228610,True
2468,540,658,sess_4840,purchase,2025-12-29 18:33:58.186925,True
1322,828,361,sess_4841,add_to_cart,2025-08-04 01:05:22.183414,True
1175,541,794,sess_4842,view,2025-06-30 18:32:55.183414,True
5826,824,816,sess_4842,add_to_cart,2026-06-07 18:43:07.212022,True
4715,820,585,sess_4843,view,2025-06-23 12:14:37.207677,True
2102,515,50,sess_4843,add_to_cart,2025-07-17 23:16:24.186925,True
14954,252,585,sess_4843,add_to_cart,2025-09-20 03:20:00.253968,True
14419,576,248,sess_4844,add_to_cart,2025-08-18 10:10:39.249957,True
4193,552,638,sess_4845,purchase,2025-07-14 09:40:17.199974,True
5139,155,874,sess_4845,add_to_cart,2025-10-07 23:02:15.209185,True
8107,868,864,sess_4845,purchase,2026-01-03 13:25:00.224321,True
1648,446,589,sess_4846,purchase,2025-07-14 10:56:21.185418,True
11613,744,452,sess_4846,add_to_cart,2025-10-10 01:29:37.238931,True
1765,789,605,sess_4846,add_to_cart,2026-04-11 13:34:46.186925,True
8892,825,212,sess_4847,purchase,2025-06-14 15:41:33.226324,True
633,426,1056,sess_4847,purchase,2026-06-03 06:04:14.181409,True
14571,360,1008,sess_4848,view,2026-05-22 12:54:17.249957,True
914,928,612,sess_4849,view,2026-02-26 09:21:12.181409,True
3356,925,150,sess_4849,purchase,2026-03-05 02:21:55.186925,True
6616,241,479,sess_485,view,2025-07-13 09:49:30.216529,True
2747,281,496,sess_485,purchase,2025-09-14 21:48:49.186925,True
13618,272,505,sess_485,add_to_cart,2025-10-25 08:00:18.247953,True
9718,833,363,sess_4850,add_to_cart,2025-07-29 10:55:28.228610,True
6098,961,1098,sess_4850,add_to_cart,2025-09-25 18:38:17.214026,True
7194,888,370,sess_4850,view,2026-02-21 01:53:28.218542,True
930,514,613,sess_4850,add_to_cart,2026-02-21 09:05:23.181409,True
4388,418,726,sess_4851,purchase,2025-09-06 04:23:16.203543,True
5479,155,788,sess_4852,purchase,2025-09-04 22:09:54.212022,True
8254,607,993,sess_4852,purchase,2025-11-14 00:29:02.224321,True
10332,1091,338,sess_4852,view,2025-12-16 23:54:39.228610,True
9193,229,103,sess_4854,add_to_cart,2025-07-20 15:21:45.228610,True
9593,409,998,sess_4854,view,2025-08-19 09:41:23.228610,True
1024,70,175,sess_4854,add_to_cart,2026-01-27 06:34:57.183414,True
5748,350,657,sess_4854,purchase,2026-03-31 23:42:23.212022,True
2556,1062,485,sess_4855,view,2025-06-30 03:52:37.186925,True
6080,1073,611,sess_4857,add_to_cart,2025-09-22 19:19:05.214026,True
5571,235,446,sess_4858,purchase,2025-11-22 10:45:02.212022,True
3494,318,559,sess_4859,add_to_cart,2026-01-14 05:20:02.186925,True
12765,818,437,sess_4859,purchase,2026-05-24 21:46:56.242937,True
9060,295,944,sess_486,add_to_cart,2025-09-03 00:11:00.227826,True
14806,787,230,sess_486,purchase,2026-02-13 16:34:39.251960,True
1600,1095,926,sess_4860,purchase,2025-09-16 05:52:05.185418,True
9214,855,531,sess_4860,purchase,2025-09-22 14:17:23.228610,True
7087,602,528,sess_4861,view,2025-11-09 01:22:07.218542,True
8299,1030,592,sess_4861,add_to_cart,2026-02-20 05:08:53.224321,True
3796,128,861,sess_4861,view,2026-05-14 20:04:44.195433,True
5580,961,766,sess_4862,purchase,2025-08-07 06:04:51.212022,True
10568,637,961,sess_4862,view,2025-11-14 14:06:41.228610,True
10443,963,973,sess_4864,view,2025-10-12 03:54:02.228610,True
6783,697,584,sess_4866,purchase,2026-05-03 03:02:48.216529,True
7058,1031,865,sess_4867,add_to_cart,2025-10-23 19:25:21.218542,True
11731,718,44,sess_4867,view,2025-10-28 07:48:53.238931,True
9881,920,915,sess_4867,purchase,2026-04-01 01:53:19.228610,True
11739,330,993,sess_4868,view,2026-01-17 09:28:20.238931,True
7095,200,6,sess_4869,add_to_cart,2025-07-04 21:22:50.218542,True
11077,1060,497,sess_4869,add_to_cart,2025-09-04 14:12:12.235934,True
9733,1049,488,sess_4869,add_to_cart,2025-12-11 19:12:14.228610,True
5808,54,137,sess_4870,view,2026-03-19 17:52:48.212022,True
1616,150,218,sess_4871,view,2025-08-21 16:21:46.185418,True
8303,71,1088,sess_4872,view,2025-09-07 07:37:20.224321,True
13231,654,1093,sess_4872,view,2025-09-25 01:59:38.245946,True
6128,901,129,sess_4872,add_to_cart,2026-04-28 20:47:06.214026,True
10723,946,130,sess_4876,add_to_cart,2025-08-14 01:23:06.228610,True
10612,602,573,sess_4876,view,2026-01-30 22:06:42.228610,True
10531,834,863,sess_4877,add_to_cart,2026-04-18 00:38:06.228610,True
5810,599,106,sess_4878,add_to_cart,2025-07-23 03:45:14.212022,True
4858,187,590,sess_4878,add_to_cart,2025-09-25 10:13:11.209185,True
15,658,781,sess_4878,purchase,2025-12-27 18:00:08.178635,True
8661,504,872,sess_4878,add_to_cart,2026-01-07 04:45:29.226324,True
1177,485,416,sess_4879,purchase,2025-07-25 12:37:04.183414,True
3506,1078,827,sess_4879,add_to_cart,2025-07-30 11:10:26.186925,True
771,967,952,sess_4879,purchase,2025-08-05 06:17:44.181409,True
5262,286,641,sess_4879,add_to_cart,2025-12-26 02:04:20.211509,True
9359,107,371,sess_4879,add_to_cart,2026-02-11 10:36:08.228610,True
8942,328,118,sess_4879,add_to_cart,2026-05-10 15:51:47.226324,True
13578,1095,242,sess_4879,view,2026-05-23 10:13:15.247953,True
7791,421,569,sess_488,purchase,2025-08-15 09:17:59.222317,True
8329,878,101,sess_488,purchase,2026-01-06 20:09:05.224321,True
3566,229,538,sess_4880,purchase,2025-08-14 01:40:53.186925,True
8923,835,92,sess_4880,purchase,2025-10-11 08:50:54.226324,True
10767,352,200,sess_4881,add_to_cart,2025-09-02 11:32:59.228610,True
10875,888,348,sess_4881,add_to_cart,2025-10-20 18:52:33.228610,True
8536,652,998,sess_4881,add_to_cart,2026-01-09 22:47:56.224321,True
8840,337,269,sess_4881,purchase,2026-05-26 17:09:44.226324,True
5037,356,162,sess_4882,purchase,2025-09-15 12:44:40.209185,True
11526,628,868,sess_4882,view,2025-10-21 19:05:27.237113,True
11985,53,676,sess_4884,view,2025-09-29 19:57:10.238931,True
6782,65,519,sess_4884,view,2025-12-09 15:45:44.216529,True
14561,352,145,sess_4884,view,2026-01-21 04:16:11.249957,True
8120,71,894,sess_4884,purchase,2026-05-20 07:09:22.224321,True
7262,678,1073,sess_4885,purchase,2026-02-04 10:23:58.219548,True
13456,129,3,sess_4885,add_to_cart,2026-04-01 21:37:22.245946,True
4744,547,218,sess_4887,purchase,2025-06-18 16:13:34.209185,True
7660,44,646,sess_4887,purchase,2025-10-01 13:33:45.222317,True
14105,929,610,sess_4887,add_to_cart,2025-10-11 10:04:48.249957,True
8347,949,349,sess_4887,purchase,2025-11-12 00:42:57.224321,True
8560,324,955,sess_4887,add_to_cart,2025-12-22 15:08:43.224321,True
13650,6,1062,sess_4887,add_to_cart,2026-01-10 13:58:02.247953,True
14161,361,882,sess_4888,view,2025-09-18 18:04:14.249957,True
12897,465,454,sess_4889,purchase,2026-02-28 23:33:50.242937,True
12775,488,218,sess_4889,purchase,2026-05-28 22:08:59.242937,True
3699,40,442,sess_489,purchase,2025-07-27 11:20:38.186925,True
7060,74,593,sess_489,view,2025-08-25 17:44:00.218542,True
9597,343,1092,sess_489,purchase,2026-04-29 03:01:46.228610,True
14154,538,297,sess_489,view,2026-05-24 07:20:20.249957,True
13602,363,5,sess_4890,add_to_cart,2025-06-25 00:06:19.247953,True
12503,28,334,sess_4891,view,2025-09-07 11:07:13.240934,True
4172,448,618,sess_4891,add_to_cart,2025-09-08 00:43:51.199974,True
1820,876,579,sess_4891,add_to_cart,2025-10-02 16:23:59.186925,True
5420,912,848,sess_4891,add_to_cart,2026-01-12 09:23:02.212022,True
5515,672,56,sess_4892,add_to_cart,2025-12-09 22:12:42.212022,True
10704,240,144,sess_4892,add_to_cart,2026-05-11 10:16:24.228610,True
9541,980,516,sess_4893,add_to_cart,2025-08-12 12:20:37.228610,True
4480,686,488,sess_4893,purchase,2025-12-21 06:32:08.203543,True
8635,487,590,sess_4893,view,2026-02-08 06:24:06.226324,True
11472,628,1062,sess_4893,add_to_cart,2026-04-01 23:58:24.237113,True
10109,1076,185,sess_4894,view,2025-07-26 17:35:58.228610,True
5860,1091,4,sess_4894,purchase,2025-08-30 21:18:09.214026,True
3262,603,782,sess_4894,view,2025-10-09 08:05:16.186925,True
13280,197,27,sess_4895,add_to_cart,2025-08-27 17:31:00.245946,True
7437,76,190,sess_4895,purchase,2026-02-25 08:51:07.219548,True
12067,448,304,sess_4895,view,2026-03-07 17:43:51.238931,True
6508,356,853,sess_4896,purchase,2025-09-30 03:33:48.216529,True
6880,535,83,sess_4896,add_to_cart,2026-04-20 16:08:57.216529,True
7096,859,417,sess_4897,add_to_cart,2025-10-22 13:57:07.218542,True
2152,758,262,sess_4898,purchase,2025-08-27 00:15:28.186925,True
7667,274,634,sess_4898,purchase,2025-12-11 18:50:56.222317,True
4276,937,889,sess_4898,add_to_cart,2025-12-15 18:32:13.201981,True
2191,498,489,sess_4898,add_to_cart,2026-03-22 15:50:05.186925,True
12727,369,675,sess_4899,purchase,2025-07-02 02:45:46.242937,True
12333,817,359,sess_4899,purchase,2025-09-23 13:39:58.240934,True
14221,37,1055,sess_4899,add_to_cart,2025-10-09 10:51:11.249957,True
7046,638,145,sess_4899,add_to_cart,2025-11-16 22:07:03.218542,True
13118,670,799,sess_4899,add_to_cart,2025-12-15 12:24:10.243940,True
10189,465,559,sess_4899,purchase,2025-12-18 00:57:12.228610,True
6789,801,248,sess_4899,purchase,2026-04-16 09:26:58.216529,True
12467,977,277,sess_4899,add_to_cart,2026-04-24 00:08:28.240934,True
1440,740,1094,sess_49,add_to_cart,2026-05-12 22:38:33.183414,True
7327,194,139,sess_490,view,2025-06-23 15:03:27.219548,True
9449,516,1055,sess_490,purchase,2025-10-08 02:02:58.228610,True
3515,540,228,sess_490,view,2026-06-04 00:06:48.186925,True
7868,225,1078,sess_4900,view,2025-10-25 00:46:51.222317,True
4892,674,350,sess_4901,add_to_cart,2025-10-31 18:12:36.209185,True
12101,758,585,sess_4901,view,2026-01-28 09:40:52.238931,True
347,473,496,sess_4902,add_to_cart,2025-06-15 15:17:23.178635,True
5598,903,135,sess_4902,view,2026-06-01 09:34:36.212022,True
5943,815,67,sess_4903,view,2026-03-20 07:39:09.214026,True
3695,922,408,sess_4903,add_to_cart,2026-05-09 21:51:23.186925,True
2866,1000,580,sess_4904,view,2025-12-19 01:43:48.186925,True
8480,853,467,sess_4905,view,2025-09-22 05:48:38.224321,True
3218,609,732,sess_4905,add_to_cart,2026-01-11 16:45:51.186925,True
13592,428,662,sess_4906,view,2025-08-01 11:20:22.247953,True
1321,412,331,sess_4906,purchase,2025-09-15 04:45:42.183414,True
208,390,996,sess_4907,purchase,2025-09-27 10:48:47.178635,True
12232,678,27,sess_4908,purchase,2025-08-08 17:50:15.240934,True
11754,268,973,sess_4908,add_to_cart,2025-12-24 22:28:25.238931,True
6159,267,813,sess_4908,add_to_cart,2026-04-03 06:18:57.214026,True
8802,448,853,sess_4909,add_to_cart,2026-03-09 19:10:33.226324,True
7739,243,391,sess_491,purchase,2025-08-30 16:36:01.222317,True
6344,597,542,sess_4910,view,2025-09-23 17:41:50.214026,True
11250,613,502,sess_4910,add_to_cart,2026-06-03 11:16:17.237113,True
1961,268,341,sess_4911,view,2025-12-08 13:20:55.186925,True
12844,282,601,sess_4911,view,2026-06-07 22:43:39.242937,True
1893,772,900,sess_4912,purchase,2025-11-24 05:30:00.186925,True
9436,1004,740,sess_4913,add_to_cart,2025-09-04 14:29:27.228610,True
12254,307,311,sess_4913,add_to_cart,2025-09-13 12:52:09.240934,True
5309,334,351,sess_4913,purchase,2026-03-24 23:07:16.211509,True
13731,354,39,sess_4913,view,2026-03-31 04:45:03.247953,True
7402,507,135,sess_4914,add_to_cart,2025-06-18 09:05:57.219548,True
12272,623,859,sess_4914,add_to_cart,2025-09-11 14:36:52.240934,True
2538,334,362,sess_4915,add_to_cart,2025-06-11 21:25:25.186925,True
13727,563,89,sess_4915,view,2025-07-08 01:43:24.247953,True
485,940,796,sess_4915,purchase,2026-04-24 15:42:45.181409,True
1776,977,1048,sess_4917,add_to_cart,2025-12-16 06:59:38.186925,True
8823,111,784,sess_4917,add_to_cart,2026-02-04 22:05:54.226324,True
452,534,39,sess_4918,view,2026-04-15 15:57:46.181409,True
10060,571,679,sess_4919,purchase,2025-08-08 10:39:34.228610,True
8359,663,357,sess_4919,add_to_cart,2026-04-22 19:27:36.224321,True
2101,289,255,sess_4919,purchase,2026-05-31 12:34:02.186925,True
8961,825,3,sess_492,view,2025-08-15 08:54:33.226324,True
13537,427,1011,sess_492,add_to_cart,2025-11-26 18:20:57.245946,True
11538,162,920,sess_492,purchase,2026-02-13 13:28:37.237113,True
8265,161,715,sess_492,add_to_cart,2026-03-04 05:44:46.224321,True
1250,356,664,sess_4920,add_to_cart,2025-11-25 12:56:26.183414,True
3434,458,261,sess_4920,view,2026-02-05 19:21:24.186925,True
1786,864,77,sess_4922,view,2025-08-20 10:47:32.186925,True
7078,438,117,sess_4922,add_to_cart,2026-02-17 07:50:44.218542,True
4630,506,428,sess_4923,purchase,2025-07-15 21:46:54.207677,True
3274,486,146,sess_4923,view,2025-11-07 02:45:40.186925,True
14724,5,92,sess_4923,purchase,2026-05-02 00:40:10.251960,True
4689,1057,479,sess_4926,purchase,2025-09-15 14:33:33.207677,True
3617,1094,894,sess_4926,purchase,2025-11-01 13:48:48.186925,True
11941,333,923,sess_4926,view,2026-01-28 00:09:14.238931,True
14970,510,773,sess_4926,view,2026-04-10 11:01:36.253968,True
8033,690,140,sess_4927,purchase,2025-10-17 02:32:10.222317,True
8969,978,871,sess_4928,purchase,2025-12-14 03:34:14.226324,True
11908,357,356,sess_4928,add_to_cart,2026-03-08 16:21:18.238931,True
9896,705,545,sess_4929,add_to_cart,2025-07-10 00:17:40.228610,True
4804,656,694,sess_4929,purchase,2026-01-21 00:42:00.209185,True
14690,794,578,sess_4929,purchase,2026-01-28 19:51:00.251960,True
8506,242,939,sess_4929,purchase,2026-05-03 23:41:41.224321,True
14617,822,272,sess_493,view,2025-07-17 03:27:47.251960,True
2955,1027,731,sess_493,view,2026-02-10 05:57:08.186925,True
10436,450,541,sess_4930,view,2025-08-23 19:45:56.228610,True
653,846,771,sess_4930,add_to_cart,2025-10-31 04:47:07.181409,True
3505,422,23,sess_4930,purchase,2026-03-23 00:10:12.186925,True
10960,313,297,sess_4931,add_to_cart,2025-09-08 09:05:57.235934,True
3202,371,998,sess_4932,add_to_cart,2026-05-24 13:37:31.186925,True
10836,1066,1028,sess_4933,purchase,2025-08-13 19:58:19.228610,True
12072,701,12,sess_4933,add_to_cart,2025-11-21 22:57:27.238931,True
2639,211,591,sess_4934,view,2025-08-03 18:40:46.186925,True
3257,683,839,sess_4934,view,2025-11-27 18:53:51.186925,True
2630,990,856,sess_4934,add_to_cart,2025-12-20 20:45:11.186925,True
5708,99,493,sess_4935,view,2025-12-26 04:30:02.212022,True
353,860,33,sess_4935,add_to_cart,2026-02-20 11:48:07.178635,True
4528,119,72,sess_4935,view,2026-04-04 10:32:19.203543,True
6296,1079,675,sess_4935,purchase,2026-04-12 16:30:50.214026,True
7933,504,575,sess_4936,add_to_cart,2025-07-04 22:28:52.222317,True
4502,1015,111,sess_4936,purchase,2025-12-02 15:51:17.203543,True
1601,627,414,sess_4936,purchase,2026-02-02 14:07:37.185418,True
10296,421,154,sess_4936,purchase,2026-05-30 00:40:15.228610,True
220,1070,385,sess_4937,view,2025-07-28 10:30:50.178635,True
14841,919,661,sess_4937,view,2025-09-29 20:03:27.251960,True
12540,877,641,sess_4937,add_to_cart,2026-03-14 09:57:49.240934,True
9432,900,698,sess_4938,add_to_cart,2026-01-17 07:20:34.228610,True
5117,944,229,sess_4939,add_to_cart,2026-01-29 18:47:18.209185,True
303,933,17,sess_494,view,2025-06-16 14:48:12.178635,True
10446,304,359,sess_494,view,2025-07-01 01:04:27.228610,True
7605,1011,650,sess_494,view,2026-03-23 12:30:29.222317,True
6659,1091,314,sess_494,add_to_cart,2026-05-15 16:00:41.216529,True
2471,221,59,sess_4940,view,2025-10-03 05:19:45.186925,True
13242,1015,287,sess_4940,add_to_cart,2025-11-14 22:52:22.245946,True
5858,991,526,sess_4940,add_to_cart,2026-05-10 14:59:57.214026,True
5554,539,1029,sess_4941,add_to_cart,2025-08-04 01:19:59.212022,True
8301,1080,839,sess_4941,add_to_cart,2025-08-14 19:47:14.224321,True
4862,789,539,sess_4942,view,2025-06-28 11:48:23.209185,True
7581,727,969,sess_4942,purchase,2025-10-13 21:25:16.222317,True
10354,870,829,sess_4942,add_to_cart,2026-03-20 18:09:03.228610,True
2732,683,131,sess_4942,purchase,2026-03-20 20:05:38.186925,True
3108,428,999,sess_4942,view,2026-03-22 21:58:09.186925,True
11405,839,807,sess_4943,purchase,2026-01-30 17:47:43.237113,True
679,504,933,sess_4943,add_to_cart,2026-02-13 11:14:12.181409,True
10516,159,283,sess_4943,purchase,2026-03-08 04:23:50.228610,True
14747,763,1006,sess_4943,add_to_cart,2026-04-13 22:11:17.251960,True
8906,812,1096,sess_4944,add_to_cart,2026-02-28 16:07:47.226324,True
9000,316,1079,sess_4944,purchase,2026-03-06 15:23:17.227826,True
675,1096,439,sess_4945,purchase,2025-12-11 03:14:39.181409,True
14522,163,523,sess_4945,purchase,2026-01-02 06:46:33.249957,True
14551,219,580,sess_4946,purchase,2026-03-16 14:27:23.249957,True
9827,702,431,sess_4947,add_to_cart,2025-07-05 04:01:22.228610,True
2128,153,812,sess_4947,add_to_cart,2025-08-09 15:46:25.186925,True
7538,399,966,sess_4947,purchase,2025-09-10 19:28:58.219548,True
4082,182,786,sess_4947,view,2025-11-13 01:34:20.199974,True
1686,573,278,sess_4947,view,2026-03-04 09:20:47.185418,True
2301,707,453,sess_4947,view,2026-05-08 21:07:28.186925,True
9186,430,198,sess_4948,view,2025-10-28 14:35:11.228610,True
7666,377,41,sess_4948,purchase,2026-01-27 02:11:50.222317,True
690,579,503,sess_495,purchase,2025-12-07 23:31:35.181409,True
10077,493,938,sess_495,add_to_cart,2026-02-20 18:57:15.228610,True
5358,153,598,sess_495,view,2026-03-27 14:44:01.212022,True
11137,644,644,sess_4950,view,2026-04-04 08:20:56.235934,True
3922,714,995,sess_4951,purchase,2025-10-08 16:17:01.197951,True
11086,529,234,sess_4951,add_to_cart,2026-02-24 21:53:01.235934,True
2812,254,38,sess_4951,add_to_cart,2026-05-03 18:18:09.186925,True
7640,1021,784,sess_4953,view,2025-07-26 01:42:41.222317,True
6074,467,300,sess_4954,view,2026-04-29 09:06:13.214026,True
4104,209,743,sess_4955,view,2025-09-07 10:04:04.199974,True
5101,599,451,sess_4956,add_to_cart,2025-07-21 23:33:01.209185,True
2823,885,137,sess_4956,view,2025-08-02 23:57:30.186925,True
9911,1023,229,sess_4956,view,2025-11-03 20:26:11.228610,True
12694,199,792,sess_4959,view,2025-11-29 21:01:42.242937,True
5850,883,243,sess_496,add_to_cart,2025-11-12 05:01:14.214026,True
5621,289,395,sess_496,view,2026-02-01 20:10:29.212022,True
1729,1037,159,sess_4960,view,2025-09-20 06:53:39.186925,True
12191,545,822,sess_4960,view,2026-02-13 15:53:50.240934,True
1181,582,242,sess_4961,purchase,2025-07-14 22:18:17.183414,True
12126,124,47,sess_4961,add_to_cart,2025-10-29 12:36:45.240934,True
3792,182,1002,sess_4963,view,2025-12-07 21:17:26.195433,True
8425,940,755,sess_4963,purchase,2026-02-01 03:09:03.224321,True
11771,227,681,sess_4963,view,2026-02-12 08:54:08.238931,True
10986,150,726,sess_4964,view,2025-07-04 15:13:16.235934,True
10740,521,659,sess_4964,view,2026-04-27 06:50:41.228610,True
1837,371,756,sess_4966,purchase,2026-04-03 10:55:18.186925,True
1065,628,457,sess_4967,purchase,2025-07-21 05:57:06.183414,True
13093,815,1094,sess_4967,view,2026-02-08 10:58:52.243940,True
23,952,858,sess_4967,add_to_cart,2026-03-28 08:19:11.178635,True
6820,610,479,sess_4967,add_to_cart,2026-04-16 17:01:52.216529,True
8648,434,210,sess_4968,purchase,2025-09-08 14:36:05.226324,True
8895,434,1026,sess_4968,purchase,2026-05-25 23:59:47.226324,True
8178,562,143,sess_497,add_to_cart,2025-11-20 05:13:27.224321,True
7244,136,580,sess_4970,add_to_cart,2025-07-15 22:24:39.219548,True
2794,669,203,sess_4970,add_to_cart,2025-07-29 12:43:32.186925,True
623,625,621,sess_4970,add_to_cart,2025-12-02 01:52:48.181409,True
1851,286,282,sess_4970,view,2026-04-28 06:47:04.186925,True
12780,594,779,sess_4971,add_to_cart,2025-09-18 02:11:59.242937,True
14823,796,327,sess_4971,add_to_cart,2025-12-07 19:34:35.251960,True
11544,154,601,sess_4971,view,2026-01-17 16:36:07.237113,True
6588,573,13,sess_4972,view,2025-11-26 19:33:51.216529,True
399,81,299,sess_4972,view,2026-02-04 04:41:43.178635,True
5308,624,537,sess_4972,add_to_cart,2026-04-26 12:53:08.211509,True
10310,963,780,sess_4973,purchase,2026-04-16 02:19:24.228610,True
14838,34,649,sess_4974,add_to_cart,2025-07-24 09:44:07.251960,True
8513,676,175,sess_4974,view,2025-09-14 05:04:51.224321,True
5180,1014,416,sess_4974,add_to_cart,2026-05-18 05:44:09.209185,True
3964,488,423,sess_4975,purchase,2025-06-27 23:01:23.197951,True
2602,643,869,sess_4975,add_to_cart,2026-05-05 07:36:40.186925,True
4906,238,754,sess_4976,purchase,2026-02-12 20:01:10.209185,True
3289,859,1018,sess_4977,add_to_cart,2026-04-27 14:30:57.186925,True
969,374,995,sess_4979,view,2025-06-29 14:48:42.183414,True
6994,918,1066,sess_4979,purchase,2026-01-04 05:04:08.216529,True
4847,658,110,sess_4979,view,2026-02-16 07:05:01.209185,True
9444,222,682,sess_498,view,2025-08-12 15:59:49.228610,True
6270,434,757,sess_498,purchase,2025-12-27 05:47:04.214026,True
5804,825,490,sess_4980,purchase,2026-03-16 13:36:06.212022,True
14044,967,880,sess_4980,view,2026-03-18 01:38:43.247953,True
1741,408,628,sess_4981,purchase,2025-11-09 05:31:56.186925,True
777,630,864,sess_4981,view,2026-03-06 05:55:33.181409,True
10523,178,48,sess_4981,add_to_cart,2026-03-11 18:55:36.228610,True
146,482,667,sess_4981,purchase,2026-05-30 06:26:54.178635,True
13131,296,928,sess_4982,view,2025-06-16 10:34:44.245946,True
6403,722,615,sess_4982,purchase,2026-02-28 01:09:52.214026,True
1408,203,117,sess_4983,purchase,2025-10-24 11:04:06.183414,True
10364,504,921,sess_4983,purchase,2025-11-20 11:47:59.228610,True
11650,485,741,sess_4984,view,2025-07-08 02:22:52.238931,True
12582,568,323,sess_4984,add_to_cart,2025-07-21 23:47:40.240934,True
2479,890,191,sess_4984,view,2026-05-23 16:43:18.186925,True
1906,1044,30,sess_4985,view,2026-05-21 05:37:45.186925,True
11675,618,496,sess_4986,add_to_cart,2026-02-23 08:04:15.238931,True
9337,127,301,sess_4987,view,2025-07-29 07:23:45.228610,True
10277,1082,846,sess_4987,add_to_cart,2025-09-30 14:41:06.228610,True
12418,174,697,sess_4987,purchase,2026-02-13 21:02:32.240934,True
14328,154,385,sess_4989,add_to_cart,2025-09-19 13:11:27.249957,True
3690,186,1051,sess_499,purchase,2026-03-12 04:28:07.186925,True
4194,1098,571,sess_4991,purchase,2026-03-27 11:59:34.199974,True
1485,544,889,sess_4992,add_to_cart,2025-10-05 11:00:36.185418,True
635,713,141,sess_4992,add_to_cart,2026-03-01 15:03:07.181409,True
6901,458,388,sess_4992,purchase,2026-04-09 02:44:23.216529,True
3599,224,699,sess_4994,purchase,2025-08-06 09:08:59.186925,True
8504,916,704,sess_4995,purchase,2025-06-22 07:14:42.224321,True
13041,101,189,sess_4995,add_to_cart,2025-07-09 14:50:20.243940,True
6204,815,921,sess_4995,add_to_cart,2026-03-16 15:46:21.214026,True
5541,222,989,sess_4995,add_to_cart,2026-05-09 19:26:55.212022,True
14971,128,172,sess_4996,add_to_cart,2026-01-08 20:49:36.253968,True
6649,852,176,sess_4996,view,2026-05-10 14:07:12.216529,True
13005,29,961,sess_4997,purchase,2025-11-20 09:34:27.243940,True
278,528,705,sess_4997,add_to_cart,2025-11-28 21:01:10.178635,True
197,31,850,sess_4998,view,2025-06-15 13:44:14.178635,True
10884,32,984,sess_4998,purchase,2025-12-30 21:24:08.228610,True
9443,301,269,sess_4998,purchase,2026-03-19 19:46:35.228610,True
12939,911,403,sess_4999,add_to_cart,2026-05-21 16:21:21.243940,True
7165,966,521,sess_50,add_to_cart,2025-07-07 17:44:15.218542,True
9424,514,424,sess_50,view,2026-05-14 04:09:13.228610,True
2534,536,660,sess_5000,purchase,2025-07-25 23:27:57.186925,True
2146,99,124,sess_5000,add_to_cart,2025-08-28 01:43:32.186925,True
9012,876,422,sess_5000,add_to_cart,2025-11-17 04:58:04.227826,True
11189,329,855,sess_5000,add_to_cart,2025-11-22 02:32:48.237113,True
7092,588,671,sess_501,purchase,2025-06-25 03:05:15.218542,True
5153,906,992,sess_501,view,2025-10-18 23:04:51.209185,True
3593,162,156,sess_501,purchase,2025-11-17 02:22:42.186925,True
4328,158,754,sess_501,view,2026-01-29 13:00:38.202536,True
3322,160,835,sess_502,purchase,2025-10-09 10:48:01.186925,True
831,842,528,sess_502,purchase,2026-01-29 18:57:43.181409,True
8538,662,217,sess_502,purchase,2026-02-24 14:16:33.224321,True
14,429,1054,sess_502,view,2026-04-06 13:37:45.178635,True
13374,823,133,sess_503,add_to_cart,2026-05-31 02:34:41.245946,True
1781,528,282,sess_504,purchase,2025-10-22 01:39:36.186925,True
393,684,1055,sess_504,view,2026-01-12 10:37:09.178635,True
6964,763,965,sess_505,purchase,2025-12-17 17:28:12.216529,True
6084,65,814,sess_505,add_to_cart,2026-05-06 18:49:55.214026,True
13866,818,893,sess_506,purchase,2025-08-12 15:15:33.247953,True
5750,953,523,sess_506,add_to_cart,2025-10-02 21:00:35.212022,True
509,721,539,sess_506,add_to_cart,2026-06-11 19:59:54.181409,True
6712,383,43,sess_507,add_to_cart,2025-08-16 00:43:07.216529,True
4660,656,661,sess_507,add_to_cart,2025-08-27 10:03:41.207677,True
13723,334,354,sess_508,purchase,2026-02-04 15:33:50.247953,True
10698,1058,609,sess_509,add_to_cart,2025-10-15 15:41:22.228610,True
7101,456,840,sess_509,purchase,2026-03-17 08:55:08.218542,True
1572,363,428,sess_51,view,2025-08-27 01:40:19.185418,True
7701,851,303,sess_51,view,2025-09-15 03:37:28.222317,True
7793,1067,501,sess_510,purchase,2026-04-01 09:57:31.222317,True
10526,893,491,sess_511,view,2025-10-19 06:53:54.228610,True
43,843,214,sess_512,add_to_cart,2025-09-21 02:55:46.178635,True
1261,1071,204,sess_514,purchase,2026-01-22 08:51:36.183414,True
5234,58,525,sess_515,add_to_cart,2025-10-18 05:23:39.209185,True
11973,36,447,sess_517,view,2025-09-09 05:51:50.238931,True
7409,543,908,sess_517,purchase,2026-02-19 07:12:59.219548,True
4917,143,292,sess_517,view,2026-05-20 22:40:15.209185,True
5514,511,359,sess_518,view,2025-10-15 12:45:08.212022,True
1810,939,290,sess_518,purchase,2025-12-04 03:37:09.186925,True
5607,153,563,sess_518,view,2026-02-07 09:24:31.212022,True
14638,453,584,sess_518,purchase,2026-03-16 12:56:50.251960,True
3034,1045,623,sess_519,purchase,2025-06-13 05:20:35.186925,True
5460,207,660,sess_519,purchase,2025-07-20 16:25:03.212022,True
6607,182,19,sess_519,view,2025-10-28 09:15:35.216529,True
11262,1030,751,sess_519,view,2026-05-20 16:27:04.237113,True
2305,362,738,sess_52,purchase,2025-09-10 11:34:13.186925,True
7314,430,773,sess_52,purchase,2025-09-10 18:44:18.219548,True
13379,440,980,sess_52,purchase,2025-10-03 01:34:25.245946,True
6362,357,688,sess_52,add_to_cart,2026-03-24 16:46:40.214026,True
6975,220,59,sess_520,add_to_cart,2025-10-11 06:50:11.216529,True
11537,834,752,sess_520,add_to_cart,2025-10-24 23:08:26.237113,True
10322,160,693,sess_520,view,2026-06-02 08:19:10.228610,True
5864,618,441,sess_521,view,2026-02-06 09:02:11.214026,True
10714,688,360,sess_522,add_to_cart,2025-07-26 08:07:11.228610,True
12315,65,234,sess_522,view,2025-12-21 14:14:52.240934,True
13148,257,981,sess_522,purchase,2026-02-22 22:38:51.245946,True
4573,929,725,sess_523,view,2025-12-19 22:49:58.203543,True
14277,462,177,sess_523,view,2026-05-26 23:05:44.249957,True
3290,59,888,sess_525,view,2025-08-31 11:36:43.186925,True
12270,699,312,sess_525,purchase,2026-05-04 02:25:53.240934,True
3094,840,301,sess_526,purchase,2026-02-15 22:47:56.186925,True
6910,1008,69,sess_527,purchase,2025-06-22 21:09:11.216529,True
1696,483,930,sess_527,add_to_cart,2025-07-03 17:19:55.185418,True
5884,123,641,sess_527,purchase,2026-03-31 01:32:57.214026,True
14217,987,16,sess_529,add_to_cart,2025-06-21 20:17:05.249957,True
7530,979,808,sess_529,add_to_cart,2025-09-24 09:47:27.219548,True
14797,78,523,sess_529,add_to_cart,2025-11-22 18:05:21.251960,True
8588,28,1083,sess_529,add_to_cart,2026-03-04 03:34:45.224321,True
4642,26,934,sess_53,purchase,2025-08-01 01:14:09.207677,True
3635,614,281,sess_53,purchase,2026-02-28 11:48:34.186925,True
6670,147,37,sess_53,add_to_cart,2026-04-26 08:29:38.216529,True
3871,484,159,sess_530,add_to_cart,2025-10-02 07:49:35.197951,True
5341,170,762,sess_530,add_to_cart,2025-12-31 04:23:10.212022,True
11945,238,204,sess_530,purchase,2026-04-25 03:10:47.238931,True
9850,474,979,sess_532,purchase,2025-08-12 20:08:39.228610,True
10298,1034,525,sess_532,purchase,2026-05-02 20:51:34.228610,True
5405,121,1077,sess_533,purchase,2025-08-19 03:55:42.212022,True
3848,340,1075,sess_534,add_to_cart,2025-10-30 14:54:07.197951,True
4306,941,715,sess_534,add_to_cart,2026-04-17 13:06:39.202536,True
9857,864,569,sess_535,add_to_cart,2025-11-22 19:30:02.228610,True
6590,613,1094,sess_536,purchase,2026-03-16 08:12:34.216529,True
4895,1055,23,sess_537,view,2025-07-08 19:59:37.209185,True
7883,647,531,sess_537,add_to_cart,2025-08-23 22:37:07.222317,True
13199,5,258,sess_537,view,2025-12-27 03:13:31.245946,True
9895,754,577,sess_537,view,2026-03-12 05:12:44.228610,True
1853,686,769,sess_538,purchase,2026-02-25 20:24:33.186925,True
213,1085,363,sess_538,purchase,2026-03-09 06:31:55.178635,True
8351,906,557,sess_539,view,2025-09-19 02:26:50.224321,True
4144,479,336,sess_539,add_to_cart,2025-09-27 04:19:19.199974,True
3803,762,918,sess_54,purchase,2025-10-24 18:08:30.195433,True
10099,876,698,sess_54,view,2026-04-08 12:07:43.228610,True
6042,613,343,sess_540,view,2025-07-27 01:44:04.214026,True
9566,102,794,sess_540,purchase,2026-02-14 19:20:09.228610,True
705,343,458,sess_541,purchase,2026-03-20 08:43:51.181409,True
12529,876,283,sess_542,add_to_cart,2025-10-20 02:53:59.240934,True
4676,765,135,sess_542,view,2025-11-28 11:56:30.207677,True
9969,266,745,sess_543,view,2025-06-27 16:27:26.228610,True
4342,875,39,sess_543,view,2026-02-22 17:55:17.203543,True
8145,600,109,sess_543,purchase,2026-05-19 16:29:09.224321,True
7912,448,615,sess_544,purchase,2025-07-27 06:46:32.222317,True
2664,236,787,sess_544,view,2025-08-13 01:58:52.186925,True
7846,1084,822,sess_544,purchase,2025-09-27 12:51:10.222317,True
9736,718,462,sess_544,view,2025-12-07 07:54:55.228610,True
14577,1012,367,sess_546,view,2026-01-03 14:23:43.251960,True
4267,1082,296,sess_547,view,2026-04-11 18:53:17.199974,True
14033,310,750,sess_548,view,2025-08-16 04:17:34.247953,True
619,697,474,sess_549,purchase,2025-07-29 17:32:14.181409,True
10728,506,1088,sess_549,purchase,2026-05-09 01:09:07.228610,True
3912,473,900,sess_55,purchase,2026-01-05 09:08:41.197951,True
12168,504,827,sess_55,view,2026-02-05 07:20:56.240934,True
3502,573,836,sess_550,purchase,2025-06-12 11:01:55.186925,True
11745,436,693,sess_550,add_to_cart,2025-06-17 17:10:51.238931,True
9275,712,184,sess_550,purchase,2025-10-19 18:02:49.228610,True
8512,901,599,sess_550,add_to_cart,2025-12-28 20:42:17.224321,True
10407,340,881,sess_551,purchase,2026-05-20 08:25:54.228610,True
4447,531,897,sess_552,view,2025-07-17 02:42:57.203543,True
2798,214,274,sess_552,purchase,2026-04-09 08:30:34.186925,True
10397,692,875,sess_553,purchase,2025-07-18 01:02:11.228610,True
7291,69,65,sess_553,view,2025-08-31 14:29:52.219548,True
9077,945,744,sess_554,purchase,2025-07-02 09:59:26.227826,True
6287,682,693,sess_555,add_to_cart,2025-09-01 08:36:44.214026,True
10441,30,351,sess_555,purchase,2026-03-20 19:10:35.228610,True
1602,239,321,sess_555,add_to_cart,2026-05-16 22:02:02.185418,True
12482,885,330,sess_556,add_to_cart,2025-06-27 10:40:29.240934,True
2982,1024,404,sess_556,view,2025-10-14 20:16:35.186925,True
4927,1018,809,sess_556,purchase,2025-12-17 10:49:57.209185,True
8438,530,769,sess_556,purchase,2026-01-02 07:53:09.224321,True
11953,750,1008,sess_556,view,2026-02-15 05:25:35.238931,True
7304,514,992,sess_557,add_to_cart,2025-10-27 01:00:44.219548,True
10005,404,948,sess_557,purchase,2026-01-22 23:46:48.228610,True
11624,492,546,sess_557,add_to_cart,2026-04-25 06:02:21.238931,True
9054,677,358,sess_558,add_to_cart,2025-07-27 19:23:19.227826,True
4009,672,737,sess_558,add_to_cart,2026-01-15 15:29:06.197951,True
740,267,773,sess_558,purchase,2026-02-13 23:22:31.181409,True
11919,349,221,sess_559,purchase,2026-04-07 11:32:21.238931,True
9712,243,86,sess_56,add_to_cart,2025-11-15 13:01:50.228610,True
6602,927,969,sess_560,purchase,2026-01-15 14:12:25.216529,True
1125,736,1061,sess_560,view,2026-03-30 16:23:51.183414,True
2472,292,1021,sess_561,view,2025-08-16 03:40:25.186925,True
8896,552,440,sess_562,add_to_cart,2025-06-23 21:55:17.226324,True
292,1057,877,sess_563,view,2025-10-02 12:46:33.178635,True
14742,793,174,sess_563,view,2026-01-29 15:09:22.251960,True
4073,882,698,sess_565,purchase,2025-12-18 09:02:49.199974,True
5219,309,201,sess_565,purchase,2026-03-12 12:44:19.209185,True
111,1003,1034,sess_566,purchase,2025-07-24 18:14:31.178635,True
8234,846,780,sess_566,add_to_cart,2026-02-01 09:52:41.224321,True
2640,866,593,sess_566,add_to_cart,2026-03-12 09:09:59.186925,True
1875,367,194,sess_566,view,2026-05-25 07:45:41.186925,True
3329,7,161,sess_567,view,2026-03-26 23:32:50.186925,True
2699,194,736,sess_568,purchase,2026-01-09 22:11:59.186925,True
10380,198,476,sess_569,view,2025-07-29 16:23:06.228610,True
14484,921,954,sess_569,add_to_cart,2026-05-05 19:53:17.249957,True
5088,630,188,sess_57,add_to_cart,2025-08-06 09:33:45.209185,True
2137,832,676,sess_570,view,2025-10-07 12:40:54.186925,True
13810,83,915,sess_570,view,2026-02-12 17:11:52.247953,True
2582,338,874,sess_571,add_to_cart,2025-10-20 08:47:20.186925,True
14498,328,427,sess_571,view,2026-01-19 14:08:13.249957,True
4119,411,153,sess_571,view,2026-01-25 16:28:42.199974,True
2589,12,385,sess_571,add_to_cart,2026-06-02 04:37:24.186925,True
14734,717,959,sess_573,add_to_cart,2025-06-15 10:01:44.251960,True
14907,628,296,sess_573,purchase,2025-12-11 21:27:11.253968,True
14911,858,768,sess_574,view,2025-06-28 02:05:48.253968,True
3317,391,226,sess_574,purchase,2025-11-14 04:09:33.186925,True
436,883,1038,sess_577,view,2025-06-17 05:31:58.178635,True
14518,147,275,sess_577,view,2025-06-25 03:17:28.249957,True
5772,601,944,sess_577,purchase,2025-12-16 08:20:32.212022,True
14700,1031,181,sess_578,purchase,2025-08-15 14:49:54.251960,True
8260,286,640,sess_578,purchase,2026-02-28 15:15:41.224321,True
3279,1053,1023,sess_579,view,2025-10-06 03:58:05.186925,True
1489,151,999,sess_579,view,2025-12-05 21:33:23.185418,True
10234,378,785,sess_579,purchase,2025-12-10 22:24:45.228610,True
7864,155,937,sess_579,purchase,2026-03-31 00:12:22.222317,True
14554,703,704,sess_58,purchase,2025-11-23 18:33:55.249957,True
4027,40,279,sess_58,add_to_cart,2026-05-12 20:17:29.197951,True
8251,498,629,sess_580,view,2026-05-05 12:59:18.224321,True
8165,1054,299,sess_581,view,2025-07-12 14:27:32.224321,True
11649,901,944,sess_581,purchase,2026-03-18 18:49:15.238931,True
5255,751,87,sess_582,purchase,2026-03-31 14:37:55.211509,True
11452,728,485,sess_583,purchase,2025-10-26 15:29:37.237113,True
58,1020,399,sess_584,view,2025-07-06 11:56:15.178635,True
672,228,650,sess_584,add_to_cart,2025-08-21 10:34:19.181409,True
9069,379,741,sess_584,view,2026-03-09 23:41:46.227826,True
8135,104,637,sess_584,add_to_cart,2026-03-23 09:46:23.224321,True
13294,552,473,sess_585,add_to_cart,2025-09-08 01:47:50.245946,True
13493,535,996,sess_585,add_to_cart,2025-11-07 09:55:05.245946,True
3312,237,770,sess_586,view,2025-08-02 00:36:36.186925,True
7925,745,442,sess_586,purchase,2025-09-20 11:10:24.222317,True
5983,476,1036,sess_589,add_to_cart,2025-10-03 01:12:24.214026,True
4302,414,940,sess_589,view,2026-01-15 07:09:42.202536,True
11616,371,934,sess_589,view,2026-03-07 04:18:40.238931,True
3011,349,353,sess_589,view,2026-04-09 10:15:46.186925,True
6119,328,533,sess_59,add_to_cart,2026-01-05 01:44:32.214026,True
9129,155,344,sess_59,add_to_cart,2026-01-07 21:51:38.228610,True
2611,228,1036,sess_590,add_to_cart,2025-07-10 04:33:04.186925,True
13522,1010,727,sess_590,add_to_cart,2025-10-24 06:01:45.245946,True
994,200,268,sess_590,view,2026-01-29 04:36:30.183414,True
11883,344,8,sess_590,view,2026-01-30 20:06:54.238931,True
14490,621,85,sess_590,view,2026-04-08 22:26:52.249957,True
5007,782,1029,sess_590,view,2026-04-26 09:43:04.209185,True
8207,1015,596,sess_591,add_to_cart,2025-08-07 20:25:17.224321,True
376,736,724,sess_591,purchase,2026-01-17 14:53:44.178635,True
5802,361,678,sess_591,purchase,2026-05-06 20:24:47.212022,True
1948,732,690,sess_592,purchase,2025-09-03 06:51:04.186925,True
6211,293,626,sess_593,purchase,2025-12-08 19:30:10.214026,True
8803,154,785,sess_593,add_to_cart,2026-01-13 12:32:05.226324,True
11525,320,543,sess_593,view,2026-04-26 18:27:19.237113,True
2725,450,425,sess_594,add_to_cart,2025-10-31 16:25:33.186925,True
9942,219,35,sess_595,view,2025-06-17 17:42:30.228610,True
7627,532,409,sess_595,purchase,2025-07-28 04:08:47.222317,True
5092,468,426,sess_596,purchase,2025-08-20 22:04:48.209185,True
13552,557,1072,sess_596,add_to_cart,2025-10-30 16:49:35.247953,True
11302,522,597,sess_596,add_to_cart,2026-03-20 23:53:34.237113,True
4294,242,150,sess_597,view,2025-11-07 16:27:38.202536,True
5756,100,32,sess_598,purchase,2025-07-03 08:23:24.212022,True
6511,1015,172,sess_598,add_to_cart,2025-08-27 01:03:04.216529,True
195,460,79,sess_598,purchase,2025-10-30 04:01:43.178635,True
5104,214,334,sess_599,purchase,2025-09-27 20:49:48.209185,True
11188,403,305,sess_599,purchase,2025-11-08 00:28:50.237113,True
1187,986,107,sess_599,view,2026-03-31 05:07:15.183414,True
4225,190,849,sess_599,add_to_cart,2026-04-17 01:26:47.199974,True
4805,332,16,sess_599,purchase,2026-04-28 22:16:29.209185,True
14253,475,1009,sess_6,view,2025-12-02 19:10:31.249957,True
2045,500,182,sess_6,view,2026-02-17 00:02:15.186925,True
10399,195,850,sess_6,view,2026-05-27 11:46:01.228610,True
8909,810,910,sess_60,view,2025-08-24 20:31:01.226324,True
5713,536,380,sess_60,add_to_cart,2025-10-19 06:12:18.212022,True
14169,426,312,sess_60,add_to_cart,2026-04-11 02:28:45.249957,True
7412,770,970,sess_600,purchase,2025-11-03 06:10:59.219548,True
2659,808,634,sess_600,view,2026-02-25 16:35:45.186925,True
8859,450,724,sess_601,view,2025-10-23 09:20:34.226324,True
5752,277,280,sess_601,add_to_cart,2026-02-09 23:31:04.212022,True
2692,865,604,sess_602,purchase,2025-12-24 12:45:18.186925,True
4258,732,461,sess_602,add_to_cart,2026-06-02 09:35:28.199974,True
9456,549,493,sess_604,view,2026-03-21 01:18:05.228610,True
5202,111,29,sess_605,add_to_cart,2025-08-22 22:52:13.209185,True
6298,579,679,sess_605,purchase,2026-05-17 11:33:54.214026,True
11256,806,269,sess_606,purchase,2025-07-14 11:09:51.237113,True
12679,578,1000,sess_606,view,2025-11-08 13:53:07.242937,True
4371,532,1000,sess_607,purchase,2025-11-19 20:52:27.203543,True
5217,741,739,sess_608,add_to_cart,2025-12-06 11:59:03.209185,True
4263,24,817,sess_609,view,2025-06-23 06:49:54.199974,True
13845,294,1048,sess_609,add_to_cart,2025-09-28 17:35:58.247953,True
11087,346,496,sess_61,view,2025-09-09 21:11:19.235934,True
9380,762,658,sess_61,purchase,2025-11-04 07:58:34.228610,True
2932,688,858,sess_610,purchase,2025-12-12 05:23:50.186925,True
1916,716,851,sess_610,view,2026-04-26 16:10:03.186925,True
995,689,1052,sess_611,add_to_cart,2025-06-12 09:50:36.183414,True
3077,995,127,sess_611,add_to_cart,2026-04-12 23:10:06.186925,True
5841,231,350,sess_612,add_to_cart,2025-07-09 17:41:01.214026,True
12839,663,481,sess_612,purchase,2026-04-28 07:37:40.242937,True
7366,656,1015,sess_612,add_to_cart,2026-05-02 03:13:12.219548,True
10344,120,482,sess_613,add_to_cart,2025-10-07 14:32:29.228610,True
5991,570,1079,sess_614,add_to_cart,2026-03-29 04:49:33.214026,True
13006,177,115,sess_615,view,2025-08-25 04:26:29.243940,True
13595,670,623,sess_615,view,2026-04-28 07:13:00.247953,True
11574,986,587,sess_616,add_to_cart,2025-07-21 19:43:00.237113,True
2291,295,993,sess_616,purchase,2025-08-12 23:31:49.186925,True
11084,521,176,sess_616,purchase,2026-01-17 09:45:36.235934,True
13020,562,1077,sess_617,view,2026-02-02 11:46:35.243940,True
1797,365,183,sess_618,purchase,2025-11-01 09:03:25.186925,True
3403,75,200,sess_618,add_to_cart,2026-01-09 20:07:03.186925,True
10416,641,754,sess_618,purchase,2026-01-24 14:57:24.228610,True
9179,737,1058,sess_619,view,2026-05-20 03:56:55.228610,True
8015,164,9,sess_62,add_to_cart,2026-03-26 21:26:24.222317,True
12340,919,286,sess_620,add_to_cart,2025-07-20 00:42:11.240934,True
2267,39,967,sess_620,add_to_cart,2025-12-24 05:24:42.186925,True
7504,636,106,sess_620,view,2026-04-21 19:00:11.219548,True
12774,597,354,sess_621,add_to_cart,2025-09-06 02:39:35.242937,True
10718,861,826,sess_621,purchase,2025-10-15 06:13:53.228610,True
13018,979,8,sess_621,view,2026-03-04 00:17:34.243940,True
8625,906,985,sess_621,add_to_cart,2026-05-26 09:23:56.226324,True
6634,745,1022,sess_622,view,2026-02-05 02:13:45.216529,True
8698,715,355,sess_622,purchase,2026-05-29 16:39:17.226324,True
14116,309,292,sess_623,view,2026-04-15 22:32:54.249957,True
3866,748,653,sess_624,purchase,2025-07-03 01:36:03.197951,True
11243,238,294,sess_624,add_to_cart,2025-08-16 18:51:34.237113,True
516,246,959,sess_624,add_to_cart,2026-02-15 07:51:59.181409,True
1137,371,643,sess_625,purchase,2025-08-11 02:39:29.183414,True
9428,800,81,sess_625,purchase,2025-11-27 19:07:10.228610,True
8867,396,513,sess_626,purchase,2026-03-24 15:34:53.226324,True
13282,27,932,sess_627,add_to_cart,2025-07-24 18:10:19.245946,True
5484,953,375,sess_627,add_to_cart,2025-08-11 19:39:44.212022,True
12998,996,240,sess_627,purchase,2025-09-02 04:53:35.243940,True
1536,484,227,sess_628,view,2025-11-16 06:08:49.185418,True
7155,114,55,sess_629,purchase,2025-09-16 16:11:19.218542,True
2500,241,112,sess_63,purchase,2025-11-01 15:22:11.186925,True
14196,248,397,sess_630,view,2025-11-09 18:49:20.249957,True
2742,266,776,sess_630,add_to_cart,2026-01-07 00:27:02.186925,True
5766,746,20,sess_630,purchase,2026-03-10 13:59:59.212022,True
3758,12,797,sess_630,view,2026-04-04 11:58:40.195433,True
9697,554,587,sess_631,add_to_cart,2025-12-21 22:21:11.228610,True
7362,900,881,sess_632,view,2026-03-30 05:38:15.219548,True
11628,418,84,sess_632,view,2026-06-02 13:17:14.238931,True
2439,938,879,sess_633,purchase,2025-07-03 17:48:00.186925,True
114,276,1049,sess_633,view,2025-08-23 15:42:23.178635,True
5385,92,1089,sess_633,purchase,2025-10-07 18:55:38.212022,True
2569,987,132,sess_634,view,2025-09-19 21:31:41.186925,True
9784,725,93,sess_634,view,2025-09-20 20:36:02.228610,True
8131,318,224,sess_634,add_to_cart,2026-03-30 10:23:18.224321,True
1527,295,998,sess_634,purchase,2026-05-10 16:23:54.185418,True
4795,510,126,sess_635,view,2026-01-03 12:36:45.209185,True
6100,759,376,sess_636,purchase,2025-07-27 20:19:24.214026,True
8246,348,866,sess_636,purchase,2025-08-18 13:09:22.224321,True
551,919,1077,sess_636,add_to_cart,2026-02-22 14:28:37.181409,True
14782,488,837,sess_636,add_to_cart,2026-03-19 11:55:24.251960,True
7182,129,597,sess_637,add_to_cart,2025-06-12 15:28:28.218542,True
6157,974,716,sess_637,add_to_cart,2026-04-20 13:11:19.214026,True
8147,1073,250,sess_637,purchase,2026-05-17 10:01:09.224321,True
14908,742,251,sess_638,add_to_cart,2025-07-11 04:28:36.253968,True
10548,201,330,sess_638,purchase,2025-09-16 12:33:13.228610,True
7220,597,682,sess_638,view,2025-10-01 20:26:55.219548,True
2600,795,805,sess_638,add_to_cart,2025-10-03 23:37:01.186925,True
14893,604,451,sess_638,purchase,2026-02-16 15:00:04.253968,True
9292,815,134,sess_64,add_to_cart,2025-07-18 13:02:17.228610,True
3686,979,669,sess_640,add_to_cart,2025-07-08 20:07:10.186925,True
12312,221,558,sess_642,purchase,2025-11-01 03:10:52.240934,True
152,520,887,sess_642,purchase,2026-04-27 16:56:47.178635,True
4226,909,525,sess_643,view,2025-06-20 07:25:45.199974,True
7184,1023,749,sess_643,add_to_cart,2026-02-19 20:25:20.218542,True
10741,724,763,sess_644,add_to_cart,2025-08-16 09:23:24.228610,True
8519,882,137,sess_644,purchase,2025-11-11 21:39:13.224321,True
14949,838,1095,sess_644,purchase,2026-03-13 04:40:50.253968,True
5164,100,794,sess_645,add_to_cart,2025-11-11 07:43:48.209185,True
13743,48,805,sess_645,view,2026-01-08 08:04:31.247953,True
11049,166,173,sess_646,add_to_cart,2025-06-13 03:01:38.235934,True
1623,196,421,sess_646,view,2025-07-27 18:50:16.185418,True
6009,496,523,sess_646,add_to_cart,2025-11-09 16:58:59.214026,True
12651,802,1032,sess_646,view,2026-05-29 13:30:20.242937,True
3539,994,807,sess_648,add_to_cart,2025-07-08 06:22:32.186925,True
7404,372,335,sess_648,add_to_cart,2025-09-16 07:42:16.219548,True
13872,962,300,sess_649,add_to_cart,2026-01-13 16:36:18.247953,True
10720,203,41,sess_65,add_to_cart,2025-07-14 10:12:04.228610,True
14269,492,207,sess_65,view,2026-02-15 06:42:48.249957,True
7200,785,953,sess_65,add_to_cart,2026-03-21 23:25:36.219548,True
10203,744,754,sess_650,purchase,2025-07-02 16:45:48.228610,True
8361,78,704,sess_650,purchase,2025-11-22 06:45:06.224321,True
10076,66,80,sess_650,purchase,2025-11-30 02:13:05.228610,True
8114,653,628,sess_651,add_to_cart,2025-08-15 12:01:01.224321,True
5821,48,1001,sess_651,purchase,2025-11-10 21:37:15.212022,True
10885,86,510,sess_651,purchase,2025-12-27 10:33:16.228610,True
1984,181,340,sess_652,view,2025-09-19 06:21:36.186925,True
12229,997,750,sess_652,purchase,2025-11-27 08:07:24.240934,True
9260,148,512,sess_652,view,2026-02-21 20:54:59.228610,True
10685,411,1021,sess_652,view,2026-05-21 23:24:59.228610,True
4672,1049,520,sess_653,purchase,2025-10-18 03:17:48.207677,True
9226,582,426,sess_653,view,2026-02-12 19:44:58.228610,True
6216,1046,108,sess_653,purchase,2026-04-28 06:07:43.214026,True
6472,912,532,sess_654,purchase,2025-08-13 20:13:12.214026,True
2441,421,839,sess_654,purchase,2026-06-10 03:48:38.186925,True
9073,745,438,sess_655,add_to_cart,2025-06-30 10:43:39.227826,True
5289,644,50,sess_655,add_to_cart,2025-08-21 01:35:25.211509,True
9263,236,1086,sess_656,view,2025-10-19 11:37:00.228610,True
10674,850,698,sess_657,view,2025-10-29 02:41:53.228610,True
9716,807,1039,sess_657,purchase,2026-04-05 11:26:58.228610,True
14740,486,744,sess_657,view,2026-04-17 14:34:09.251960,True
12495,941,988,sess_658,purchase,2025-06-28 18:59:26.240934,True
11818,989,575,sess_658,add_to_cart,2026-02-18 21:44:37.238931,True
8609,151,293,sess_659,view,2025-07-30 20:37:54.226324,True
8475,903,674,sess_659,purchase,2025-10-15 06:17:33.224321,True
2279,632,487,sess_659,view,2026-02-26 22:42:50.186925,True
7426,709,723,sess_66,add_to_cart,2026-01-30 08:33:02.219548,True
1597,835,888,sess_66,view,2026-02-22 21:52:23.185418,True
4047,855,855,sess_66,view,2026-04-09 17:43:29.197951,True
2110,248,368,sess_660,purchase,2025-08-08 14:09:07.186925,True
875,175,114,sess_660,add_to_cart,2026-03-06 00:23:32.181409,True
6805,243,875,sess_660,purchase,2026-04-14 15:49:48.216529,True
13906,123,59,sess_660,purchase,2026-04-23 19:16:21.247953,True
9834,800,102,sess_660,add_to_cart,2026-06-06 05:25:18.228610,True
11789,372,675,sess_661,view,2025-08-28 09:16:59.238931,True
9971,1073,845,sess_661,add_to_cart,2026-06-06 03:39:26.228610,True
2953,975,820,sess_662,purchase,2025-07-24 18:40:05.186925,True
1270,851,420,sess_662,view,2026-01-04 09:33:58.183414,True
1401,52,939,sess_664,add_to_cart,2025-07-31 16:51:24.183414,True
13220,693,655,sess_665,purchase,2026-03-06 23:24:23.245946,True
1651,398,842,sess_667,view,2025-09-02 08:39:10.185418,True
1736,368,705,sess_668,view,2025-08-13 10:13:45.186925,True
2230,372,1041,sess_668,purchase,2025-10-20 23:33:10.186925,True
2731,409,1005,sess_669,add_to_cart,2026-06-02 04:15:13.186925,True
7170,488,114,sess_669,purchase,2026-06-03 23:23:09.218542,True
5451,624,492,sess_67,view,2025-07-24 14:50:41.212022,True
10236,978,530,sess_670,purchase,2025-09-17 00:16:57.228610,True
4726,20,30,sess_670,add_to_cart,2026-02-04 18:59:38.207677,True
14683,34,700,sess_670,purchase,2026-04-28 21:25:29.251960,True
7112,272,517,sess_672,view,2025-06-25 22:22:12.218542,True
11918,39,908,sess_672,purchase,2026-03-19 14:51:42.238931,True
10204,899,857,sess_672,purchase,2026-05-12 16:26:04.228610,True
13937,418,684,sess_673,purchase,2025-11-24 22:14:34.247953,True
12349,276,1032,sess_674,view,2025-06-21 20:51:45.240934,True
6170,298,639,sess_674,add_to_cart,2025-12-04 22:34:28.214026,True
12648,390,743,sess_674,purchase,2025-12-31 09:57:18.242937,True
14032,380,760,sess_674,purchase,2026-04-09 16:57:20.247953,True
11975,495,662,sess_675,view,2025-11-17 02:58:25.238931,True
3555,923,254,sess_675,add_to_cart,2026-03-25 21:53:39.186925,True
9247,735,719,sess_676,purchase,2025-12-25 17:40:12.228610,True
2367,1091,642,sess_676,view,2026-03-27 02:05:16.186925,True
4494,1073,438,sess_678,view,2025-08-13 15:26:52.203543,True
237,356,688,sess_678,add_to_cart,2025-11-10 16:29:52.178635,True
11306,495,229,sess_678,add_to_cart,2026-01-03 23:07:09.237113,True
8018,427,376,sess_678,view,2026-02-27 00:11:16.222317,True
13205,134,905,sess_679,add_to_cart,2025-06-29 20:27:39.245946,True
10941,735,834,sess_68,add_to_cart,2025-12-25 01:45:06.228610,True
7486,1008,900,sess_68,add_to_cart,2026-05-24 11:09:02.219548,True
5947,870,67,sess_680,purchase,2025-08-02 01:16:23.214026,True
1568,138,656,sess_680,view,2025-08-26 10:03:06.185418,True
4182,700,384,sess_680,view,2026-04-01 23:50:21.199974,True
4032,167,657,sess_681,purchase,2025-08-22 00:40:12.197951,True
5297,610,881,sess_682,view,2025-12-18 01:18:15.211509,True
1808,996,273,sess_682,view,2026-06-06 09:54:41.186925,True
4509,981,694,sess_683,view,2025-11-18 17:40:08.203543,True
549,845,880,sess_683,view,2025-12-29 11:03:11.181409,True
5382,508,651,sess_684,add_to_cart,2025-06-13 20:27:32.212022,True
12837,83,819,sess_684,view,2026-03-03 11:27:05.242937,True
7208,188,286,sess_685,add_to_cart,2025-12-10 16:28:30.219548,True
5222,783,81,sess_685,add_to_cart,2026-01-03 01:34:32.209185,True
8773,647,69,sess_685,purchase,2026-03-19 08:11:46.226324,True
1865,210,623,sess_688,purchase,2025-07-15 19:01:02.186925,True
11724,54,577,sess_688,add_to_cart,2025-09-05 11:36:56.238931,True
14101,412,866,sess_689,view,2025-12-01 00:33:22.249957,True
10320,332,784,sess_689,purchase,2025-12-07 14:59:41.228610,True
13078,3,559,sess_689,view,2026-05-18 02:20:23.243940,True
10915,732,48,sess_69,purchase,2025-07-24 17:30:54.228610,True
11035,793,979,sess_690,view,2025-12-05 19:42:24.235934,True
5105,98,526,sess_690,purchase,2026-04-04 14:21:52.209185,True
7157,537,439,sess_691,view,2025-11-27 08:06:29.218542,True
13258,187,153,sess_691,add_to_cart,2026-04-01 19:34:54.245946,True
11719,673,167,sess_691,add_to_cart,2026-05-21 13:19:13.238931,True
3553,171,1029,sess_693,purchase,2025-07-26 13:05:18.186925,True
6297,692,944,sess_693,purchase,2026-01-12 01:21:32.214026,True
5528,579,388,sess_693,view,2026-04-13 16:01:51.212022,True
7279,467,118,sess_694,view,2025-06-23 20:31:59.219548,True
1844,364,992,sess_694,purchase,2025-08-27 07:39:39.186925,True
4245,122,590,sess_694,add_to_cart,2025-12-27 20:39:54.199974,True
8357,178,226,sess_694,add_to_cart,2026-03-14 17:40:35.224321,True
3683,881,622,sess_695,purchase,2026-01-25 23:13:23.186925,True
6859,2,136,sess_696,purchase,2026-01-27 20:00:33.216529,True
6237,1028,740,sess_696,add_to_cart,2026-03-29 10:27:09.214026,True
2638,289,680,sess_696,view,2026-04-02 18:32:31.186925,True
1794,335,42,sess_697,view,2025-07-02 01:13:08.186925,True
9464,335,850,sess_697,add_to_cart,2026-05-22 03:46:39.228610,True
14431,304,918,sess_698,purchase,2025-06-15 02:18:18.249957,True
7002,939,934,sess_698,add_to_cart,2025-11-17 19:44:20.218542,True
1157,354,709,sess_699,add_to_cart,2025-06-18 16:52:48.183414,True
14503,280,768,sess_7,purchase,2026-01-11 12:34:38.249957,True
14594,213,1017,sess_7,add_to_cart,2026-02-06 10:41:21.251960,True
2242,361,729,sess_700,view,2025-08-15 14:08:00.186925,True
855,19,599,sess_700,view,2026-01-07 11:35:49.181409,True
9907,267,932,sess_700,add_to_cart,2026-04-06 11:23:41.228610,True
8557,883,484,sess_701,view,2026-03-03 01:04:24.224321,True
13836,545,1059,sess_701,add_to_cart,2026-03-25 10:25:47.247953,True
9314,1034,301,sess_702,view,2025-09-19 04:09:21.228610,True
12622,481,944,sess_703,purchase,2025-07-31 09:27:09.240934,True
3196,379,375,sess_703,view,2025-08-23 10:18:28.186925,True
2737,558,407,sess_703,purchase,2026-02-26 22:59:29.186925,True
7193,426,214,sess_704,purchase,2025-09-27 02:17:06.218542,True
3009,990,127,sess_705,add_to_cart,2025-07-13 18:56:44.186925,True
4497,447,1095,sess_706,add_to_cart,2025-09-03 23:46:41.203543,True
6067,38,796,sess_706,view,2025-10-01 16:38:39.214026,True
11152,855,329,sess_707,purchase,2025-08-19 03:33:25.235934,True
8013,69,943,sess_707,add_to_cart,2025-09-26 19:39:33.222317,True
6711,844,261,sess_709,add_to_cart,2025-08-17 12:34:27.216529,True
9780,283,656,sess_709,purchase,2026-02-20 00:14:50.228610,True
8893,221,201,sess_709,purchase,2026-04-11 22:41:23.226324,True
3424,194,889,sess_710,view,2025-10-20 17:55:30.186925,True
7513,467,811,sess_710,add_to_cart,2025-11-29 22:58:30.219548,True
3603,381,246,sess_710,add_to_cart,2026-01-02 06:58:14.186925,True
7889,572,486,sess_712,purchase,2025-09-09 17:18:33.222317,True
10925,879,85,sess_712,add_to_cart,2025-10-17 00:20:38.228610,True
3581,99,153,sess_712,add_to_cart,2025-11-12 06:32:03.186925,True
13924,370,26,sess_712,view,2025-11-16 07:58:37.247953,True
8604,91,255,sess_712,add_to_cart,2026-05-05 06:00:28.224321,True
12405,414,423,sess_713,add_to_cart,2025-07-05 16:18:55.240934,True
6594,1089,650,sess_713,add_to_cart,2026-05-10 14:03:42.216529,True
13551,163,964,sess_714,view,2026-02-27 09:17:41.245946,True
14938,1076,645,sess_715,add_to_cart,2025-12-15 13:47:14.253968,True
5246,252,379,sess_715,add_to_cart,2026-03-20 21:25:45.211204,True
9946,1059,714,sess_716,purchase,2026-02-16 00:17:48.228610,True
4385,1055,985,sess_716,add_to_cart,2026-03-26 15:21:50.203543,True
6981,855,545,sess_717,purchase,2025-07-21 06:05:22.216529,True
12384,723,415,sess_718,purchase,2025-08-08 01:08:33.240934,True
1878,781,127,sess_718,view,2025-10-26 16:31:25.186925,True
14420,795,961,sess_718,purchase,2026-04-24 20:14:21.249957,True
11362,847,359,sess_719,add_to_cart,2025-07-19 03:41:13.237113,True
4555,801,359,sess_719,purchase,2025-11-15 04:36:47.203543,True
3899,330,868,sess_719,add_to_cart,2026-04-24 15:06:26.197951,True
3242,733,152,sess_72,add_to_cart,2025-07-21 09:49:22.186925,True
11338,20,689,sess_72,add_to_cart,2026-03-31 01:30:16.237113,True
1470,553,943,sess_720,add_to_cart,2025-09-15 18:27:51.185418,True
1277,846,424,sess_721,purchase,2025-12-15 05:23:19.183414,True
4860,604,295,sess_722,purchase,2026-01-22 15:59:17.209185,True
2588,414,499,sess_723,view,2025-10-04 01:08:14.186925,True
2807,134,529,sess_725,add_to_cart,2025-07-27 14:59:00.186925,True
11397,730,927,sess_725,purchase,2025-10-28 23:17:57.237113,True
12902,513,530,sess_726,view,2025-06-18 07:07:37.243940,True
10855,833,628,sess_726,add_to_cart,2026-03-09 09:38:39.228610,True
11523,1060,852,sess_727,purchase,2025-11-10 16:56:43.237113,True
10910,460,262,sess_727,add_to_cart,2026-04-18 17:09:24.228610,True
6373,55,976,sess_728,view,2025-07-12 22:19:35.214026,True
9393,1023,1036,sess_728,purchase,2025-07-19 17:53:07.228610,True
8903,792,759,sess_728,add_to_cart,2025-10-09 22:36:19.226324,True
12089,804,725,sess_728,add_to_cart,2025-11-15 13:55:05.238931,True
5966,525,800,sess_728,purchase,2026-04-25 07:59:33.214026,True
11267,129,1078,sess_728,purchase,2026-06-03 08:35:09.237113,True
12701,583,192,sess_729,purchase,2025-11-17 14:55:02.242937,True
6314,634,887,sess_73,add_to_cart,2025-08-07 01:21:18.214026,True
535,132,119,sess_730,view,2025-08-01 20:31:41.181409,True
2079,851,885,sess_730,add_to_cart,2025-12-05 01:53:32.186925,True
4898,372,863,sess_732,view,2025-06-24 09:38:58.209185,True
1080,6,215,sess_732,purchase,2025-07-27 23:27:49.183414,True
3994,219,833,sess_732,add_to_cart,2025-08-12 23:53:11.197951,True
684,107,770,sess_733,view,2025-12-03 03:37:41.181409,True
13632,83,684,sess_734,add_to_cart,2025-11-28 20:22:43.247953,True
1059,22,1022,sess_734,purchase,2026-02-02 01:29:48.183414,True
9365,594,777,sess_734,add_to_cart,2026-03-13 04:30:26.228610,True
3550,206,221,sess_735,purchase,2026-01-07 01:34:17.186925,True
7608,1002,1041,sess_735,purchase,2026-02-10 07:38:43.222317,True
14446,880,457,sess_735,view,2026-03-26 17:12:27.249957,True
8778,505,62,sess_735,purchase,2026-04-22 23:31:21.226324,True
14404,335,513,sess_736,purchase,2025-11-28 13:25:34.249957,True
13910,905,672,sess_736,add_to_cart,2026-01-31 08:09:04.247953,True
8087,689,323,sess_736,view,2026-03-30 00:55:20.222317,True
13069,320,379,sess_738,add_to_cart,2025-08-10 07:05:14.243940,True
11143,1002,709,sess_738,add_to_cart,2026-05-16 11:44:01.235934,True
427,516,232,sess_739,purchase,2026-01-19 15:55:16.178635,True
13637,132,33,sess_739,purchase,2026-02-16 17:47:36.247953,True
5422,299,182,sess_739,view,2026-02-19 17:55:51.212022,True
4864,629,709,sess_740,purchase,2025-08-20 03:21:37.209185,True
10656,801,954,sess_740,purchase,2025-12-10 19:33:03.228610,True
4661,782,232,sess_741,view,2025-10-02 08:34:38.207677,True
4309,818,14,sess_741,add_to_cart,2025-12-04 01:04:08.202536,True
3884,450,247,sess_741,view,2026-05-24 02:54:54.197951,True
13211,203,712,sess_742,add_to_cart,2025-09-27 07:28:53.245946,True
610,381,1029,sess_743,add_to_cart,2026-04-15 13:46:24.181409,True
5046,290,1015,sess_744,add_to_cart,2026-02-16 15:16:27.209185,True
12027,892,101,sess_745,add_to_cart,2025-07-29 16:43:42.238931,True
12158,443,439,sess_745,add_to_cart,2026-04-20 22:00:17.240934,True
1868,54,643,sess_747,view,2026-05-24 02:33:31.186925,True
3462,415,993,sess_748,view,2025-06-20 09:19:55.186925,True
9920,901,819,sess_748,add_to_cart,2025-07-03 16:43:41.228610,True
13742,888,449,sess_748,view,2025-07-10 06:38:29.247953,True
8403,162,904,sess_748,purchase,2025-10-09 10:28:08.224321,True
11314,1033,221,sess_748,add_to_cart,2025-10-13 10:03:06.237113,True
421,1053,1091,sess_748,add_to_cart,2026-01-05 04:53:43.178635,True
13523,602,504,sess_75,purchase,2025-10-09 22:15:14.245946,True
9274,39,893,sess_75,view,2026-03-26 18:27:48.228610,True
8551,838,632,sess_75,add_to_cart,2026-04-04 06:07:45.224321,True
3031,712,126,sess_750,purchase,2025-06-16 10:18:39.186925,True
5439,593,870,sess_750,purchase,2025-09-06 06:20:23.212022,True
4156,744,661,sess_750,purchase,2025-11-23 08:24:23.199974,True
3058,780,1050,sess_750,purchase,2026-05-23 13:12:09.186925,True
10138,1009,871,sess_750,purchase,2026-06-08 23:06:02.228610,True
9728,906,301,sess_751,purchase,2025-07-01 05:09:33.228610,True
7845,844,616,sess_751,purchase,2025-11-25 16:49:44.222317,True
11228,1087,996,sess_751,view,2025-11-27 06:37:24.237113,True
9649,264,718,sess_751,add_to_cart,2026-04-05 13:28:59.228610,True
14095,875,578,sess_752,view,2025-10-27 12:05:38.249957,True
14295,911,934,sess_752,purchase,2025-12-29 06:57:16.249957,True
13104,1014,522,sess_752,view,2026-01-25 20:35:50.243940,True
4475,203,706,sess_752,add_to_cart,2026-04-12 01:46:27.203543,True
12782,438,980,sess_752,view,2026-04-21 18:16:25.242937,True
1950,275,1073,sess_753,purchase,2025-12-24 12:09:12.186925,True
7153,369,749,sess_754,add_to_cart,2026-01-06 14:41:06.218542,True
1755,859,701,sess_754,add_to_cart,2026-03-28 00:29:28.186925,True
9400,1081,957,sess_755,view,2025-08-02 14:39:40.228610,True
13480,651,763,sess_756,view,2025-10-29 15:16:35.245946,True
4966,1023,510,sess_756,purchase,2025-11-13 15:46:20.209185,True
6935,404,314,sess_756,purchase,2026-01-08 04:38:43.216529,True
3033,735,272,sess_756,view,2026-01-27 12:27:10.186925,True
4037,178,1064,sess_756,add_to_cart,2026-06-07 02:49:04.197951,True
9837,653,955,sess_757,add_to_cart,2026-01-26 03:28:30.228610,True
6202,86,742,sess_758,purchase,2026-02-09 04:18:02.214026,True
14581,1068,687,sess_759,purchase,2026-05-13 12:45:00.251960,True
3379,215,190,sess_76,purchase,2025-10-25 20:22:15.186925,True
12001,637,414,sess_76,view,2026-01-01 14:11:13.238931,True
3321,768,1042,sess_76,purchase,2026-01-01 21:28:31.186925,True
9900,804,96,sess_76,add_to_cart,2026-02-03 08:47:26.228610,True
7552,154,494,sess_76,view,2026-05-23 03:40:07.219548,True
3969,515,823,sess_760,purchase,2026-02-13 10:20:39.197951,True
2886,680,819,sess_761,add_to_cart,2025-07-21 15:03:56.186925,True
10830,193,570,sess_761,purchase,2025-12-04 02:28:17.228610,True
11425,538,797,sess_761,purchase,2026-06-08 10:32:27.237113,True
11391,122,1057,sess_762,add_to_cart,2025-08-26 21:12:34.237113,True
4219,946,782,sess_764,purchase,2026-06-07 00:19:10.199974,True
6017,135,1005,sess_765,add_to_cart,2025-06-24 19:50:01.214026,True
12676,267,86,sess_765,purchase,2025-06-30 21:06:58.242937,True
2037,534,681,sess_765,add_to_cart,2025-11-23 22:29:04.186925,True
9496,608,1022,sess_765,purchase,2025-12-21 12:43:56.228610,True
9627,1048,1066,sess_766,add_to_cart,2025-08-02 11:44:00.228610,True
775,61,772,sess_766,view,2025-08-17 06:25:11.181409,True
10152,567,973,sess_766,view,2026-01-28 19:36:36.228610,True
12668,265,74,sess_767,purchase,2025-09-19 23:43:23.242937,True
6326,313,922,sess_767,view,2026-02-14 06:42:23.214026,True
3368,1070,695,sess_767,add_to_cart,2026-05-21 04:43:09.186925,True
12132,330,598,sess_768,purchase,2025-10-08 23:33:00.240934,True
9656,273,567,sess_768,view,2026-01-10 21:59:22.228610,True
13292,1071,293,sess_769,purchase,2026-02-05 19:53:28.245946,True
9207,68,1002,sess_769,view,2026-03-08 22:38:28.228610,True
9471,349,763,sess_77,purchase,2025-10-28 01:29:50.228610,True
13103,692,85,sess_77,purchase,2026-04-27 07:01:05.243940,True
1249,821,495,sess_770,add_to_cart,2025-06-26 23:47:00.183414,True
4128,472,468,sess_770,view,2025-11-15 17:20:37.199974,True
13846,74,630,sess_770,view,2026-04-18 13:30:16.247953,True
2506,129,95,sess_770,add_to_cart,2026-04-29 02:23:24.186925,True
14036,621,1021,sess_771,purchase,2026-01-30 00:14:34.247953,True
6331,812,763,sess_771,add_to_cart,2026-04-21 02:37:33.214026,True
3747,850,902,sess_772,add_to_cart,2025-08-01 18:08:13.195433,True
10545,315,80,sess_772,add_to_cart,2025-09-17 17:12:04.228610,True
6053,608,268,sess_773,purchase,2026-03-20 07:24:59.214026,True
8378,732,508,sess_774,view,2025-11-09 12:19:06.224321,True
4268,174,191,sess_774,view,2025-12-13 20:23:32.199974,True
14320,153,653,sess_775,purchase,2026-02-05 19:23:42.249957,True
3701,916,1059,sess_775,purchase,2026-04-03 06:55:03.186925,True
8401,849,527,sess_776,purchase,2025-07-15 13:00:17.224321,True
2443,603,339,sess_776,purchase,2026-05-11 12:05:23.186925,True
13138,974,607,sess_777,view,2025-06-26 12:20:48.245946,True
5726,158,126,sess_777,purchase,2026-02-21 10:07:45.212022,True
876,726,530,sess_778,add_to_cart,2025-06-20 02:23:13.181409,True
8485,511,387,sess_778,view,2025-07-03 23:51:31.224321,True
3894,490,711,sess_778,add_to_cart,2025-07-27 16:46:41.197951,True
839,720,350,sess_778,add_to_cart,2025-10-23 21:00:57.181409,True
9033,1085,62,sess_778,add_to_cart,2025-12-14 18:48:30.227826,True
2653,11,471,sess_778,purchase,2026-03-14 11:09:24.186925,True
14879,646,213,sess_779,view,2026-05-02 17:26:00.253968,True
534,397,56,sess_779,add_to_cart,2026-06-09 13:44:17.181409,True
1410,857,854,sess_78,add_to_cart,2025-06-12 11:04:58.183414,True
6537,462,1040,sess_78,add_to_cart,2025-10-20 22:02:37.216529,True
12800,754,662,sess_78,add_to_cart,2026-02-01 06:47:24.242937,True
9239,1037,43,sess_78,view,2026-02-26 22:53:06.228610,True
5740,1005,82,sess_780,view,2026-02-28 09:45:08.212022,True
5968,638,605,sess_781,view,2026-01-16 15:35:41.214026,True
1387,163,232,sess_782,add_to_cart,2025-11-11 17:56:41.183414,True
4922,111,1065,sess_782,add_to_cart,2025-11-23 06:05:40.209185,True
13387,74,1018,sess_782,add_to_cart,2026-03-31 05:36:27.245946,True
1823,315,230,sess_782,view,2026-04-15 18:04:50.186925,True
1221,998,67,sess_783,purchase,2025-10-03 16:34:27.183414,True
1911,980,27,sess_783,view,2025-12-06 14:39:07.186925,True
6696,189,80,sess_783,add_to_cart,2025-12-14 07:59:45.216529,True
12429,830,126,sess_783,purchase,2026-04-27 17:50:39.240934,True
14394,89,924,sess_783,purchase,2026-06-01 20:28:31.249957,True
4126,895,926,sess_784,view,2025-08-12 04:09:47.199974,True
6470,390,57,sess_784,add_to_cart,2025-12-19 13:37:47.214026,True
3966,43,87,sess_785,view,2026-04-20 00:47:11.197951,True
2558,472,55,sess_786,purchase,2025-11-16 05:32:24.186925,True
8132,482,293,sess_786,view,2026-04-12 19:22:20.224321,True
2833,569,126,sess_787,view,2026-01-08 09:26:43.186925,True
12907,795,545,sess_787,purchase,2026-05-24 15:10:04.243940,True
2842,365,969,sess_788,add_to_cart,2025-07-22 10:55:13.186925,True
9645,622,526,sess_788,purchase,2025-10-28 19:23:02.228610,True
4548,944,979,sess_788,purchase,2026-05-09 19:01:45.203543,True
12978,883,184,sess_789,add_to_cart,2025-10-01 05:16:48.243940,True
7842,356,467,sess_79,view,2025-12-05 12:45:22.222317,True
7053,882,450,sess_79,add_to_cart,2026-01-22 07:18:25.218542,True
4106,531,492,sess_79,add_to_cart,2026-05-08 12:25:32.199974,True
13021,786,139,sess_790,view,2026-02-12 01:13:35.243940,True
1986,1006,202,sess_791,add_to_cart,2025-08-16 02:00:51.186925,True
12670,514,565,sess_792,add_to_cart,2025-07-19 23:39:51.242937,True
5574,819,892,sess_792,add_to_cart,2025-10-20 08:11:57.212022,True
410,463,428,sess_792,add_to_cart,2026-04-10 00:22:32.178635,True
13716,15,1061,sess_793,view,2025-07-01 20:50:04.247953,True
11301,951,1064,sess_793,view,2025-11-11 05:00:34.237113,True
4336,680,130,sess_794,add_to_cart,2025-11-04 00:06:50.202536,True
13816,553,1016,sess_794,purchase,2026-06-06 22:26:48.247953,True
11424,850,951,sess_795,purchase,2026-01-21 03:55:25.237113,True
787,186,553,sess_796,add_to_cart,2025-12-09 08:36:57.181409,True
13453,1073,505,sess_796,add_to_cart,2026-04-24 00:26:04.245946,True
7186,53,433,sess_797,view,2025-06-27 11:53:59.218542,True
8097,94,324,sess_797,purchase,2025-10-15 04:38:03.224321,True
14398,563,303,sess_797,view,2025-10-24 12:39:53.249957,True
8845,478,1078,sess_798,add_to_cart,2026-04-18 11:53:31.226324,True
11409,603,1057,sess_799,purchase,2025-06-28 05:41:55.237113,True
3426,1061,388,sess_8,purchase,2025-08-14 01:37:59.186925,True
7558,783,855,sess_8,purchase,2026-02-28 17:34:11.219548,True
11893,475,764,sess_80,purchase,2025-07-03 09:54:12.238931,True
3656,547,971,sess_80,purchase,2025-10-04 06:59:13.186925,True
1997,1026,246,sess_80,add_to_cart,2026-01-01 05:52:45.186925,True
282,742,44,sess_80,add_to_cart,2026-03-04 01:45:49.178635,True
9932,500,89,sess_800,add_to_cart,2026-02-03 04:42:09.228610,True
9817,315,779,sess_801,add_to_cart,2025-11-16 14:51:55.228610,True
11161,125,765,sess_801,purchase,2026-01-06 17:07:31.235934,True
4623,612,1039,sess_802,purchase,2025-07-01 18:12:11.207677,True
5238,899,513,sess_802,purchase,2025-09-29 06:14:28.209185,True
4067,153,837,sess_802,add_to_cart,2025-12-14 22:29:00.199974,True
2557,881,990,sess_804,add_to_cart,2025-08-23 12:09:06.186925,True
14339,558,205,sess_804,add_to_cart,2026-01-07 07:22:28.249957,True
8956,471,145,sess_804,add_to_cart,2026-05-25 17:04:43.226324,True
1833,1051,549,sess_806,purchase,2025-08-21 13:43:16.186925,True
7251,513,528,sess_806,view,2025-11-18 03:53:53.219548,True
11331,354,229,sess_806,purchase,2026-05-11 19:07:35.237113,True
604,513,456,sess_806,purchase,2026-06-02 00:12:21.181409,True
9339,121,527,sess_808,purchase,2025-06-18 14:37:40.228610,True
8995,689,246,sess_808,purchase,2025-06-28 12:18:09.226324,True
14368,446,593,sess_808,add_to_cart,2025-09-17 18:22:31.249957,True
14828,589,159,sess_808,view,2026-05-07 01:40:33.251960,True
2892,432,496,sess_809,purchase,2025-09-30 20:09:42.186925,True
1625,1085,438,sess_809,purchase,2026-02-26 13:09:24.185418,True
11363,826,293,sess_81,purchase,2025-11-19 19:14:49.237113,True
126,686,1066,sess_81,purchase,2026-04-05 14:01:43.178635,True
5268,749,948,sess_81,add_to_cart,2026-06-05 09:21:53.211509,True
13666,39,152,sess_810,add_to_cart,2025-06-23 13:26:51.247953,True
1592,312,137,sess_810,purchase,2025-12-19 12:25:18.185418,True
13233,852,652,sess_810,view,2026-04-13 13:14:16.245946,True
11986,984,133,sess_811,add_to_cart,2025-06-20 04:53:53.238931,True
12394,398,102,sess_811,add_to_cart,2025-12-20 10:34:32.240934,True
4455,1033,541,sess_811,view,2025-12-26 13:43:16.203543,True
1136,942,1073,sess_812,add_to_cart,2025-08-11 17:59:24.183414,True
9279,129,858,sess_812,view,2026-05-27 22:34:36.228610,True
10388,907,19,sess_813,purchase,2025-10-27 04:39:35.228610,True
11240,650,817,sess_813,view,2025-11-30 03:49:23.237113,True
4740,943,880,sess_813,purchase,2026-03-21 01:50:20.209185,True
8565,665,601,sess_813,purchase,2026-03-25 12:23:20.224321,True
2719,717,1088,sess_815,add_to_cart,2025-11-05 18:43:42.186925,True
2561,1034,719,sess_816,purchase,2025-11-18 08:28:58.186925,True
10041,42,626,sess_817,add_to_cart,2025-08-07 08:08:08.228610,True
1790,512,603,sess_817,add_to_cart,2025-12-22 08:41:21.186925,True
602,232,165,sess_818,view,2025-08-21 16:45:19.181409,True
11094,528,664,sess_818,view,2025-10-03 11:42:23.235934,True
14616,26,857,sess_818,add_to_cart,2025-10-15 18:46:07.251960,True
968,540,14,sess_818,add_to_cart,2026-04-12 13:51:43.183414,True
13052,840,273,sess_818,view,2026-05-16 17:12:11.243940,True
12,822,427,sess_819,view,2025-06-27 08:05:11.178635,True
12612,128,158,sess_819,add_to_cart,2025-09-06 14:20:22.240934,True
887,891,880,sess_819,add_to_cart,2025-12-23 18:00:27.181409,True
2348,1098,152,sess_819,purchase,2026-02-11 12:15:20.186925,True
1675,391,604,sess_82,view,2025-09-16 12:27:58.185418,True
10703,572,305,sess_82,purchase,2026-05-06 10:29:47.228610,True
14568,1012,920,sess_82,purchase,2026-05-28 23:26:38.249957,True
9311,398,153,sess_820,view,2026-02-08 04:56:26.228610,True
7227,461,558,sess_821,view,2025-07-12 11:01:59.219548,True
12319,50,141,sess_821,add_to_cart,2025-09-05 01:43:14.240934,True
6004,677,530,sess_821,view,2026-03-09 07:24:47.214026,True
6528,572,298,sess_821,view,2026-04-06 11:44:29.216529,True
3823,590,113,sess_822,add_to_cart,2025-06-21 18:04:41.195433,True
10410,865,212,sess_822,view,2025-07-02 11:47:32.228610,True
5377,500,332,sess_822,purchase,2025-08-22 21:19:24.212022,True
3017,537,193,sess_822,purchase,2025-09-07 19:04:26.186925,True
4237,228,292,sess_822,view,2025-10-13 18:09:03.199974,True
109,691,251,sess_823,view,2026-05-09 11:38:33.178635,True
6005,547,480,sess_824,view,2025-08-21 13:34:40.214026,True
11450,39,248,sess_824,add_to_cart,2025-10-22 15:09:40.237113,True
13462,1079,333,sess_824,view,2025-10-25 22:25:51.245946,True
1482,1076,1082,sess_824,purchase,2025-11-16 10:38:11.185418,True
12926,643,385,sess_824,purchase,2025-12-12 01:14:15.243940,True
7922,179,656,sess_824,purchase,2025-12-16 14:17:27.222317,True
8181,774,1011,sess_824,view,2026-03-24 11:49:35.224321,True
230,728,401,sess_824,purchase,2026-05-17 22:11:30.178635,True
6867,316,935,sess_825,purchase,2025-07-26 08:40:05.216529,True
3406,95,249,sess_825,add_to_cart,2025-09-06 14:25:19.186925,True
3123,659,852,sess_825,purchase,2026-01-19 07:10:30.186925,True
128,791,661,sess_825,purchase,2026-05-29 04:22:45.178635,True
2095,41,460,sess_826,view,2025-10-07 04:16:08.186925,True
14371,892,160,sess_826,purchase,2025-11-29 18:26:18.249957,True
5416,83,456,sess_826,view,2026-01-16 14:11:37.212022,True
6154,323,728,sess_827,view,2026-02-27 02:58:05.214026,True
10411,1059,889,sess_828,add_to_cart,2026-01-29 05:53:16.228610,True
2143,929,827,sess_828,add_to_cart,2026-02-01 13:49:48.186925,True
9909,258,427,sess_829,purchase,2025-07-25 19:17:00.228610,True
14928,302,637,sess_829,add_to_cart,2025-10-27 15:38:54.253968,True
6174,129,893,sess_829,view,2025-11-18 18:38:17.214026,True
13415,154,22,sess_829,add_to_cart,2025-12-25 06:57:00.245946,True
13368,963,439,sess_83,purchase,2025-08-14 13:57:33.245946,True
7749,455,890,sess_83,purchase,2025-11-16 23:37:37.222317,True
108,19,473,sess_83,add_to_cart,2025-11-20 10:21:23.178635,True
11172,1061,861,sess_830,view,2025-09-09 07:27:22.235934,True
915,896,1030,sess_830,purchase,2025-10-31 22:50:39.181409,True
1456,186,875,sess_830,view,2026-04-08 18:29:01.185418,True
6601,707,685,sess_831,purchase,2025-08-11 14:11:21.216529,True
1307,481,841,sess_832,purchase,2025-07-02 14:33:49.183414,True
3645,559,199,sess_832,add_to_cart,2026-04-14 03:30:36.186925,True
7061,822,192,sess_833,view,2026-03-18 02:47:53.218542,True
12049,510,555,sess_833,purchase,2026-06-11 17:12:50.238931,True
7625,444,845,sess_834,purchase,2025-07-06 02:46:02.222317,True
9525,137,422,sess_834,purchase,2026-04-12 00:00:33.228610,True
3381,734,623,sess_835,purchase,2025-10-06 03:21:07.186925,True
1580,720,303,sess_835,view,2025-10-20 07:43:44.185418,True
14288,113,979,sess_835,add_to_cart,2026-01-06 17:06:15.249957,True
6642,763,3,sess_837,view,2025-10-15 16:33:49.216529,True
6764,81,56,sess_837,purchase,2026-03-13 07:48:23.216529,True
2426,326,187,sess_839,add_to_cart,2025-08-22 22:22:29.186925,True
2449,955,76,sess_84,purchase,2025-07-05 12:06:18.186925,True
12440,903,111,sess_84,purchase,2025-10-29 23:19:26.240934,True
4425,109,488,sess_842,add_to_cart,2025-07-03 12:39:24.203543,True
7735,431,179,sess_842,add_to_cart,2025-07-21 05:53:49.222317,True
4879,535,83,sess_842,view,2025-07-26 00:50:59.209185,True
2398,952,309,sess_842,purchase,2026-05-15 02:47:28.186925,True
9141,825,836,sess_843,purchase,2025-11-03 15:22:18.228610,True
11699,868,1022,sess_843,purchase,2025-12-25 19:16:03.238931,True
4286,839,1093,sess_844,add_to_cart,2025-06-20 05:14:58.202536,True
10227,895,788,sess_844,view,2025-09-01 13:12:31.228610,True
7115,795,11,sess_844,view,2026-05-27 17:32:11.218542,True
4589,233,123,sess_845,purchase,2025-10-02 00:17:22.203543,True
53,1072,878,sess_845,purchase,2025-10-27 10:27:27.178635,True
7518,888,718,sess_845,view,2026-06-11 17:34:31.219548,True
8561,975,623,sess_846,add_to_cart,2025-10-19 02:43:08.224321,True
6389,456,272,sess_847,view,2025-07-07 08:22:49.214026,True
5959,262,915,sess_848,purchase,2025-12-12 04:45:49.214026,True
4576,856,707,sess_848,add_to_cart,2026-03-13 07:22:05.203543,True
7148,721,47,sess_849,purchase,2025-10-11 07:44:00.218542,True
13549,700,152,sess_849,view,2025-11-01 12:12:12.245946,True
13071,28,614,sess_849,view,2026-05-13 04:25:18.243940,True
13652,494,92,sess_850,add_to_cart,2025-07-14 23:28:55.247953,True
9564,902,355,sess_850,purchase,2025-09-05 08:46:46.228610,True
11289,641,395,sess_850,view,2025-10-13 02:44:43.237113,True
12733,218,14,sess_850,purchase,2026-05-27 02:59:17.242937,True
1991,262,1081,sess_851,add_to_cart,2025-08-20 00:22:04.186925,True
6814,889,107,sess_852,purchase,2025-06-13 07:12:33.216529,True
5655,49,530,sess_852,view,2025-08-31 14:29:28.212022,True
4563,784,96,sess_852,purchase,2025-12-31 07:14:11.203543,True
1575,438,304,sess_852,add_to_cart,2026-01-01 05:41:33.185418,True
953,701,998,sess_854,purchase,2025-08-09 22:17:59.183414,True
2318,927,274,sess_854,view,2025-12-29 15:11:44.186925,True
1962,1041,410,sess_855,view,2026-04-07 18:17:12.186925,True
569,513,886,sess_856,purchase,2025-11-22 19:36:18.181409,True
8491,713,553,sess_857,view,2026-01-22 01:40:35.224321,True
8651,344,463,sess_857,purchase,2026-05-17 05:51:22.226324,True
13479,28,1071,sess_858,add_to_cart,2025-10-06 08:09:37.245946,True
1396,1045,66,sess_859,purchase,2025-07-20 13:49:46.183414,True
9805,488,328,sess_859,add_to_cart,2025-07-29 11:12:04.228610,True
12198,686,681,sess_859,add_to_cart,2026-01-18 13:10:25.240934,True
4428,186,227,sess_86,purchase,2025-06-27 21:44:23.203543,True
4970,673,312,sess_86,purchase,2025-10-02 18:16:02.209185,True
12282,4,1070,sess_86,view,2025-12-26 00:03:22.240934,True
12552,1070,816,sess_86,add_to_cart,2026-05-07 03:14:35.240934,True
3143,987,977,sess_86,purchase,2026-05-25 01:32:55.186925,True
13520,451,30,sess_860,view,2025-11-24 13:30:03.245946,True
7664,263,387,sess_860,view,2026-06-06 10:17:29.222317,True
10048,588,1096,sess_861,view,2025-08-13 03:12:22.228610,True
7738,479,927,sess_861,add_to_cart,2025-12-18 19:44:56.222317,True
10232,338,982,sess_862,purchase,2025-08-03 23:49:36.228610,True
10262,564,668,sess_862,view,2025-12-26 17:18:07.228610,True
9288,157,1010,sess_862,purchase,2026-03-17 06:36:09.228610,True
6228,871,525,sess_863,view,2025-09-30 23:06:36.214026,True
10713,775,776,sess_863,purchase,2025-12-08 07:55:26.228610,True
5856,576,923,sess_864,view,2025-08-06 11:47:13.214026,True
4096,622,502,sess_864,view,2026-05-26 08:22:36.199974,True
4139,117,132,sess_866,add_to_cart,2025-08-11 23:02:08.199974,True
2390,1038,642,sess_866,view,2025-11-25 00:25:36.186925,True
11579,632,1027,sess_866,add_to_cart,2026-04-29 01:51:26.237113,True
5374,758,388,sess_867,add_to_cart,2025-09-08 13:31:14.212022,True
14040,675,178,sess_868,purchase,2025-09-08 02:00:31.247953,True
2927,585,1098,sess_868,add_to_cart,2026-02-07 06:15:11.186925,True
2142,843,541,sess_868,add_to_cart,2026-03-16 15:48:54.186925,True
424,639,382,sess_868,view,2026-06-06 01:53:00.178635,True
5118,644,359,sess_869,view,2025-12-14 12:25:53.209185,True
8390,170,934,sess_869,purchase,2026-03-12 12:14:33.224321,True
7938,1039,239,sess_869,add_to_cart,2026-03-25 13:32:39.222317,True
13722,13,1065,sess_87,view,2026-06-01 16:02:15.247953,True
9244,622,513,sess_870,add_to_cart,2025-10-07 13:28:30.228610,True
13662,785,730,sess_870,add_to_cart,2025-11-24 11:27:24.247953,True
12854,70,310,sess_870,view,2025-11-30 03:39:34.242937,True
5271,271,280,sess_870,add_to_cart,2026-01-17 14:45:40.211509,True
4380,189,599,sess_870,purchase,2026-05-29 12:46:36.203543,True
14961,1092,443,sess_871,add_to_cart,2026-02-15 05:39:15.253968,True
8905,364,887,sess_873,add_to_cart,2025-08-09 16:26:50.226324,True
7716,392,62,sess_874,add_to_cart,2025-08-25 03:52:13.222317,True
9172,217,802,sess_874,purchase,2025-09-14 00:00:32.228610,True
56,614,286,sess_874,add_to_cart,2026-01-12 02:18:13.178635,True
4320,652,296,sess_874,purchase,2026-04-12 01:43:20.202536,True
12946,604,688,sess_876,add_to_cart,2025-07-09 06:58:30.243940,True
9203,10,976,sess_878,purchase,2025-07-16 15:32:47.228610,True
13432,187,296,sess_878,add_to_cart,2026-01-30 20:48:27.245946,True
12273,948,935,sess_878,view,2026-02-24 14:51:59.240934,True
14391,127,438,sess_879,add_to_cart,2026-03-29 21:46:40.249957,True
3236,90,261,sess_879,add_to_cart,2026-05-03 15:57:25.186925,True
10615,665,924,sess_88,view,2025-07-17 22:47:06.228610,True
11706,830,1079,sess_88,view,2025-12-09 22:57:10.238931,True
14684,109,261,sess_88,purchase,2026-04-17 03:30:45.251960,True
3091,160,480,sess_880,purchase,2026-05-27 16:54:27.186925,True
14447,118,313,sess_882,view,2025-09-04 14:25:50.249957,True
8189,429,1013,sess_882,view,2025-11-16 03:33:53.224321,True
5203,696,442,sess_882,purchase,2025-12-17 00:36:01.209185,True
7562,969,644,sess_882,add_to_cart,2026-01-19 22:08:46.219548,True
14174,612,437,sess_883,purchase,2025-11-22 02:59:02.249957,True
14267,491,878,sess_883,view,2026-01-18 03:02:43.249957,True
9634,41,993,sess_884,add_to_cart,2026-05-17 12:28:09.228610,True
3641,146,712,sess_885,purchase,2026-04-23 03:47:19.186925,True
12773,771,511,sess_886,purchase,2025-07-22 09:33:48.242937,True
7746,280,318,sess_886,purchase,2025-07-25 09:26:58.222317,True
11193,966,512,sess_887,purchase,2025-07-19 17:40:59.237113,True
12893,846,579,sess_888,add_to_cart,2026-06-02 21:30:46.242937,True
6140,861,408,sess_89,view,2025-08-28 02:20:58.214026,True
6247,156,321,sess_89,purchase,2025-09-01 08:46:52.214026,True
7825,136,449,sess_89,add_to_cart,2025-09-19 15:55:06.222317,True
13815,929,1004,sess_89,add_to_cart,2026-01-17 13:39:17.247953,True
9794,850,523,sess_890,purchase,2025-06-11 13:45:55.228610,True
4694,677,786,sess_891,add_to_cart,2025-10-01 02:28:01.207677,True
12215,81,444,sess_891,add_to_cart,2026-04-16 03:40:45.240934,True
7781,967,462,sess_892,add_to_cart,2026-03-28 20:51:56.222317,True
8461,951,985,sess_893,purchase,2025-12-20 01:29:07.224321,True
13960,665,176,sess_894,purchase,2025-09-27 08:46:38.247953,True
2159,580,196,sess_895,view,2025-07-23 21:27:27.186925,True
9002,861,566,sess_895,purchase,2025-10-09 15:04:47.227826,True
8046,975,1004,sess_895,purchase,2026-04-21 22:53:16.222317,True
8555,24,998,sess_896,view,2025-09-27 13:46:22.224321,True
4534,1088,58,sess_896,view,2025-11-20 14:32:23.203543,True
2408,563,859,sess_897,purchase,2025-07-07 06:56:48.186925,True
12086,701,646,sess_897,view,2026-05-28 13:57:56.238931,True
6433,595,548,sess_898,purchase,2025-10-20 15:03:27.214026,True
14885,992,741,sess_899,purchase,2025-11-14 19:27:40.253968,True
3769,725,889,sess_899,view,2026-03-10 13:37:57.195433,True
9111,107,873,sess_899,view,2026-04-03 07:09:50.228610,True
7090,77,161,sess_899,purchase,2026-04-03 14:20:49.218542,True
13167,392,902,sess_9,purchase,2025-10-18 14:29:02.245946,True
14945,232,217,sess_9,purchase,2026-02-16 12:17:43.253968,True
1171,390,209,sess_90,view,2025-07-08 14:14:38.183414,True
8828,864,889,sess_90,view,2025-07-26 00:32:14.226324,True
7099,1068,855,sess_90,view,2026-01-25 20:49:59.218542,True
12161,428,957,sess_900,view,2025-07-04 10:55:12.240934,True
784,738,962,sess_901,add_to_cart,2025-11-18 17:21:01.181409,True
2022,624,578,sess_901,add_to_cart,2026-03-17 20:29:09.186925,True
4770,221,243,sess_902,add_to_cart,2025-12-03 15:33:52.209185,True
9890,780,939,sess_902,view,2026-01-29 20:38:01.228610,True
9812,227,899,sess_902,view,2026-04-17 19:43:50.228610,True
3719,656,212,sess_903,purchase,2025-08-10 21:11:47.186925,True
11351,865,457,sess_903,purchase,2025-08-11 22:58:03.237113,True
13610,577,870,sess_903,purchase,2025-11-04 14:50:55.247953,True
1407,693,331,sess_903,add_to_cart,2025-11-16 05:19:08.183414,True
14232,864,163,sess_905,view,2025-06-14 16:56:54.249957,True
9381,397,43,sess_905,view,2025-09-02 04:49:48.228610,True
9843,436,390,sess_905,add_to_cart,2026-01-13 17:04:51.228610,True
9810,190,682,sess_906,view,2025-12-23 15:02:49.228610,True
8038,414,394,sess_906,view,2026-04-30 05:53:31.222317,True
5258,712,8,sess_907,purchase,2025-10-02 18:30:31.211509,True
1435,702,942,sess_907,add_to_cart,2025-11-14 21:14:00.183414,True
11068,865,334,sess_908,purchase,2026-04-03 17:24:47.235934,True
7529,392,815,sess_909,view,2025-07-19 04:48:55.219548,True
10139,1030,1055,sess_909,add_to_cart,2025-08-29 15:33:47.228610,True
11692,163,933,sess_91,add_to_cart,2025-08-19 05:57:11.238931,True
8572,316,648,sess_91,add_to_cart,2025-08-25 08:06:50.224321,True
7606,651,760,sess_91,view,2025-09-21 04:10:02.222317,True
2874,336,939,sess_91,purchase,2026-03-11 13:28:20.186925,True
5438,989,256,sess_910,purchase,2025-07-31 21:24:27.212022,True
13055,259,231,sess_912,purchase,2025-08-06 14:06:37.243940,True
768,228,1022,sess_912,view,2025-09-12 20:01:26.181409,True
10107,795,1025,sess_912,view,2025-10-05 18:54:24.228610,True
11372,359,79,sess_912,purchase,2026-02-19 03:27:47.237113,True
1919,716,1031,sess_913,purchase,2025-08-10 20:05:59.186925,True
358,388,442,sess_913,add_to_cart,2026-01-14 19:32:29.178635,True
6790,317,1092,sess_913,purchase,2026-04-29 08:56:01.216529,True
6230,1094,495,sess_914,view,2025-06-24 02:26:26.214026,True
11764,261,60,sess_914,view,2026-03-31 09:05:57.238931,True
11956,6,788,sess_915,add_to_cart,2025-07-06 15:27:48.238931,True
5613,653,449,sess_915,view,2025-09-16 18:28:06.212022,True
1909,415,347,sess_915,add_to_cart,2026-01-21 22:47:04.186925,True
12660,736,703,sess_915,view,2026-02-01 04:19:22.242937,True
14788,684,486,sess_915,view,2026-04-24 03:23:18.251960,True
1276,782,134,sess_915,view,2026-04-26 07:38:46.183414,True
2738,829,824,sess_916,view,2025-09-13 18:15:29.186925,True
7706,329,110,sess_916,view,2026-01-06 03:33:00.222317,True
3594,527,400,sess_916,purchase,2026-06-05 14:54:32.186925,True
6095,330,33,sess_917,purchase,2025-07-27 11:12:43.214026,True
3,91,545,sess_917,add_to_cart,2026-05-28 04:25:53.178635,True
3775,338,802,sess_918,view,2025-06-25 14:46:31.195433,True
12711,1039,401,sess_918,view,2025-12-07 22:16:55.242937,True
955,526,748,sess_918,add_to_cart,2025-12-27 03:59:34.183414,True
3873,524,1064,sess_918,add_to_cart,2026-03-16 14:09:20.197951,True
5499,922,479,sess_92,purchase,2026-01-03 03:55:13.212022,True
2431,618,611,sess_92,purchase,2026-05-15 18:55:24.186925,True
11504,1071,54,sess_922,purchase,2026-04-10 16:34:11.237113,True
1974,171,435,sess_922,purchase,2026-05-18 04:14:38.186925,True
13065,306,124,sess_925,purchase,2025-07-15 14:11:24.243940,True
9177,484,717,sess_925,add_to_cart,2025-07-31 05:46:16.228610,True
2681,784,303,sess_925,purchase,2025-09-08 19:13:42.186925,True
14541,176,403,sess_926,view,2025-06-14 17:43:59.249957,True
4408,1086,853,sess_926,purchase,2025-12-11 00:06:12.203543,True
1368,881,629,sess_926,view,2026-05-10 18:39:09.183414,True
6774,598,1002,sess_927,purchase,2026-02-14 13:27:16.216529,True
7023,549,933,sess_927,add_to_cart,2026-05-10 03:27:36.218542,True
11920,787,464,sess_928,view,2025-12-14 22:19:17.238931,True
259,503,1069,sess_929,purchase,2025-07-16 02:06:54.178635,True
8081,363,524,sess_929,view,2025-10-05 08:42:59.222317,True
1200,831,1062,sess_929,add_to_cart,2026-01-03 09:26:13.183414,True
8128,864,832,sess_929,add_to_cart,2026-01-14 18:53:34.224321,True
14117,1053,497,sess_930,purchase,2025-08-14 18:59:25.249957,True
3788,56,474,sess_930,view,2025-09-21 06:48:35.195433,True
2485,1054,433,sess_930,purchase,2026-06-09 18:40:53.186925,True
9841,669,956,sess_932,purchase,2026-01-18 08:39:00.228610,True
14515,664,498,sess_933,view,2025-06-16 11:59:24.249957,True
1847,131,359,sess_933,purchase,2025-08-03 01:23:45.186925,True
5138,1027,13,sess_933,view,2025-09-10 22:38:53.209185,True
1034,304,846,sess_933,purchase,2026-03-08 05:38:15.183414,True
4993,418,813,sess_934,add_to_cart,2026-04-15 16:12:36.209185,True
9953,319,230,sess_935,add_to_cart,2025-11-05 21:31:42.228610,True
14817,742,422,sess_936,add_to_cart,2025-08-07 10:33:14.251960,True
3240,935,403,sess_937,purchase,2025-08-22 16:52:06.186925,True
5797,807,620,sess_937,add_to_cart,2026-03-11 23:56:45.212022,True
12630,864,169,sess_937,add_to_cart,2026-03-18 13:52:46.240934,True
9927,952,655,sess_937,add_to_cart,2026-03-27 19:13:14.228610,True
10798,583,543,sess_938,add_to_cart,2025-07-24 14:44:39.228610,True
11685,736,958,sess_938,add_to_cart,2025-12-29 00:48:56.238931,True
3765,792,254,sess_938,add_to_cart,2026-02-04 16:28:19.195433,True
14361,783,61,sess_938,purchase,2026-05-10 04:34:19.249957,True
6860,1098,476,sess_939,add_to_cart,2025-11-22 03:12:00.216529,True
9251,591,431,sess_939,add_to_cart,2025-12-27 08:35:51.228610,True
9270,147,82,sess_940,purchase,2025-06-27 07:21:44.228610,True
8406,903,797,sess_940,purchase,2025-09-26 20:20:36.224321,True
6943,734,539,sess_940,purchase,2025-10-11 02:21:57.216529,True
5640,88,3,sess_940,add_to_cart,2026-01-24 03:46:37.212022,True
10803,535,919,sess_940,view,2026-04-09 12:07:29.228610,True
4899,1031,946,sess_942,purchase,2026-01-30 20:34:51.209185,True
9588,547,878,sess_942,add_to_cart,2026-03-10 20:35:16.228610,True
11169,83,1022,sess_942,purchase,2026-05-20 19:23:16.235934,True
13114,404,403,sess_943,purchase,2025-10-01 11:19:47.243940,True
12830,833,352,sess_944,purchase,2025-06-21 12:54:14.242937,True
5360,369,181,sess_944,purchase,2026-05-15 11:04:42.212022,True
5336,338,40,sess_945,purchase,2025-07-20 12:33:23.212022,True
6431,318,669,sess_945,add_to_cart,2025-08-01 20:55:58.214026,True
13554,393,26,sess_945,purchase,2025-10-23 08:21:29.247953,True
13572,798,251,sess_945,add_to_cart,2026-05-12 04:56:31.247953,True
8500,880,839,sess_946,purchase,2025-08-21 14:18:37.224321,True
834,49,921,sess_946,view,2025-12-16 05:43:40.181409,True
2610,249,700,sess_947,add_to_cart,2026-03-08 10:07:31.186925,True
3177,92,258,sess_948,purchase,2026-03-31 15:25:03.186925,True
8531,722,923,sess_949,add_to_cart,2025-11-29 10:37:54.224321,True
7488,205,26,sess_949,view,2026-02-07 20:42:16.219548,True
11559,348,306,sess_95,view,2025-07-28 20:58:16.237113,True
7555,152,292,sess_95,purchase,2025-11-07 07:31:57.219548,True
4822,1018,608,sess_95,add_to_cart,2025-12-30 20:49:00.209185,True
8130,92,359,sess_950,purchase,2025-10-01 04:08:34.224321,True
2496,469,5,sess_951,purchase,2025-08-11 11:41:26.186925,True
2189,57,7,sess_951,purchase,2026-02-07 21:11:26.186925,True
9198,52,679,sess_952,view,2026-06-05 15:54:07.228610,True
12628,981,284,sess_953,purchase,2026-01-10 23:31:26.240934,True
3398,337,704,sess_954,purchase,2025-06-11 18:28:07.186925,True
11545,822,1065,sess_954,add_to_cart,2025-08-04 06:31:57.237113,True
6899,541,22,sess_954,purchase,2026-03-18 15:13:22.216529,True
1273,229,443,sess_956,purchase,2025-07-14 00:03:49.183414,True
24,300,845,sess_956,add_to_cart,2026-03-29 02:46:12.178635,True
3319,90,367,sess_957,add_to_cart,2025-06-20 22:09:56.186925,True
4950,542,35,sess_958,purchase,2025-10-23 02:23:54.209185,True
12922,802,436,sess_958,purchase,2025-11-04 01:43:29.243940,True
7336,644,826,sess_958,purchase,2026-02-16 04:18:16.219548,True
7329,408,1094,sess_959,add_to_cart,2025-06-28 19:50:49.219548,True
4886,958,277,sess_959,add_to_cart,2025-09-03 09:06:38.209185,True
3669,857,232,sess_959,add_to_cart,2026-05-29 03:34:50.186925,True
12425,586,737,sess_96,view,2025-12-04 05:40:31.240934,True
5352,297,470,sess_960,view,2025-09-02 03:28:02.212022,True
11384,495,346,sess_961,purchase,2025-07-25 14:52:09.237113,True
14348,95,548,sess_961,add_to_cart,2025-10-02 09:28:48.249957,True
12197,115,82,sess_961,view,2026-01-11 15:05:51.240934,True
9889,526,1039,sess_962,view,2025-06-21 13:00:06.228610,True
4445,362,246,sess_962,view,2025-11-05 02:39:42.203543,True
14721,1020,252,sess_962,add_to_cart,2026-04-08 07:24:57.251960,True
5342,664,1010,sess_962,purchase,2026-06-03 18:26:01.212022,True
5942,702,677,sess_963,purchase,2026-03-07 21:02:03.214026,True
14021,404,518,sess_964,purchase,2026-04-02 00:08:36.247953,True
7919,1001,907,sess_964,purchase,2026-04-06 23:07:52.222317,True
2791,535,887,sess_965,purchase,2025-08-05 05:40:15.186925,True
4838,653,280,sess_965,purchase,2025-08-20 01:20:01.209185,True
4327,550,509,sess_965,add_to_cart,2026-04-13 19:08:18.202536,True
11371,474,936,sess_966,view,2025-09-24 15:45:23.237113,True
13306,87,880,sess_966,add_to_cart,2026-01-05 18:16:29.245946,True
6631,237,788,sess_966,view,2026-02-07 10:25:34.216529,True
1323,196,210,sess_967,add_to_cart,2025-08-31 10:40:23.183414,True
6077,1026,880,sess_967,view,2026-04-28 03:23:58.214026,True
10786,782,963,sess_967,view,2026-06-05 11:32:02.228610,True
935,581,167,sess_968,purchase,2025-10-26 11:01:54.181409,True
3717,845,265,sess_969,view,2025-09-11 10:15:10.186925,True
10220,179,504,sess_969,add_to_cart,2026-04-20 09:48:38.228610,True
524,227,671,sess_97,purchase,2026-02-03 10:35:58.181409,True
5783,759,417,sess_97,view,2026-03-22 10:37:02.212022,True
14231,380,248,sess_97,view,2026-05-25 23:18:39.249957,True
13709,301,713,sess_970,purchase,2025-09-03 18:23:21.247953,True
7983,660,61,sess_970,view,2025-12-14 18:23:41.222317,True
5665,248,957,sess_971,add_to_cart,2025-12-07 11:11:21.212022,True
4,306,182,sess_971,add_to_cart,2026-01-26 19:55:59.178635,True
747,800,829,sess_972,add_to_cart,2025-10-27 04:37:02.181409,True
6248,323,351,sess_972,view,2026-02-10 09:45:51.214026,True
455,740,727,sess_972,view,2026-04-08 18:23:27.181409,True
14164,307,966,sess_976,view,2026-05-14 10:07:24.249957,True
10473,1055,449,sess_977,add_to_cart,2026-03-29 17:21:54.228610,True
3199,63,593,sess_978,purchase,2025-07-28 16:58:31.186925,True
12587,905,416,sess_978,add_to_cart,2026-04-19 04:24:57.240934,True
5216,5,942,sess_979,purchase,2025-09-21 12:55:55.209185,True
1753,438,205,sess_979,purchase,2026-03-21 02:58:43.186925,True
240,1032,473,sess_98,purchase,2025-07-01 01:08:31.178635,True
14858,297,209,sess_98,view,2026-06-01 20:07:36.253968,True
9405,674,945,sess_980,view,2025-10-14 04:24:40.228610,True
10357,537,1052,sess_980,add_to_cart,2025-10-29 04:30:40.228610,True
14835,1011,559,sess_980,view,2025-11-29 23:10:50.251960,True
9740,610,745,sess_981,purchase,2025-12-11 20:01:24.228610,True
10255,881,975,sess_983,purchase,2025-11-08 05:59:17.228610,True
6366,893,978,sess_983,purchase,2025-12-04 03:22:07.214026,True
9358,827,605,sess_983,purchase,2026-03-03 07:23:23.228610,True
7954,365,134,sess_983,purchase,2026-06-07 13:56:44.222317,True
5440,572,724,sess_984,purchase,2025-07-03 11:58:41.212022,True
13701,459,487,sess_984,purchase,2025-12-11 23:35:42.247953,True
9575,982,31,sess_986,purchase,2025-07-18 05:01:17.228610,True
9981,985,359,sess_986,purchase,2026-01-16 00:32:56.228610,True
4877,721,377,sess_987,add_to_cart,2025-08-12 18:57:07.209185,True
3479,776,437,sess_987,view,2026-06-07 08:51:38.186925,True
8397,468,968,sess_988,add_to_cart,2025-11-16 02:16:11.224321,True
7546,120,192,sess_988,view,2025-11-25 17:40:06.219548,True
2783,108,1078,sess_989,view,2025-12-28 14:29:53.186925,True
13657,664,324,sess_989,purchase,2026-05-03 15:52:11.247953,True
12600,669,360,sess_99,view,2025-08-01 09:24:38.240934,True
12572,144,1054,sess_99,purchase,2025-08-01 21:28:36.240934,True
5183,213,371,sess_99,purchase,2025-08-10 09:19:17.209185,True
8764,152,942,sess_99,add_to_cart,2026-03-31 05:01:19.226324,True
877,481,115,sess_990,view,2025-08-15 22:31:33.181409,True
6386,1054,393,sess_991,view,2025-08-04 01:21:22.214026,True
10677,603,431,sess_991,view,2025-11-18 01:09:08.228610,True
10921,687,980,sess_992,purchase,2025-11-09 01:03:03.228610,True
4722,988,772,sess_992,purchase,2025-12-26 05:44:08.207677,True
6358,1088,438,sess_992,purchase,2026-03-09 11:03:28.214026,True
921,579,1078,sess_992,purchase,2026-03-29 19:25:56.181409,True
7958,154,1029,sess_993,purchase,2025-08-03 08:38:58.222317,True
390,422,507,sess_993,purchase,2025-08-05 03:44:15.178635,True
13612,290,414,sess_993,add_to_cart,2025-09-01 15:18:39.247953,True
150,181,682,sess_993,add_to_cart,2025-10-19 22:11:26.178635,True
4253,438,1068,sess_994,view,2025-11-09 19:10:08.199974,True
11621,1017,571,sess_995,add_to_cart,2025-09-20 12:19:28.238931,True
1031,131,112,sess_995,purchase,2026-03-12 12:21:15.183414,True
8495,330,368,sess_996,purchase,2025-08-28 15:13:54.224321,True
3540,566,1043,sess_997,view,2025-07-01 13:28:57.186925,True
13124,353,1074,sess_998,purchase,2025-06-25 02:24:06.245946,True
5732,332,806,sess_998,purchase,2026-01-24 13:34:58.212022,True
6180,803,984,sess_998,view,2026-04-07 15:19:01.214026,True
8690,243,982,sess_998,purchase,2026-06-01 08:34:05.226324,True
253,692,909,sess_999,purchase,2025-07-30 20:44:58.178635,True
3176,834,89,sess_999,view,2026-01-29 11:11:50.186925,True
